date,league,game_id,away_team,away_score,home_team,home_score,winner,status
20160401,mlb,400859299,NYY,3,MIA,2,NYY,Final
20160403,mlb,360403123,STL,1,PIT,4,PIT,Final
20160403,mlb,360403130,TOR,5,TB,3,TOR,Final
20160403,mlb,360403107,NYM,3,KC,4,KC,Final
20160404,mlb,360404108,SF,12,MIL,3,SF,Final
20160404,mlb,360404101,MIN,2,BAL,3,BAL,Final
20160404,mlb,360404113,SEA,2,TEX,3,TEX,Final
20160404,mlb,360404115,WSH,4,ATL,3,WSH,Final/10
20160404,mlb,360404117,PHI,2,CIN,6,CIN,Final
20160404,mlb,360404125,LAD,15,SD,0,LAD,Final
20160404,mlb,360404130,TOR,5,TB,3,TOR,Final
20160404,mlb,360404129,COL,10,ARI,5,COL,Final
20160404,mlb,360404103,CHC,9,LAA,0,CHC,Final
20160405,mlb,360405110,HOU,5,NYY,3,HOU,Final
20160405,mlb,360405105,BOS,6,CLE,2,BOS,Final
20160405,mlb,360405107,NYM,2,KC,0,NYM,Final
20160405,mlb,360405123,STL,5,PIT,6,PIT,Final/11
20160405,mlb,360405128,DET,8,MIA,7,DET,Final/11
20160405,mlb,360405130,TOR,2,TB,3,TB,Final
20160405,mlb,360405113,SEA,10,TEX,2,SEA,Final
20160405,mlb,360405108,SF,2,MIL,1,SF,Final
20160405,mlb,360405129,COL,6,ARI,11,ARI,Final
20160405,mlb,360405103,CHC,6,LAA,1,CHC,Final
20160405,mlb,360405125,LAD,3,SD,0,LAD,Final
20160406,mlb,360406130,TOR,3,TB,5,TB,Final
20160406,mlb,360406108,SF,3,MIL,4,MIL,Final
20160406,mlb,360406113,SEA,9,TEX,5,SEA,Final
20160406,mlb,360406129,COL,4,ARI,3,COL,Final
20160406,mlb,360406128,DET,7,MIA,3,DET,Final
20160406,mlb,360406105,BOS,6,CLE,7,CLE,Final
20160406,mlb,360406117,PHI,2,CIN,3,CIN,Final
20160406,mlb,360406101,MIN,2,BAL,4,BAL,Final
20160406,mlb,360406110,HOU,6,NYY,16,NYY,Final
20160406,mlb,360406123,STL,1,PIT,5,PIT,Final
20160406,mlb,360406115,WSH,3,ATL,1,WSH,Final
20160406,mlb,360406125,LAD,7,SD,0,LAD,Final
20160407,mlb,360407117,PHI,6,CIN,10,CIN,Final
20160407,mlb,360407110,HOU,5,NYY,8,NYY,Final
20160407,mlb,360407120,MIA,6,WSH,4,MIA,Final
20160407,mlb,360407126,LAD,6,SF,12,SF,Final
20160407,mlb,360407101,MIN,2,BAL,4,BAL,Final
20160407,mlb,360407129,CHC,14,ARI,6,CHC,Final
20160407,mlb,360407103,TEX,3,LAA,4,LAA,Final
20160408,mlb,360408106,NYY,0,DET,4,DET,Final
20160408,mlb,360408121,PHI,2,NYM,7,NYM,Final
20160408,mlb,360408104,CLE,7,CHW,1,CLE,Final
20160408,mlb,360408127,SD,13,COL,6,SD,Final
20160408,mlb,360408101,TB,1,BAL,6,BAL,Final
20160408,mlb,360408114,BOS,8,TOR,7,BOS,Final
20160408,mlb,400836011,PIT,6,CIN,5,PIT,Final
20160408,mlb,360408115,STL,7,ATL,4,STL,Final
20160408,mlb,360408108,HOU,4,MIL,6,MIL,Final
20160408,mlb,360408107,MIN,3,KC,4,KC,Final
20160408,mlb,360408129,CHC,2,ARI,3,ARI,Final
20160408,mlb,360408103,TEX,7,LAA,3,TEX,Final
20160408,mlb,360408126,LAD,2,SF,3,SF,Final/10
20160409,mlb,360409114,BOS,8,TOR,4,BOS,Final
20160409,mlb,360409106,NYY,8,DET,4,NYY,Final
20160409,mlb,360409117,PIT,1,CIN,5,CIN,Final
20160409,mlb,360409104,CLE,3,CHW,7,CHW,Final
20160409,mlb,360409126,LAD,3,SF,2,LAD,Final/10
20160409,mlb,360409108,HOU,6,MIL,4,HOU,Final
20160409,mlb,360409115,STL,12,ATL,2,STL,Final
20160409,mlb,360409121,PHI,1,NYM,0,PHI,Final
20160409,mlb,360409107,MIN,0,KC,7,KC,Final
20160409,mlb,360409127,SD,16,COL,3,SD,Final
20160409,mlb,360409129,CHC,4,ARI,2,CHC,Final
20160409,mlb,360409103,TEX,4,LAA,1,TEX,Final
20160410,mlb,360410114,BOS,0,TOR,3,TOR,Final
20160410,mlb,360410117,PIT,1,CIN,2,CIN,Final
20160410,mlb,360410121,PHI,5,NYM,2,PHI,Final
20160410,mlb,360410115,STL,12,ATL,7,STL,Final
20160410,mlb,360410120,MIA,2,WSH,4,WSH,Final
20160410,mlb,400836044,TB,3,BAL,5,BAL,Final
20160410,mlb,360410108,HOU,2,MIL,3,MIL,Final
20160410,mlb,360410107,MIN,3,KC,4,KC,Final/10
20160410,mlb,360410103,TEX,1,LAA,3,LAA,Final
20160410,mlb,360410126,LAD,6,SF,9,SF,Final
20160410,mlb,360410127,SD,3,COL,6,COL,Final
20160410,mlb,360410129,CHC,7,ARI,3,CHC,Final
20160411,mlb,360411106,PIT,7,DET,4,PIT,Final
20160411,mlb,360411102,BAL,9,BOS,7,BAL,Final
20160411,mlb,360411122,SD,4,PHI,3,SD,Final
20160411,mlb,360411109,CHW,4,MIN,1,CHW,Final
20160411,mlb,360411124,MIL,1,STL,10,STL,Final
20160411,mlb,360411121,MIA,10,NYM,3,MIA,Final
20160411,mlb,360411120,ATL,4,WSH,6,WSH,Final
20160411,mlb,360411116,CIN,3,CHC,5,CHC,Final
20160411,mlb,360411118,KC,2,HOU,8,HOU,Final
20160411,mlb,360411112,TEX,7,SEA,3,TEX,Final
20160412,mlb,360412106,PIT,2,DET,8,DET,Final
20160412,mlb,360412119,ARI,4,LAD,2,ARI,Final
20160412,mlb,360412120,ATL,1,WSH,2,WSH,Final
20160412,mlb,360412122,SD,0,PHI,3,PHI,Final
20160412,mlb,360412114,NYY,3,TOR,2,NYY,Final
20160412,mlb,360412102,BAL,9,BOS,5,BAL,Final
20160412,mlb,360412121,MIA,2,NYM,1,MIA,Final
20160412,mlb,360412130,CLE,1,TB,5,TB,Final
20160412,mlb,360412118,KC,3,HOU,2,KC,Final
20160412,mlb,360412127,SF,7,COL,2,SF,Final
20160412,mlb,360412112,TEX,8,SEA,0,TEX,Final
20160413,mlb,360413121,MIA,1,NYM,2,NYM,Final
20160413,mlb,360413112,TEX,2,SEA,4,SEA,Final/10
20160413,mlb,360413102,BAL,2,BOS,4,BOS,Final
20160413,mlb,360413120,ATL,0,WSH,3,WSH,Final
20160413,mlb,360413122,SD,1,PHI,2,PHI,Final
20160413,mlb,360413123,DET,7,PIT,3,DET,Final
20160413,mlb,360413114,NYY,2,TOR,7,TOR,Final
20160413,mlb,360413130,CLE,4,TB,1,CLE,Final
20160413,mlb,360413116,CIN,2,CHC,9,CHC,Final
20160413,mlb,360413109,CHW,3,MIN,0,CHW,Final
20160413,mlb,360413118,KC,4,HOU,2,KC,Final
20160413,mlb,400836079,MIL,6,STL,4,MIL,Final
20160413,mlb,360413127,SF,6,COL,10,COL,Final
20160413,mlb,360413119,ARI,1,LAD,3,LAD,Final
20160414,mlb,360414123,DET,7,PIT,4,DET,Final
20160414,mlb,360414122,SD,0,PHI,3,PHI,Final
20160414,mlb,360414109,CHW,3,MIN,1,CHW,Final
20160414,mlb,360414130,CLE,6,TB,0,CLE,Final
20160414,mlb,360414124,MIL,0,STL,7,STL,Final
20160414,mlb,360414127,SF,6,COL,11,COL,Final
20160414,mlb,360414120,ATL,2,WSH,6,WSH,Final
20160414,mlb,360414114,NYY,2,TOR,4,TOR,Final
20160414,mlb,360414116,CIN,1,CHC,8,CHC,Final
20160414,mlb,360414113,BAL,3,TEX,6,TEX,Final
20160414,mlb,360414118,KC,6,HOU,2,KC,Final
20160414,mlb,360414119,ARI,2,LAD,5,LAD,Final
20160415,mlb,360415116,COL,6,CHC,1,COL,Final
20160415,mlb,360415110,SEA,7,NYY,1,SEA,Final
20160415,mlb,360415122,WSH,9,PHI,1,WSH,Final
20160415,mlb,360415123,MIL,8,PIT,4,MIL,Final
20160415,mlb,360415102,TOR,3,BOS,5,BOS,Final
20160415,mlb,360415105,NYM,6,CLE,5,NYM,Final
20160415,mlb,360415128,ATL,6,MIA,3,ATL,Final
20160415,mlb,360415130,CHW,1,TB,0,CHW,Final
20160415,mlb,360415113,BAL,11,TEX,5,BAL,Final
20160415,mlb,360415109,LAA,4,MIN,5,MIN,Final
20160415,mlb,360415118,DET,0,HOU,1,HOU,Final
20160415,mlb,360415124,CIN,3,STL,14,STL,Final
20160415,mlb,360415119,SF,3,LAD,7,LAD,Final
20160415,mlb,360415125,ARI,3,SD,2,ARI,Final
20160416,mlb,360416110,SEA,3,NYY,2,SEA,Final
20160416,mlb,400836111,LAA,4,MIN,6,MIN,Final
20160416,mlb,360416124,CIN,9,STL,8,CIN,Final
20160416,mlb,360416116,COL,2,CHC,6,CHC,Final
20160416,mlb,360416102,TOR,2,BOS,4,BOS,Final
20160416,mlb,360416105,NYM,5,CLE,7,CLE,Final
20160416,mlb,360416130,CHW,2,TB,7,TB,Final
20160416,mlb,360416122,WSH,8,PHI,1,WSH,Final
20160416,mlb,360416123,MIL,0,PIT,5,PIT,Final
20160416,mlb,360416118,DET,5,HOU,3,DET,Final
20160416,mlb,360416128,ATL,6,MIA,4,ATL,Final
20160416,mlb,360416113,BAL,4,TEX,8,TEX,Final
20160416,mlb,360416125,ARI,3,SD,5,SD,Final/14
20160416,mlb,360416119,SF,4,LAD,3,SF,Final
20160417,mlb,360417110,SEA,3,NYY,4,NYY,Final
20160417,mlb,360417105,NYM,6,CLE,0,NYM,Final
20160417,mlb,360417128,ATL,6,MIA,5,ATL,Final/10
20160417,mlb,360417130,CHW,2,TB,3,TB,Final
20160417,mlb,360417102,TOR,5,BOS,3,TOR,Final
20160417,mlb,360417122,WSH,2,PHI,3,PHI,Final/10
20160417,mlb,360417123,MIL,3,PIT,9,PIT,Final
20160417,mlb,360417109,LAA,2,MIN,3,MIN,Final/12
20160417,mlb,400836133,DET,4,HOU,5,HOU,Final
20160417,mlb,360417124,CIN,3,STL,4,STL,Final
20160417,mlb,360417116,COL,2,CHC,0,COL,Final
20160417,mlb,360417125,ARI,7,SD,3,ARI,Final
20160417,mlb,360417119,SF,1,LAD,3,LAD,Final
20160418,mlb,360418102,TOR,4,BOS,3,TOR,Final
20160418,mlb,360418122,NYM,5,PHI,2,NYM,Final
20160418,mlb,360418117,COL,5,CIN,1,COL,Final
20160418,mlb,360418128,WSH,1,MIA,6,MIA,Final
20160418,mlb,360418124,CHC,5,STL,0,CHC,Final
20160418,mlb,360418104,LAA,7,CHW,0,LAA,Final
20160418,mlb,360418109,MIL,4,MIN,7,MIN,Final/6
20160418,mlb,360418126,ARI,9,SF,7,ARI,Final/11
20160419,mlb,360419109,MIL,6,MIN,5,MIL,Final
20160419,mlb,360419105,SEA,2,CLE,3,CLE,Final
20160419,mlb,360419101,TOR,4,BAL,3,TOR,Final
20160419,mlb,360419122,NYM,11,PHI,1,NYM,Final
20160419,mlb,360419102,TB,3,BOS,0,TB,Final/10
20160419,mlb,360419115,LAD,1,ATL,8,ATL,Final
20160419,mlb,360419117,COL,3,CIN,4,CIN,Final
20160419,mlb,360419128,WSH,7,MIA,0,WSH,Final
20160419,mlb,360419107,DET,6,KC,8,KC,Final
20160419,mlb,360419113,HOU,5,TEX,7,TEX,Final
20160419,mlb,360419104,LAA,0,CHW,5,CHW,Final
20160419,mlb,360419124,CHC,2,STL,1,CHC,Final
20160419,mlb,360419125,PIT,4,SD,5,SD,Final
20160419,mlb,360419126,ARI,3,SF,0,ARI,Final
20160420,mlb,360420117,COL,5,CIN,6,CIN,Final
20160420,mlb,360420124,CHC,3,STL,5,STL,Final
20160420,mlb,360420104,LAA,1,CHW,2,CHW,Final
20160420,mlb,360420105,SEA,2,CLE,1,SEA,Final
20160420,mlb,360420107,DET,3,KC,2,DET,Final
20160420,mlb,360420101,TOR,3,BAL,4,BAL,Final/10
20160420,mlb,360420122,NYM,4,PHI,5,PHI,Final/11
20160420,mlb,360420102,TB,3,BOS,7,BOS,Final
20160420,mlb,360420115,LAD,5,ATL,3,LAD,Final/10
20160420,mlb,360420128,WSH,3,MIA,1,WSH,Final
20160420,mlb,360420113,HOU,1,TEX,2,TEX,Final
20160420,mlb,360420108,MIN,5,MIL,10,MIL,Final
20160420,mlb,360420125,PIT,2,SD,8,SD,Final
20160420,mlb,360420126,ARI,2,SF,1,ARI,Final
20160421,mlb,360421105,SEA,10,CLE,7,SEA,Final/10
20160421,mlb,360421115,LAD,2,ATL,1,LAD,Final/10
20160421,mlb,360421128,WSH,1,MIA,5,MIA,Final
20160421,mlb,360421102,TB,12,BOS,8,TB,Final
20160421,mlb,360421108,MIN,8,MIL,1,MIN,Final
20160421,mlb,360421104,LAA,3,CHW,2,LAA,Final
20160421,mlb,360421126,ARI,6,SF,2,ARI,Final
20160421,mlb,360421101,TOR,2,BAL,3,BAL,Final
20160421,mlb,360421117,CHC,16,CIN,0,CHC,Final
20160421,mlb,360421107,DET,0,KC,4,KC,Final
20160421,mlb,360421113,HOU,4,TEX,7,TEX,Final
20160421,mlb,400836187,PIT,11,SD,1,PIT,Final
20160422,mlb,360422110,TB,3,NYY,6,NYY,Final
20160422,mlb,360422120,MIN,4,WSH,8,WSH,Final
20160422,mlb,360422106,CLE,2,DET,1,CLE,Final
20160422,mlb,360422117,CHC,8,CIN,1,CHC,Final
20160422,mlb,360422115,NYM,6,ATL,3,NYM,Final
20160422,mlb,360422104,TEX,0,CHW,5,CHW,Final
20160422,mlb,360422108,PHI,5,MIL,2,PHI,Final
20160422,mlb,360422118,BOS,6,HOU,2,BOS,Final
20160422,mlb,360422107,BAL,2,KC,4,KC,Final
20160422,mlb,360422127,LAD,5,COL,7,COL,Final
20160422,mlb,360422129,PIT,8,ARI,7,PIT,Final
20160422,mlb,360422103,SEA,5,LAA,2,SEA,Final/10
20160422,mlb,360422126,MIA,1,SF,8,SF,Final
20160422,mlb,360422125,STL,1,SD,4,SD,Final
20160423,mlb,360423110,TB,2,NYY,3,NYY,Final
20160423,mlb,360423120,MIN,0,WSH,2,WSH,Final
20160423,mlb,360423106,CLE,10,DET,1,CLE,Final
20160423,mlb,360423104,TEX,3,CHW,4,CHW,Final/11
20160423,mlb,360423118,BOS,3,HOU,8,HOU,Final
20160423,mlb,360423108,PHI,10,MIL,6,PHI,Final
20160423,mlb,360423115,NYM,8,ATL,2,NYM,Final
20160423,mlb,360423117,CHC,5,CIN,13,CIN,Final
20160423,mlb,360423107,BAL,8,KC,3,BAL,Final
20160423,mlb,360423129,PIT,1,ARI,7,ARI,Final
20160423,mlb,400836211,LAD,4,COL,1,LAD,Final
20160423,mlb,360423125,STL,11,SD,2,STL,Final
20160423,mlb,360423103,SEA,2,LAA,4,LAA,Final
20160423,mlb,360423126,MIA,2,SF,7,SF,Final
20160424,mlb,360424110,TB,8,NYY,1,TB,Final
20160424,mlb,360424106,CLE,6,DET,3,CLE,Final
20160424,mlb,360424117,CHC,9,CIN,0,CHC,Final
20160424,mlb,360424115,NYM,3,ATL,2,NYM,Final
20160424,mlb,360424120,MIN,5,WSH,6,WSH,Final/16
20160424,mlb,360424104,TEX,1,CHW,4,CHW,Final
20160424,mlb,360424108,PHI,5,MIL,8,MIL,Final
20160424,mlb,360424107,BAL,1,KC,6,KC,Final
20160424,mlb,360424103,SEA,9,LAA,4,SEA,Final
20160424,mlb,360424126,MIA,5,SF,4,MIA,Final
20160424,mlb,360424127,LAD,12,COL,10,LAD,Final
20160424,mlb,360424129,PIT,12,ARI,10,PIT,Final/13
20160424,mlb,360424125,STL,8,SD,5,STL,Final
20160424,mlb,360424118,BOS,7,HOU,5,BOS,Final/12
20160425,mlb,360425114,CHW,7,TOR,5,CHW,Final
20160425,mlb,360425115,BOS,1,ATL,0,BOS,Final
20160425,mlb,360425121,CIN,3,NYM,5,NYM,Final
20160425,mlb,360425130,BAL,0,TB,2,TB,Final
20160425,mlb,360425113,NYY,3,TEX,1,NYY,Final
20160425,mlb,360425109,CLE,3,MIN,4,MIN,Final
20160425,mlb,360425127,PIT,6,COL,1,PIT,Final
20160425,mlb,360425129,STL,7,ARI,12,ARI,Final
20160425,mlb,360425103,KC,1,LAA,6,LAA,Final
20160425,mlb,360425112,HOU,2,SEA,3,SEA,Final
20160425,mlb,360425119,MIA,3,LAD,2,MIA,Final
20160425,mlb,360425126,SD,4,SF,5,SF,Final
20160426,mlb,360426120,PHI,4,WSH,3,PHI,Final
20160426,mlb,360426114,CHW,10,TOR,1,CHW,Final
20160426,mlb,360426115,BOS,11,ATL,4,BOS,Final
20160426,mlb,360426121,CIN,3,NYM,4,NYM,Final
20160426,mlb,360426130,BAL,1,TB,3,TB,Final
20160426,mlb,360426113,NYY,1,TEX,10,TEX,Final
20160426,mlb,360426116,MIL,3,CHC,4,CHC,Final
20160426,mlb,360426109,CLE,5,MIN,6,MIN,Final
20160426,mlb,360426127,PIT,9,COL,4,PIT,Final
20160426,mlb,360426129,STL,8,ARI,2,STL,Final
20160426,mlb,360426103,KC,4,LAA,9,LAA,Final
20160426,mlb,360426112,HOU,1,SEA,11,SEA,Final
20160426,mlb,360426119,MIA,6,LAD,3,MIA,Final
20160426,mlb,360426126,SD,0,SF,1,SF,Final
20160427,mlb,360427126,SD,9,SF,13,SF,Final
20160427,mlb,360427120,PHI,3,WSH,0,PHI,Final
20160427,mlb,360427114,CHW,4,TOR,0,CHW,Final
20160427,mlb,360427102,ATL,4,BOS,9,BOS,Final
20160427,mlb,360427121,CIN,2,NYM,5,NYM,Final
20160427,mlb,360427130,BAL,3,TB,1,BAL,Final
20160427,mlb,360427113,NYY,2,TEX,3,TEX,Final
20160427,mlb,360427109,CLE,6,MIN,5,CLE,Final
20160427,mlb,360427127,PIT,9,COL,8,PIT,Final/12
20160427,mlb,360427129,STL,11,ARI,4,STL,Final
20160427,mlb,360427103,KC,2,LAA,4,LAA,Final
20160427,mlb,360427112,HOU,7,SEA,4,HOU,Final
20160427,mlb,360427119,MIA,2,LAD,0,MIA,Final
20160428,mlb,360428116,MIL,2,CHC,7,CHC,Final
20160428,mlb,360428120,PHI,3,WSH,0,PHI,Final
20160428,mlb,360428101,CHW,2,BAL,10,BAL,Final
20160428,mlb,360428102,ATL,5,BOS,3,ATL,Final
20160428,mlb,360428129,STL,0,ARI,3,ARI,Final
20160428,mlb,360428119,MIA,5,LAD,3,MIA,Final
20160429,mlb,360429116,ATL,1,CHC,6,CHC,Final
20160429,mlb,360429101,CHW,3,BAL,6,BAL,Final
20160429,mlb,360429122,CLE,3,PHI,4,PHI,Final/11
20160429,mlb,360429123,CIN,1,PIT,4,PIT,Final
20160429,mlb,360429102,NYY,2,BOS,4,BOS,Final
20160429,mlb,360429121,SF,1,NYM,13,NYM,Final
20160429,mlb,360429130,TOR,6,TB,1,TOR,Final
20160429,mlb,360429113,LAA,2,TEX,4,TEX,Final
20160429,mlb,360429108,MIA,6,MIL,3,MIA,Final
20160429,mlb,360429109,DET,9,MIN,2,DET,Final
20160429,mlb,360429124,WSH,5,STL,4,WSH,Final
20160429,mlb,360429129,COL,9,ARI,0,COL,Final
20160429,mlb,360429112,KC,0,SEA,1,SEA,Final
20160429,mlb,360429119,SD,5,LAD,1,SD,Final
20160430,mlb,360430109,DET,4,MIN,1,DET,Final
20160430,mlb,360430124,WSH,6,STL,1,WSH,Final
20160430,mlb,360430121,SF,5,NYM,6,NYM,Final
20160430,mlb,360430130,TOR,3,TB,4,TB,Final
20160430,mlb,360430101,CHW,8,BAL,7,CHW,Final
20160430,mlb,360430122,CLE,3,PHI,4,PHI,Final
20160430,mlb,360430123,CIN,1,PIT,5,PIT,Final
20160430,mlb,360430102,NYY,0,BOS,8,BOS,Final
20160430,mlb,360430108,MIA,7,MIL,5,MIA,Final
20160430,mlb,360430113,LAA,2,TEX,7,TEX,Final
20160430,mlb,360430129,COL,5,ARI,2,COL,Final
20160430,mlb,360430119,SD,5,LAD,2,SD,Final
20160430,mlb,360430112,KC,0,SEA,6,SEA,Final
20160501,mlb,360501121,SF,6,NYM,1,SF,Final
20160501,mlb,360501130,TOR,5,TB,1,TOR,Final
20160501,mlb,360501101,CHW,7,BAL,1,CHW,Final
20160501,mlb,360501123,CIN,6,PIT,5,CIN,Final/11
20160501,mlb,360501108,MIA,5,MIL,14,MIL,Final
20160501,mlb,360501109,DET,6,MIN,5,DET,Final
20160501,mlb,360501124,WSH,6,STL,1,WSH,Final
20160501,mlb,360501116,ATL,4,CHC,3,ATL,Final/10
20160501,mlb,360501122,CLE,1,PHI,2,PHI,Final
20160501,mlb,360501113,LAA,9,TEX,6,LAA,Final
20160501,mlb,360501112,KC,4,SEA,1,KC,Final
20160501,mlb,360501119,SD,0,LAD,1,LAD,Final
20160501,mlb,360501129,COL,6,ARI,3,COL,Final
20160501,mlb,360501102,NYY,7,BOS,8,BOS,Final
20160502,mlb,360502123,CHC,7,PIT,2,CHC,Final
20160502,mlb,360502114,TEX,2,TOR,1,TEX,Final
20160502,mlb,360502117,SF,9,CIN,6,SF,Final
20160502,mlb,360502121,ATL,1,NYM,4,NYM,Final
20160502,mlb,360502108,LAA,5,MIL,8,MIL,Final
20160502,mlb,360502118,MIN,6,HOU,2,MIN,Final
20160502,mlb,360502107,WSH,2,KC,0,WSH,Final
20160502,mlb,360502124,PHI,3,STL,10,STL,Final
20160502,mlb,360502125,COL,1,SD,2,SD,Final
20160503,mlb,360503105,DET,3,CLE,7,CLE,Final
20160503,mlb,360503101,NYY,1,BAL,4,BAL,Final
20160503,mlb,360503123,CHC,7,PIT,1,CHC,Final
20160503,mlb,360503114,TEX,1,TOR,3,TOR,Final/10
20160503,mlb,360503117,SF,3,CIN,1,SF,Final
20160503,mlb,360503121,ATL,3,NYM,0,ATL,Final
20160503,mlb,360503128,ARI,4,MIA,7,MIA,Final
20160503,mlb,360503130,LAD,10,TB,5,LAD,Final
20160503,mlb,360503104,BOS,1,CHW,4,CHW,Final
20160503,mlb,360503108,LAA,4,MIL,5,MIL,Final
20160503,mlb,360503118,MIN,4,HOU,6,HOU,Final
20160503,mlb,360503107,WSH,6,KC,7,KC,Final
20160503,mlb,360503124,PHI,1,STL,0,PHI,Final
20160503,mlb,360503125,COL,3,SD,6,SD,Final
20160504,mlb,360504117,SF,4,CIN,7,CIN,Final
20160504,mlb,360504123,CHC,6,PIT,2,CHC,Final
20160504,mlb,360504121,ATL,0,NYM,8,NYM,Final
20160504,mlb,360504108,LAA,7,MIL,3,LAA,Final
20160504,mlb,360504107,WSH,13,KC,2,WSH,Final
20160504,mlb,360504125,COL,2,SD,0,COL,Final
20160504,mlb,360504105,DET,0,CLE,4,CLE,Final
20160504,mlb,360504101,NYY,7,BAL,0,NYY,Final
20160504,mlb,360504114,TEX,3,TOR,4,TOR,Final
20160504,mlb,360504128,ARI,3,MIA,4,MIA,Final
20160504,mlb,360504130,LAD,5,TB,8,TB,Final
20160504,mlb,360504104,BOS,5,CHW,2,BOS,Final
20160504,mlb,360504118,MIN,4,HOU,16,HOU,Final
20160504,mlb,360504124,PHI,4,STL,5,STL,Final
20160505,mlb,360505124,PHI,0,STL,4,STL,Final
20160505,mlb,360505105,DET,4,CLE,9,CLE,Final
20160505,mlb,360505101,NYY,0,BAL,1,BAL,Final/10
20160505,mlb,360505114,TEX,2,TOR,12,TOR,Final
20160505,mlb,360505117,MIL,5,CIN,9,CIN,Final
20160505,mlb,360505128,ARI,0,MIA,4,MIA,Final
20160505,mlb,360505116,WSH,2,CHC,5,CHC,Final
20160505,mlb,360505104,BOS,7,CHW,3,BOS,Final
20160505,mlb,360505118,SEA,6,HOU,3,SEA,Final
20160505,mlb,360505125,NYM,3,SD,5,SD,Final
20160505,mlb,360505126,COL,17,SF,7,COL,Final
20160506,mlb,360506116,WSH,6,CHC,8,CHC,Final
20160506,mlb,360506110,BOS,2,NYY,3,NYY,Final
20160506,mlb,360506114,LAD,2,TOR,5,TOR,Final
20160506,mlb,360506105,KC,1,CLE,7,CLE,Final
20160506,mlb,360506106,TEX,5,DET,1,TEX,Final
20160506,mlb,360506117,MIL,1,CIN,5,CIN,Final
20160506,mlb,360506128,PHI,4,MIA,6,MIA,Final
20160506,mlb,360506115,ARI,7,ATL,2,ARI,Final
20160506,mlb,360506104,MIN,4,CHW,10,CHW,Final
20160506,mlb,360506118,SEA,3,HOU,6,HOU,Final
20160506,mlb,360506124,PIT,4,STL,2,PIT,Final
20160506,mlb,360506103,TB,5,LAA,2,TB,Final
20160506,mlb,360506126,COL,4,SF,6,SF,Final
20160506,mlb,360506125,NYM,0,SD,2,SD,Final
20160507,mlb,360507110,BOS,2,NYY,8,NYY,Final
20160507,mlb,360507114,LAD,6,TOR,2,LAD,Final
20160507,mlb,360507106,TEX,10,DET,5,TEX,Final
20160507,mlb,360507124,PIT,4,STL,6,STL,Final
20160507,mlb,360507116,WSH,5,CHC,8,CHC,Final
20160507,mlb,360507126,COL,1,SF,2,SF,Final/13
20160507,mlb,360507105,KC,7,CLE,0,KC,Final
20160507,mlb,360507104,MIN,2,CHW,7,CHW,Final
20160507,mlb,360507115,ARI,4,ATL,2,ARI,Final
20160507,mlb,360507117,MIL,13,CIN,7,MIL,Final/10
20160507,mlb,360507118,SEA,3,HOU,2,SEA,Final/10
20160507,mlb,360507128,PHI,4,MIA,3,PHI,Final
20160507,mlb,360507125,NYM,6,SD,3,NYM,Final
20160507,mlb,360507103,TB,4,LAA,2,TB,Final
20160508,mlb,360508114,LAD,4,TOR,2,LAD,Final
20160508,mlb,360508105,KC,4,CLE,5,CLE,Final
20160508,mlb,360508117,MIL,5,CIN,4,MIL,Final
20160508,mlb,360508128,PHI,6,MIA,5,PHI,Final
20160508,mlb,400836427,TEX,8,DET,3,TEX,Final
20160508,mlb,360508115,ARI,5,ATL,3,ARI,Final/11
20160508,mlb,360508104,MIN,1,CHW,3,CHW,Final
20160508,mlb,360508118,SEA,1,HOU,5,HOU,Final
20160508,mlb,360508124,PIT,10,STL,5,PIT,Final
20160508,mlb,360508116,WSH,3,CHC,4,CHC,Final/13
20160508,mlb,360508103,TB,3,LAA,1,TB,Final
20160508,mlb,360508126,COL,2,SF,0,COL,Final
20160508,mlb,360508125,NYM,4,SD,3,NYM,Final
20160508,mlb,360508110,BOS,5,NYY,1,BOS,Final
20160509,mlb,400836433,DET,4,WSH,5,WSH,Final
20160509,mlb,360509110,KC,3,NYY,6,NYY,Final
20160509,mlb,360509117,PIT,2,CIN,3,CIN,Final
20160509,mlb,360509128,MIL,1,MIA,4,MIA,Final
20160509,mlb,360509113,CHW,8,TEX,4,CHW,Final/12
20160509,mlb,360509118,CLE,1,HOU,7,HOU,Final
20160509,mlb,360509127,ARI,10,COL,5,ARI,Final
20160509,mlb,360509112,TB,2,SEA,5,SEA,Final
20160509,mlb,360509119,NYM,4,LAD,2,NYM,Final
20160509,mlb,360509126,TOR,3,SF,1,TOR,Final
20160510,mlb,360510110,KC,7,NYY,10,NYY,Final
20160510,mlb,360510120,DET,5,WSH,4,DET,Final
20160510,mlb,360510115,PHI,3,ATL,2,PHI,Final
20160510,mlb,360510128,MIL,10,MIA,2,MIL,Final
20160510,mlb,360510113,CHW,11,TEX,13,TEX,Final
20160510,mlb,360510116,SD,7,CHC,8,CHC,Final
20160510,mlb,360510109,BAL,5,MIN,3,BAL,Final
20160510,mlb,360510118,CLE,4,HOU,0,CLE,Final
20160510,mlb,360510127,ARI,5,COL,1,ARI,Final
20160510,mlb,360510103,STL,8,LAA,1,STL,Final
20160510,mlb,360510112,TB,4,SEA,6,SEA,Final
20160510,mlb,360510119,NYM,2,LAD,3,LAD,Final
20160510,mlb,360510126,TOR,4,SF,0,TOR,Final
20160511,mlb,360511216,SD,7,CHC,4,SD,Final
20160511,mlb,360511109,BAL,9,MIN,2,BAL,Final
20160511,mlb,360511113,CHW,5,TEX,6,TEX,Final
20160511,mlb,360511118,CLE,3,HOU,5,HOU,Final/16
20160511,mlb,360511127,ARI,7,COL,8,COL,Final
20160511,mlb,360511112,TB,5,SEA,6,SEA,Final/11
20160511,mlb,360511126,TOR,4,SF,5,SF,Final/13
20160511,mlb,360511110,KC,7,NYY,3,KC,Final
20160511,mlb,360511120,DET,2,WSH,3,WSH,Final
20160511,mlb,360511115,PHI,1,ATL,5,ATL,Final
20160511,mlb,360511117,PIT,5,CIN,4,PIT,Final
20160511,mlb,360511128,MIL,2,MIA,3,MIA,Final
20160511,mlb,360511316,SD,1,CHC,0,SD,Final
20160511,mlb,360511103,STL,5,LAA,2,STL,Final
20160511,mlb,360511119,NYM,4,LAD,3,NYM,Final
20160512,mlb,360512101,DET,5,BAL,7,BAL,Final
20160512,mlb,360512110,KC,3,NYY,7,NYY,Final
20160512,mlb,360512102,HOU,1,BOS,11,BOS,Final
20160512,mlb,360512115,PHI,7,ATL,4,PHI,Final/10
20160512,mlb,360512108,SD,3,MIL,0,SD,Final
20160512,mlb,360512129,SF,4,ARI,2,SF,Final
20160512,mlb,360512103,STL,12,LAA,10,STL,Final
20160512,mlb,360512119,NYM,0,LAD,5,LAD,Final
20160513,mlb,360513116,PIT,4,CHC,9,CHC,Final
20160513,mlb,360513101,DET,0,BAL,1,BAL,Final
20160513,mlb,360513110,CHW,7,NYY,1,CHW,Final
20160513,mlb,360513120,MIA,3,WSH,5,WSH,Final
20160513,mlb,360513122,CIN,2,PHI,3,PHI,Final
20160513,mlb,360513102,HOU,7,BOS,6,HOU,Final
20160513,mlb,360513105,MIN,6,CLE,7,CLE,Final
20160513,mlb,360513113,TOR,5,TEX,0,TOR,Final
20160513,mlb,360513108,SD,0,MIL,1,MIL,Final
20160513,mlb,360513107,ATL,1,KC,5,KC,Final
20160513,mlb,360513127,NYM,2,COL,5,COL,Final
20160513,mlb,360513129,SF,3,ARI,1,SF,Final
20160513,mlb,360513112,LAA,7,SEA,6,LAA,Final
20160513,mlb,360513119,STL,4,LAD,8,LAD,Final
20160514,mlb,360514102,HOU,5,BOS,6,BOS,Final/11
20160514,mlb,360514110,CHW,1,NYY,2,NYY,Final
20160514,mlb,360514220,MIA,4,WSH,6,WSH,Final
20160514,mlb,360514116,PIT,2,CHC,8,CHC,Final
20160514,mlb,360514105,MIN,6,CLE,3,MIN,Final
20160514,mlb,360514101,DET,3,BAL,9,BAL,Final
20160514,mlb,360514122,CIN,3,PHI,4,PHI,Final
20160514,mlb,360514320,MIA,7,WSH,1,MIA,Final
20160514,mlb,400836506,SD,8,MIL,7,SD,Final/12
20160514,mlb,360514107,ATL,5,KC,0,ATL,Final
20160514,mlb,360514113,TOR,5,TEX,6,TEX,Final/10
20160514,mlb,360514127,NYM,4,COL,7,COL,Final
20160514,mlb,360514129,SF,5,ARI,3,SF,Final
20160514,mlb,360514112,LAA,9,SEA,7,LAA,Final
20160514,mlb,360514119,STL,3,LAD,5,LAD,Final
20160515,mlb,360515110,CHW,5,NYY,7,NYY,Final
20160515,mlb,360515105,MIN,5,CLE,1,MIN,Final
20160515,mlb,360515101,DET,6,BAL,5,DET,Final
20160515,mlb,360515102,HOU,9,BOS,10,BOS,Final
20160515,mlb,360515120,MIA,5,WSH,1,MIA,Final
20160515,mlb,360515122,CIN,9,PHI,4,CIN,Final
20160515,mlb,360515108,SD,2,MIL,3,MIL,Final
20160515,mlb,360515107,ATL,2,KC,4,KC,Final/13
20160515,mlb,360515116,PIT,2,CHC,1,PIT,Final
20160515,mlb,360515113,TOR,6,TEX,7,TEX,Final
20160515,mlb,360515112,LAA,3,SEA,0,LAA,Final
20160515,mlb,360515127,NYM,3,COL,4,COL,Final
20160515,mlb,360515129,SF,2,ARI,1,SF,Final
20160515,mlb,360515119,STL,5,LAD,2,STL,Final
20160516,mlb,360516105,CIN,6,CLE,15,CLE,Final
20160516,mlb,360516122,MIA,5,PHI,3,MIA,Final
20160516,mlb,360516123,ATL,5,PIT,8,PIT,Final
20160516,mlb,400836532,TB,13,TOR,2,TB,Final
20160516,mlb,360516106,MIN,8,DET,10,DET,Final
20160516,mlb,360516129,NYY,2,ARI,12,ARI,Final
20160516,mlb,360516119,LAA,7,LAD,6,LAA,Final
20160517,mlb,360517105,CIN,1,CLE,13,CLE,Final
20160517,mlb,360517101,SEA,10,BAL,0,SEA,Final
20160517,mlb,360517122,MIA,1,PHI,3,PHI,Final
20160517,mlb,360517123,ATL,9,PIT,12,PIT,Final
20160517,mlb,360517114,TB,12,TOR,2,TB,Final
20160517,mlb,360517106,MIN,2,DET,7,DET,Final
20160517,mlb,360517121,WSH,0,NYM,2,NYM,Final
20160517,mlb,360517104,HOU,6,CHW,5,HOU,Final/11
20160517,mlb,360517108,CHC,2,MIL,4,MIL,Final
20160517,mlb,360517107,BOS,4,KC,8,KC,Final
20160517,mlb,360517124,COL,3,STL,1,COL,Final
20160517,mlb,360517129,NYY,3,ARI,5,ARI,Final
20160517,mlb,360517119,LAA,1,LAD,5,LAD,Final
20160517,mlb,360517125,SF,5,SD,1,SF,Final
20160518,mlb,360518122,MIA,2,PHI,4,PHI,Final
20160518,mlb,360518106,MIN,3,DET,6,DET,Final
20160518,mlb,360518207,BOS,2,KC,3,KC,Final
20160518,mlb,360518121,WSH,7,NYM,1,WSH,Final
20160518,mlb,360518101,SEA,2,BAL,5,BAL,Final
20160518,mlb,360518123,ATL,3,PIT,1,ATL,Final
20160518,mlb,360518114,TB,6,TOR,3,TB,Final
20160518,mlb,360518117,CLE,8,CIN,7,CLE,Final/12
20160518,mlb,360518104,HOU,5,CHW,3,HOU,Final
20160518,mlb,360518108,CHC,2,MIL,1,CHC,Final/13
20160518,mlb,360518124,COL,0,STL,2,STL,Final
20160518,mlb,360518307,BOS,5,KC,2,BOS,Final
20160518,mlb,360518129,NYY,4,ARI,2,NYY,Final
20160518,mlb,360518103,LAD,1,LAA,8,LAA,Final
20160518,mlb,360518125,SF,2,SD,1,SF,Final
20160519,mlb,360519101,SEA,7,BAL,2,SEA,Final
20160519,mlb,360519108,CHC,3,MIL,5,MIL,Final
20160519,mlb,360519123,ATL,2,PIT,8,PIT,Final
20160519,mlb,360519117,CLE,7,CIN,2,CLE,Final
20160519,mlb,360519121,WSH,9,NYM,1,WSH,Final
20160519,mlb,360519124,COL,7,STL,13,STL,Final
20160519,mlb,360519104,HOU,1,CHW,2,CHW,Final
20160519,mlb,360519109,TOR,3,MIN,2,TOR,Final/11
20160519,mlb,360519125,SF,3,SD,1,SF,Final
20160519,mlb,360519103,LAD,4,LAA,7,LAA,Final
20160520,mlb,360520122,ATL,7,PHI,1,ATL,Final
20160520,mlb,360520123,COL,1,PIT,2,PIT,Final
20160520,mlb,360520102,CLE,4,BOS,2,CLE,Final
20160520,mlb,360520106,TB,7,DET,5,TB,Final
20160520,mlb,360520117,SEA,8,CIN,3,SEA,Final
20160520,mlb,360520121,MIL,2,NYM,3,NYM,Final
20160520,mlb,360520128,WSH,4,MIA,1,WSH,Final
20160520,mlb,360520104,KC,4,CHW,1,KC,Final
20160520,mlb,360520109,TOR,9,MIN,3,TOR,Final
20160520,mlb,360520118,TEX,2,HOU,1,TEX,Final
20160520,mlb,360520124,ARI,11,STL,7,ARI,Final
20160520,mlb,360520103,BAL,9,LAA,4,BAL,Final
20160520,mlb,360520126,CHC,8,SF,1,CHC,Final
20160520,mlb,360520125,LAD,6,SD,7,SD,Final
20160521,mlb,360521104,KC,2,CHW,1,KC,Final
20160521,mlb,360521109,TOR,3,MIN,5,MIN,Final
20160521,mlb,360521122,ATL,2,PHI,0,ATL,Final
20160521,mlb,360521102,CLE,1,BOS,9,BOS,Final
20160521,mlb,360521123,COL,5,PIT,1,COL,Final
20160521,mlb,360521124,ARI,2,STL,6,STL,Final
20160521,mlb,360521106,TB,4,DET,5,DET,Final
20160521,mlb,360521117,SEA,4,CIN,0,SEA,Final
20160521,mlb,360521121,MIL,4,NYM,5,NYM,Final
20160521,mlb,360521118,TEX,2,HOU,1,TEX,Final
20160521,mlb,360521126,CHC,3,SF,5,SF,Final
20160521,mlb,360521128,WSH,2,MIA,3,MIA,Final
20160521,mlb,360521103,BAL,3,LAA,1,BAL,Final
20160521,mlb,360521125,LAD,2,SD,3,SD,Final/11
20160522,mlb,360522106,TB,4,DET,9,DET,Final
20160522,mlb,360522117,SEA,5,CIN,4,SEA,Final
20160522,mlb,360522121,MIL,1,NYM,3,NYM,Final
20160522,mlb,360522128,WSH,8,MIA,2,WSH,Final
20160522,mlb,360522102,CLE,2,BOS,5,BOS,Final
20160522,mlb,360522122,ATL,0,PHI,5,PHI,Final
20160522,mlb,360522104,KC,2,CHW,3,CHW,Final
20160522,mlb,360522109,TOR,3,MIN,1,TOR,Final
20160522,mlb,360522118,TEX,9,HOU,2,TEX,Final
20160522,mlb,360522124,ARI,7,STL,2,ARI,Final
20160522,mlb,360522103,BAL,2,LAA,10,LAA,Final
20160522,mlb,360522125,LAD,9,SD,5,LAD,Final/17
20160522,mlb,360522126,CHC,0,SF,1,SF,Final
20160523,mlb,360523123,COL,3,PIT,6,PIT,Final
20160523,mlb,360523204,CLE,6,CHW,7,CHW,Final
20160523,mlb,360523106,PHI,4,DET,5,DET,Final
20160523,mlb,360523128,TB,6,MIA,7,MIA,Final
20160523,mlb,360523113,LAA,2,TEX,0,LAA,Final
20160523,mlb,360523109,KC,10,MIN,4,KC,Final
20160523,mlb,360523120,NYM,7,WSH,1,NYM,Final
20160523,mlb,360523124,CHC,3,STL,4,STL,Final
20160523,mlb,360523304,CLE,5,CHW,1,CLE,Final
20160523,mlb,360523119,CIN,0,LAD,1,LAD,Final
20160523,mlb,360523126,SD,0,SF,1,SF,Final
20160524,mlb,360524128,TB,4,MIA,3,TB,Final
20160524,mlb,360524124,CHC,12,STL,3,CHC,Final
20160524,mlb,360524110,TOR,0,NYY,6,NYY,Final
20160524,mlb,360524120,NYM,4,WSH,7,WSH,Final
20160524,mlb,360524123,ARI,1,PIT,12,PIT,Final
20160524,mlb,360524102,COL,3,BOS,8,BOS,Final
20160524,mlb,360524106,PHI,1,DET,3,DET,Final
20160524,mlb,360524115,MIL,2,ATL,1,MIL,Final
20160524,mlb,360524113,LAA,1,TEX,4,TEX,Final
20160524,mlb,360524104,CLE,6,CHW,2,CLE,Final
20160524,mlb,360524109,KC,7,MIN,4,KC,Final
20160524,mlb,360524118,BAL,2,HOU,3,HOU,Final/13
20160524,mlb,400836642,SD,2,SF,8,SF,Final
20160524,mlb,360524119,CIN,2,LAD,8,LAD,Final
20160525,mlb,360525120,NYM,2,WSH,0,NYM,Final
20160525,mlb,360525106,PHI,8,DET,5,PHI,Final
20160525,mlb,360525109,KC,5,MIN,7,MIN,Final
20160525,mlb,360525124,CHC,9,STL,8,CHC,Final
20160525,mlb,360525113,LAA,9,TEX,15,TEX,Final
20160525,mlb,360525104,CLE,4,CHW,3,CLE,Final
20160525,mlb,360525126,SD,3,SF,4,SF,Final/10
20160525,mlb,360525110,TOR,8,NYY,4,TOR,Final
20160525,mlb,360525123,ARI,4,PIT,5,PIT,Final
20160525,mlb,360525102,COL,3,BOS,10,BOS,Final
20160525,mlb,360525115,MIL,3,ATL,2,MIL,Final/13
20160525,mlb,360525130,MIA,4,TB,3,MIA,Final
20160525,mlb,360525118,BAL,3,HOU,4,HOU,Final
20160525,mlb,360525119,CIN,1,LAD,3,LAD,Final
20160526,mlb,360526123,ARI,3,PIT,8,PIT,Final
20160526,mlb,360526130,MIA,9,TB,1,MIA,Final
20160526,mlb,360526110,TOR,3,NYY,1,TOR,Final
20160526,mlb,360526120,STL,1,WSH,2,WSH,Final
20160526,mlb,360526102,COL,8,BOS,2,COL,Final
20160526,mlb,360526115,MIL,6,ATL,2,MIL,Final
20160526,mlb,360526118,BAL,2,HOU,4,HOU,Final
20160527,mlb,360527116,PHI,2,CHC,6,CHC,Final
20160527,mlb,360527120,STL,6,WSH,2,STL,Final
20160527,mlb,360527114,BOS,5,TOR,7,TOR,Final
20160527,mlb,360527105,BAL,6,CLE,4,BAL,Final
20160527,mlb,360527121,LAD,5,NYM,6,NYM,Final
20160527,mlb,360527130,NYY,4,TB,1,NYY,Final
20160527,mlb,360527115,MIA,2,ATL,4,ATL,Final
20160527,mlb,360527113,PIT,9,TEX,1,PIT,Final
20160527,mlb,360527108,CIN,5,MIL,9,MIL,Final
20160527,mlb,360527107,CHW,5,KC,7,KC,Final
20160527,mlb,360527127,SF,2,COL,5,COL,Final
20160527,mlb,360527129,SD,10,ARI,3,SD,Final
20160527,mlb,360527103,HOU,2,LAA,7,LAA,Final
20160527,mlb,360527112,MIN,7,SEA,2,MIN,Final
20160528,mlb,360528114,BOS,9,TOR,10,TOR,Final
20160528,mlb,360528107,CHW,7,KC,8,KC,Final
20160528,mlb,360528116,PHI,1,CHC,4,CHC,Final
20160528,mlb,360528105,BAL,4,CLE,11,CLE,Final
20160528,mlb,360528108,CIN,7,MIL,6,CIN,Final
20160528,mlb,360528115,MIA,2,ATL,7,ATL,Final
20160528,mlb,360528127,SF,10,COL,5,SF,Final
20160528,mlb,360528130,NYY,5,TB,9,TB,Final
20160528,mlb,360528113,PIT,2,TEX,5,TEX,Final
20160528,mlb,360528120,STL,9,WSH,4,STL,Final
20160528,mlb,360528121,LAD,9,NYM,1,LAD,Final
20160528,mlb,360528103,HOU,4,LAA,2,HOU,Final
20160528,mlb,360528112,MIN,6,SEA,5,MIN,Final
20160528,mlb,400836695,SD,7,ARI,8,ARI,Final
20160529,mlb,360529114,BOS,5,TOR,3,BOS,Final/11
20160529,mlb,360529105,BAL,6,CLE,4,BAL,Final
20160529,mlb,360529130,NYY,2,TB,1,NYY,Final
20160529,mlb,360529120,STL,2,WSH,10,WSH,Final
20160529,mlb,360529108,CIN,4,MIL,5,MIL,Final
20160529,mlb,360529107,CHW,4,KC,5,KC,Final
20160529,mlb,360529116,PHI,2,CHC,7,CHC,Final
20160529,mlb,360529113,PIT,2,TEX,6,TEX,Final
20160529,mlb,360529103,HOU,8,LAA,6,HOU,Final/13
20160529,mlb,360529112,MIN,5,SEA,4,MIN,Final
20160529,mlb,360529127,SF,8,COL,3,SF,Final
20160529,mlb,400836710,SD,3,ARI,6,ARI,Final
20160529,mlb,360529115,MIA,7,ATL,3,MIA,Final
20160529,mlb,360529121,LAD,4,NYM,2,LAD,Final
20160530,mlb,360530121,CHW,0,NYM,1,NYM,Final
20160530,mlb,360530115,SF,3,ATL,5,ATL,Final
20160530,mlb,360530101,BOS,7,BAL,2,BOS,Final
20160530,mlb,360530108,STL,6,MIL,0,STL,Final
20160530,mlb,360530112,SD,3,SEA,9,SEA,Final
20160530,mlb,360530127,CIN,11,COL,8,CIN,Final
20160530,mlb,360530129,HOU,8,ARI,3,HOU,Final
20160530,mlb,360530116,LAD,0,CHC,2,CHC,Final
20160530,mlb,360530105,TEX,9,CLE,2,TEX,Final
20160530,mlb,360530122,WSH,4,PHI,3,WSH,Final
20160530,mlb,360530114,NYY,2,TOR,4,TOR,Final
20160530,mlb,360530128,PIT,10,MIA,0,PIT,Final
20160530,mlb,360530107,TB,2,KC,6,KC,Final
20160530,mlb,360530103,DET,1,LAA,5,LAA,Final
20160531,mlb,360531112,SD,4,SEA,16,SEA,Final
20160531,mlb,360531129,HOU,8,ARI,5,HOU,Final
20160531,mlb,360531105,TEX,7,CLE,3,TEX,Final
20160531,mlb,360531101,BOS,6,BAL,2,BOS,Final
20160531,mlb,360531122,WSH,5,PHI,1,WSH,Final
20160531,mlb,360531114,NYY,1,TOR,4,TOR,Final
20160531,mlb,360531115,SF,4,ATL,0,SF,Final
20160531,mlb,360531121,CHW,6,NYM,4,CHW,Final
20160531,mlb,360531128,PIT,1,MIA,3,MIA,Final
20160531,mlb,360531108,STL,10,MIL,3,STL,Final
20160531,mlb,360531107,TB,5,KC,10,KC,Final
20160531,mlb,360531116,LAD,5,CHC,0,LAD,Final
20160531,mlb,360531127,CIN,4,COL,17,COL,Final
20160531,mlb,360531103,DET,9,LAA,11,LAA,Final
20160601,mlb,360601121,CHW,2,NYM,1,CHW,Final/13
20160601,mlb,360601108,STL,1,MIL,3,MIL,Final
20160601,mlb,360601105,TEX,4,CLE,5,CLE,Final/11
20160601,mlb,360601101,BOS,9,BAL,13,BAL,Final
20160601,mlb,360601103,DET,3,LAA,0,DET,Final
20160601,mlb,360601122,WSH,7,PHI,2,WSH,Final
20160601,mlb,360601114,NYY,0,TOR,7,TOR,Final
20160601,mlb,360601115,SF,4,ATL,5,ATL,Final/11
20160601,mlb,360601128,PIT,2,MIA,3,MIA,Final
20160601,mlb,360601116,LAD,1,CHC,2,CHC,Final
20160601,mlb,360601118,ARI,4,HOU,5,HOU,Final/11
20160601,mlb,360601107,TB,3,KC,6,KC,Final
20160601,mlb,360601127,CIN,7,COL,2,CIN,Final
20160601,mlb,360601125,SEA,6,SD,14,SD,Final
20160602,mlb,360602115,SF,6,ATL,0,SF,Final
20160602,mlb,360602118,ARI,3,HOU,0,ARI,Final
20160602,mlb,360602116,LAD,2,CHC,7,CHC,Final
20160602,mlb,360602101,BOS,7,BAL,12,BAL,Final
20160602,mlb,360602122,MIL,4,PHI,1,MIL,Final
20160602,mlb,360602105,KC,4,CLE,5,CLE,Final
20160602,mlb,360602128,PIT,3,MIA,4,MIA,Final/12
20160602,mlb,360602106,NYY,5,DET,4,NYY,Final
20160602,mlb,360602109,TB,4,MIN,6,MIN,Final
20160602,mlb,360602127,CIN,11,COL,4,CIN,Final
20160602,mlb,360602125,SEA,16,SD,13,SEA,Final
20160603,mlb,360603116,ARI,0,CHC,6,CHC,Final
20160603,mlb,360603101,NYY,5,BAL,6,BAL,Final
20160603,mlb,360603122,MIL,3,PHI,6,PHI,Final
20160603,mlb,360603123,LAA,9,PIT,2,LAA,Final
20160603,mlb,360603102,TOR,5,BOS,2,TOR,Final
20160603,mlb,360603105,KC,1,CLE,6,CLE,Final
20160603,mlb,360603106,CHW,3,DET,10,DET,Final
20160603,mlb,360603117,WSH,2,CIN,7,CIN,Final
20160603,mlb,360603128,NYM,6,MIA,2,NYM,Final
20160603,mlb,360603113,SEA,3,TEX,7,TEX,Final
20160603,mlb,360603109,TB,4,MIN,2,TB,Final
20160603,mlb,360603124,SF,5,STL,1,SF,Final
20160603,mlb,360603119,ATL,2,LAD,4,LAD,Final
20160603,mlb,360603125,COL,0,SD,4,SD,Final
20160604,mlb,360604116,ARI,3,CHC,5,CHC,Final
20160604,mlb,360604122,MIL,6,PHI,3,MIL,Final
20160604,mlb,360604102,TOR,4,BOS,6,BOS,Final
20160604,mlb,360604123,LAA,7,PIT,8,PIT,Final
20160604,mlb,360604106,CHW,4,DET,7,DET,Final
20160604,mlb,360604109,TB,7,MIN,4,TB,Final
20160604,mlb,360604117,WSH,3,CIN,6,CIN,Final
20160604,mlb,360604128,NYM,6,MIA,4,NYM,Final
20160604,mlb,360604101,NYY,8,BAL,6,NYY,Final
20160604,mlb,360604105,KC,1,CLE,7,CLE,Final
20160604,mlb,360604124,SF,4,STL,7,STL,Final
20160604,mlb,360604113,SEA,4,TEX,10,TEX,Final
20160604,mlb,360604119,ATL,0,LAD,4,LAD,Final
20160604,mlb,360604125,COL,3,SD,4,SD,Final
20160605,mlb,360605105,KC,0,CLE,7,CLE,Final
20160605,mlb,360605106,CHW,2,DET,5,DET,Final
20160605,mlb,360605117,WSH,10,CIN,9,WSH,Final
20160605,mlb,360605128,NYM,0,MIA,1,MIA,Final
20160605,mlb,360605101,NYY,1,BAL,3,BAL,Final
20160605,mlb,360605102,TOR,5,BOS,4,TOR,Final
20160605,mlb,360605122,MIL,1,PHI,8,PHI,Final
20160605,mlb,360605123,LAA,5,PIT,4,LAA,Final
20160605,mlb,360605109,TB,7,MIN,5,TB,Final
20160605,mlb,360605116,ARI,3,CHC,2,ARI,Final
20160605,mlb,360605113,SEA,2,TEX,3,TEX,Final
20160605,mlb,360605119,ATL,6,LAD,12,LAD,Final
20160605,mlb,360605124,SF,3,STL,6,STL,Final
20160605,mlb,360605125,COL,10,SD,3,COL,Final
20160606,mlb,360606122,CHC,6,PHI,4,CHC,Final
20160606,mlb,360606101,KC,1,BAL,4,BAL,Final
20160606,mlb,360606110,LAA,2,NYY,5,NYY,Final
20160606,mlb,360606106,TOR,0,DET,11,DET,Final
20160606,mlb,360606113,HOU,5,TEX,6,TEX,Final
20160606,mlb,360606129,TB,6,ARI,4,TB,Final
20160606,mlb,360606112,CLE,3,SEA,1,CLE,Final
20160606,mlb,360606119,COL,6,LAD,1,COL,Final
20160606,mlb,360606125,ATL,2,SD,7,SD,Final
20160607,mlb,360607223,NYM,1,PIT,3,PIT,Final
20160607,mlb,360607101,KC,1,BAL,9,BAL,Final
20160607,mlb,360607110,LAA,3,NYY,6,NYY,Final
20160607,mlb,360607122,CHC,2,PHI,3,PHI,Final
20160607,mlb,360607106,TOR,2,DET,3,DET,Final/10
20160607,mlb,360607117,STL,6,CIN,7,CIN,Final
20160607,mlb,360607323,NYM,1,PIT,3,PIT,Final
20160607,mlb,360607113,HOU,3,TEX,4,TEX,Final
20160607,mlb,360607104,WSH,10,CHW,5,WSH,Final
20160607,mlb,360607109,MIA,4,MIN,6,MIN,Final/11
20160607,mlb,360607129,TB,0,ARI,5,ARI,Final
20160607,mlb,360607112,CLE,1,SEA,7,SEA,Final
20160607,mlb,360607119,COL,3,LAD,4,LAD,Final
20160607,mlb,360607125,ATL,3,SD,4,SD,Final
20160607,mlb,360607126,BOS,5,SF,3,BOS,Final/10
20160608,mlb,360608122,CHC,8,PHI,1,CHC,Final
20160608,mlb,360608106,TOR,7,DET,2,TOR,Final
20160608,mlb,360608125,ATL,4,SD,2,ATL,Final
20160608,mlb,360608129,TB,6,ARI,3,TB,Final
20160608,mlb,360608101,KC,0,BAL,4,BAL,Final
20160608,mlb,360608110,LAA,6,NYY,12,NYY,Final
20160608,mlb,360608123,NYM,6,PIT,5,NYM,Final/10
20160608,mlb,360608117,STL,12,CIN,7,STL,Final
20160608,mlb,360608113,HOU,3,TEX,1,HOU,Final
20160608,mlb,360608104,WSH,11,CHW,4,WSH,Final
20160608,mlb,360608109,MIA,5,MIN,7,MIN,Final
20160608,mlb,360608112,CLE,0,SEA,5,SEA,Final
20160608,mlb,360608119,COL,1,LAD,0,COL,Final
20160608,mlb,360608126,BOS,1,SF,2,SF,Final
20160609,mlb,360609113,HOU,3,TEX,5,TEX,Final
20160609,mlb,360609127,PIT,5,COL,11,COL,Final
20160609,mlb,360609110,LAA,3,NYY,6,NYY,Final
20160609,mlb,360609114,BAL,6,TOR,5,BAL,Final
20160609,mlb,360609117,STL,3,CIN,2,STL,Final
20160609,mlb,360609104,WSH,1,CHW,3,CHW,Final
20160609,mlb,360609108,NYM,5,MIL,2,NYM,Final
20160609,mlb,360609109,MIA,10,MIN,3,MIA,Final
20160609,mlb,360609112,CLE,5,SEA,3,CLE,Final
20160610,mlb,360610110,DET,0,NYY,4,NYY,Final
20160610,mlb,360610120,PHI,6,WSH,9,WSH,Final
20160610,mlb,360610123,STL,9,PIT,3,STL,Final/12
20160610,mlb,360610114,BAL,3,TOR,4,TOR,Final/10
20160610,mlb,360610130,HOU,3,TB,4,TB,Final
20160610,mlb,360610115,CHC,1,ATL,5,ATL,Final
20160610,mlb,360610104,KC,5,CHW,7,CHW,Final
20160610,mlb,360610108,NYM,2,MIL,1,NYM,Final/11
20160610,mlb,360610109,BOS,8,MIN,1,BOS,Final
20160610,mlb,360610127,SD,7,COL,5,SD,Final
20160610,mlb,360610129,MIA,8,ARI,6,MIA,Final
20160610,mlb,360610103,CLE,6,LAA,2,CLE,Final
20160610,mlb,360610112,TEX,5,SEA,7,SEA,Final
20160610,mlb,400836868,LAD,3,SF,2,LAD,Final
20160611,mlb,360611120,PHI,0,WSH,8,WSH,Final
20160611,mlb,360611114,BAL,6,TOR,11,TOR,Final
20160611,mlb,360611104,KC,4,CHW,1,KC,Final
20160611,mlb,360611109,BOS,15,MIN,4,BOS,Final
20160611,mlb,360611108,NYM,4,MIL,7,MIL,Final
20160611,mlb,360611115,CHC,8,ATL,2,CHC,Final
20160611,mlb,360611127,SD,3,COL,5,COL,Final
20160611,mlb,360611130,HOU,4,TB,3,HOU,Final
20160611,mlb,360611110,DET,6,NYY,1,DET,Final
20160611,mlb,360611123,STL,5,PIT,1,STL,Final
20160611,mlb,360611126,LAD,4,SF,5,SF,Final/10
20160611,mlb,360611103,CLE,3,LAA,4,LAA,Final
20160611,mlb,360611112,TEX,2,SEA,1,TEX,Final/11
20160611,mlb,360611129,MIA,3,ARI,5,ARI,Final
20160612,mlb,360612114,BAL,9,TOR,10,TOR,Final
20160612,mlb,360612130,HOU,0,TB,5,TB,Final
20160612,mlb,360612115,CHC,13,ATL,2,CHC,Final
20160612,mlb,360612110,DET,4,NYY,1,DET,Final
20160612,mlb,360612104,KC,3,CHW,1,KC,Final
20160612,mlb,360612108,NYM,3,MIL,5,MIL,Final
20160612,mlb,360612109,BOS,4,MIN,7,MIN,Final/10
20160612,mlb,360612103,CLE,8,LAA,3,CLE,Final
20160612,mlb,360612120,PHI,4,WSH,5,WSH,Final
20160612,mlb,360612112,TEX,6,SEA,4,TEX,Final
20160612,mlb,360612127,SD,1,COL,2,COL,Final
20160612,mlb,360612129,MIA,0,ARI,6,ARI,Final
20160612,mlb,400836904,STL,8,PIT,3,STL,Final
20160612,mlb,360612126,LAD,1,SF,2,SF,Final
20160613,mlb,360613120,CHC,1,WSH,4,WSH,Final
20160613,mlb,360613114,PHI,7,TOR,0,PHI,Final
20160613,mlb,360613115,CIN,9,ATL,8,CIN,Final
20160613,mlb,360613104,DET,9,CHW,10,CHW,Final/12
20160613,mlb,360613107,CLE,1,KC,2,KC,Final
20160613,mlb,360613129,LAD,2,ARI,3,ARI,Final
20160613,mlb,360613103,MIN,9,LAA,4,MIN,Final
20160613,mlb,360613125,MIA,13,SD,4,MIA,Final
20160613,mlb,360613126,MIL,5,SF,11,SF,Final
20160614,mlb,360614114,PHI,3,TOR,11,TOR,Final
20160614,mlb,360614120,CHC,4,WSH,3,CHC,Final
20160614,mlb,360614102,BAL,3,BOS,2,BAL,Final
20160614,mlb,360614115,CIN,3,ATL,1,CIN,Final
20160614,mlb,360614121,PIT,4,NYM,0,PIT,Final
20160614,mlb,360614130,SEA,7,TB,8,TB,Final
20160614,mlb,360614104,DET,11,CHW,8,DET,Final
20160614,mlb,360614107,CLE,2,KC,3,KC,Final
20160614,mlb,360614124,HOU,5,STL,2,HOU,Final
20160614,mlb,360614127,NYY,10,COL,13,COL,Final
20160614,mlb,360614129,LAD,7,ARI,4,LAD,Final
20160614,mlb,360614103,MIN,4,LAA,5,LAA,Final
20160614,mlb,360614125,MIA,5,SD,2,MIA,Final
20160614,mlb,360614126,MIL,2,SF,3,SF,Final
20160615,mlb,360615127,NYY,3,COL,6,COL,Final
20160615,mlb,360615125,MIA,3,SD,6,SD,Final
20160615,mlb,360615129,LAD,3,ARI,2,LAD,Final
20160615,mlb,360615126,MIL,1,SF,10,SF,Final
20160615,mlb,360615120,CHC,4,WSH,5,WSH,Final/12
20160615,mlb,360615102,BAL,4,BOS,6,BOS,Final
20160615,mlb,360615122,TOR,7,PHI,2,TOR,Final
20160615,mlb,360615115,CIN,8,ATL,9,ATL,Final/13
20160615,mlb,360615121,PIT,2,NYM,11,NYM,Final
20160615,mlb,360615130,SEA,2,TB,3,TB,Final/13
20160615,mlb,360615124,HOU,4,STL,1,HOU,Final
20160615,mlb,360615104,DET,3,CHW,5,CHW,Final
20160615,mlb,360615107,CLE,4,KC,9,KC,Final
20160615,mlb,360615103,MIN,2,LAA,10,LAA,Final
20160616,mlb,360616115,CIN,2,ATL,7,ATL,Final
20160616,mlb,360616130,SEA,6,TB,4,SEA,Final
20160616,mlb,360616122,TOR,13,PHI,2,TOR,Final
20160616,mlb,360616102,BAL,5,BOS,1,BAL,Final
20160616,mlb,360616121,PIT,4,NYM,6,NYM,Final
20160616,mlb,360616109,NYY,4,MIN,1,NYY,Final
20160616,mlb,360616107,DET,10,KC,4,DET,Final
20160616,mlb,360616119,MIL,8,LAD,6,MIL,Final
20160616,mlb,360616125,WSH,8,SD,5,WSH,Final
20160617,mlb,360617116,PIT,0,CHC,6,CHC,Final
20160617,mlb,360617101,TOR,13,BAL,3,TOR,Final
20160617,mlb,360617122,ARI,10,PHI,2,ARI,Final
20160617,mlb,360617102,SEA,8,BOS,4,SEA,Final
20160617,mlb,360617105,CHW,2,CLE,3,CLE,Final
20160617,mlb,360617121,ATL,5,NYM,1,ATL,Final
20160617,mlb,360617128,COL,1,MIA,5,MIA,Final
20160617,mlb,400836967,SF,5,TB,1,SF,Final
20160617,mlb,360617109,NYY,8,MIN,2,NYY,Final
20160617,mlb,360617118,CIN,4,HOU,2,CIN,Final/11
20160617,mlb,360617107,DET,3,KC,10,KC,Final
20160617,mlb,360617124,TEX,1,STL,0,TEX,Final
20160617,mlb,360617119,MIL,2,LAD,3,LAD,Final/10
20160617,mlb,360617125,WSH,7,SD,5,WSH,Final
20160618,mlb,360618109,NYY,7,MIN,6,NYY,Final
20160618,mlb,360618122,ARI,4,PHI,1,ARI,Final
20160618,mlb,360618101,TOR,2,BAL,4,BAL,Final
20160618,mlb,360618102,SEA,2,BOS,6,BOS,Final
20160618,mlb,360618118,CIN,4,HOU,5,HOU,Final/11
20160618,mlb,360618128,COL,6,MIA,9,MIA,Final
20160618,mlb,360618130,SF,6,TB,4,SF,Final
20160618,mlb,360618124,TEX,4,STL,3,TEX,Final
20160618,mlb,360618105,CHW,2,CLE,13,CLE,Final
20160618,mlb,360618107,DET,5,KC,16,KC,Final
20160618,mlb,360618116,PIT,3,CHC,4,CHC,Final
20160618,mlb,360618121,ATL,4,NYM,3,ATL,Final
20160618,mlb,360618119,MIL,6,LAD,10,LAD,Final
20160618,mlb,360618125,WSH,3,SD,7,SD,Final
20160619,mlb,360619105,CHW,2,CLE,3,CLE,Final/10
20160619,mlb,360619121,ATL,6,NYM,0,ATL,Final
20160619,mlb,360619128,COL,0,MIA,3,MIA,Final
20160619,mlb,360619130,SF,5,TB,1,SF,Final
20160619,mlb,360619101,TOR,6,BAL,11,BAL,Final
20160619,mlb,360619102,SEA,1,BOS,2,BOS,Final
20160619,mlb,360619122,ARI,5,PHI,1,ARI,Final
20160619,mlb,360619109,NYY,4,MIN,7,MIN,Final
20160619,mlb,360619118,CIN,0,HOU,6,HOU,Final
20160619,mlb,360619107,DET,1,KC,2,KC,Final/13
20160619,mlb,360619124,TEX,5,STL,4,TEX,Final
20160619,mlb,360619119,MIL,1,LAD,2,LAD,Final
20160619,mlb,360619125,WSH,3,SD,6,SD,Final
20160619,mlb,360619116,PIT,5,CHC,10,CHC,Final
20160620,mlb,360620122,ARI,3,PHI,1,ARI,Final
20160620,mlb,360620123,SF,0,PIT,1,PIT,Final
20160620,mlb,360620102,CHW,3,BOS,1,CHW,Final/10
20160620,mlb,360620105,TB,4,CLE,7,CLE,Final
20160620,mlb,360620106,SEA,7,DET,8,DET,Final/12
20160620,mlb,360620128,COL,5,MIA,3,COL,Final
20160620,mlb,360620113,BAL,3,TEX,4,TEX,Final
20160620,mlb,360620116,STL,3,CHC,2,STL,Final
20160620,mlb,360620118,LAA,7,HOU,10,HOU,Final
20160620,mlb,360620119,WSH,1,LAD,4,LAD,Final
20160621,mlb,360621101,SD,10,BAL,7,SD,Final
20160621,mlb,360621110,COL,8,NYY,4,COL,Final
20160621,mlb,360621123,SF,15,PIT,4,SF,Final
20160621,mlb,360621114,ARI,4,TOR,2,ARI,Final
20160621,mlb,360621102,CHW,3,BOS,1,CHW,Final
20160621,mlb,360621105,TB,0,CLE,6,CLE,Final
20160621,mlb,360621106,SEA,2,DET,4,DET,Final
20160621,mlb,360621121,KC,1,NYM,2,NYM,Final
20160621,mlb,360621128,ATL,3,MIA,2,ATL,Final/10
20160621,mlb,360621113,CIN,8,TEX,2,CIN,Final
20160621,mlb,360621116,STL,4,CHC,3,STL,Final
20160621,mlb,360621109,PHI,10,MIN,14,MIN,Final
20160621,mlb,360621118,LAA,2,HOU,3,HOU,Final
20160621,mlb,360621119,WSH,2,LAD,3,LAD,Final
20160622,mlb,360622128,ATL,0,MIA,3,MIA,Final
20160622,mlb,360622110,COL,8,NYY,9,NYY,Final
20160622,mlb,360622121,KC,3,NYM,4,NYM,Final
20160622,mlb,360622118,LAA,2,HOU,3,HOU,Final
20160622,mlb,360622116,STL,7,CHC,2,STL,Final
20160622,mlb,360622114,ARI,2,TOR,5,TOR,Final
20160622,mlb,360622101,SD,2,BAL,7,BAL,Final
20160622,mlb,360622123,SF,7,PIT,6,SF,Final
20160622,mlb,360622102,CHW,8,BOS,6,CHW,Final
20160622,mlb,360622105,TB,1,CLE,6,CLE,Final
20160622,mlb,360622106,SEA,1,DET,5,DET,Final
20160622,mlb,360622113,CIN,4,TEX,6,TEX,Final
20160622,mlb,360622109,PHI,5,MIN,6,MIN,Final
20160622,mlb,360622119,WSH,3,LAD,4,LAD,Final
20160623,mlb,360623123,SF,5,PIT,3,SF,Final
20160623,mlb,360623106,SEA,4,DET,5,DET,Final/10
20160623,mlb,360623109,PHI,7,MIN,3,PHI,Final
20160623,mlb,360623102,CHW,7,BOS,8,BOS,Final/10
20160623,mlb,360623115,NYM,3,ATL,4,ATL,Final
20160623,mlb,360623117,SD,7,CIN,4,SD,Final
20160623,mlb,360623128,CHC,2,MIA,4,MIA,Final
20160623,mlb,360623127,ARI,7,COL,6,ARI,Final
20160624,mlb,360624101,TB,3,BAL,6,BAL,Final
20160624,mlb,360624110,MIN,3,NYY,5,NYY,Final
20160624,mlb,360624123,LAD,6,PIT,8,PIT,Final
20160624,mlb,360624106,CLE,7,DET,5,CLE,Final
20160624,mlb,360624117,SD,13,CIN,4,SD,Final
20160624,mlb,400837051,CHC,5,MIA,4,CHC,Final
20160624,mlb,360624115,NYM,8,ATL,6,NYM,Final
20160624,mlb,360624113,BOS,8,TEX,7,BOS,Final
20160624,mlb,360624104,TOR,2,CHW,3,CHW,Final
20160624,mlb,360624108,WSH,3,MIL,5,MIL,Final
20160624,mlb,360624107,HOU,13,KC,4,HOU,Final
20160624,mlb,360624127,ARI,10,COL,9,ARI,Final
20160624,mlb,360624112,STL,3,SEA,4,SEA,Final
20160624,mlb,360624126,PHI,4,SF,5,SF,Final
20160625,mlb,360625110,MIN,1,NYY,2,NYY,Final
20160625,mlb,360625201,TB,0,BAL,5,BAL,Final
20160625,mlb,360625104,TOR,10,CHW,8,TOR,Final
20160625,mlb,360625106,CLE,6,DET,0,CLE,Final
20160625,mlb,360625108,WSH,5,MIL,6,MIL,Final
20160625,mlb,360625117,SD,3,CIN,0,SD,Final
20160625,mlb,360625127,ARI,6,COL,11,COL,Final
20160625,mlb,360625128,CHC,6,MIA,9,MIA,Final
20160625,mlb,360625301,TB,6,BAL,8,BAL,Final
20160625,mlb,360625107,HOU,13,KC,5,HOU,Final
20160625,mlb,360625115,NYM,1,ATL,0,NYM,Final/11
20160625,mlb,360625123,LAD,1,PIT,6,PIT,Final
20160625,mlb,360625113,BOS,3,TEX,10,TEX,Final
20160625,mlb,360625126,PHI,3,SF,2,PHI,Final
20160625,mlb,360625112,STL,4,SEA,5,SEA,Final
20160626,mlb,360626110,MIN,7,NYY,1,MIN,Final
20160626,mlb,360626106,CLE,9,DET,3,CLE,Final
20160626,mlb,360626117,SD,0,CIN,3,CIN,Final
20160626,mlb,360626128,CHC,1,MIA,6,MIA,Final
20160626,mlb,360626101,TB,5,BAL,12,BAL,Final
20160626,mlb,360626115,NYM,2,ATL,5,ATL,Final
20160626,mlb,360626104,TOR,2,CHW,5,CHW,Final
20160626,mlb,360626108,WSH,3,MIL,2,WSH,Final
20160626,mlb,360626107,HOU,1,KC,6,KC,Final
20160626,mlb,360626113,BOS,2,TEX,6,TEX,Final
20160626,mlb,360626126,PHI,7,SF,8,SF,Final
20160626,mlb,360626112,STL,11,SEA,6,STL,Final
20160626,mlb,360626127,ARI,7,COL,9,COL,Final
20160626,mlb,360626123,LAD,3,PIT,4,PIT,Final
20160627,mlb,360627123,LAD,5,PIT,4,LAD,Final
20160627,mlb,360627110,TEX,9,NYY,6,TEX,Final
20160627,mlb,360627120,NYM,4,WSH,11,WSH,Final
20160627,mlb,360627115,CLE,8,ATL,3,CLE,Final
20160627,mlb,360627117,CHC,11,CIN,8,CHC,Final
20160627,mlb,360627130,BOS,7,TB,13,TB,Final
20160627,mlb,360627107,STL,2,KC,6,KC,Final
20160627,mlb,360627127,TOR,5,COL,9,COL,Final
20160627,mlb,360627129,PHI,8,ARI,0,PHI,Final
20160627,mlb,360627103,HOU,4,LAA,2,HOU,Final
20160628,mlb,360628110,TEX,7,NYY,1,TEX,Final
20160628,mlb,360628120,NYM,0,WSH,5,WSH,Final
20160628,mlb,360628106,MIA,5,DET,7,DET,Final
20160628,mlb,360628115,CLE,5,ATL,3,CLE,Final
20160628,mlb,360628117,CHC,7,CIN,2,CHC,Final/15
20160628,mlb,360628130,BOS,8,TB,2,BOS,Final
20160628,mlb,360628104,MIN,4,CHW,0,MIN,Final
20160628,mlb,360628108,LAD,6,MIL,5,LAD,Final
20160628,mlb,360628107,STL,8,KC,4,STL,Final
20160628,mlb,360628127,TOR,14,COL,9,TOR,Final
20160628,mlb,360628129,PHI,4,ARI,3,PHI,Final
20160628,mlb,360628103,HOU,7,LAA,1,HOU,Final
20160628,mlb,360628112,PIT,2,SEA,5,SEA,Final
20160628,mlb,360628125,BAL,11,SD,7,BAL,Final
20160629,mlb,360629130,BOS,0,TB,4,TB,Final
20160629,mlb,360629117,CHC,9,CIN,2,CHC,Final
20160629,mlb,360629106,MIA,3,DET,10,DET,Final
20160629,mlb,360629127,TOR,5,COL,3,TOR,Final
20160629,mlb,360629103,HOU,10,LAA,4,HOU,Final
20160629,mlb,360629125,BAL,12,SD,6,BAL,Final
20160629,mlb,360629129,PHI,9,ARI,8,PHI,Final/10
20160629,mlb,360629120,NYM,2,WSH,4,WSH,Final
20160629,mlb,360629110,TEX,7,NYY,9,NYY,Final
20160629,mlb,360629115,CLE,3,ATL,0,CLE,Final
20160629,mlb,360629104,MIN,6,CHW,9,CHW,Final
20160629,mlb,360629108,LAD,0,MIL,7,MIL,Final
20160629,mlb,360629124,KC,3,STL,2,KC,Final/12
20160629,mlb,360629112,PIT,8,SEA,1,PIT,Final
20160630,mlb,360630110,TEX,1,NYY,2,NYY,Final
20160630,mlb,360630104,MIN,5,CHW,6,CHW,Final
20160630,mlb,360630108,LAD,8,MIL,1,LAD,Final
20160630,mlb,360630120,CIN,4,WSH,13,WSH,Final
20160630,mlb,360630114,CLE,4,TOR,1,CLE,Final
20160630,mlb,360630115,MIA,5,ATL,8,ATL,Final
20160630,mlb,360630121,CHC,3,NYM,4,NYM,Final
20160630,mlb,360630130,DET,10,TB,7,DET,Final
20160630,mlb,360630124,KC,4,STL,2,KC,Final
20160630,mlb,360630112,BAL,3,SEA,5,SEA,Final
20160701,mlb,360701114,CLE,2,TOR,1,CLE,Final/19
20160701,mlb,360701120,CIN,2,WSH,3,WSH,Final/14
20160701,mlb,360701122,KC,3,PHI,4,PHI,Final
20160701,mlb,360701102,LAA,4,BOS,5,BOS,Final
20160701,mlb,360701121,CHC,2,NYM,10,NYM,Final
20160701,mlb,360701130,DET,10,TB,2,DET,Final
20160701,mlb,360701115,MIA,7,ATL,5,MIA,Final/12
20160701,mlb,360701109,TEX,3,MIN,2,TEX,Final/10
20160701,mlb,360701118,CHW,0,HOU,5,HOU,Final
20160701,mlb,360701124,MIL,1,STL,7,STL,Final
20160701,mlb,360701129,SF,6,ARI,4,SF,Final
20160701,mlb,360701112,BAL,2,SEA,5,SEA,Final
20160701,mlb,360701119,COL,0,LAD,5,LAD,Final
20160701,mlb,360701125,NYY,6,SD,7,SD,Final
20160702,mlb,360702114,CLE,6,TOR,9,TOR,Final
20160702,mlb,360702109,TEX,5,MIN,17,MIN,Final
20160702,mlb,360702124,MIL,0,STL,3,STL,Final
20160702,mlb,360702115,MIA,1,ATL,9,ATL,Final
20160702,mlb,360702130,DET,3,TB,2,DET,Final
20160702,mlb,400837163,CHW,7,HOU,6,CHW,Final
20160702,mlb,360702122,KC,6,PHI,2,KC,Final
20160702,mlb,360702102,LAA,21,BOS,2,LAA,Final
20160702,mlb,360702120,CIN,9,WSH,4,CIN,Final/10
20160702,mlb,360702121,CHC,3,NYM,4,NYM,Final
20160702,mlb,360702112,BAL,6,SEA,12,SEA,Final
20160702,mlb,360702119,COL,1,LAD,6,LAD,Final
20160702,mlb,360702125,NYY,1,SD,2,SD,Final
20160702,mlb,360702129,SF,5,ARI,6,ARI,Final
20160703,mlb,360703114,CLE,1,TOR,17,TOR,Final
20160703,mlb,360703121,CHC,3,NYM,14,NYM,Final
20160703,mlb,400837183,DET,5,TB,1,DET,Final
20160703,mlb,360703102,LAA,5,BOS,10,BOS,Final
20160703,mlb,360703120,CIN,1,WSH,12,WSH,Final
20160703,mlb,360703122,KC,2,PHI,7,PHI,Final
20160703,mlb,360703109,TEX,4,MIN,5,MIN,Final
20160703,mlb,360703118,CHW,4,HOU,1,CHW,Final
20160703,mlb,360703124,MIL,8,STL,9,STL,Final
20160703,mlb,360703112,BAL,4,SEA,9,SEA,Final
20160703,mlb,360703119,COL,1,LAD,4,LAD,Final
20160703,mlb,360703129,SF,5,ARI,4,SF,Final/11
20160703,mlb,360703125,NYY,6,SD,3,NYY,Final
20160703,mlb,360703115,MIA,5,ATL,2,MIA,Final
20160704,mlb,360704120,MIL,1,WSH,0,MIL,Final
20160704,mlb,360704130,LAA,2,TB,4,TB,Final
20160704,mlb,360704102,TEX,5,BOS,12,BOS,Final
20160704,mlb,360704104,NYY,2,CHW,8,CHW,Final
20160704,mlb,360704118,SEA,1,HOU,2,HOU,Final
20160704,mlb,360704124,PIT,4,STL,2,PIT,Final
20160704,mlb,360704116,CIN,4,CHC,10,CHC,Final
20160704,mlb,360704126,COL,1,SF,3,SF,Final
20160704,mlb,360704122,ATL,2,PHI,8,PHI,Final
20160704,mlb,360704121,MIA,6,NYM,8,NYM,Final
20160704,mlb,360704105,DET,3,CLE,5,CLE,Final
20160704,mlb,360704114,KC,2,TOR,6,TOR,Final
20160704,mlb,360704119,BAL,5,LAD,7,LAD,Final
20160704,mlb,360704129,SD,8,ARI,4,SD,Final
20160705,mlb,360705116,CIN,9,CHC,5,CIN,Final
20160705,mlb,360705120,MIL,5,WSH,2,MIL,Final
20160705,mlb,360705122,ATL,1,PHI,5,PHI,Final
20160705,mlb,360705114,KC,3,TOR,8,TOR,Final
20160705,mlb,360705102,TEX,7,BOS,2,TEX,Final
20160705,mlb,360705105,DET,1,CLE,12,CLE,Final
20160705,mlb,360705121,MIA,5,NYM,2,MIA,Final
20160705,mlb,360705130,LAA,13,TB,5,LAA,Final
20160705,mlb,360705124,PIT,5,STL,2,PIT,Final
20160705,mlb,360705104,NYY,9,CHW,0,NYY,Final
20160705,mlb,360705118,SEA,2,HOU,5,HOU,Final
20160705,mlb,360705129,SD,5,ARI,7,ARI,Final
20160705,mlb,360705119,BAL,4,LAD,1,BAL,Final
20160705,mlb,360705126,COL,7,SF,3,COL,Final
20160706,mlb,360706105,DET,12,CLE,2,DET,Final
20160706,mlb,360706122,ATL,3,PHI,4,PHI,Final
20160706,mlb,360706121,MIA,2,NYM,4,NYM,Final
20160706,mlb,360706116,CIN,5,CHC,3,CIN,Final
20160706,mlb,360706119,BAL,6,LAD,4,BAL,Final/14
20160706,mlb,360706120,MIL,4,WSH,7,WSH,Final
20160706,mlb,360706102,TEX,6,BOS,11,BOS,Final
20160706,mlb,360706114,KC,2,TOR,4,TOR,Final
20160706,mlb,360706130,LAA,7,TB,2,LAA,Final
20160706,mlb,360706104,NYY,0,CHW,5,CHW,Final
20160706,mlb,360706118,SEA,8,HOU,9,HOU,Final
20160706,mlb,360706124,PIT,7,STL,5,PIT,Final
20160706,mlb,360706129,SD,13,ARI,6,SD,Final
20160706,mlb,400837225,COL,1,SF,5,SF,Final
20160707,mlb,360707130,LAA,5,TB,1,LAA,Final
20160707,mlb,360707124,PIT,1,STL,5,STL,Final
20160707,mlb,360707114,DET,4,TOR,5,TOR,Final
20160707,mlb,360707105,NYY,5,CLE,4,NYY,Final
20160707,mlb,360707121,WSH,7,NYM,9,NYM,Final
20160707,mlb,360707113,MIN,10,TEX,1,MIN,Final
20160707,mlb,360707116,ATL,4,CHC,3,ATL,Final/11
20160707,mlb,360707107,SEA,3,KC,4,KC,Final
20160707,mlb,360707127,PHI,2,COL,11,COL,Final
20160707,mlb,360707119,SD,6,LAD,0,SD,Final
20160708,mlb,360708101,LAA,9,BAL,5,LAA,Final
20160708,mlb,360708123,CHC,4,PIT,8,PIT,Final
20160708,mlb,360708114,DET,0,TOR,6,TOR,Final
20160708,mlb,360708102,TB,5,BOS,6,BOS,Final
20160708,mlb,360708105,NYY,2,CLE,10,CLE,Final
20160708,mlb,360708121,WSH,3,NYM,1,WSH,Final
20160708,mlb,360708128,CIN,1,MIA,3,MIA,Final
20160708,mlb,360708113,MIN,5,TEX,6,TEX,Final
20160708,mlb,360708104,ATL,11,CHW,8,ATL,Final
20160708,mlb,360708108,STL,3,MIL,4,MIL,Final
20160708,mlb,360708127,PHI,5,COL,3,PHI,Final
20160708,mlb,360708107,SEA,3,KC,2,SEA,Final
20160708,mlb,360708119,SD,6,LAD,10,LAD,Final
20160708,mlb,360708126,ARI,2,SF,6,SF,Final
20160709,mlb,360709114,DET,3,TOR,2,DET,Final
20160709,mlb,360709104,ATL,4,CHW,5,CHW,Final
20160709,mlb,360709108,STL,8,MIL,1,STL,Final
20160709,mlb,360709101,LAA,2,BAL,3,BAL,Final
20160709,mlb,360709102,TB,1,BOS,4,BOS,Final
20160709,mlb,360709126,ARI,2,SF,4,SF,Final
20160709,mlb,360709105,NYY,7,CLE,6,NYY,Final/11
20160709,mlb,360709128,CIN,2,MIA,4,MIA,Final
20160709,mlb,360709107,SEA,3,KC,5,KC,Final
20160709,mlb,360709119,SD,3,LAD,4,LAD,Final
20160709,mlb,360709121,WSH,6,NYM,1,WSH,Final
20160709,mlb,360709123,CHC,6,PIT,12,PIT,Final
20160709,mlb,360709127,PHI,3,COL,8,COL,Final
20160709,mlb,360709113,MIN,8,TEX,6,MIN,Final
20160710,mlb,360710114,DET,1,TOR,6,TOR,Final
20160710,mlb,360710105,NYY,11,CLE,7,NYY,Final
20160710,mlb,360710121,WSH,3,NYM,2,WSH,Final
20160710,mlb,360710128,CIN,3,MIA,7,MIA,Final
20160710,mlb,360710101,LAA,2,BAL,4,BAL,Final
20160710,mlb,360710102,TB,0,BOS,4,BOS,Final
20160710,mlb,360710123,CHC,6,PIT,5,CHC,Final
20160710,mlb,360710104,ATL,2,CHW,0,ATL,Final
20160710,mlb,360710108,STL,5,MIL,1,STL,Final
20160710,mlb,360710107,SEA,8,KC,5,SEA,Final
20160710,mlb,360710113,MIN,15,TEX,5,MIN,Final
20160710,mlb,360710119,SD,1,LAD,3,LAD,Final
20160710,mlb,360710127,PHI,10,COL,3,PHI,Final
20160710,mlb,360710126,ARI,0,SF,4,SF,Final
20160715,mlb,360715116,TEX,0,CHC,6,CHC,Final
20160715,mlb,360715110,BOS,5,NYY,3,BOS,Final
20160715,mlb,360715120,PIT,1,WSH,5,WSH,Final
20160715,mlb,360715122,NYM,5,PHI,3,NYM,Final
20160715,mlb,360715106,KC,2,DET,4,DET,Final
20160715,mlb,360715117,MIL,4,CIN,5,CIN,Final
20160715,mlb,360715130,BAL,4,TB,3,BAL,Final
20160715,mlb,360715115,COL,11,ATL,2,COL,Final
20160715,mlb,360715109,CLE,5,MIN,2,CLE,Final
20160715,mlb,360715124,MIA,7,STL,6,MIA,Final
20160715,mlb,360715129,LAD,13,ARI,7,LAD,Final
20160715,mlb,360715103,CHW,0,LAA,7,LAA,Final
20160715,mlb,360715112,HOU,7,SEA,3,HOU,Final
20160715,mlb,360715125,SF,1,SD,4,SD,Final
20160716,mlb,400837319,TEX,1,CHC,3,CHC,Final
20160716,mlb,360716110,BOS,5,NYY,2,BOS,Final
20160716,mlb,360716112,HOU,0,SEA,1,SEA,Final
20160716,mlb,360716130,BAL,2,TB,1,BAL,Final
20160716,mlb,360716122,NYM,2,PHI,4,PHI,Final
20160716,mlb,360716106,KC,8,DET,4,KC,Final
20160716,mlb,360716115,COL,4,ATL,3,COL,Final
20160716,mlb,360716117,MIL,9,CIN,1,MIL,Final
20160716,mlb,400837309,CLE,4,MIN,5,MIN,Final/11
20160716,mlb,360716124,MIA,0,STL,5,STL,Final
20160716,mlb,360716129,LAD,1,ARI,2,ARI,Final/12
20160716,mlb,360716120,PIT,0,WSH,6,WSH,Final
20160716,mlb,360716125,SF,6,SD,7,SD,Final/10
20160716,mlb,360716103,CHW,0,LAA,1,LAA,Final
20160717,mlb,360717106,KC,2,DET,4,DET,Final
20160717,mlb,360717117,MIL,0,CIN,1,CIN,Final
20160717,mlb,360717130,BAL,2,TB,5,TB,Final
20160717,mlb,360717115,COL,0,ATL,1,ATL,Final
20160717,mlb,360717120,PIT,2,WSH,1,PIT,Final/18
20160717,mlb,360717122,NYM,5,PHI,0,NYM,Final
20160717,mlb,360717109,CLE,6,MIN,1,CLE,Final
20160717,mlb,360717124,MIA,6,STL,3,MIA,Final
20160717,mlb,360717116,TEX,4,CHC,1,TEX,Final
20160717,mlb,360717103,CHW,1,LAA,8,LAA,Final
20160717,mlb,360717112,HOU,8,SEA,1,HOU,Final
20160717,mlb,360717129,LAD,5,ARI,6,ARI,Final
20160717,mlb,360717125,SF,3,SD,5,SD,Final
20160717,mlb,360717110,BOS,1,NYY,3,NYY,Final
20160718,mlb,360718116,NYM,1,CHC,5,CHC,Final
20160718,mlb,360718110,BAL,1,NYY,2,NYY,Final
20160718,mlb,360718122,MIA,3,PHI,2,MIA,Final/11
20160718,mlb,360718106,MIN,0,DET,1,DET,Final
20160718,mlb,360718117,ATL,2,CIN,8,CIN,Final
20160718,mlb,360718107,CLE,3,KC,7,KC,Final
20160718,mlb,360718124,SD,2,STL,10,STL,Final
20160718,mlb,360718127,TB,4,COL,7,COL,Final
20160718,mlb,360718103,TEX,5,LAA,9,LAA,Final
20160718,mlb,360718112,CHW,3,SEA,4,SEA,Final
20160719,mlb,360719116,NYM,2,CHC,1,NYM,Final
20160719,mlb,360719110,BAL,1,NYY,7,NYY,Final
20160719,mlb,360719120,LAD,8,WSH,4,LAD,Final
20160719,mlb,360719122,MIA,2,PHI,1,MIA,Final/10
20160719,mlb,360719123,MIL,2,PIT,3,PIT,Final
20160719,mlb,360719102,SF,0,BOS,4,BOS,Final
20160719,mlb,360719106,MIN,6,DET,2,MIN,Final
20160719,mlb,360719117,ATL,5,CIN,4,ATL,Final/11
20160719,mlb,360719107,CLE,7,KC,3,CLE,Final
20160719,mlb,360719127,TB,10,COL,1,TB,Final
20160719,mlb,360719129,TOR,5,ARI,1,TOR,Final
20160719,mlb,360719103,TEX,6,LAA,8,LAA,Final
20160719,mlb,360719112,CHW,6,SEA,1,CHW,Final
20160720,mlb,360720117,ATL,3,CIN,6,CIN,Final
20160720,mlb,360720106,MIN,4,DET,1,MIN,Final
20160720,mlb,360720116,NYM,2,CHC,6,CHC,Final
20160720,mlb,360720107,CLE,11,KC,4,CLE,Final
20160720,mlb,360720224,SD,2,STL,4,STL,Final
20160720,mlb,360720127,TB,11,COL,3,TB,Final
20160720,mlb,360720112,CHW,5,SEA,6,SEA,Final/11
20160720,mlb,360720129,TOR,10,ARI,4,TOR,Final
20160720,mlb,360720102,SF,7,BOS,11,BOS,Final
20160720,mlb,360720110,BAL,0,NYY,5,NYY,Final
20160720,mlb,360720120,LAD,1,WSH,8,WSH,Final
20160720,mlb,360720122,MIA,1,PHI,4,PHI,Final
20160720,mlb,360720123,MIL,9,PIT,5,MIL,Final
20160720,mlb,360720324,SD,2,STL,3,STL,Final
20160720,mlb,360720103,TEX,4,LAA,7,LAA,Final
20160721,mlb,360721120,LAD,6,WSH,3,LAD,Final
20160721,mlb,360721110,BAL,4,NYY,1,BAL,Final
20160721,mlb,360721122,MIA,9,PHI,3,MIA,Final
20160721,mlb,360721123,MIL,3,PIT,5,PIT,Final
20160721,mlb,360721102,MIN,2,BOS,13,BOS,Final
20160721,mlb,360721124,SD,5,STL,6,STL,Final
20160721,mlb,360721104,DET,2,CHW,1,DET,Final/7
20160721,mlb,360721127,ATL,3,COL,7,COL,Final
20160722,mlb,360722101,CLE,1,BAL,5,BAL,Final
20160722,mlb,360722110,SF,2,NYY,3,NYY,Final
20160722,mlb,360722120,SD,5,WSH,3,SD,Final
20160722,mlb,360722123,PHI,4,PIT,0,PHI,Final
20160722,mlb,360722114,SEA,2,TOR,1,SEA,Final
20160722,mlb,360722102,MIN,2,BOS,1,MIN,Final
20160722,mlb,360722117,ARI,2,CIN,6,CIN,Final
20160722,mlb,360722128,NYM,5,MIA,3,NYM,Final
20160722,mlb,360722104,DET,7,CHW,5,DET,Final
20160722,mlb,360722108,CHC,5,MIL,2,CHC,Final
20160722,mlb,360722118,LAA,1,HOU,2,HOU,Final
20160722,mlb,360722107,TEX,1,KC,3,KC,Final
20160722,mlb,360722124,LAD,3,STL,4,STL,Final/16
20160722,mlb,360722127,ATL,3,COL,4,COL,Final
20160723,mlb,360723114,SEA,14,TOR,5,SEA,Final
20160723,mlb,360723110,SF,2,NYY,1,SF,Final/12
20160723,mlb,360723123,PHI,4,PIT,7,PIT,Final
20160723,mlb,360723101,CLE,2,BAL,5,BAL,Final
20160723,mlb,360723120,SD,2,WSH,3,WSH,Final
20160723,mlb,360723102,MIN,11,BOS,9,MIN,Final
20160723,mlb,360723104,DET,3,CHW,4,CHW,Final
20160723,mlb,360723108,CHC,1,MIL,6,MIL,Final
20160723,mlb,360723117,ARI,1,CIN,6,CIN,Final
20160723,mlb,360723118,LAA,2,HOU,7,HOU,Final
20160723,mlb,360723128,NYM,2,MIA,7,MIA,Final
20160723,mlb,360723107,TEX,7,KC,4,TEX,Final
20160723,mlb,360723124,LAD,7,STL,2,LAD,Final
20160723,mlb,360723127,ATL,4,COL,8,COL,Final
20160724,mlb,360724110,SF,2,NYY,5,NYY,Final
20160724,mlb,360724114,SEA,0,TOR,2,TOR,Final
20160724,mlb,360724117,ARI,9,CIN,8,ARI,Final
20160724,mlb,360724128,NYM,3,MIA,0,NYM,Final
20160724,mlb,360724101,CLE,3,BAL,5,BAL,Final
20160724,mlb,360724102,MIN,7,BOS,8,BOS,Final
20160724,mlb,360724120,SD,10,WSH,6,SD,Final
20160724,mlb,360724123,PHI,4,PIT,5,PIT,Final
20160724,mlb,360724108,CHC,6,MIL,5,CHC,Final
20160724,mlb,360724118,LAA,3,HOU,13,HOU,Final
20160724,mlb,360724107,TEX,2,KC,1,TEX,Final
20160724,mlb,360724104,DET,4,CHW,5,CHW,Final
20160724,mlb,360724127,ATL,2,COL,7,COL,Final
20160724,mlb,360724124,LAD,9,STL,6,LAD,Final
20160725,mlb,360725102,DET,4,BOS,2,DET,Final
20160725,mlb,360725101,COL,2,BAL,3,BAL,Final/10
20160725,mlb,360725114,SD,2,TOR,4,TOR,Final
20160725,mlb,360725128,PHI,4,MIA,0,PHI,Final
20160725,mlb,360725108,ARI,2,MIL,7,MIL,Final
20160725,mlb,360725104,CHC,4,CHW,5,CHW,Final
20160725,mlb,360725118,NYY,2,HOU,1,NYY,Final
20160725,mlb,360725107,LAA,6,KC,2,LAA,Final
20160725,mlb,360725126,CIN,7,SF,5,CIN,Final
20160726,mlb,360726221,STL,3,NYM,2,STL,Final
20160726,mlb,400837445,CHC,0,CHW,3,CHW,Final
20160726,mlb,360726101,COL,6,BAL,3,COL,Final
20160726,mlb,360726123,SEA,7,PIT,4,SEA,Final
20160726,mlb,360726114,SD,6,TOR,7,TOR,Final/12
20160726,mlb,360726102,DET,9,BOS,8,DET,Final
20160726,mlb,360726105,WSH,6,CLE,7,CLE,Final
20160726,mlb,360726128,PHI,0,MIA,5,MIA,Final
20160726,mlb,360726321,STL,1,NYM,3,NYM,Final
20160726,mlb,360726108,ARI,4,MIL,9,MIL,Final
20160726,mlb,360726109,ATL,2,MIN,0,ATL,Final
20160726,mlb,360726118,NYY,6,HOU,3,NYY,Final
20160726,mlb,360726107,LAA,13,KC,0,LAA,Final
20160726,mlb,360726119,TB,2,LAD,3,LAD,Final
20160726,mlb,400837446,CIN,7,SF,9,SF,Final
20160727,mlb,360727105,WSH,4,CLE,1,WSH,Final
20160727,mlb,360727128,PHI,1,MIA,11,MIA,Final
20160727,mlb,360727114,SD,8,TOR,4,SD,Final
20160727,mlb,360727102,DET,4,BOS,3,DET,Final
20160727,mlb,360727119,TB,3,LAD,1,TB,Final
20160727,mlb,360727126,CIN,2,SF,1,CIN,Final
20160727,mlb,360727101,COL,3,BAL,1,COL,Final
20160727,mlb,360727123,SEA,1,PIT,10,PIT,Final
20160727,mlb,360727121,STL,5,NYM,4,STL,Final
20160727,mlb,360727116,CHW,1,CHC,8,CHC,Final
20160727,mlb,360727108,ARI,8,MIL,1,ARI,Final
20160727,mlb,360727109,ATL,9,MIN,7,ATL,Final
20160727,mlb,360727118,NYY,1,HOU,4,HOU,Final
20160727,mlb,360727107,LAA,5,KC,7,KC,Final
20160728,mlb,360728121,COL,2,NYM,1,COL,Final
20160728,mlb,360728108,ARI,4,MIL,6,MIL,Final
20160728,mlb,360728109,BAL,2,MIN,6,MIN,Final
20160728,mlb,360728115,PHI,7,ATL,5,PHI,Final
20160728,mlb,360728128,STL,5,MIA,4,STL,Final
20160728,mlb,360728113,KC,2,TEX,3,TEX,Final
20160728,mlb,360728116,CHW,1,CHC,3,CHC,Final
20160728,mlb,360728103,BOS,1,LAA,2,LAA,Final
20160728,mlb,360728126,WSH,4,SF,2,WSH,Final
20160729,mlb,360729116,SEA,1,CHC,12,CHC,Final
20160729,mlb,360729114,BAL,5,TOR,6,TOR,Final
20160729,mlb,360729106,HOU,6,DET,14,DET,Final
20160729,mlb,360729121,COL,6,NYM,1,COL,Final
20160729,mlb,360729128,STL,11,MIA,6,STL,Final
20160729,mlb,360729130,NYY,1,TB,5,TB,Final
20160729,mlb,360729115,PHI,1,ATL,2,ATL,Final
20160729,mlb,360729113,KC,3,TEX,8,TEX,Final
20160729,mlb,360729108,PIT,1,MIL,3,MIL,Final
20160729,mlb,360729109,CHW,1,MIN,2,MIN,Final/12
20160729,mlb,360729103,BOS,6,LAA,2,BOS,Final
20160729,mlb,360729119,ARI,7,LAD,9,LAD,Final
20160729,mlb,360729126,WSH,4,SF,1,WSH,Final
20160729,mlb,360729125,CIN,6,SD,0,CIN,Final
20160730,mlb,360730114,BAL,1,TOR,9,TOR,Final
20160730,mlb,360730116,SEA,4,CHC,1,SEA,Final
20160730,mlb,360730126,WSH,3,SF,5,SF,Final
20160730,mlb,400837503,NYY,3,TB,6,TB,Final
20160730,mlb,360730106,HOU,2,DET,3,DET,Final
20160730,mlb,360730108,PIT,3,MIL,5,MIL,Final
20160730,mlb,360730109,CHW,6,MIN,5,CHW,Final/10
20160730,mlb,360730115,PHI,9,ATL,5,PHI,Final
20160730,mlb,360730121,COL,7,NYM,2,COL,Final
20160730,mlb,360730128,STL,0,MIA,11,MIA,Final
20160730,mlb,360730113,KC,1,TEX,2,TEX,Final
20160730,mlb,360730125,CIN,1,SD,2,SD,Final/10
20160730,mlb,360730103,BOS,2,LAA,5,LAA,Final
20160730,mlb,360730119,ARI,4,LAD,2,ARI,Final
20160731,mlb,360731114,BAL,6,TOR,2,BAL,Final/12
20160731,mlb,360731106,HOU,0,DET,11,DET,Final
20160731,mlb,360731121,COL,4,NYM,6,NYM,Final
20160731,mlb,360731128,STL,4,MIA,5,MIA,Final
20160731,mlb,360731130,NYY,3,TB,5,TB,Final
20160731,mlb,360731115,PHI,1,ATL,2,ATL,Final
20160731,mlb,360731108,PIT,2,MIL,4,MIL,Final
20160731,mlb,360731109,CHW,4,MIN,6,MIN,Final
20160731,mlb,360731113,KC,3,TEX,5,TEX,Final
20160731,mlb,360731103,BOS,5,LAA,3,BOS,Final
20160731,mlb,360731126,WSH,1,SF,3,SF,Final
20160731,mlb,360731119,ARI,3,LAD,14,LAD,Final
20160731,mlb,360731125,CIN,3,SD,2,CIN,Final
20160731,mlb,360731116,SEA,6,CHC,7,CHC,Final/12
20160801,mlb,360801121,NYY,6,NYM,5,NYY,Final/10
20160801,mlb,360801105,MIN,12,CLE,5,MIN,Final
20160801,mlb,360801130,KC,3,TB,0,KC,Final
20160801,mlb,360801116,MIA,0,CHC,5,CHC,Final
20160801,mlb,360801118,TOR,1,HOU,2,HOU,Final/14
20160801,mlb,360801129,WSH,14,ARI,1,WSH,Final
20160801,mlb,360801112,BOS,2,SEA,1,BOS,Final
20160801,mlb,360801125,MIL,3,SD,7,SD,Final
20160802,mlb,360802101,TEX,1,BAL,5,BAL,Final
20160802,mlb,360802122,SF,8,PHI,13,PHI,Final
20160802,mlb,360802105,MIN,10,CLE,6,MIN,Final
20160802,mlb,360802106,CHW,5,DET,11,DET,Final
20160802,mlb,360802115,PIT,5,ATL,3,PIT,Final
20160802,mlb,360802117,STL,5,CIN,7,CIN,Final
20160802,mlb,360802121,NYY,1,NYM,7,NYM,Final
20160802,mlb,360802130,KC,3,TB,2,KC,Final
20160802,mlb,360802116,MIA,2,CHC,3,CHC,Final
20160802,mlb,360802118,TOR,2,HOU,1,TOR,Final
20160802,mlb,360802127,LAD,3,COL,7,COL,Final
20160802,mlb,360802129,WSH,10,ARI,4,WSH,Final
20160802,mlb,360802112,BOS,4,SEA,5,SEA,Final
20160802,mlb,360802125,MIL,3,SD,2,MIL,Final
20160803,mlb,360803116,MIA,4,CHC,5,CHC,Final
20160803,mlb,360803125,MIL,3,SD,12,SD,Final
20160803,mlb,360803129,WSH,8,ARI,3,WSH,Final
20160803,mlb,360803110,NYM,5,NYY,9,NYY,Final
20160803,mlb,360803101,TEX,2,BAL,3,BAL,Final
20160803,mlb,360803122,SF,4,PHI,5,PHI,Final/12
20160803,mlb,360803105,MIN,13,CLE,5,MIN,Final
20160803,mlb,360803106,CHW,1,DET,2,DET,Final
20160803,mlb,360803115,PIT,4,ATL,8,ATL,Final
20160803,mlb,360803117,STL,5,CIN,4,STL,Final
20160803,mlb,360803130,KC,0,TB,12,TB,Final
20160803,mlb,360803118,TOR,3,HOU,1,TOR,Final
20160803,mlb,360803127,LAD,2,COL,12,COL,Final
20160803,mlb,360803112,BOS,1,SEA,3,SEA,Final
20160804,mlb,360804105,MIN,2,CLE,9,CLE,Final
20160804,mlb,360804130,KC,2,TB,3,TB,Final
20160804,mlb,360804117,STL,0,CIN,7,CIN,Final
20160804,mlb,360804122,SF,3,PHI,2,SF,Final/10
20160804,mlb,360804106,CHW,6,DET,3,CHW,Final
20160804,mlb,360804101,TEX,5,BAL,3,TEX,Final
20160804,mlb,360804110,NYM,4,NYY,1,NYM,Final
20160804,mlb,360804115,PIT,2,ATL,5,ATL,Final
20160804,mlb,360804118,TOR,4,HOU,1,TOR,Final
20160804,mlb,360804127,LAD,4,COL,2,LAD,Final
20160804,mlb,360804112,BOS,3,SEA,2,BOS,Final/11
20160805,mlb,360805110,CLE,7,NYY,13,NYY,Final
20160805,mlb,360805120,SF,1,WSH,5,WSH,Final
20160805,mlb,360805123,CIN,2,PIT,3,PIT,Final
20160805,mlb,360805106,NYM,3,DET,4,DET,Final
20160805,mlb,360805130,MIN,6,TB,2,MIN,Final
20160805,mlb,360805104,BAL,7,CHW,5,BAL,Final
20160805,mlb,360805118,TEX,0,HOU,5,HOU,Final
20160805,mlb,360805107,TOR,4,KC,3,TOR,Final
20160805,mlb,360805124,ATL,0,STL,1,STL,Final
20160805,mlb,360805127,MIA,5,COL,3,MIA,Final
20160805,mlb,360805129,MIL,2,ARI,3,ARI,Final/11
20160805,mlb,360805112,LAA,4,SEA,6,SEA,Final
20160805,mlb,360805119,BOS,9,LAD,0,BOS,Final
20160805,mlb,360805125,PHI,5,SD,4,PHI,Final
20160806,mlb,360806110,CLE,5,NYY,2,CLE,Final
20160806,mlb,360806119,BOS,0,LAD,3,LAD,Final
20160806,mlb,360806130,MIN,3,TB,7,TB,Final
20160806,mlb,360806120,SF,7,WSH,1,SF,Final
20160806,mlb,360806123,CIN,3,PIT,5,PIT,Final
20160806,mlb,360806104,BAL,2,CHW,4,CHW,Final
20160806,mlb,360806118,TEX,3,HOU,2,TEX,Final
20160806,mlb,400837600,NYM,5,DET,6,DET,Final
20160806,mlb,360806107,TOR,2,KC,4,KC,Final
20160806,mlb,360806124,ATL,13,STL,5,ATL,Final
20160806,mlb,360806127,MIA,6,COL,12,COL,Final
20160806,mlb,360806129,MIL,15,ARI,6,MIL,Final
20160806,mlb,360806125,PHI,7,SD,9,SD,Final
20160806,mlb,360806112,LAA,6,SEA,8,SEA,Final
20160807,mlb,360807110,CLE,2,NYY,3,NYY,Final
20160807,mlb,360807106,NYM,3,DET,1,NYM,Final
20160807,mlb,360807130,MIN,6,TB,3,MIN,Final
20160807,mlb,360807120,SF,0,WSH,1,WSH,Final
20160807,mlb,360807123,CIN,7,PIT,3,CIN,Final
20160807,mlb,360807104,BAL,10,CHW,2,BAL,Final
20160807,mlb,360807118,TEX,5,HOU,3,TEX,Final/11
20160807,mlb,360807107,TOR,1,KC,7,KC,Final
20160807,mlb,360807124,ATL,6,STL,3,ATL,Final
20160807,mlb,360807112,LAA,1,SEA,3,SEA,Final
20160807,mlb,360807127,MIA,10,COL,7,MIA,Final
20160807,mlb,360807129,MIL,3,ARI,9,ARI,Final
20160807,mlb,360807125,PHI,6,SD,5,PHI,Final
20160807,mlb,360807119,BOS,5,LAD,8,LAD,Final
20160808,mlb,360808114,TB,5,TOR,7,TOR,Final
20160808,mlb,360808128,SF,8,MIA,7,SF,Final/14
20160808,mlb,360808108,ATL,4,MIL,3,ATL,Final/12
20160808,mlb,360808109,HOU,1,MIN,3,MIN,Final
20160808,mlb,360808124,CIN,4,STL,5,STL,Final
20160808,mlb,360808127,TEX,4,COL,3,TEX,Final
20160808,mlb,360808112,DET,0,SEA,3,SEA,Final
20160808,mlb,360808119,PHI,4,LAD,9,LAD,Final
20160809,mlb,360809127,TEX,7,COL,5,TEX,Final
20160809,mlb,360809120,CLE,3,WSH,1,CLE,Final
20160809,mlb,400837640,SD,4,PIT,6,PIT,Final
20160809,mlb,360809114,TB,9,TOR,2,TB,Final
20160809,mlb,360809102,NYY,3,BOS,5,BOS,Final
20160809,mlb,360809121,ARI,5,NYM,3,ARI,Final
20160809,mlb,360809128,SF,0,MIA,2,MIA,Final
20160809,mlb,360809116,LAA,1,CHC,5,CHC,Final
20160809,mlb,360809108,ATL,2,MIL,1,ATL,Final
20160809,mlb,360809109,HOU,7,MIN,5,HOU,Final
20160809,mlb,360809107,CHW,7,KC,5,CHW,Final/10
20160809,mlb,360809124,CIN,7,STL,4,CIN,Final
20160809,mlb,360809112,DET,5,SEA,6,SEA,Final/15
20160809,mlb,360809119,PHI,3,LAD,9,LAD,Final
20160810,mlb,360810128,SF,1,MIA,0,SF,Final
20160810,mlb,360810119,PHI,6,LAD,2,PHI,Final
20160810,mlb,360810120,CLE,4,WSH,7,WSH,Final
20160810,mlb,360810102,NYY,9,BOS,4,NYY,Final
20160810,mlb,360810123,SD,4,PIT,0,SD,Final
20160810,mlb,360810114,TB,0,TOR,7,TOR,Final
20160810,mlb,360810121,ARI,3,NYM,2,ARI,Final/12
20160810,mlb,360810124,CIN,2,STL,3,STL,Final
20160810,mlb,360810113,COL,4,TEX,5,TEX,Final
20160810,mlb,360810116,LAA,1,CHC,3,CHC,Final
20160810,mlb,360810108,ATL,3,MIL,4,MIL,Final
20160810,mlb,360810107,CHW,2,KC,3,KC,Final/14
20160810,mlb,360810112,DET,1,SEA,3,SEA,Final
20160811,mlb,360811121,ARI,9,NYM,0,ARI,Final
20160811,mlb,360811123,SD,0,PIT,4,PIT,Final
20160811,mlb,360811209,HOU,15,MIN,7,HOU,Final
20160811,mlb,360811113,COL,12,TEX,9,COL,Final
20160811,mlb,360811108,ATL,3,MIL,11,MIL,Final
20160811,mlb,360811102,NYY,4,BOS,2,NYY,Final
20160811,mlb,360811105,LAA,4,CLE,14,CLE,Final
20160811,mlb,360811309,HOU,10,MIN,2,HOU,Final
20160811,mlb,360811116,STL,3,CHC,4,CHC,Final/11
20160811,mlb,360811107,CHW,1,KC,2,KC,Final
20160812,mlb,360812116,STL,2,CHC,13,CHC,Final
20160812,mlb,360812110,TB,3,NYY,6,NYY,Final
20160812,mlb,360812120,ATL,8,WSH,5,ATL,Final
20160812,mlb,360812122,COL,6,PHI,10,PHI,Final
20160812,mlb,360812114,HOU,5,TOR,3,HOU,Final
20160812,mlb,360812102,ARI,4,BOS,9,BOS,Final
20160812,mlb,360812105,LAA,3,CLE,13,CLE,Final
20160812,mlb,360812121,SD,8,NYM,6,SD,Final
20160812,mlb,360812128,CHW,4,MIA,2,CHW,Final
20160812,mlb,360812113,DET,5,TEX,8,TEX,Final
20160812,mlb,360812108,CIN,7,MIL,4,CIN,Final
20160812,mlb,360812109,KC,7,MIN,3,KC,Final
20160812,mlb,360812119,PIT,5,LAD,1,PIT,Final
20160812,mlb,400837672,BAL,5,SF,2,BAL,Final
20160813,mlb,360813110,TB,4,NYY,8,NYY,Final
20160813,mlb,360813114,HOU,2,TOR,4,TOR,Final
20160813,mlb,360813116,STL,8,CHC,4,STL,Final
20160813,mlb,360813119,PIT,4,LAD,8,LAD,Final
20160813,mlb,360813120,ATL,6,WSH,7,WSH,Final
20160813,mlb,360813122,COL,3,PHI,6,PHI,Final
20160813,mlb,360813102,ARI,3,BOS,6,BOS,Final
20160813,mlb,360813108,CIN,11,MIL,5,CIN,Final
20160813,mlb,360813109,KC,3,MIN,5,MIN,Final
20160813,mlb,360813121,SD,2,NYM,3,NYM,Final/11
20160813,mlb,360813128,CHW,8,MIA,7,CHW,Final
20160813,mlb,360813113,DET,2,TEX,0,DET,Final
20160813,mlb,360813126,BAL,2,SF,6,SF,Final
20160813,mlb,360813105,LAA,1,CLE,5,CLE,Final
20160814,mlb,360814110,TB,12,NYY,3,TB,Final
20160814,mlb,360814114,HOU,2,TOR,9,TOR,Final
20160814,mlb,360814105,LAA,4,CLE,5,CLE,Final
20160814,mlb,360814121,SD,1,NYM,5,NYM,Final
20160814,mlb,360814128,CHW,4,MIA,5,MIA,Final
20160814,mlb,360814102,ARI,2,BOS,16,BOS,Final
20160814,mlb,360814120,ATL,1,WSH,9,WSH,Final
20160814,mlb,360814122,COL,6,PHI,7,PHI,Final
20160814,mlb,360814108,CIN,3,MIL,7,MIL,Final
20160814,mlb,360814109,KC,11,MIN,4,KC,Final
20160814,mlb,360814113,DET,7,TEX,0,DET,Final
20160814,mlb,360814126,BAL,8,SF,7,BAL,Final
20160814,mlb,360814119,PIT,11,LAD,3,PIT,Final
20160814,mlb,360814116,STL,6,CHC,4,STL,Final
20160815,mlb,360815105,BOS,3,CLE,2,BOS,Final
20160815,mlb,360815106,KC,3,DET,1,KC,Final
20160815,mlb,360815110,TOR,0,NYY,1,NYY,Final
20160815,mlb,360815117,MIA,6,CIN,3,MIA,Final
20160815,mlb,360815130,SD,2,TB,8,TB,Final
20160815,mlb,400837722,WSH,5,COL,4,WSH,Final
20160815,mlb,360815129,NYM,6,ARI,10,ARI,Final
20160815,mlb,360815103,SEA,3,LAA,2,SEA,Final
20160815,mlb,360815126,PIT,8,SF,5,PIT,Final
20160816,mlb,360816216,MIL,0,CHC,4,CHC,Final
20160816,mlb,360816101,BOS,5,BAL,3,BOS,Final
20160816,mlb,360816110,TOR,12,NYY,6,TOR,Final
20160816,mlb,360816122,LAD,15,PHI,5,LAD,Final
20160816,mlb,360816105,CHW,1,CLE,3,CLE,Final
20160816,mlb,360816115,MIN,4,ATL,2,MIN,Final
20160816,mlb,360816117,MIA,3,CIN,6,CIN,Final
20160816,mlb,360816130,SD,1,TB,15,TB,Final
20160816,mlb,400837725,KC,6,DET,1,KC,Final
20160816,mlb,360816316,MIL,1,CHC,4,CHC,Final
20160816,mlb,360816118,STL,8,HOU,5,STL,Final
20160816,mlb,360816127,WSH,2,COL,6,COL,Final
20160816,mlb,360816129,NYM,7,ARI,5,NYM,Final
20160816,mlb,360816103,SEA,6,LAA,7,LAA,Final
20160816,mlb,360816126,PIT,4,SF,3,PIT,Final
20160817,mlb,360817110,TOR,7,NYY,4,TOR,Final
20160817,mlb,360817130,SD,0,TB,2,TB,Final
20160817,mlb,360817118,STL,8,HOU,2,STL,Final
20160817,mlb,360817127,WSH,10,COL,12,COL,Final
20160817,mlb,360817126,PIT,6,SF,5,PIT,Final
20160817,mlb,360817101,BOS,8,BAL,1,BOS,Final/6
20160817,mlb,360817122,LAD,7,PHI,2,LAD,Final
20160817,mlb,360817105,CHW,10,CLE,7,CHW,Final
20160817,mlb,360817106,KC,4,DET,1,KC,Final
20160817,mlb,360817115,MIN,10,ATL,3,MIN,Final
20160817,mlb,360817117,MIA,2,CIN,3,CIN,Final
20160817,mlb,360817116,MIL,1,CHC,6,CHC,Final
20160817,mlb,360817129,NYM,5,ARI,13,ARI,Final
20160817,mlb,360817103,SEA,4,LAA,3,SEA,Final
20160818,mlb,360818106,BOS,3,DET,4,DET,Final
20160818,mlb,360818116,MIL,6,CHC,9,CHC,Final
20160818,mlb,360818101,HOU,5,BAL,13,BAL,Final
20160818,mlb,360818122,LAD,4,PHI,5,PHI,Final
20160818,mlb,360818105,CHW,4,CLE,5,CLE,Final
20160818,mlb,360818115,WSH,8,ATL,2,WSH,Final
20160818,mlb,360818117,MIA,4,CIN,5,CIN,Final
20160818,mlb,360818107,MIN,1,KC,8,KC,Final
20160818,mlb,360818103,SEA,4,LAA,6,LAA,Final
20160818,mlb,360818125,ARI,8,SD,9,SD,Final
20160818,mlb,360818126,NYM,7,SF,10,SF,Final
20160819,mlb,360819106,BOS,10,DET,2,BOS,Final
20160819,mlb,360819101,HOU,15,BAL,8,HOU,Final
20160819,mlb,360819122,STL,4,PHI,3,STL,Final/11
20160819,mlb,360819123,MIA,6,PIT,5,MIA,Final
20160819,mlb,360819105,TOR,2,CLE,3,CLE,Final
20160819,mlb,360819117,LAD,2,CIN,9,CIN,Final
20160819,mlb,360819130,TEX,6,TB,2,TEX,Final
20160819,mlb,360819115,WSH,7,ATL,6,WSH,Final
20160819,mlb,360819107,MIN,4,KC,5,KC,Final/11
20160819,mlb,360819103,NYY,7,LAA,0,NYY,Final
20160819,mlb,400837770,MIL,6,SEA,7,SEA,Final
20160819,mlb,360819126,NYM,1,SF,8,SF,Final
20160819,mlb,360819125,ARI,4,SD,7,SD,Final/10
20160819,mlb,360819127,CHC,6,COL,7,COL,Final/11
20160820,mlb,360820126,NYM,9,SF,5,NYM,Final
20160820,mlb,360820130,TEX,2,TB,8,TB,Final
20160820,mlb,360820101,HOU,12,BAL,2,HOU,Final
20160820,mlb,360820122,STL,2,PHI,4,PHI,Final
20160820,mlb,360820123,MIA,3,PIT,1,MIA,Final
20160820,mlb,360820105,TOR,6,CLE,5,TOR,Final
20160820,mlb,360820115,WSH,11,ATL,9,WSH,Final
20160820,mlb,360820117,LAD,1,CIN,11,CIN,Final
20160820,mlb,360820107,MIN,0,KC,10,KC,Final
20160820,mlb,360820127,CHC,9,COL,2,CHC,Final
20160820,mlb,360820106,BOS,3,DET,2,BOS,Final
20160820,mlb,360820125,ARI,2,SD,1,ARI,Final
20160820,mlb,360820112,MIL,2,SEA,8,SEA,Final
20160820,mlb,360820103,NYY,5,LAA,1,NYY,Final
20160821,mlb,360821105,TOR,2,CLE,3,CLE,Final
20160821,mlb,360821106,BOS,5,DET,10,DET,Final
20160821,mlb,360821117,LAD,4,CIN,0,LAD,Final
20160821,mlb,360821130,TEX,4,TB,8,TB,Final
20160821,mlb,360821115,WSH,6,ATL,7,ATL,Final/10
20160821,mlb,360821122,STL,9,PHI,0,STL,Final
20160821,mlb,360821123,MIA,3,PIT,2,MIA,Final
20160821,mlb,360821107,MIN,1,KC,2,KC,Final
20160821,mlb,360821103,NYY,0,LAA,2,LAA,Final
20160821,mlb,360821112,MIL,7,SEA,6,MIL,Final
20160821,mlb,360821127,CHC,4,COL,11,COL,Final
20160821,mlb,360821125,ARI,1,SD,9,SD,Final
20160821,mlb,360821101,HOU,5,BAL,3,HOU,Final
20160821,mlb,360821126,NYM,2,SF,0,NYM,Final
20160822,mlb,360822117,LAD,18,CIN,9,LAD,Final
20160822,mlb,360822101,WSH,3,BAL,4,BAL,Final
20160822,mlb,360822123,HOU,3,PIT,1,HOU,Final
20160822,mlb,360822130,BOS,6,TB,2,BOS,Final
20160822,mlb,360822108,COL,2,MIL,4,MIL,Final
20160822,mlb,360822129,ATL,8,ARI,9,ARI,Final
20160822,mlb,360822112,NYY,5,SEA,7,SEA,Final
20160822,mlb,360822125,CHC,5,SD,1,CHC,Final
20160823,mlb,360823101,WSH,1,BAL,8,BAL,Final
20160823,mlb,360823123,HOU,1,PIT,7,PIT,Final
20160823,mlb,360823114,LAA,2,TOR,7,TOR,Final
20160823,mlb,360823117,TEX,0,CIN,3,CIN,Final
20160823,mlb,360823128,KC,1,MIA,0,KC,Final
20160823,mlb,360823130,BOS,2,TB,1,BOS,Final
20160823,mlb,360823104,PHI,1,CHW,9,CHW,Final
20160823,mlb,360823108,COL,4,MIL,6,MIL,Final
20160823,mlb,360823109,DET,8,MIN,3,DET,Final
20160823,mlb,360823124,NYM,7,STL,4,NYM,Final
20160823,mlb,360823129,ATL,7,ARI,4,ATL,Final
20160823,mlb,360823112,NYY,5,SEA,1,NYY,Final
20160823,mlb,360823119,SF,5,LAD,9,LAD,Final
20160823,mlb,360823125,CHC,5,SD,3,CHC,Final
20160824,mlb,360824123,HOU,5,PIT,4,HOU,Final
20160824,mlb,360824108,COL,1,MIL,7,MIL,Final
20160824,mlb,360824112,NYY,5,SEA,0,NYY,Final
20160824,mlb,360824125,CHC,6,SD,3,CHC,Final
20160824,mlb,360824120,BAL,10,WSH,8,BAL,Final
20160824,mlb,360824114,LAA,8,TOR,2,LAA,Final
20160824,mlb,360824117,TEX,6,CIN,5,TEX,Final
20160824,mlb,360824128,KC,0,MIA,3,MIA,Final
20160824,mlb,360824130,BOS,3,TB,4,TB,Final/11
20160824,mlb,360824104,PHI,5,CHW,3,PHI,Final
20160824,mlb,360824109,DET,9,MIN,4,DET,Final
20160824,mlb,360824124,NYM,1,STL,8,STL,Final
20160824,mlb,360824129,ATL,9,ARI,10,ARI,Final/11
20160824,mlb,360824119,SF,0,LAD,1,LAD,Final
20160825,mlb,360825109,DET,8,MIN,5,DET,Final
20160825,mlb,360825130,BOS,1,TB,2,TB,Final
20160825,mlb,360825120,BAL,0,WSH,4,WSH,Final
20160825,mlb,360825114,LAA,6,TOR,3,LAA,Final
20160825,mlb,360825128,KC,5,MIA,2,KC,Final
20160825,mlb,360825124,NYM,10,STL,6,NYM,Final
20160825,mlb,360825113,CLE,0,TEX,9,TEX,Final
20160825,mlb,360825104,SEA,6,CHW,7,CHW,Final
20160825,mlb,360825108,PIT,3,MIL,2,PIT,Final/10
20160825,mlb,360825129,ATL,3,ARI,1,ATL,Final
20160825,mlb,360825119,SF,4,LAD,0,SF,Final
20160826,mlb,360826110,BAL,4,NYY,14,NYY,Final
20160826,mlb,360826120,COL,5,WSH,8,WSH,Final
20160826,mlb,360826114,MIN,8,TOR,15,TOR,Final
20160826,mlb,360826102,KC,6,BOS,3,KC,Final
20160826,mlb,360826106,LAA,2,DET,4,DET,Final
20160826,mlb,360826121,PHI,4,NYM,9,NYM,Final
20160826,mlb,360826128,SD,6,MIA,7,MIA,Final
20160826,mlb,360826113,CLE,12,TEX,1,CLE,Final
20160826,mlb,360826104,SEA,3,CHW,1,SEA,Final
20160826,mlb,360826108,PIT,5,MIL,3,PIT,Final
20160826,mlb,400837873,TB,4,HOU,5,HOU,Final
20160826,mlb,360826129,CIN,3,ARI,4,ARI,Final/11
20160826,mlb,360826119,CHC,6,LAD,4,CHC,Final/10
20160826,mlb,360826126,ATL,0,SF,7,SF,Final
20160827,mlb,360827110,BAL,5,NYY,13,NYY,Final
20160827,mlb,360827120,COL,9,WSH,4,COL,Final/11
20160827,mlb,360827114,MIN,7,TOR,8,TOR,Final
20160827,mlb,360827119,CHC,2,LAD,3,LAD,Final
20160827,mlb,360827102,KC,3,BOS,8,BOS,Final
20160827,mlb,360827104,SEA,3,CHW,9,CHW,Final
20160827,mlb,360827106,LAA,3,DET,2,LAA,Final
20160827,mlb,360827108,PIT,9,MIL,6,PIT,Final
20160827,mlb,360827118,TB,2,HOU,6,HOU,Final
20160827,mlb,360827121,PHI,1,NYM,12,NYM,Final
20160827,mlb,360827128,SD,1,MIA,0,SD,Final
20160827,mlb,360827113,CLE,0,TEX,7,TEX,Final
20160827,mlb,360827129,CIN,13,ARI,0,CIN,Final
20160827,mlb,360827126,ATL,3,SF,1,ATL,Final
20160828,mlb,360828110,BAL,5,NYY,0,BAL,Final
20160828,mlb,360828114,MIN,6,TOR,9,TOR,Final
20160828,mlb,360828106,LAA,5,DET,0,LAA,Final
20160828,mlb,360828121,PHI,5,NYM,1,PHI,Final
20160828,mlb,360828128,SD,3,MIA,1,SD,Final
20160828,mlb,360828120,COL,5,WSH,3,COL,Final
20160828,mlb,360828104,SEA,1,CHW,4,CHW,Final
20160828,mlb,360828108,PIT,3,MIL,1,PIT,Final
20160828,mlb,400837903,TB,10,HOU,4,TB,Final
20160828,mlb,360828113,CLE,1,TEX,2,TEX,Final
20160828,mlb,360828126,ATL,4,SF,13,SF,Final
20160828,mlb,360828119,CHC,0,LAD,1,LAD,Final
20160828,mlb,360828129,CIN,2,ARI,11,ARI,Final
20160828,mlb,360828102,KC,10,BOS,4,KC,Final
20160829,mlb,360829101,TOR,5,BAL,1,TOR,Final
20160829,mlb,360829122,WSH,4,PHI,0,WSH,Final
20160829,mlb,360829102,TB,4,BOS,9,BOS,Final
20160829,mlb,360829105,MIN,0,CLE,1,CLE,Final/10
20160829,mlb,360829106,CHW,3,DET,4,DET,Final
20160829,mlb,360829121,MIA,1,NYM,2,NYM,Final/10
20160829,mlb,360829108,STL,6,MIL,5,STL,Final
20160829,mlb,360829113,SEA,3,TEX,6,TEX,Final
20160829,mlb,360829116,PIT,7,CHC,8,CHC,Final/13
20160829,mlb,400837909,NYY,5,KC,8,KC,Final
20160829,mlb,360829127,LAD,1,COL,8,COL,Final
20160829,mlb,360829103,CIN,2,LAA,9,LAA,Final
20160830,mlb,360830101,TOR,3,BAL,5,BAL,Final
20160830,mlb,360830122,WSH,3,PHI,2,WSH,Final
20160830,mlb,360830102,TB,4,BOS,3,TB,Final
20160830,mlb,360830105,MIN,4,CLE,5,CLE,Final
20160830,mlb,360830106,CHW,4,DET,8,DET,Final
20160830,mlb,360830115,SD,3,ATL,7,ATL,Final
20160830,mlb,360830121,MIA,4,NYM,7,NYM,Final
20160830,mlb,360830113,SEA,7,TEX,8,TEX,Final
20160830,mlb,360830116,PIT,0,CHC,3,CHC,Final
20160830,mlb,360830108,STL,2,MIL,1,STL,Final/10
20160830,mlb,360830107,NYY,5,KC,4,NYY,Final/10
20160830,mlb,360830103,CIN,2,LAA,4,LAA,Final
20160830,mlb,360830126,ARI,4,SF,3,ARI,Final
20160831,mlb,360831106,CHW,2,DET,3,DET,Final
20160831,mlb,360831102,TB,6,BOS,8,BOS,Final
20160831,mlb,360831113,SEA,1,TEX,14,TEX,Final
20160831,mlb,360831227,LAD,0,COL,7,COL,Final
20160831,mlb,360831126,ARI,2,SF,4,SF,Final
20160831,mlb,360831101,TOR,5,BAL,3,TOR,Final
20160831,mlb,360831103,CIN,0,LAA,3,LAA,Final
20160831,mlb,360831122,WSH,2,PHI,1,WSH,Final
20160831,mlb,360831105,MIN,4,CLE,8,CLE,Final
20160831,mlb,360831121,MIA,2,NYM,5,NYM,Final
20160831,mlb,400837941,SD,1,ATL,8,ATL,Final
20160831,mlb,360831116,PIT,5,CHC,6,CHC,Final
20160831,mlb,360831108,STL,1,MIL,3,MIL,Final
20160831,mlb,360831327,LAD,10,COL,8,LAD,Final
20160831,mlb,360831107,NYY,5,KC,4,NYY,Final/13
20160901,mlb,360901115,SD,6,ATL,9,ATL,Final
20160901,mlb,360901121,MIA,6,NYM,4,MIA,Final
20160901,mlb,360901116,SF,4,CHC,5,CHC,Final
20160901,mlb,360901109,CHW,5,MIN,8,MIN,Final
20160902,mlb,360902116,SF,1,CHC,2,CHC,Final
20160902,mlb,360902101,NYY,0,BAL,8,BAL,Final
20160902,mlb,360902122,ATL,8,PHI,4,ATL,Final
20160902,mlb,360902123,MIL,1,PIT,0,MIL,Final
20160902,mlb,360902105,MIA,2,CLE,6,CLE,Final
20160902,mlb,360902117,STL,2,CIN,3,CIN,Final
20160902,mlb,360902121,WSH,4,NYM,1,WSH,Final
20160902,mlb,360902130,TOR,3,TB,8,TB,Final
20160902,mlb,360902113,HOU,8,TEX,10,TEX,Final
20160902,mlb,360902109,CHW,11,MIN,4,CHW,Final
20160902,mlb,360902107,DET,7,KC,6,DET,Final
20160902,mlb,360902127,ARI,7,COL,14,COL,Final
20160902,mlb,360902112,LAA,8,SEA,11,SEA,Final
20160902,mlb,360902119,SD,4,LAD,2,SD,Final
20160903,mlb,360903116,SF,3,CHC,2,SF,Final
20160903,mlb,360903113,HOU,4,TEX,12,TEX,Final
20160903,mlb,360903117,STL,1,CIN,9,CIN,Final
20160903,mlb,360903130,TOR,5,TB,7,TB,Final
20160903,mlb,360903101,NYY,0,BAL,2,BAL,Final
20160903,mlb,360903122,ATL,6,PHI,4,ATL,Final/10
20160903,mlb,360903123,MIL,7,PIT,4,MIL,Final
20160903,mlb,360903105,MIA,3,CLE,8,CLE,Final
20160903,mlb,360903109,CHW,3,MIN,11,MIN,Final
20160903,mlb,360903121,WSH,1,NYM,3,NYM,Final
20160903,mlb,360903107,DET,2,KC,5,KC,Final
20160903,mlb,360903127,ARI,9,COL,4,ARI,Final
20160903,mlb,360903119,SD,1,LAD,5,LAD,Final
20160903,mlb,400837966,LAA,10,SEA,3,LAA,Final
20160904,mlb,360904117,STL,5,CIN,2,STL,Final
20160904,mlb,360904130,TOR,5,TB,3,TOR,Final
20160904,mlb,360904101,NYY,5,BAL,2,NYY,Final
20160904,mlb,360904122,ATL,2,PHI,0,ATL,Final
20160904,mlb,360904123,MIL,10,PIT,0,MIL,Final
20160904,mlb,360904109,CHW,13,MIN,11,CHW,Final/12
20160904,mlb,360904107,DET,6,KC,5,DET,Final
20160904,mlb,360904116,SF,2,CHC,3,CHC,Final/13
20160904,mlb,360904113,HOU,7,TEX,6,HOU,Final
20160904,mlb,360904105,MIA,5,CLE,6,CLE,Final
20160904,mlb,360904112,LAA,4,SEA,2,LAA,Final
20160904,mlb,360904119,SD,4,LAD,7,LAD,Final
20160904,mlb,360904127,ARI,8,COL,5,ARI,Final
20160904,mlb,360904121,WSH,1,NYM,5,NYM,Final
20160905,mlb,360905108,CHC,7,MIL,2,CHC,Final
20160905,mlb,360905110,TOR,3,NYY,5,NYY,Final
20160905,mlb,360905117,NYM,5,CIN,0,NYM,Final
20160905,mlb,360905128,PHI,6,MIA,2,PHI,Final
20160905,mlb,360905130,BAL,7,TB,3,BAL,Final
20160905,mlb,360905109,KC,11,MIN,5,KC,Final
20160905,mlb,360905123,STL,12,PIT,6,STL,Final
20160905,mlb,360905120,ATL,4,WSH,6,WSH,Final
20160905,mlb,360905104,DET,5,CHW,3,DET,Final/11
20160905,mlb,360905112,TEX,6,SEA,14,SEA,Final
20160905,mlb,360905127,SF,0,COL,6,COL,Final
20160905,mlb,360905125,BOS,1,SD,2,SD,Final
20160905,mlb,360905105,HOU,6,CLE,2,HOU,Final
20160905,mlb,360905119,ARI,2,LAD,10,LAD,Final
20160906,mlb,360906110,TOR,6,NYY,7,NYY,Final
20160906,mlb,360906120,ATL,7,WSH,9,WSH,Final
20160906,mlb,360906123,STL,9,PIT,7,STL,Final
20160906,mlb,360906105,HOU,4,CLE,3,HOU,Final
20160906,mlb,360906117,NYM,5,CIN,3,NYM,Final
20160906,mlb,360906128,PHI,4,MIA,3,PHI,Final
20160906,mlb,360906130,BAL,11,TB,2,BAL,Final
20160906,mlb,360906104,DET,0,CHW,2,CHW,Final
20160906,mlb,360906108,CHC,5,MIL,12,MIL,Final
20160906,mlb,360906109,KC,10,MIN,3,KC,Final
20160906,mlb,360906127,SF,3,COL,2,SF,Final
20160906,mlb,360906112,TEX,10,SEA,7,TEX,Final
20160906,mlb,360906119,ARI,2,LAD,5,LAD,Final
20160906,mlb,360906125,BOS,5,SD,1,BOS,Final
20160907,mlb,360907117,NYM,6,CIN,3,NYM,Final
20160907,mlb,360907130,BAL,6,TB,7,TB,Final
20160907,mlb,360907104,DET,4,CHW,7,CHW,Final
20160907,mlb,360907123,STL,3,PIT,4,PIT,Final
20160907,mlb,360907110,TOR,0,NYY,2,NYY,Final
20160907,mlb,360907120,ATL,4,WSH,5,WSH,Final/11
20160907,mlb,360907105,HOU,5,CLE,6,CLE,Final
20160907,mlb,360907128,PHI,0,MIA,6,MIA,Final
20160907,mlb,360907108,CHC,1,MIL,2,MIL,Final
20160907,mlb,360907109,KC,5,MIN,6,MIN,Final
20160907,mlb,360907127,SF,5,COL,6,COL,Final
20160907,mlb,360907125,BOS,7,SD,2,BOS,Final
20160907,mlb,360907112,TEX,3,SEA,8,SEA,Final
20160907,mlb,360907119,ARI,1,LAD,3,LAD,Final
20160908,mlb,360908105,HOU,7,CLE,10,CLE,Final
20160908,mlb,360908110,TB,4,NYY,5,NYY,Final
20160908,mlb,360908120,PHI,4,WSH,1,PHI,Final
20160908,mlb,360908123,CIN,1,PIT,4,PIT,Final
20160908,mlb,360908124,MIL,12,STL,5,MIL,Final
20160908,mlb,360908112,TEX,3,SEA,6,SEA,Final
20160908,mlb,360908125,COL,1,SD,14,SD,Final
20160909,mlb,360909110,TB,5,NYY,7,NYY,Final
20160909,mlb,360909120,PHI,4,WSH,5,WSH,Final
20160909,mlb,360909123,CIN,4,PIT,3,CIN,Final
20160909,mlb,360909114,BOS,13,TOR,3,BOS,Final
20160909,mlb,360909106,BAL,3,DET,4,DET,Final
20160909,mlb,360909128,LAD,1,MIA,4,MIA,Final
20160909,mlb,360909115,NYM,6,ATL,4,NYM,Final
20160909,mlb,360909104,KC,2,CHW,7,CHW,Final
20160909,mlb,360909109,CLE,5,MIN,4,CLE,Final
20160909,mlb,360909118,CHC,2,HOU,0,CHC,Final
20160909,mlb,360909124,MIL,3,STL,4,STL,Final
20160909,mlb,400838060,SF,7,ARI,6,SF,Final/12
20160909,mlb,360909103,TEX,2,LAA,1,TEX,Final
20160909,mlb,360909125,COL,4,SD,1,COL,Final
20160910,mlb,360910114,BOS,2,TOR,3,TOR,Final
20160910,mlb,360910118,CHC,1,HOU,2,HOU,Final
20160910,mlb,360910110,TB,1,NYY,5,NYY,Final
20160910,mlb,360910120,PHI,0,WSH,3,WSH,Final
20160910,mlb,360910123,CIN,8,PIT,7,CIN,Final
20160910,mlb,360910104,KC,6,CHW,5,KC,Final
20160910,mlb,360910106,BAL,11,DET,3,BAL,Final
20160910,mlb,360910109,CLE,1,MIN,2,MIN,Final/12
20160910,mlb,360910115,NYM,3,ATL,4,ATL,Final/10
20160910,mlb,360910128,LAD,5,MIA,0,LAD,Final
20160910,mlb,360910124,MIL,1,STL,5,STL,Final
20160910,mlb,360910129,SF,11,ARI,3,SF,Final
20160910,mlb,360910125,COL,3,SD,6,SD,Final
20160910,mlb,360910103,TEX,8,LAA,5,TEX,Final
20160911,mlb,360911110,TB,4,NYY,2,TB,Final
20160911,mlb,360911114,BOS,11,TOR,8,BOS,Final
20160911,mlb,360911106,BAL,3,DET,1,BAL,Final
20160911,mlb,360911128,LAD,0,MIA,3,MIA,Final
20160911,mlb,360911115,NYM,10,ATL,3,NYM,Final
20160911,mlb,360911120,PHI,2,WSH,3,WSH,Final
20160911,mlb,360911123,CIN,8,PIT,0,CIN,Final
20160911,mlb,360911104,KC,2,CHW,0,KC,Final
20160911,mlb,360911109,CLE,7,MIN,1,CLE,Final
20160911,mlb,360911124,MIL,2,STL,1,MIL,Final
20160911,mlb,360911103,TEX,2,LAA,3,LAA,Final
20160911,mlb,360911129,SF,5,ARI,3,SF,Final
20160911,mlb,360911125,COL,3,SD,2,COL,Final/10
20160911,mlb,360911118,CHC,9,HOU,5,CHC,Final
20160912,mlb,360912110,LAD,8,NYY,2,LAD,Final
20160912,mlb,360912120,NYM,1,WSH,8,WSH,Final
20160912,mlb,360912122,PIT,2,PHI,6,PHI,Final
20160912,mlb,360912114,TB,2,TOR,3,TOR,Final
20160912,mlb,360912102,BAL,2,BOS,12,BOS,Final
20160912,mlb,360912106,MIN,2,DET,4,DET,Final
20160912,mlb,360912115,MIA,7,ATL,12,ATL,Final
20160912,mlb,360912117,MIL,0,CIN,3,CIN,Final
20160912,mlb,360912104,CLE,4,CHW,11,CHW,Final
20160912,mlb,400838107,TEX,4,HOU,3,TEX,Final/12
20160912,mlb,360912124,CHC,4,STL,1,CHC,Final
20160912,mlb,360912129,COL,9,ARI,12,ARI,Final
20160912,mlb,360912103,SEA,8,LAA,1,SEA,Final
20160912,mlb,360912126,SD,4,SF,0,SD,Final
20160913,mlb,360913110,LAD,0,NYY,3,NYY,Final
20160913,mlb,360913120,NYM,4,WSH,3,NYM,Final/10
20160913,mlb,360913122,PIT,5,PHI,3,PIT,Final
20160913,mlb,360913114,TB,6,TOR,2,TB,Final
20160913,mlb,360913102,BAL,6,BOS,3,BAL,Final
20160913,mlb,360913106,MIN,8,DET,1,MIN,Final
20160913,mlb,360913115,MIA,7,ATL,5,MIA,Final
20160913,mlb,360913117,MIL,4,CIN,6,CIN,Final
20160913,mlb,360913104,CLE,1,CHW,8,CHW,Final
20160913,mlb,360913118,TEX,3,HOU,2,TEX,Final
20160913,mlb,360913124,CHC,2,STL,4,STL,Final
20160913,mlb,360913129,COL,4,ARI,11,ARI,Final
20160913,mlb,360913103,SEA,8,LAA,0,SEA,Final
20160913,mlb,360913126,SD,6,SF,4,SD,Final
20160914,mlb,360914114,TB,8,TOR,1,TB,Final
20160914,mlb,360914124,CHC,7,STL,0,CHC,Final
20160914,mlb,360914126,SD,3,SF,1,SD,Final
20160914,mlb,360914110,LAD,2,NYY,0,LAD,Final
20160914,mlb,360914120,NYM,0,WSH,1,WSH,Final
20160914,mlb,360914102,BAL,1,BOS,0,BAL,Final
20160914,mlb,360914122,PIT,2,PHI,6,PHI,Final
20160914,mlb,360914106,MIN,6,DET,9,DET,Final
20160914,mlb,360914115,MIA,7,ATL,5,MIA,Final
20160914,mlb,360914117,MIL,7,CIN,0,MIL,Final
20160914,mlb,360914104,CLE,6,CHW,1,CLE,Final
20160914,mlb,400838137,TEX,4,HOU,8,HOU,Final
20160914,mlb,360914129,COL,6,ARI,11,ARI,Final
20160914,mlb,360914103,SEA,2,LAA,1,SEA,Final
20160915,mlb,400838141,MIN,5,DET,1,MIN,Final
20160915,mlb,400838138,CLE,1,CHW,2,CHW,Final
20160915,mlb,360915101,TB,7,BAL,6,TB,Final
20160915,mlb,360915122,PIT,15,PHI,2,PIT,Final
20160915,mlb,360915102,NYY,5,BOS,7,BOS,Final
20160915,mlb,360915116,MIL,5,CHC,4,MIL,Final
20160915,mlb,360915129,LAD,3,ARI,7,ARI,Final
20160915,mlb,360915103,TOR,7,LAA,2,TOR,Final
20160915,mlb,360915126,STL,2,SF,6,SF,Final
20160916,mlb,360916116,MIL,4,CHC,5,CHC,Final/10
20160916,mlb,360916101,TB,4,BAL,5,BAL,Final
20160916,mlb,360916122,MIA,3,PHI,4,PHI,Final/13
20160916,mlb,360916102,NYY,4,BOS,7,BOS,Final
20160916,mlb,360916105,DET,4,CLE,11,CLE,Final
20160916,mlb,360916117,PIT,9,CIN,7,PIT,Final/10
20160916,mlb,360916121,MIN,0,NYM,3,NYM,Final
20160916,mlb,360916115,WSH,7,ATL,2,WSH,Final
20160916,mlb,360916107,CHW,7,KC,4,CHW,Final
20160916,mlb,360916127,SD,7,COL,8,COL,Final
20160916,mlb,360916129,LAD,3,ARI,2,LAD,Final
20160916,mlb,360916103,TOR,5,LAA,0,TOR,Final
20160916,mlb,360916112,HOU,6,SEA,0,HOU,Final
20160916,mlb,360916126,STL,2,SF,8,SF,Final
20160917,mlb,360917217,PIT,10,CIN,4,PIT,Final
20160917,mlb,360917102,NYY,5,BOS,6,BOS,Final
20160917,mlb,360917115,WSH,3,ATL,7,ATL,Final
20160917,mlb,360917116,MIL,11,CHC,3,MIL,Final
20160917,mlb,360917105,DET,0,CLE,1,CLE,Final/10
20160917,mlb,360917317,PIT,7,CIN,3,PIT,Final
20160917,mlb,360917101,TB,5,BAL,2,TB,Final
20160917,mlb,360917122,MIA,0,PHI,8,PHI,Final
20160917,mlb,360917121,MIN,2,NYM,3,NYM,Final/12
20160917,mlb,360917107,CHW,2,KC,3,KC,Final
20160917,mlb,360917127,SD,0,COL,8,COL,Final
20160917,mlb,360917129,LAD,6,ARI,2,LAD,Final
20160917,mlb,360917103,TOR,1,LAA,6,LAA,Final
20160917,mlb,360917126,STL,3,SF,2,STL,Final
20160917,mlb,360917112,HOU,2,SEA,1,HOU,Final
20160918,mlb,360918105,DET,9,CLE,5,DET,Final
20160918,mlb,360918117,PIT,4,CIN,7,CIN,Final
20160918,mlb,360918121,MIN,2,NYM,3,NYM,Final
20160918,mlb,360918101,TB,1,BAL,2,BAL,Final
20160918,mlb,360918115,WSH,2,ATL,6,ATL,Final/7
20160918,mlb,360918122,MIA,5,PHI,4,MIA,Final
20160918,mlb,360918107,CHW,3,KC,10,KC,Final
20160918,mlb,360918116,MIL,3,CHC,1,MIL,Final
20160918,mlb,360918103,TOR,0,LAA,4,LAA,Final
20160918,mlb,400838189,STL,3,SF,0,STL,Final
20160918,mlb,360918112,HOU,3,SEA,7,SEA,Final
20160918,mlb,360918127,SD,3,COL,6,COL,Final
20160918,mlb,360918129,LAD,9,ARI,10,ARI,Final/12
20160918,mlb,360918102,NYY,4,BOS,5,BOS,Final
20160919,mlb,360919107,CHW,3,KC,8,KC,Final
20160919,mlb,360919101,BOS,5,BAL,2,BOS,Final
20160919,mlb,360919121,ATL,7,NYM,3,ATL,Final
20160919,mlb,360919128,WSH,3,MIA,4,MIA,Final
20160919,mlb,360919113,LAA,2,TEX,3,TEX,Final
20160919,mlb,360919116,CIN,2,CHC,5,CHC,Final
20160919,mlb,360919127,STL,5,COL,3,STL,Final
20160919,mlb,360919112,TOR,3,SEA,2,TOR,Final
20160919,mlb,360919119,SF,1,LAD,2,LAD,Final
20160919,mlb,360919125,ARI,2,SD,3,SD,Final
20160920,mlb,360920101,BOS,5,BAL,2,BOS,Final
20160920,mlb,360920122,CHW,6,PHI,7,PHI,Final
20160920,mlb,360920121,ATL,5,NYM,4,ATL,Final
20160920,mlb,360920128,WSH,0,MIA,1,MIA,Final
20160920,mlb,360920130,NYY,5,TB,3,NYY,Final
20160920,mlb,400838211,KC,1,CLE,2,CLE,Final
20160920,mlb,360920113,LAA,4,TEX,5,TEX,Final
20160920,mlb,360920116,CIN,1,CHC,6,CHC,Final
20160920,mlb,360920108,PIT,6,MIL,3,PIT,Final
20160920,mlb,360920109,DET,8,MIN,1,DET,Final
20160920,mlb,360920127,STL,10,COL,5,STL,Final
20160920,mlb,360920119,SF,2,LAD,0,SF,Final
20160920,mlb,360920112,TOR,10,SEA,2,TOR,Final
20160920,mlb,360920125,ARI,2,SD,5,SD,Final
20160921,mlb,360921127,STL,1,COL,11,COL,Final
20160921,mlb,360921112,TOR,1,SEA,2,SEA,Final/12
20160921,mlb,360921101,BOS,5,BAL,1,BOS,Final
20160921,mlb,360921122,CHW,3,PHI,8,PHI,Final
20160921,mlb,360921105,KC,3,CLE,4,CLE,Final
20160921,mlb,360921121,ATL,4,NYM,3,ATL,Final
20160921,mlb,360921128,WSH,8,MIA,3,WSH,Final
20160921,mlb,360921130,NYY,11,TB,5,NYY,Final
20160921,mlb,360921113,LAA,5,TEX,4,LAA,Final
20160921,mlb,360921116,CIN,2,CHC,9,CHC,Final
20160921,mlb,360921108,PIT,4,MIL,1,PIT,Final
20160921,mlb,360921125,ARI,3,SD,2,ARI,Final
20160921,mlb,360921119,SF,3,LAD,9,LAD,Final
20160922,mlb,360922209,DET,9,MIN,2,DET,Final
20160922,mlb,360922101,BOS,5,BAL,3,BOS,Final
20160922,mlb,360922105,KC,2,CLE,5,CLE,Final
20160922,mlb,360922121,PHI,8,NYM,9,NYM,Final/11
20160922,mlb,360922130,NYY,0,TB,2,TB,Final
20160922,mlb,400838234,ATL,6,MIA,3,ATL,Final
20160922,mlb,360922108,PIT,1,MIL,3,MIL,Final
20160922,mlb,360922118,LAA,2,HOU,0,LAA,Final
20160922,mlb,360922309,DET,4,MIN,2,DET,Final
20160922,mlb,360922119,COL,4,LAD,7,LAD,Final
20160922,mlb,360922125,SF,2,SD,1,SF,Final
20160923,mlb,360923116,STL,0,CHC,5,CHC,Final
20160923,mlb,360923114,NYY,0,TOR,9,TOR,Final
20160923,mlb,360923101,ARI,2,BAL,3,BAL,Final/12
20160923,mlb,360923123,WSH,5,PIT,6,PIT,Final/11
20160923,mlb,360923105,CHW,4,CLE,10,CLE,Final
20160923,mlb,360923106,KC,3,DET,8,DET,Final
20160923,mlb,360923121,PHI,5,NYM,10,NYM,Final
20160923,mlb,360923128,ATL,3,MIA,2,ATL,Final
20160923,mlb,360923130,BOS,2,TB,1,BOS,Final
20160923,mlb,360923108,CIN,4,MIL,5,MIL,Final
20160923,mlb,360923109,SEA,10,MIN,1,SEA,Final
20160923,mlb,360923118,LAA,10,HOU,6,LAA,Final
20160923,mlb,360923119,COL,2,LAD,5,LAD,Final
20160923,mlb,360923125,SF,2,SD,7,SD,Final
20160924,mlb,360924106,KC,7,DET,4,KC,Final
20160924,mlb,360924116,STL,10,CHC,4,STL,Final
20160924,mlb,360924114,NYY,0,TOR,3,TOR,Final
20160924,mlb,360924130,BOS,6,TB,4,BOS,Final
20160924,mlb,360924101,ARI,1,BAL,6,BAL,Final
20160924,mlb,360924123,WSH,6,PIT,1,WSH,Final
20160924,mlb,360924105,CHW,8,CLE,1,CHW,Final
20160924,mlb,360924108,CIN,6,MIL,1,CIN,Final
20160924,mlb,360924109,SEA,2,MIN,3,MIN,Final
20160924,mlb,360924118,LAA,10,HOU,4,LAA,Final
20160924,mlb,360924121,PHI,10,NYM,8,PHI,Final
20160924,mlb,360924128,ATL,4,MIA,6,MIA,Final
20160924,mlb,360924125,SF,9,SD,6,SF,Final/10
20160924,mlb,360924119,COL,1,LAD,14,LAD,Final
20160925,mlb,360925114,NYY,3,TOR,4,TOR,Final
20160925,mlb,360925105,CHW,3,CLE,0,CHW,Final
20160925,mlb,360925106,KC,12,DET,9,KC,Final
20160925,mlb,360925121,PHI,0,NYM,17,NYM,Final
20160925,mlb,360925130,BOS,3,TB,2,BOS,Final/10
20160925,mlb,360925101,ARI,1,BAL,2,BAL,Final
20160925,mlb,360925123,WSH,10,PIT,7,WSH,Final
20160925,mlb,360925108,CIN,4,MIL,2,CIN,Final
20160925,mlb,360925109,SEA,4,MIN,3,SEA,Final
20160925,mlb,360925118,LAA,1,HOU,4,HOU,Final
20160925,mlb,360925119,COL,3,LAD,4,LAD,Final/10
20160925,mlb,360925125,SF,3,SD,4,SD,Final
20160925,mlb,360925116,STL,1,CHC,3,CHC,Final
20160926,mlb,360926120,ARI,14,WSH,4,ARI,Final
20160926,mlb,360926123,CHC,12,PIT,2,CHC,Final
20160926,mlb,360926114,NYY,7,TOR,5,NYY,Final
20160926,mlb,360926106,CLE,7,DET,4,CLE,Final
20160926,mlb,360926128,NYM,3,MIA,7,MIA,Final
20160926,mlb,360926113,MIL,8,TEX,3,MIL,Final
20160926,mlb,360926104,TB,1,CHW,7,CHW,Final
20160926,mlb,360926118,SEA,4,HOU,3,SEA,Final/11
20160926,mlb,360926124,CIN,15,STL,2,CIN,Final
20160927,mlb,360927110,BOS,4,NYY,6,NYY,Final
20160927,mlb,360927120,ARI,2,WSH,4,WSH,Final
20160927,mlb,400838301,CHC,6,PIT,4,CHC,Final
20160927,mlb,360927114,BAL,1,TOR,5,TOR,Final
20160927,mlb,360927106,CLE,0,DET,12,DET,Final
20160927,mlb,360927115,PHI,6,ATL,7,ATL,Final
20160927,mlb,360927128,NYM,12,MIA,1,NYM,Final
20160927,mlb,360927107,MIN,3,KC,4,KC,Final/11
20160927,mlb,360927113,MIL,4,TEX,6,TEX,Final
20160927,mlb,360927104,TB,6,CHW,13,CHW,Final
20160927,mlb,360927118,SEA,4,HOU,8,HOU,Final
20160927,mlb,360927124,CIN,5,STL,12,STL,Final
20160927,mlb,400838305,LAD,1,SD,7,SD,Final
20160927,mlb,360927126,COL,3,SF,12,SF,Final
20160928,mlb,360928118,SEA,12,HOU,4,SEA,Final
20160928,mlb,360928106,CLE,3,DET,6,DET,Final/5
20160928,mlb,360928110,BOS,3,NYY,5,NYY,Final
20160928,mlb,360928120,ARI,3,WSH,0,ARI,Final/6
20160928,mlb,360928123,CHC,4,PIT,8,PIT,Final
20160928,mlb,360928114,BAL,3,TOR,2,BAL,Final
20160928,mlb,360928115,PHI,2,ATL,12,ATL,Final
20160928,mlb,360928128,NYM,5,MIA,2,NYM,Final
20160928,mlb,360928107,MIN,2,KC,5,KC,Final
20160928,mlb,360928113,MIL,5,TEX,8,TEX,Final
20160928,mlb,360928104,TB,0,CHW,1,CHW,Final
20160928,mlb,360928124,CIN,2,STL,1,CIN,Final
20160928,mlb,360928126,COL,2,SF,0,COL,Final
20160928,mlb,360928125,LAD,5,SD,6,SD,Final
20160929,mlb,360929120,ARI,3,WSH,5,WSH,Final
20160929,mlb,360929110,BOS,1,NYY,5,NYY,Final
20160929,mlb,360929123,CHC,1,PIT,1,,Final/6
20160929,mlb,360929114,BAL,4,TOR,0,BAL,Final
20160929,mlb,360929115,PHI,2,ATL,5,ATL,Final
20160929,mlb,360929107,MIN,7,KC,6,MIN,Final
20160929,mlb,360929124,CIN,3,STL,4,STL,Final
20160929,mlb,360929104,TB,5,CHW,3,TB,Final
20160929,mlb,360929125,LAD,9,SD,4,LAD,Final
20160929,mlb,360929126,COL,2,SF,7,SF,Final
20160930,mlb,360930102,TOR,3,BOS,5,BOS,Final
20160930,mlb,360930110,BAL,8,NYY,1,BAL,Final
20160930,mlb,360930120,MIA,7,WSH,4,MIA,Final
20160930,mlb,360930122,NYM,5,PHI,1,NYM,Final
20160930,mlb,360930117,CHC,7,CIN,3,CHC,Final
20160930,mlb,360930115,DET,6,ATL,2,DET,Final
20160930,mlb,360930113,TB,1,TEX,3,TEX,Final
20160930,mlb,360930104,MIN,3,CHW,7,CHW,Final
20160930,mlb,360930127,MIL,1,COL,4,COL,Final
20160930,mlb,360930107,CLE,7,KC,2,CLE,Final
20160930,mlb,360930124,PIT,0,STL,7,STL,Final
20160930,mlb,360930129,SD,3,ARI,5,ARI,Final
20160930,mlb,360930103,HOU,1,LAA,7,LAA,Final
20160930,mlb,360930126,LAD,3,SF,9,SF,Final
20161001,mlb,361001122,NYM,5,PHI,3,NYM,Final
20161001,mlb,361001124,PIT,3,STL,4,STL,Final
20161001,mlb,361001110,BAL,3,NYY,7,NYY,Final
20161001,mlb,361001120,MIA,1,WSH,2,WSH,Final
20161001,mlb,361001126,LAD,0,SF,3,SF,Final
20161001,mlb,361001117,CHC,4,CIN,7,CIN,Final
20161001,mlb,361001107,CLE,6,KC,3,CLE,Final
20161001,mlb,361001102,TOR,4,BOS,3,TOR,Final
20161001,mlb,361001104,MIN,6,CHW,0,MIN,Final
20161001,mlb,361001115,DET,3,ATL,5,ATL,Final
20161001,mlb,361001113,TB,4,TEX,1,TB,Final
20161001,mlb,361001127,MIL,4,COL,3,MIL,Final/10
20161001,mlb,361001129,SD,5,ARI,9,ARI,Final
20161001,mlb,361001103,HOU,3,LAA,0,HOU,Final
20161002,mlb,361002102,TOR,2,BOS,1,TOR,Final
20161002,mlb,361002103,HOU,1,LAA,8,LAA,Final
20161002,mlb,361002110,BAL,5,NYY,2,BAL,Final
20161002,mlb,361002113,TB,6,TEX,4,TB,Final/10
20161002,mlb,361002120,MIA,7,WSH,10,WSH,Final
20161002,mlb,361002122,NYM,2,PHI,5,PHI,Final
20161002,mlb,361002126,LAD,1,SF,7,SF,Final
20161002,mlb,361002104,MIN,6,CHW,3,MIN,Final
20161002,mlb,361002115,DET,0,ATL,1,ATL,Final
20161002,mlb,361002117,CHC,7,CIN,4,CHC,Final
20161002,mlb,361002127,MIL,6,COL,4,MIL,Final/10
20161002,mlb,361002129,SD,2,ARI,3,ARI,Final
20161002,mlb,361002107,CLE,3,KC,2,CLE,Final
20161002,mlb,361002124,PIT,4,STL,10,STL,Final
20161004,mlb,361004114,BAL,2,TOR,5,TOR,Final/11
20161005,mlb,361005121,SF,3,NYM,0,SF,Final
20161006,mlb,361006113,TOR,10,TEX,1,TOR,Final
20161006,mlb,361006105,BOS,4,CLE,5,CLE,Final
20161007,mlb,361007113,TOR,5,TEX,3,TOR,Final
20161007,mlb,361007105,BOS,0,CLE,6,CLE,Final
20161007,mlb,361007120,LAD,4,WSH,3,LAD,Final
20161007,mlb,361007116,SF,0,CHC,1,CHC,Final
20161008,mlb,361008116,SF,2,CHC,5,CHC,Final
20161009,mlb,361009120,LAD,2,WSH,5,WSH,Final
20161009,mlb,361009114,TEX,6,TOR,7,TOR,Final/10
20161010,mlb,361010119,WSH,8,LAD,3,WSH,Final
20161010,mlb,361010102,CLE,4,BOS,3,CLE,Final
20161010,mlb,361010126,CHC,5,SF,6,SF,Final/13
20161011,mlb,361011119,WSH,5,LAD,6,LAD,Final
20161011,mlb,361011126,CHC,6,SF,5,CHC,Final
20161013,mlb,361013120,LAD,4,WSH,3,LAD,Final
20161014,mlb,361014105,TOR,0,CLE,2,CLE,Final
20161015,mlb,361015105,TOR,1,CLE,2,CLE,Final
20161015,mlb,361015116,LAD,4,CHC,8,CHC,Final
20161016,mlb,361016116,LAD,1,CHC,0,LAD,Final
20161017,mlb,361017114,CLE,4,TOR,2,CLE,Final
20161018,mlb,361018114,CLE,1,TOR,5,TOR,Final
20161018,mlb,361018119,CHC,0,LAD,6,LAD,Final
20161019,mlb,361019114,CLE,3,TOR,0,CLE,Final
20161019,mlb,361019119,CHC,10,LAD,2,CHC,Final
20161020,mlb,361020119,CHC,8,LAD,4,CHC,Final
20161022,mlb,361022116,LAD,0,CHC,5,CHC,Final
20161025,mlb,361025105,CHC,0,CLE,6,CLE,Final
20161026,mlb,361026105,CHC,5,CLE,1,CHC,Final
20161028,mlb,361028116,CLE,1,CHC,0,CLE,Final
20161029,mlb,361029116,CLE,7,CHC,2,CLE,Final
20161030,mlb,361030116,CLE,2,CHC,3,CHC,Final
20161101,mlb,361101105,CHC,9,CLE,3,CHC,Final
20161102,mlb,361102105,CHC,8,CLE,7,CHC,Final/10
20160404,mlb,360404111,CHW,4,ATH,3,CHW,Final
20160405,mlb,360405111,CHW,5,ATH,4,CHW,Final
20160406,mlb,360406111,CHW,1,ATH,2,ATH,Final
20160407,mlb,360407111,CHW,6,ATH,1,CHW,Final
20160408,mlb,360408112,ATH,3,SEA,2,ATH,Final
20160409,mlb,360409112,ATH,6,SEA,1,ATH,Final
20160410,mlb,360410112,ATH,2,SEA,1,ATH,Final/10
20160411,mlb,360411111,LAA,4,ATH,1,LAA,Final
20160412,mlb,360412111,LAA,5,ATH,4,LAA,Final
20160413,mlb,360413111,LAA,5,ATH,1,LAA,Final
20160415,mlb,360415111,KC,4,ATH,2,KC,Final
20160416,mlb,360416111,KC,3,ATH,5,ATH,Final
20160417,mlb,360417111,KC,2,ATH,3,ATH,Final
20160419,mlb,360419110,ATH,3,NYY,2,ATH,Final/11
20160420,mlb,360420110,ATH,5,NYY,2,ATH,Final
20160421,mlb,360421110,ATH,7,NYY,3,ATH,Final
20160422,mlb,360422114,ATH,8,TOR,5,ATH,Final
20160423,mlb,360423114,ATH,3,TOR,9,TOR,Final
20160424,mlb,360424114,ATH,3,TOR,6,TOR,Final
20160425,mlb,360425106,ATH,3,DET,7,DET,Final
20160426,mlb,360426106,ATH,5,DET,1,ATH,Final
20160427,mlb,360427106,ATH,4,DET,9,DET,Final
20160428,mlb,360428106,ATH,3,DET,7,DET,Final
20160429,mlb,360429111,HOU,4,ATH,7,ATH,Final
20160430,mlb,360430111,HOU,0,ATH,2,ATH,Final
20160501,mlb,360501111,HOU,2,ATH,1,HOU,Final
20160502,mlb,360502111,SEA,4,ATH,3,SEA,Final
20160503,mlb,360503111,SEA,8,ATH,2,SEA,Final
20160504,mlb,360504111,SEA,9,ATH,8,SEA,Final
20160507,mlb,360507201,ATH,8,BAL,4,ATH,Final
20160507,mlb,360507301,ATH,2,BAL,5,BAL,Final
20160508,mlb,360508101,ATH,3,BAL,11,BAL,Final
20160509,mlb,360509102,ATH,7,BOS,14,BOS,Final
20160510,mlb,360510102,ATH,5,BOS,13,BOS,Final
20160511,mlb,360511102,ATH,3,BOS,13,BOS,Final
20160513,mlb,360513130,ATH,6,TB,3,ATH,Final
20160514,mlb,360514130,ATH,0,TB,6,TB,Final
20160515,mlb,360515130,ATH,7,TB,6,ATH,Final
20160516,mlb,360516111,TEX,1,ATH,3,ATH,Final
20160517,mlb,360517111,TEX,5,ATH,8,ATH,Final
20160518,mlb,360518111,TEX,1,ATH,8,ATH,Final
20160519,mlb,360519111,NYY,4,ATH,1,NYY,Final
20160520,mlb,360520111,NYY,8,ATH,3,NYY,Final
20160521,mlb,360521111,NYY,5,ATH,1,NYY,Final
20160522,mlb,360522111,NYY,5,ATH,4,NYY,Final
20160523,mlb,360523112,ATH,5,SEA,0,ATH,Final
20160524,mlb,360524112,ATH,5,SEA,6,SEA,Final
20160525,mlb,360525112,ATH,3,SEA,13,SEA,Final
20160527,mlb,360527111,DET,4,ATH,1,DET,Final
20160528,mlb,360528111,DET,3,ATH,12,ATH,Final
20160529,mlb,360529111,DET,2,ATH,4,ATH,Final
20160530,mlb,360530111,MIN,2,ATH,3,ATH,Final
20160531,mlb,360531111,MIN,4,ATH,7,ATH,Final
20160601,mlb,360601111,MIN,1,ATH,5,ATH,Final
20160603,mlb,360603118,ATH,2,HOU,12,HOU,Final
20160604,mlb,360604118,ATH,5,HOU,6,HOU,Final/12
20160605,mlb,360605118,ATH,2,HOU,5,HOU,Final
20160607,mlb,360607108,ATH,4,MIL,5,MIL,Final
20160608,mlb,360608108,ATH,0,MIL,4,MIL,Final
20160610,mlb,360610117,ATH,1,CIN,2,CIN,Final
20160611,mlb,360611117,ATH,1,CIN,2,CIN,Final
20160612,mlb,360612117,ATH,6,CIN,1,ATH,Final
20160613,mlb,360613111,TEX,5,ATH,14,ATH,Final
20160614,mlb,360614111,TEX,10,ATH,6,TEX,Final
20160615,mlb,360615111,TEX,7,ATH,5,TEX,Final
20160616,mlb,360616111,TEX,5,ATH,1,TEX,Final
20160617,mlb,360617111,LAA,2,ATH,3,ATH,Final
20160618,mlb,360618111,LAA,7,ATH,1,LAA,Final
20160619,mlb,360619111,LAA,2,ATH,0,LAA,Final
20160621,mlb,360621111,MIL,3,ATH,5,ATH,Final
20160622,mlb,360622111,MIL,4,ATH,2,MIL,Final
20160623,mlb,360623103,ATH,5,LAA,4,ATH,Final
20160624,mlb,400837057,ATH,7,LAA,4,ATH,Final
20160625,mlb,360625103,ATH,7,LAA,3,ATH,Final
20160626,mlb,360626103,ATH,6,LAA,7,LAA,Final
20160627,mlb,360627126,ATH,8,SF,3,ATH,Final
20160628,mlb,360628126,ATH,13,SF,11,ATH,Final
20160629,mlb,360629111,SF,1,ATH,7,ATH,Final
20160630,mlb,360630111,SF,12,ATH,6,SF,Final
20160701,mlb,360701111,PIT,7,ATH,3,PIT,Final
20160702,mlb,360702111,PIT,4,ATH,2,PIT,Final/10
20160703,mlb,360703111,PIT,6,ATH,3,PIT,Final
20160704,mlb,360704109,ATH,3,MIN,1,ATH,Final
20160705,mlb,360705109,ATH,4,MIN,11,MIN,Final
20160706,mlb,360706109,ATH,0,MIN,4,MIN,Final
20160707,mlb,360707118,ATH,3,HOU,1,ATH,Final
20160708,mlb,360708118,ATH,9,HOU,10,HOU,Final
20160709,mlb,360709118,ATH,3,HOU,2,ATH,Final
20160710,mlb,360710118,ATH,1,HOU,2,HOU,Final/10
20160715,mlb,360715111,TOR,7,ATH,8,ATH,Final
20160716,mlb,360716111,TOR,4,ATH,5,ATH,Final
20160717,mlb,360717111,TOR,5,ATH,3,TOR,Final
20160718,mlb,360718111,HOU,4,ATH,7,ATH,Final
20160719,mlb,360719111,HOU,3,ATH,4,ATH,Final/10
20160720,mlb,360720111,HOU,7,ATH,0,HOU,Final
20160721,mlb,360721111,TB,7,ATH,3,TB,Final
20160722,mlb,360722111,TB,0,ATH,1,ATH,Final/13
20160723,mlb,360723111,TB,3,ATH,4,ATH,Final
20160724,mlb,360724111,TB,2,ATH,3,ATH,Final
20160725,mlb,360725113,ATH,6,TEX,7,TEX,Final
20160726,mlb,360726113,ATH,6,TEX,3,ATH,Final
20160727,mlb,360727113,ATH,6,TEX,4,ATH,Final
20160729,mlb,360729105,ATH,3,CLE,5,CLE,Final
20160730,mlb,360730105,ATH,3,CLE,6,CLE,Final
20160731,mlb,360731105,ATH,0,CLE,8,CLE,Final
20160802,mlb,360802103,ATH,4,LAA,5,LAA,Final
20160803,mlb,360803103,ATH,6,LAA,8,LAA,Final
20160804,mlb,360804103,ATH,8,LAA,6,ATH,Final/10
20160805,mlb,360805111,CHC,7,ATH,2,CHC,Final
20160806,mlb,360806111,CHC,4,ATH,0,CHC,Final
20160807,mlb,360807111,CHC,3,ATH,1,CHC,Final
20160808,mlb,360808111,BAL,2,ATH,3,ATH,Final
20160809,mlb,360809111,BAL,1,ATH,2,ATH,Final
20160810,mlb,360810111,BAL,0,ATH,1,ATH,Final
20160811,mlb,360811111,BAL,9,ATH,6,BAL,Final
20160812,mlb,360812111,SEA,3,ATH,6,ATH,Final
20160813,mlb,360813111,SEA,4,ATH,3,SEA,Final
20160814,mlb,360814111,SEA,8,ATH,4,SEA,Final
20160815,mlb,360815113,ATH,2,TEX,5,TEX,Final
20160816,mlb,360816113,ATH,4,TEX,5,TEX,Final/10
20160817,mlb,360817113,ATH,2,TEX,6,TEX,Final
20160819,mlb,360819104,ATH,9,CHW,0,ATH,Final
20160820,mlb,360820104,ATH,2,CHW,6,CHW,Final
20160821,mlb,360821104,ATH,2,CHW,4,CHW,Final
20160822,mlb,360822111,CLE,1,ATH,0,CLE,Final
20160823,mlb,360823111,CLE,1,ATH,9,ATH,Final
20160824,mlb,360824111,CLE,1,ATH,5,ATH,Final
20160826,mlb,360826124,ATH,1,STL,3,STL,Final
20160827,mlb,360827124,ATH,3,STL,2,ATH,Final
20160828,mlb,360828124,ATH,7,STL,4,ATH,Final
20160829,mlb,360829118,ATH,0,HOU,6,HOU,Final
20160830,mlb,360830118,ATH,1,HOU,3,HOU,Final
20160831,mlb,360831118,ATH,3,HOU,4,HOU,Final
20160902,mlb,360902111,BOS,16,ATH,2,BOS,Final
20160903,mlb,360903111,BOS,11,ATH,2,BOS,Final
20160904,mlb,400837984,BOS,0,ATH,1,ATH,Final
20160905,mlb,360905111,LAA,10,ATH,7,LAA,Final
20160906,mlb,360906111,LAA,2,ATH,3,ATH,Final
20160907,mlb,360907111,LAA,1,ATH,4,ATH,Final
20160909,mlb,400838059,SEA,3,ATH,2,SEA,Final
20160910,mlb,360910111,SEA,14,ATH,3,SEA,Final
20160911,mlb,360911111,SEA,3,ATH,2,SEA,Final
20160912,mlb,360912107,ATH,16,KC,3,ATH,Final
20160913,mlb,360913107,ATH,5,KC,4,ATH,Final
20160914,mlb,360914107,ATH,8,KC,0,ATH,Final
20160915,mlb,360915107,ATH,14,KC,5,ATH,Final
20160916,mlb,360916113,ATH,6,TEX,7,TEX,Final
20160917,mlb,360917113,ATH,11,TEX,2,ATH,Final
20160918,mlb,360918113,ATH,5,TEX,2,ATH,Final
20160919,mlb,360919111,HOU,4,ATH,2,HOU,Final
20160920,mlb,360920111,HOU,2,ATH,1,HOU,Final/10
20160921,mlb,360921111,HOU,6,ATH,5,HOU,Final
20160923,mlb,360923111,TEX,3,ATH,0,TEX,Final
20160924,mlb,360924111,TEX,5,ATH,0,TEX,Final
20160925,mlb,360925111,TEX,1,ATH,7,ATH,Final
20160926,mlb,360926103,ATH,1,LAA,2,LAA,Final
20160927,mlb,360927103,ATH,1,LAA,8,LAA,Final
20160928,mlb,360928103,ATH,6,LAA,8,LAA,Final
20160929,mlb,360929112,ATH,2,SEA,3,SEA,Final
20160930,mlb,360930112,ATH,1,SEA,5,SEA,Final
20161001,mlb,361001112,ATH,9,SEA,8,ATH,Final/10
20161002,mlb,361002112,ATH,3,SEA,2,ATH,Final
