date,league,game_id,away_team,away_score,home_team,home_score,winner,status
20100404,mlb,300404102,NYY,7,BOS,9,BOS,Final
20100405,mlb,300405120,PHI,11,WSH,1,PHI,Final
20100405,mlb,300405117,STL,11,CIN,6,STL,Final
20100405,mlb,300405123,LAD,5,PIT,11,PIT,Final
20100405,mlb,300405104,CLE,0,CHW,6,CHW,Final
20100405,mlb,300405113,TOR,4,TEX,5,TEX,Final
20100405,mlb,300405108,COL,5,MIL,3,COL,Final
20100405,mlb,300405107,DET,8,KC,4,DET,Final
20100405,mlb,300405115,CHC,5,ATL,16,ATL,Final
20100405,mlb,300405129,SD,3,ARI,6,ARI,Final
20100405,mlb,300405118,SF,5,HOU,2,SF,Final
20100405,mlb,300405103,MIN,3,LAA,6,LAA,Final
20100406,mlb,300406102,NYY,6,BOS,4,NYY,Final
20100406,mlb,300406130,BAL,3,TB,4,TB,Final
20100406,mlb,300406118,SF,3,HOU,0,SF,Final
20100406,mlb,300406108,COL,5,MIL,7,MIL,Final
20100406,mlb,300406129,SD,6,ARI,3,SD,Final
20100406,mlb,300406103,MIN,5,LAA,3,MIN,Final
20100407,mlb,300407108,COL,4,MIL,5,MIL,Final
20100407,mlb,300407118,SF,10,HOU,4,SF,Final
20100407,mlb,300407120,PHI,8,WSH,4,PHI,Final
20100407,mlb,300407123,LAD,3,PIT,4,PIT,Final/10
20100407,mlb,300407102,NYY,3,BOS,1,NYY,Final/10
20100407,mlb,300407115,CHC,2,ATL,3,ATL,Final
20100407,mlb,300407117,STL,6,CIN,3,STL,Final
20100407,mlb,300407130,BAL,3,TB,4,TB,Final
20100407,mlb,300407113,TOR,7,TEX,4,TOR,Final
20100407,mlb,300407104,CLE,5,CHW,3,CLE,Final
20100407,mlb,300407107,DET,2,KC,3,KC,Final/11
20100407,mlb,300407129,SD,3,ARI,5,ARI,Final
20100407,mlb,300407103,MIN,4,LAA,2,MIN,Final
20100408,mlb,300408117,STL,1,CIN,2,CIN,Final
20100408,mlb,300408123,LAD,10,PIT,2,LAD,Final
20100408,mlb,300408113,TOR,3,TEX,1,TOR,Final
20100408,mlb,300408107,DET,7,KC,3,DET,Final
20100408,mlb,300408120,PHI,5,WSH,6,WSH,Final
20100408,mlb,300408115,CHC,2,ATL,0,CHC,Final
20100408,mlb,300408130,BAL,5,TB,4,BAL,Final
20100408,mlb,300408104,CLE,5,CHW,3,CLE,Final/11
20100408,mlb,300408103,MIN,10,LAA,1,MIN,Final
20100409,mlb,300409106,CLE,2,DET,5,DET,Final
20100409,mlb,300409101,TOR,7,BAL,6,TOR,Final
20100409,mlb,300409127,SD,0,COL,7,COL,Final
20100409,mlb,300409126,ATL,4,SF,5,SF,Final/13
20100409,mlb,300409117,CHC,4,CIN,5,CIN,Final
20100409,mlb,300409121,WSH,2,NYM,8,NYM,Final
20100409,mlb,300409130,NYY,3,TB,9,TB,Final
20100409,mlb,300409113,SEA,2,TEX,6,TEX,Final
20100409,mlb,300409118,PHI,8,HOU,0,PHI,Final
20100409,mlb,300409104,MIN,4,CHW,3,MIN,Final/11
20100409,mlb,300409107,BOS,3,KC,4,KC,Final
20100409,mlb,300409108,STL,5,MIL,4,STL,Final
20100409,mlb,300409129,PIT,1,ARI,9,ARI,Final
20100410,mlb,300410104,MIN,2,CHW,1,MIN,Final
20100410,mlb,300410106,CLE,2,DET,4,DET,Final
20100410,mlb,300410117,CHC,4,CIN,3,CHC,Final
20100410,mlb,300410121,WSH,4,NYM,3,WSH,Final
20100410,mlb,300410108,STL,7,MIL,1,STL,Final
20100410,mlb,300410113,SEA,4,TEX,3,SEA,Final
20100410,mlb,300410130,NYY,10,TB,0,NYY,Final
20100410,mlb,300410101,TOR,3,BAL,0,TOR,Final
20100410,mlb,300410118,PHI,9,HOU,6,PHI,Final
20100410,mlb,300410107,BOS,8,KC,3,BOS,Final
20100410,mlb,300410127,SD,5,COL,4,SD,Final/14
20100410,mlb,300410129,PIT,6,ARI,3,PIT,Final
20100410,mlb,300410126,ATL,7,SF,2,ATL,Final
20100411,mlb,300411106,CLE,8,DET,9,DET,Final
20100411,mlb,300411117,CHC,1,CIN,3,CIN,Final
20100411,mlb,300411121,WSH,5,NYM,2,WSH,Final
20100411,mlb,300411101,TOR,5,BAL,2,TOR,Final
20100411,mlb,300411130,NYY,7,TB,3,NYY,Final
20100411,mlb,300411104,MIN,4,CHW,5,CHW,Final
20100411,mlb,300411118,PHI,2,HOU,1,PHI,Final
20100411,mlb,300411107,BOS,8,KC,6,BOS,Final
20100411,mlb,300411113,SEA,2,TEX,9,TEX,Final
20100411,mlb,300411127,SD,2,COL,4,COL,Final
20100411,mlb,300411126,ATL,3,SF,6,SF,Final
20100411,mlb,300411129,PIT,6,ARI,15,ARI,Final
20100411,mlb,300411108,STL,7,MIL,8,MIL,Final
20100412,mlb,300412106,KC,10,DET,5,KC,Final
20100412,mlb,300412116,MIL,5,CHC,9,CHC,Final
20100412,mlb,300412105,TEX,4,CLE,2,TEX,Final/10
20100412,mlb,300412122,WSH,4,PHI,7,PHI,Final
20100412,mlb,300412109,BOS,2,MIN,5,MIN,Final
20100412,mlb,300412124,HOU,0,STL,5,STL,Final
20100412,mlb,300412125,ATL,2,SD,17,SD,Final
20100412,mlb,300412101,TB,5,BAL,1,TB,Final
20100412,mlb,300412114,CHW,8,TOR,7,CHW,Final/11
20100412,mlb,300412126,PIT,3,SF,9,SF,Final
20100413,mlb,300413106,KC,5,DET,6,DET,Final
20100413,mlb,300413110,LAA,5,NYY,7,NYY,Final
20100413,mlb,300413119,ARI,5,LAD,9,LAD,Final
20100413,mlb,300413101,TB,8,BAL,6,TB,Final/10
20100413,mlb,300413114,CHW,2,TOR,4,TOR,Final
20100413,mlb,300413127,NYM,3,COL,11,COL,Final
20100413,mlb,300413126,PIT,6,SF,5,PIT,Final
20100414,mlb,300414106,KC,7,DET,3,KC,Final
20100414,mlb,300414110,LAA,5,NYY,3,LAA,Final
20100414,mlb,300414109,BOS,6,MIN,3,BOS,Final
20100414,mlb,300414101,TB,9,BAL,1,TB,Final
20100414,mlb,300414116,MIL,6,CHC,7,CHC,Final
20100414,mlb,300414126,PIT,0,SF,6,SF,Final
20100414,mlb,300414105,TEX,6,CLE,2,TEX,Final
20100414,mlb,300414122,WSH,7,PHI,14,PHI,Final
20100414,mlb,300414114,CHW,11,TOR,1,CHW,Final
20100414,mlb,300414124,HOU,1,STL,2,STL,Final
20100414,mlb,300414127,NYM,5,COL,6,COL,Final/10
20100414,mlb,300414125,ATL,6,SD,1,ATL,Final
20100414,mlb,300414119,ARI,9,LAD,7,ARI,Final/11
20100415,mlb,300415105,TEX,2,CLE,3,CLE,Final
20100415,mlb,300415109,BOS,0,MIN,8,MIN,Final
20100415,mlb,300415124,HOU,5,STL,1,HOU,Final
20100415,mlb,300415116,MIL,8,CHC,6,MIL,Final
20100415,mlb,300415122,WSH,7,PHI,5,WSH,Final
20100415,mlb,300415127,NYM,5,COL,0,NYM,Final
20100415,mlb,300415125,ATL,6,SD,2,ATL,Final
20100415,mlb,300415110,LAA,2,NYY,6,NYY,Final
20100415,mlb,300415114,CHW,3,TOR,7,TOR,Final
20100415,mlb,300415119,ARI,5,LAD,6,LAD,Final/10
20100416,mlb,300416116,HOU,2,CHC,7,CHC,Final
20100416,mlb,300416105,CHW,2,CLE,6,CLE,Final
20100416,mlb,300416110,TEX,1,NYY,5,NYY,Final/7
20100416,mlb,300416120,MIL,3,WSH,5,WSH,Final
20100416,mlb,300416123,CIN,3,PIT,4,PIT,Final
20100416,mlb,300416114,LAA,7,TOR,5,LAA,Final
20100416,mlb,300416102,TB,3,BOS,1,TB,Final/12
20100416,mlb,300416115,COL,5,ATL,9,ATL,Final
20100416,mlb,300416109,KC,3,MIN,10,MIN,Final
20100416,mlb,300416124,NYM,3,STL,4,STL,Final
20100416,mlb,300416125,ARI,3,SD,6,SD,Final
20100416,mlb,300416112,DET,3,SEA,11,SEA,Final
20100416,mlb,300416119,SF,8,LAD,10,LAD,Final
20100417,mlb,300417110,TEX,3,NYY,7,NYY,Final
20100417,mlb,300417116,HOU,4,CHC,3,HOU,Final
20100417,mlb,300417120,MIL,0,WSH,8,WSH,Final
20100417,mlb,300417114,LAA,6,TOR,3,LAA,Final
20100417,mlb,300417109,KC,5,MIN,6,MIN,Final
20100417,mlb,300417105,CHW,2,CLE,3,CLE,Final
20100417,mlb,300417119,SF,9,LAD,0,SF,Final
20100417,mlb,300417124,NYM,2,STL,1,NYM,Final/20
20100417,mlb,300417123,CIN,4,PIT,5,PIT,Final
20100417,mlb,300417115,COL,4,ATL,0,COL,Final
20100417,mlb,300417125,ARI,0,SD,5,SD,Final
20100417,mlb,300417102,TB,6,BOS,5,TB,Final
20100417,mlb,300417112,DET,2,SEA,4,SEA,Final
20100418,mlb,300418105,CHW,4,CLE,7,CLE,Final
20100418,mlb,300418110,TEX,2,NYY,5,NYY,Final
20100418,mlb,300418114,LAA,3,TOR,1,LAA,Final
20100418,mlb,300418102,TB,7,BOS,1,TB,Final
20100418,mlb,300418115,COL,3,ATL,4,ATL,Final
20100418,mlb,300418120,MIL,11,WSH,7,MIL,Final
20100418,mlb,300418123,CIN,3,PIT,5,PIT,Final
20100418,mlb,300418109,KC,10,MIN,5,KC,Final
20100418,mlb,300418116,HOU,3,CHC,2,HOU,Final/10
20100418,mlb,300418125,ARI,3,SD,5,SD,Final
20100418,mlb,300418112,DET,4,SEA,2,DET,Final
20100418,mlb,300418119,SF,1,LAD,2,LAD,Final
20100418,mlb,300418124,NYM,3,STL,5,STL,Final
20100419,mlb,300419102,TB,8,BOS,2,TB,Final
20100419,mlb,300419120,COL,2,WSH,5,WSH,Final
20100419,mlb,300419114,KC,1,TOR,8,TOR,Final
20100419,mlb,300419121,CHC,1,NYM,6,NYM,Final
20100419,mlb,300419129,STL,4,ARI,2,STL,Final
20100419,mlb,300419103,DET,0,LAA,2,LAA,Final
20100419,mlb,300419125,SF,2,SD,3,SD,Final/10
20100419,mlb,300419112,BAL,2,SEA,8,SEA,Final
20100420,mlb,300420120,COL,10,WSH,4,COL,Final
20100420,mlb,300420123,MIL,8,PIT,1,MIL,Final
20100420,mlb,300420114,KC,3,TOR,4,TOR,Final
20100420,mlb,300420102,TEX,6,BOS,7,BOS,Final
20100420,mlb,300420115,PHI,3,ATL,4,ATL,Final/10
20100420,mlb,300420117,LAD,9,CIN,11,CIN,Final
20100420,mlb,300420121,CHC,0,NYM,4,NYM,Final
20100420,mlb,300420104,TB,1,CHW,4,CHW,Final
20100420,mlb,300420109,CLE,1,MIN,5,MIN,Final
20100420,mlb,300420129,STL,7,ARI,9,ARI,Final
20100420,mlb,300420103,DET,5,LAA,6,LAA,Final
20100420,mlb,300420125,SF,0,SD,1,SD,Final
20100420,mlb,300420112,BAL,1,SEA,3,SEA,Final
20100421,mlb,300421114,KC,4,TOR,3,KC,Final/10
20100421,mlb,300421125,SF,2,SD,5,SD,Final
20100421,mlb,300421120,COL,4,WSH,6,WSH,Final
20100421,mlb,300421123,MIL,8,PIT,0,MIL,Final
20100421,mlb,300421102,TEX,7,BOS,8,BOS,Final/12
20100421,mlb,300421115,PHI,2,ATL,0,PHI,Final
20100421,mlb,300421117,LAD,14,CIN,6,LAD,Final
20100421,mlb,300421121,CHC,9,NYM,3,CHC,Final
20100421,mlb,300421104,TB,12,CHW,0,TB,Final
20100421,mlb,300421109,CLE,0,MIN,6,MIN,Final
20100421,mlb,300421129,STL,9,ARI,4,STL,Final
20100421,mlb,300421103,DET,4,LAA,3,DET,Final
20100421,mlb,300421112,BAL,1,SEA,4,SEA,Final
20100422,mlb,300422123,MIL,20,PIT,0,MIL,Final
20100422,mlb,300422109,CLE,8,MIN,1,CLE,Final
20100422,mlb,300422120,COL,2,WSH,0,COL,Final
20100422,mlb,300422102,TEX,3,BOS,0,TEX,Final
20100422,mlb,300422115,PHI,8,ATL,3,PHI,Final
20100422,mlb,300422117,LAD,5,CIN,8,CIN,Final
20100422,mlb,300422121,CHC,2,NYM,5,NYM,Final
20100422,mlb,300422104,TB,10,CHW,2,TB,Final
20100422,mlb,300422103,DET,5,LAA,4,DET,Final
20100423,mlb,300423120,LAD,1,WSH,5,WSH,Final
20100423,mlb,300423102,BAL,3,BOS,4,BOS,Final
20100423,mlb,300423117,SD,10,CIN,4,SD,Final
20100423,mlb,300423121,ATL,2,NYM,5,NYM,Final
20100423,mlb,300423130,TOR,6,TB,5,TOR,Final
20100423,mlb,300423113,DET,4,TEX,5,TEX,Final
20100423,mlb,300423118,PIT,3,HOU,4,HOU,Final
20100423,mlb,300423104,SEA,6,CHW,7,CHW,Final
20100423,mlb,300423107,MIN,8,KC,3,MIN,Final
20100423,mlb,300423108,CHC,8,MIL,1,CHC,Final
20100423,mlb,300423129,PHI,4,ARI,7,ARI,Final
20100423,mlb,300423103,NYY,4,LAA,6,LAA,Final
20100423,mlb,300423126,STL,1,SF,4,SF,Final
20100424,mlb,300424120,LAD,4,WSH,3,LAD,Final/13
20100424,mlb,300424117,SD,5,CIN,0,SD,Final
20100424,mlb,300424121,ATL,1,NYM,3,NYM,Final
20100424,mlb,300424103,NYY,7,LAA,1,NYY,Final
20100424,mlb,300424104,SEA,4,CHW,5,CHW,Final
20100424,mlb,300424130,TOR,3,TB,9,TB,Final
20100424,mlb,300424118,PIT,2,HOU,5,HOU,Final
20100424,mlb,300424102,BAL,6,BOS,7,BOS,Final
20100424,mlb,300424107,MIN,9,KC,7,MIN,Final/12
20100424,mlb,300424108,CHC,5,MIL,1,CHC,Final
20100424,mlb,300424113,DET,8,TEX,4,DET,Final
20100424,mlb,300424129,PHI,3,ARI,2,PHI,Final
20100424,mlb,300424126,STL,0,SF,2,SF,Final
20100425,mlb,300425117,SD,4,CIN,5,CIN,Final
20100425,mlb,300425102,BAL,7,BOS,6,BAL,Final/10
20100425,mlb,300425120,LAD,0,WSH,1,WSH,Final
20100425,mlb,300425130,TOR,0,TB,6,TB,Final
20100425,mlb,300425104,SEA,2,CHW,3,CHW,Final
20100425,mlb,300425118,PIT,3,HOU,10,HOU,Final
20100425,mlb,300425107,MIN,3,KC,4,KC,Final
20100425,mlb,300425108,CHC,12,MIL,2,CHC,Final
20100425,mlb,300425113,DET,4,TEX,8,TEX,Final
20100425,mlb,300425103,NYY,4,LAA,8,LAA,Final
20100425,mlb,300425126,STL,2,SF,0,STL,Final
20100425,mlb,300425129,PHI,6,ARI,8,ARI,Final
20100425,mlb,300425121,ATL,0,NYM,1,NYM,Final/6
20100426,mlb,300426114,BOS,13,TOR,12,BOS,Final
20100426,mlb,300426113,DET,8,TEX,6,DET,Final
20100426,mlb,300426116,WSH,3,CHC,4,CHC,Final/10
20100426,mlb,300426107,SEA,1,KC,3,KC,Final
20100426,mlb,300426108,PIT,3,MIL,17,MIL,Final
20100426,mlb,300426124,ATL,3,STL,4,STL,Final
20100426,mlb,300426127,ARI,5,COL,3,ARI,Final
20100426,mlb,300426103,CLE,2,LAA,5,LAA,Final
20100426,mlb,300426126,PHI,1,SF,5,SF,Final
20100427,mlb,400742006,LAD,0,NYM,4,NYM,Final
20100427,mlb,300427101,NYY,4,BAL,5,BAL,Final
20100427,mlb,300427106,MIN,2,DET,0,MIN,Final
20100427,mlb,300427114,BOS,2,TOR,1,BOS,Final
20100427,mlb,300427321,LAD,5,NYM,10,NYM,Final
20100427,mlb,300427113,CHW,2,TEX,4,TEX,Final
20100427,mlb,300427116,WSH,3,CHC,1,WSH,Final
20100427,mlb,300427118,CIN,6,HOU,2,CIN,Final
20100427,mlb,300427107,SEA,3,KC,2,SEA,Final
20100427,mlb,300427108,PIT,7,MIL,3,PIT,Final
20100427,mlb,300427124,ATL,4,STL,5,STL,Final
20100427,mlb,300427127,ARI,1,COL,12,COL,Final
20100427,mlb,300427103,CLE,9,LAA,2,CLE,Final
20100427,mlb,300427126,PHI,2,SF,6,SF,Final
20100428,mlb,300428108,PIT,6,MIL,5,PIT,Final/14
20100428,mlb,300428121,LAD,3,NYM,7,NYM,Final
20100428,mlb,300428107,SEA,6,KC,5,SEA,Final
20100428,mlb,300428116,WSH,3,CHC,2,WSH,Final
20100428,mlb,300428127,ARI,12,COL,11,ARI,Final/10
20100428,mlb,300428126,PHI,7,SF,6,PHI,Final/11
20100428,mlb,300428106,MIN,6,DET,11,DET,Final
20100428,mlb,300428101,NYY,8,BAL,3,NYY,Final
20100428,mlb,300428103,CLE,3,LAA,4,LAA,Final
20100428,mlb,300428114,BOS,2,TOR,0,BOS,Final
20100428,mlb,300428113,CHW,5,TEX,6,TEX,Final
20100428,mlb,300428118,CIN,6,HOU,4,CIN,Final
20100428,mlb,300428124,ATL,0,STL,6,STL,Final
20100429,mlb,300429106,MIN,0,DET,3,DET,Final
20100429,mlb,300429124,ATL,4,STL,10,STL,Final
20100429,mlb,300429113,CHW,7,TEX,5,CHW,Final
20100429,mlb,300429116,ARI,13,CHC,5,ARI,Final
20100429,mlb,300429101,NYY,4,BAL,0,NYY,Final
20100429,mlb,300429130,KC,1,TB,11,TB,Final
20100429,mlb,300429118,CIN,4,HOU,2,CIN,Final
20100429,mlb,300429125,MIL,0,SD,9,SD,Final
20100429,mlb,300429119,PIT,2,LAD,0,PIT,Final
20100430,mlb,300430116,ARI,5,CHC,11,CHC,Final
20100430,mlb,300430101,BOS,4,BAL,5,BAL,Final/10
20100430,mlb,300430105,MIN,9,CLE,3,MIN,Final
20100430,mlb,300430106,LAA,6,DET,10,DET,Final
20100430,mlb,300430110,CHW,4,NYY,6,NYY,Final
20100430,mlb,300430122,NYM,9,PHI,1,NYM,Final
20100430,mlb,300430130,KC,3,TB,2,KC,Final
20100430,mlb,300430115,HOU,2,ATL,4,ATL,Final
20100430,mlb,300430124,CIN,3,STL,2,CIN,Final
20100430,mlb,300430125,MIL,0,SD,3,SD,Final
20100430,mlb,300430112,TEX,2,SEA,0,TEX,Final/12
20100430,mlb,300430119,PIT,2,LAD,6,LAD,Final
20100430,mlb,300430126,COL,2,SF,5,SF,Final
20100501,mlb,300501106,LAA,2,DET,3,DET,Final
20100501,mlb,300501110,CHW,7,NYY,6,CHW,Final
20100501,mlb,300501116,ARI,5,CHC,7,CHC,Final
20100501,mlb,300501124,CIN,3,STL,6,STL,Final
20100501,mlb,300501112,TEX,6,SEA,3,TEX,Final
20100501,mlb,300501115,HOU,1,ATL,10,ATL,Final
20100501,mlb,300501122,NYM,0,PHI,10,PHI,Final
20100501,mlb,300501126,COL,1,SF,6,SF,Final
20100501,mlb,300501130,KC,4,TB,2,KC,Final/11
20100501,mlb,300501101,BOS,9,BAL,12,BAL,Final
20100501,mlb,300501105,MIN,4,CLE,5,CLE,Final/11
20100501,mlb,300501125,MIL,2,SD,1,MIL,Final
20100501,mlb,300501119,PIT,1,LAD,5,LAD,Final
20100502,mlb,300502105,MIN,8,CLE,3,MIN,Final
20100502,mlb,300502106,LAA,1,DET,5,DET,Final
20100502,mlb,300502110,CHW,3,NYY,12,NYY,Final
20100502,mlb,300502101,BOS,2,BAL,3,BAL,Final/10
20100502,mlb,300502115,HOU,1,ATL,7,ATL,Final
20100502,mlb,300502130,KC,0,TB,1,TB,Final
20100502,mlb,300502124,CIN,0,STL,6,STL,Final
20100502,mlb,300502116,ARI,5,CHC,10,CHC,Final
20100502,mlb,300502125,MIL,0,SD,8,SD,Final
20100502,mlb,300502126,COL,4,SF,1,COL,Final
20100502,mlb,300502112,TEX,3,SEA,1,TEX,Final/11
20100502,mlb,300502119,PIT,3,LAD,9,LAD,Final
20100502,mlb,300502122,NYM,5,PHI,11,PHI,Final
20100503,mlb,300503105,TOR,5,CLE,1,TOR,Final
20100503,mlb,300503110,BAL,1,NYY,4,NYY,Final
20100503,mlb,300503122,STL,6,PHI,3,STL,Final
20100503,mlb,300503102,LAA,8,BOS,17,BOS,Final
20100503,mlb,300503117,NYM,2,CIN,3,CIN,Final/11
20100503,mlb,300503118,ARI,9,HOU,1,ARI,Final
20100503,mlb,300503104,KC,1,CHW,5,CHW,Final
20100503,mlb,300503109,DET,4,MIN,10,MIN,Final
20100503,mlb,300503125,COL,5,SD,2,COL,Final
20100504,mlb,300504105,TOR,8,CLE,5,TOR,Final
20100504,mlb,300504110,BAL,1,NYY,4,NYY,Final
20100504,mlb,300504120,ATL,3,WSH,6,WSH,Final
20100504,mlb,300504122,STL,1,PHI,2,PHI,Final/10
20100504,mlb,300504123,CHC,2,PIT,3,PIT,Final
20100504,mlb,300504117,NYM,5,CIN,4,NYM,Final
20100504,mlb,400649641,LAA,1,BOS,5,BOS,Final
20100504,mlb,300504118,ARI,1,HOU,0,ARI,Final
20100504,mlb,300504104,KC,7,CHW,2,KC,Final
20100504,mlb,300504109,DET,3,MIN,4,MIN,Final
20100504,mlb,300504125,COL,2,SD,3,SD,Final
20100504,mlb,300504112,TB,5,SEA,2,TB,Final
20100504,mlb,300504119,MIL,11,LAD,6,MIL,Final
20100505,mlb,300505105,TOR,5,CLE,4,TOR,Final
20100505,mlb,300505117,NYM,4,CIN,5,CIN,Final/10
20100505,mlb,300505110,BAL,5,NYY,7,NYY,Final
20100505,mlb,300505109,DET,4,MIN,5,MIN,Final
20100505,mlb,300505120,ATL,7,WSH,6,ATL,Final/10
20100505,mlb,300505122,STL,0,PHI,4,PHI,Final
20100505,mlb,300505123,CHC,2,PIT,4,PIT,Final
20100505,mlb,300505102,LAA,1,BOS,3,BOS,Final
20100505,mlb,300505118,ARI,2,HOU,4,HOU,Final
20100505,mlb,300505104,KC,2,CHW,9,CHW,Final
20100505,mlb,300505125,COL,6,SD,5,COL,Final/12
20100505,mlb,300505112,TB,8,SEA,3,TB,Final
20100505,mlb,300505119,MIL,11,LAD,3,MIL,Final
20100506,mlb,300506122,STL,2,PHI,7,PHI,Final
20100506,mlb,300506120,ATL,2,WSH,3,WSH,Final
20100506,mlb,300506123,CHC,1,PIT,11,PIT,Final
20100506,mlb,300506102,LAA,6,BOS,11,BOS,Final
20100506,mlb,300506113,KC,12,TEX,13,TEX,Final
20100506,mlb,300506118,ARI,6,HOU,3,ARI,Final
20100506,mlb,300506104,TOR,2,CHW,0,TOR,Final
20100506,mlb,300506109,BAL,2,MIN,0,BAL,Final
20100506,mlb,300506112,TB,8,SEA,0,TB,Final
20100506,mlb,300506119,MIL,3,LAD,7,LAD,Final
20100507,mlb,300507122,ATL,0,PHI,7,PHI,Final
20100507,mlb,300507123,STL,4,PIT,3,STL,Final
20100507,mlb,300507117,CHC,14,CIN,7,CHC,Final
20100507,mlb,300507121,SF,4,NYM,6,NYM,Final
20100507,mlb,400649660,NYY,10,BOS,3,NYY,Final
20100507,mlb,300507113,KC,1,TEX,4,TEX,Final
20100507,mlb,300507118,SD,7,HOU,0,SD,Final
20100507,mlb,300507104,TOR,7,CHW,4,TOR,Final/12
20100507,mlb,300507129,MIL,3,ARI,2,MIL,Final
20100507,mlb,300507112,LAA,8,SEA,0,LAA,Final
20100507,mlb,300507119,COL,5,LAD,6,LAD,Final
20100508,mlb,300508105,DET,6,CLE,4,DET,Final
20100508,mlb,300508121,SF,4,NYM,5,NYM,Final/11
20100508,mlb,300508209,BAL,7,MIN,3,BAL,Final
20100508,mlb,300508102,NYY,14,BOS,3,NYY,Final
20100508,mlb,300508122,ATL,4,PHI,1,ATL,Final
20100508,mlb,300508104,TOR,3,CHW,7,CHW,Final
20100508,mlb,300508118,SD,2,HOU,1,SD,Final
20100508,mlb,300508123,STL,0,PIT,2,PIT,Final
20100508,mlb,300508117,CHC,2,CIN,14,CIN,Final
20100508,mlb,300508113,KC,2,TEX,3,TEX,Final
20100508,mlb,300508129,MIL,17,ARI,3,MIL,Final
20100508,mlb,300508309,BAL,1,MIN,6,MIN,Final
20100508,mlb,300508112,LAA,4,SEA,3,LAA,Final/10
20100508,mlb,300508119,COL,8,LAD,0,COL,Final
20100509,mlb,300509105,DET,4,CLE,7,CLE,Final
20100509,mlb,300509117,CHC,3,CIN,5,CIN,Final
20100509,mlb,300509121,SF,6,NYM,5,SF,Final
20100509,mlb,300509122,ATL,3,PHI,5,PHI,Final
20100509,mlb,300509123,STL,11,PIT,4,STL,Final
20100509,mlb,300509104,TOR,9,CHW,7,TOR,Final
20100509,mlb,300509118,SD,3,HOU,4,HOU,Final/11
20100509,mlb,300509109,BAL,0,MIN,6,MIN,Final
20100509,mlb,300509113,KC,4,TEX,6,TEX,Final
20100509,mlb,300509112,LAA,1,SEA,8,SEA,Final
20100509,mlb,300509119,COL,0,LAD,2,LAD,Final
20100509,mlb,300509129,MIL,6,ARI,1,MIL,Final
20100509,mlb,300509102,NYY,3,BOS,9,BOS,Final
20100510,mlb,300510106,NYY,4,DET,5,DET,Final
20100510,mlb,300510123,CIN,2,PIT,1,CIN,Final
20100510,mlb,300510102,TOR,6,BOS,7,BOS,Final
20100510,mlb,300510121,WSH,3,NYM,2,WSH,Final
20100510,mlb,300510108,ATL,8,MIL,2,ATL,Final
20100510,mlb,300510127,PHI,9,COL,5,PHI,Final
20100510,mlb,300510129,LAD,7,ARI,3,LAD,Final
20100510,mlb,300510103,TB,4,LAA,5,LAA,Final/11
20100511,mlb,300511101,SEA,5,BAL,1,SEA,Final
20100511,mlb,300511123,CIN,9,PIT,0,CIN,Final
20100511,mlb,300511102,TOR,1,BOS,6,BOS,Final
20100511,mlb,300511121,WSH,6,NYM,8,NYM,Final
20100511,mlb,300511108,ATL,11,MIL,3,ATL,Final
20100511,mlb,300511109,CHW,5,MIN,2,CHW,Final
20100511,mlb,300511107,CLE,8,KC,2,CLE,Final
20100511,mlb,300511124,HOU,6,STL,3,HOU,Final
20100511,mlb,300511129,LAD,13,ARI,3,LAD,Final
20100511,mlb,300511103,TB,7,LAA,2,TB,Final
20100511,mlb,300511126,SD,3,SF,2,SD,Final
20100512,mlb,300512123,CIN,5,PIT,0,CIN,Final
20100512,mlb,300512206,NYY,0,DET,2,DET,Final
20100512,mlb,300512108,ATL,9,MIL,2,ATL,Final
20100512,mlb,300512109,CHW,2,MIN,3,MIN,Final
20100512,mlb,300512121,WSH,6,NYM,4,WSH,Final
20100512,mlb,300512102,TOR,3,BOS,2,TOR,Final
20100512,mlb,300512227,PHI,3,COL,4,COL,Final/10
20100512,mlb,300512101,SEA,2,BAL,5,BAL,Final
20100512,mlb,300512103,TB,4,LAA,3,TB,Final
20100512,mlb,300512306,NYY,8,DET,0,NYY,Final
20100512,mlb,300512107,CLE,4,KC,0,CLE,Final
20100512,mlb,300512124,HOU,9,STL,6,HOU,Final
20100512,mlb,300512129,LAD,6,ARI,3,LAD,Final
20100512,mlb,300512126,SD,5,SF,2,SD,Final
20100513,mlb,300513101,SEA,5,BAL,6,BAL,Final
20100513,mlb,300513106,NYY,0,DET,6,DET,Final
20100513,mlb,300513124,HOU,4,STL,1,HOU,Final
20100513,mlb,300513107,CLE,4,KC,6,KC,Final
20100513,mlb,300513126,SD,1,SF,0,SD,Final
20100513,mlb,400742120,WSH,14,COL,6,WSH,Final/8
20100514,mlb,300514116,PIT,10,CHC,6,PIT,Final
20100514,mlb,300514101,CLE,1,BAL,8,BAL,Final
20100514,mlb,300514106,BOS,7,DET,2,BOS,Final
20100514,mlb,300514110,MIN,4,NYY,8,NYY,Final
20100514,mlb,300514114,TEX,10,TOR,16,TOR,Final
20100514,mlb,300514117,STL,4,CIN,3,STL,Final
20100514,mlb,300514130,SEA,4,TB,3,SEA,Final
20100514,mlb,300514115,ARI,5,ATL,6,ATL,Final
20100514,mlb,300514107,CHW,1,KC,6,KC,Final
20100514,mlb,300514108,PHI,9,MIL,5,PHI,Final
20100514,mlb,300514125,LAD,4,SD,3,LAD,Final
20100514,mlb,300514126,HOU,2,SF,8,SF,Final
20100515,mlb,300515110,MIN,1,NYY,7,NYY,Final
20100515,mlb,300515116,PIT,4,CHC,3,PIT,Final
20100515,mlb,300515114,TEX,0,TOR,6,TOR,Final
20100515,mlb,300515227,WSH,2,COL,6,COL,Final
20100515,mlb,300515108,PHI,10,MIL,6,PHI,Final
20100515,mlb,300515126,HOU,1,SF,2,SF,Final
20100515,mlb,300515130,SEA,2,TB,3,TB,Final
20100515,mlb,300515101,CLE,8,BAL,2,CLE,Final
20100515,mlb,300515106,BOS,6,DET,7,DET,Final/12
20100515,mlb,300515107,CHW,5,KC,4,CHW,Final
20100515,mlb,300515115,ARI,11,ATL,1,ARI,Final
20100515,mlb,300515117,STL,3,CIN,4,CIN,Final
20100515,mlb,300515327,WSH,3,COL,4,COL,Final
20100515,mlb,300515125,LAD,4,SD,1,LAD,Final
20100516,mlb,300516106,BOS,1,DET,5,DET,Final
20100516,mlb,300516110,MIN,6,NYY,3,MIN,Final
20100516,mlb,300516114,TEX,2,TOR,5,TOR,Final
20100516,mlb,300516117,STL,2,CIN,7,CIN,Final
20100516,mlb,300516101,CLE,5,BAL,1,CLE,Final
20100516,mlb,300516115,ARI,1,ATL,13,ATL,Final
20100516,mlb,300516130,SEA,1,TB,2,TB,Final
20100516,mlb,300516107,CHW,3,KC,5,KC,Final
20100516,mlb,300516116,PIT,3,CHC,4,CHC,Final
20100516,mlb,300516127,WSH,1,COL,2,COL,Final
20100516,mlb,300516125,LAD,1,SD,0,LAD,Final
20100516,mlb,300516126,HOU,3,SF,4,SF,Final
20100516,mlb,300516108,PHI,4,MIL,2,PHI,Final
20100517,mlb,300517101,KC,4,BAL,3,KC,Final
20100517,mlb,300517110,BOS,9,NYY,11,NYY,Final
20100517,mlb,300517122,PIT,2,PHI,12,PHI,Final
20100517,mlb,300517114,MIN,8,TOR,3,MIN,Final
20100517,mlb,300517115,NYM,3,ATL,2,NYM,Final
20100517,mlb,300517117,MIL,3,CIN,6,CIN,Final
20100517,mlb,300517130,CLE,3,TB,4,TB,Final/11
20100517,mlb,300517113,LAA,3,TEX,4,TEX,Final
20100517,mlb,300517116,COL,2,CHC,4,CHC,Final/11
20100517,mlb,300517124,WSH,2,STL,6,STL,Final
20100517,mlb,300517125,SF,1,SD,3,SD,Final
20100517,mlb,300517119,HOU,2,LAD,6,LAD,Final
20100518,mlb,300518117,MIL,4,CIN,5,CIN,Final
20100518,mlb,300518114,MIN,2,TOR,11,TOR,Final
20100518,mlb,300518106,CHW,6,DET,2,CHW,Final
20100518,mlb,300518130,CLE,2,TB,6,TB,Final
20100518,mlb,300518101,KC,3,BAL,4,BAL,Final/10
20100518,mlb,300518110,BOS,7,NYY,6,BOS,Final
20100518,mlb,300518122,PIT,2,PHI,1,PIT,Final
20100518,mlb,300518115,NYM,2,ATL,3,ATL,Final
20100518,mlb,300518113,LAA,7,TEX,8,TEX,Final
20100518,mlb,300518116,COL,2,CHC,6,CHC,Final
20100518,mlb,300518124,WSH,2,STL,3,STL,Final
20100518,mlb,300518125,SF,7,SD,6,SF,Final/12
20100518,mlb,300518119,HOU,3,LAD,7,LAD,Final
20100519,mlb,300519105,KC,8,CLE,4,KC,Final
20100519,mlb,300519110,TB,10,NYY,6,TB,Final
20100519,mlb,300519120,NYM,3,WSH,5,WSH,Final
20100519,mlb,300519122,CHC,4,PHI,1,CHC,Final
20100519,mlb,300519123,MIL,4,PIT,6,PIT,Final
20100519,mlb,300519102,MIN,2,BOS,3,BOS,Final
20100519,mlb,300519115,CIN,4,ATL,5,ATL,Final
20100519,mlb,300519113,BAL,3,TEX,4,TEX,Final
20100519,mlb,300519118,COL,3,HOU,7,HOU,Final
20100519,mlb,300519104,LAA,3,CHW,2,LAA,Final
20100519,mlb,300519129,SF,1,ARI,13,ARI,Final
20100519,mlb,300519112,TOR,3,SEA,2,TOR,Final
20100519,mlb,300519119,SD,10,LAD,5,SD,Final
20100520,mlb,300520105,KC,9,CLE,3,KC,Final
20100520,mlb,300520115,CIN,9,ATL,10,ATL,Final
20100520,mlb,300520122,CHC,4,PHI,5,PHI,Final
20100520,mlb,300520112,TOR,3,SEA,4,SEA,Final
20100520,mlb,300520110,TB,8,NYY,6,TB,Final
20100520,mlb,300520120,NYM,10,WSH,7,NYM,Final
20100520,mlb,300520123,MIL,4,PIT,3,MIL,Final
20100520,mlb,300520102,MIN,2,BOS,6,BOS,Final
20100520,mlb,300520113,BAL,7,TEX,13,TEX,Final
20100520,mlb,300520118,COL,4,HOU,0,COL,Final
20100520,mlb,300520104,LAA,6,CHW,5,LAA,Final
20100520,mlb,300520129,SF,7,ARI,8,ARI,Final
20100520,mlb,300520119,SD,1,LAD,4,LAD,Final
20100521,mlb,300521105,CIN,7,CLE,4,CIN,Final
20100521,mlb,300521120,BAL,5,WSH,3,BAL,Final
20100521,mlb,300521122,BOS,1,PHI,5,PHI,Final
20100521,mlb,300521123,ATL,7,PIT,0,ATL,Final
20100521,mlb,300521121,NYY,2,NYM,1,NYY,Final
20100521,mlb,300521113,CHC,1,TEX,2,TEX,Final
20100521,mlb,300521118,TB,1,HOU,2,HOU,Final
20100521,mlb,300521107,COL,2,KC,9,KC,Final
20100521,mlb,300521109,MIL,3,MIN,15,MIN,Final
20100521,mlb,300521124,LAA,5,STL,9,STL,Final
20100521,mlb,300521129,TOR,6,ARI,8,ARI,Final
20100521,mlb,300521112,SD,8,SEA,15,SEA,Final
20100521,mlb,300521119,DET,1,LAD,4,LAD,Final
20100522,mlb,300522124,LAA,10,STL,7,LAA,Final
20100522,mlb,300522120,BAL,6,WSH,7,WSH,Final
20100522,mlb,300522107,COL,3,KC,0,COL,Final
20100522,mlb,300522109,MIL,7,MIN,8,MIN,Final/12
20100522,mlb,300522105,CIN,6,CLE,4,CIN,Final
20100522,mlb,300522118,TB,4,HOU,2,TB,Final
20100522,mlb,300522123,ATL,4,PIT,2,ATL,Final
20100522,mlb,300522113,CHC,5,TEX,4,CHC,Final/10
20100522,mlb,300522119,DET,4,LAD,6,LAD,Final
20100522,mlb,300522121,NYY,3,NYM,5,NYM,Final
20100522,mlb,300522122,BOS,5,PHI,0,BOS,Final
20100522,mlb,300522129,TOR,5,ARI,8,ARI,Final
20100522,mlb,300522112,SD,2,SEA,1,SD,Final
20100523,mlb,300523105,CIN,3,CLE,4,CLE,Final
20100523,mlb,300523120,BAL,3,WSH,4,WSH,Final/10
20100523,mlb,300523122,BOS,8,PHI,3,BOS,Final
20100523,mlb,300523123,ATL,2,PIT,3,PIT,Final/10
20100523,mlb,300523113,CHC,5,TEX,4,CHC,Final
20100523,mlb,300523118,TB,10,HOU,6,TB,Final
20100523,mlb,300523107,COL,11,KC,7,COL,Final
20100523,mlb,300523109,MIL,4,MIN,3,MIL,Final
20100523,mlb,300523124,LAA,5,STL,6,STL,Final/10
20100523,mlb,300523112,SD,8,SEA,1,SD,Final
20100523,mlb,300523119,DET,6,LAD,2,DET,Final
20100523,mlb,300523129,TOR,12,ARI,4,TOR,Final
20100523,mlb,300523121,NYY,4,NYM,6,NYM,Final
20100524,mlb,300524105,CHW,7,CLE,2,CHW,Final
20100524,mlb,300524117,PIT,5,CIN,7,CIN,Final
20100524,mlb,300524130,BOS,6,TB,1,BOS,Final
20100524,mlb,300524103,TOR,6,LAA,0,TOR,Final
20100525,mlb,300525105,CHW,3,CLE,7,CLE,Final
20100525,mlb,300525117,PIT,2,CIN,1,PIT,Final
20100525,mlb,300525121,PHI,0,NYM,8,NYM,Final
20100525,mlb,300525130,BOS,2,TB,0,BOS,Final
20100525,mlb,300525116,LAD,0,CHC,3,CHC,Final
20100525,mlb,300525107,TEX,8,KC,7,TEX,Final
20100525,mlb,300525108,HOU,1,MIL,6,MIL,Final
20100525,mlb,300525109,NYY,1,MIN,0,NYY,Final
20100525,mlb,300525127,ARI,2,COL,3,COL,Final
20100525,mlb,300525103,TOR,3,LAA,8,LAA,Final
20100525,mlb,300525125,STL,0,SD,1,SD,Final
20100525,mlb,300525112,DET,3,SEA,5,SEA,Final
20100525,mlb,300525126,WSH,2,SF,4,SF,Final
20100526,mlb,300526105,CHW,5,CLE,4,CHW,Final
20100526,mlb,300526107,TEX,2,KC,5,KC,Final
20100526,mlb,300526112,DET,4,SEA,5,SEA,Final
20100526,mlb,300526103,TOR,5,LAA,6,LAA,Final
20100526,mlb,300526109,NYY,3,MIN,2,NYY,Final
20100526,mlb,300526117,PIT,0,CIN,4,CIN,Final
20100526,mlb,300526121,PHI,0,NYM,5,NYM,Final
20100526,mlb,300526130,BOS,11,TB,3,BOS,Final
20100526,mlb,300526116,LAD,8,CHC,5,LAD,Final
20100526,mlb,300526108,HOU,5,MIL,0,HOU,Final
20100526,mlb,300526127,ARI,3,COL,7,COL,Final
20100526,mlb,300526125,STL,1,SD,2,SD,Final/13
20100526,mlb,300526126,WSH,7,SF,3,WSH,Final
20100527,mlb,300527108,HOU,3,MIL,4,MIL,Final/10
20100527,mlb,300527116,LAD,0,CHC,1,CHC,Final
20100527,mlb,300527127,ARI,2,COL,8,COL,Final
20100527,mlb,300527126,WSH,4,SF,5,SF,Final
20100527,mlb,300527125,STL,8,SD,3,STL,Final
20100527,mlb,300527102,KC,4,BOS,3,KC,Final
20100527,mlb,300527117,PIT,2,CIN,8,CIN,Final
20100527,mlb,300527121,PHI,0,NYM,3,NYM,Final
20100527,mlb,300527130,CHW,1,TB,5,TB,Final
20100527,mlb,300527109,NYY,2,MIN,8,MIN,Final
20100528,mlb,300528116,STL,7,CHC,1,STL,Final
20100528,mlb,300528110,CLE,2,NYY,8,NYY,Final
20100528,mlb,300528114,BAL,0,TOR,5,TOR,Final
20100528,mlb,300528102,KC,12,BOS,5,KC,Final
20100528,mlb,300528117,HOU,6,CIN,15,CIN,Final
20100528,mlb,300528130,CHW,4,TB,2,CHW,Final
20100528,mlb,300528115,PIT,3,ATL,7,ATL,Final
20100528,mlb,300528108,NYM,0,MIL,2,MIL,Final
20100528,mlb,300528109,TEX,1,MIN,2,MIN,Final
20100528,mlb,300528127,LAD,5,COL,4,LAD,Final
20100528,mlb,300528103,SEA,8,LAA,3,SEA,Final
20100528,mlb,300528125,WSH,5,SD,3,WSH,Final
20100528,mlb,300528126,ARI,0,SF,5,SF,Final
20100529,mlb,300529110,CLE,13,NYY,11,CLE,Final
20100529,mlb,300529114,BAL,2,TOR,5,TOR,Final
20100529,mlb,300529103,SEA,1,LAA,5,LAA,Final/10
20100529,mlb,300529109,TEX,3,MIN,8,MIN,Final
20100529,mlb,300529116,STL,0,CHC,5,CHC,Final
20100529,mlb,300529102,KC,0,BOS,1,BOS,Final
20100529,mlb,300529108,NYM,6,MIL,8,MIL,Final
20100529,mlb,300529115,PIT,3,ATL,6,ATL,Final
20100529,mlb,300529117,HOU,2,CIN,12,CIN,Final
20100529,mlb,300529130,CHW,5,TB,8,TB,Final
20100529,mlb,300529127,LAD,3,COL,11,COL,Final
20100529,mlb,300529125,WSH,2,SD,4,SD,Final
20100529,mlb,300529126,ARI,1,SF,12,SF,Final
20100530,mlb,300530110,CLE,3,NYY,7,NYY,Final
20100530,mlb,300530114,BAL,1,TOR,6,TOR,Final
20100530,mlb,300530117,HOU,2,CIN,0,HOU,Final/10
20100530,mlb,300530102,KC,1,BOS,8,BOS,Final
20100530,mlb,300530115,PIT,2,ATL,5,ATL,Final
20100530,mlb,300530130,CHW,8,TB,5,CHW,Final
20100530,mlb,300530108,NYM,10,MIL,4,NYM,Final
20100530,mlb,300530116,STL,9,CHC,1,STL,Final
20100530,mlb,300530127,LAD,4,COL,3,LAD,Final
20100530,mlb,300530103,SEA,7,LAA,9,LAA,Final
20100530,mlb,300530125,WSH,2,SD,3,SD,Final/11
20100530,mlb,300530126,ARI,5,SF,6,SF,Final/10
20100530,mlb,300530109,TEX,3,MIN,6,MIN,Final
20100531,mlb,300531110,CLE,2,NYY,11,NYY,Final
20100531,mlb,300531115,PHI,3,ATL,9,ATL,Final
20100531,mlb,300531123,CHC,1,PIT,2,PIT,Final
20100531,mlb,300531118,WSH,14,HOU,4,WSH,Final
20100531,mlb,300531107,LAA,7,KC,1,LAA,Final
20100531,mlb,300531126,COL,4,SF,0,COL,Final
20100531,mlb,300531124,CIN,4,STL,12,STL,Final
20100531,mlb,300531114,TB,2,TOR,3,TOR,Final
20100531,mlb,300531119,ARI,4,LAD,5,LAD,Final
20100531,mlb,300531125,NYM,6,SD,18,SD,Final
20100531,mlb,300531112,MIN,5,SEA,4,MIN,Final
20100601,mlb,300601106,CLE,3,DET,2,CLE,Final
20100601,mlb,300601110,BAL,1,NYY,3,NYY,Final
20100601,mlb,300601123,CHC,2,PIT,3,PIT,Final
20100601,mlb,300601114,TB,7,TOR,6,TB,Final
20100601,mlb,300601115,PHI,3,ATL,7,ATL,Final
20100601,mlb,300601118,WSH,7,HOU,8,HOU,Final
20100601,mlb,300601104,TEX,9,CHW,6,TEX,Final
20100601,mlb,300601107,LAA,3,KC,6,KC,Final
20100601,mlb,300601124,CIN,9,STL,8,CIN,Final
20100601,mlb,300601125,NYM,4,SD,2,NYM,Final
20100601,mlb,300601112,MIN,1,SEA,7,SEA,Final
20100601,mlb,300601119,ARI,0,LAD,1,LAD,Final/10
20100601,mlb,300601126,COL,2,SF,1,COL,Final/11
20100602,mlb,300602115,PHI,1,ATL,2,ATL,Final
20100602,mlb,300602119,ARI,0,LAD,1,LAD,Final/14
20100602,mlb,300602125,NYM,1,SD,5,SD,Final/11
20100602,mlb,300602106,CLE,0,DET,3,DET,Final
20100602,mlb,300602110,BAL,1,NYY,9,NYY,Final
20100602,mlb,300602114,TB,7,TOR,3,TB,Final
20100602,mlb,300602118,WSH,1,HOU,5,HOU,Final
20100602,mlb,300602104,TEX,9,CHW,5,TEX,Final
20100602,mlb,300602107,LAA,7,KC,2,LAA,Final
20100602,mlb,300602124,CIN,1,STL,4,STL,Final
20100602,mlb,300602112,MIN,1,SEA,2,SEA,Final/10
20100602,mlb,300602126,COL,1,SF,4,SF,Final
20100603,mlb,300603106,CLE,6,DET,12,DET,Final
20100603,mlb,300603110,BAL,3,NYY,6,NYY,Final
20100603,mlb,300603118,WSH,4,HOU,6,HOU,Final
20100603,mlb,300603107,LAA,5,KC,4,LAA,Final
20100603,mlb,300603104,TEX,3,CHW,4,CHW,Final
20100603,mlb,300603112,MIN,1,SEA,4,SEA,Final
20100603,mlb,300603119,ATL,4,LAD,3,ATL,Final
20100604,mlb,300604101,BOS,11,BAL,0,BOS,Final
20100604,mlb,300604120,CIN,2,WSH,4,WSH,Final
20100604,mlb,300604122,SD,2,PHI,3,PHI,Final
20100604,mlb,300604123,SF,6,PIT,4,SF,Final
20100604,mlb,300604114,NYY,1,TOR,6,TOR,Final
20100604,mlb,300604113,TB,6,TEX,9,TEX,Final
20100604,mlb,300604118,CHC,1,HOU,3,HOU,Final
20100604,mlb,300604104,CLE,10,CHW,1,CLE,Final
20100604,mlb,300604107,DET,3,KC,7,KC,Final
20100604,mlb,300604124,MIL,0,STL,8,STL,Final
20100604,mlb,300604129,COL,6,ARI,7,ARI,Final
20100604,mlb,300604112,LAA,7,SEA,1,LAA,Final
20100604,mlb,300604119,ATL,4,LAD,5,LAD,Final
20100605,mlb,300605114,NYY,2,TOR,3,TOR,Final/14
20100605,mlb,300605112,LAA,11,SEA,2,LAA,Final
20100605,mlb,300605113,TB,1,TEX,6,TEX,Final
20100605,mlb,300605124,MIL,4,STL,5,STL,Final/11
20100605,mlb,300605101,BOS,8,BAL,2,BOS,Final
20100605,mlb,300605104,CLE,3,CHW,1,CLE,Final
20100605,mlb,300605118,CHC,8,HOU,5,CHC,Final
20100605,mlb,300605120,CIN,5,WSH,1,CIN,Final
20100605,mlb,300605122,SD,2,PHI,6,PHI,Final
20100605,mlb,300605123,SF,3,PIT,6,PIT,Final
20100605,mlb,300605107,DET,4,KC,2,DET,Final
20100605,mlb,300605129,COL,3,ARI,4,ARI,Final
20100605,mlb,300605119,ATL,9,LAD,3,ATL,Final
20100606,mlb,300606114,NYY,4,TOR,3,NYY,Final
20100606,mlb,300606101,BOS,3,BAL,4,BAL,Final/11
20100606,mlb,300606120,CIN,5,WSH,4,CIN,Final/10
20100606,mlb,300606122,SD,6,PHI,5,SD,Final/10
20100606,mlb,300606123,SF,6,PIT,5,SF,Final/10
20100606,mlb,300606104,CLE,7,CHW,8,CHW,Final
20100606,mlb,300606118,CHC,3,HOU,6,HOU,Final
20100606,mlb,300606107,DET,2,KC,7,KC,Final
20100606,mlb,300606113,TB,9,TEX,5,TB,Final
20100606,mlb,300606112,LAA,9,SEA,4,LAA,Final
20100606,mlb,300606119,ATL,4,LAD,5,LAD,Final/11
20100606,mlb,300606129,COL,3,ARI,2,COL,Final
20100606,mlb,300606124,MIL,4,STL,3,MIL,Final/10
20100607,mlb,300607123,CHC,6,PIT,1,CHC,Final
20100607,mlb,300607105,BOS,4,CLE,1,BOS,Final
20100607,mlb,300607122,SD,3,PHI,1,SD,Final
20100607,mlb,300607117,SF,6,CIN,5,SF,Final
20100607,mlb,300607113,SEA,4,TEX,2,SEA,Final
20100607,mlb,300607127,HOU,1,COL,5,COL,Final
20100607,mlb,300607129,ATL,4,ARI,7,ARI,Final
20100607,mlb,300607119,STL,4,LAD,12,LAD,Final
20100608,mlb,300608101,NYY,12,BAL,7,NYY,Final
20100608,mlb,300608105,BOS,3,CLE,2,BOS,Final
20100608,mlb,300608120,PIT,2,WSH,5,WSH,Final
20100608,mlb,300608117,SF,3,CIN,0,SF,Final
20100608,mlb,300608121,SD,1,NYM,2,NYM,Final/11
20100608,mlb,300608130,TOR,0,TB,9,TB,Final
20100608,mlb,300608113,SEA,1,TEX,7,TEX,Final
20100608,mlb,300608104,DET,7,CHW,2,DET,Final
20100608,mlb,300608108,CHC,2,MIL,3,MIL,Final
20100608,mlb,300608109,KC,3,MIN,7,MIN,Final
20100608,mlb,300608127,HOU,4,COL,3,HOU,Final
20100608,mlb,300608129,ATL,7,ARI,5,ATL,Final
20100608,mlb,300608119,STL,0,LAD,1,LAD,Final
20100609,mlb,300609101,NYY,4,BAL,2,NYY,Final
20100609,mlb,300609105,BOS,0,CLE,11,CLE,Final
20100609,mlb,300609120,PIT,5,WSH,7,WSH,Final
20100609,mlb,300609117,SF,3,CIN,6,CIN,Final
20100609,mlb,300609130,TOR,1,TB,10,TB,Final
20100609,mlb,300609113,SEA,2,TEX,12,TEX,Final
20100609,mlb,300609104,DET,3,CHW,15,CHW,Final
20100609,mlb,300609108,CHC,9,MIL,4,CHC,Final
20100609,mlb,300609109,KC,2,MIN,6,MIN,Final
20100609,mlb,300609127,HOU,6,COL,2,HOU,Final/10
20100609,mlb,300609129,ATL,1,ARI,2,ARI,Final
20100609,mlb,300609119,STL,3,LAD,4,LAD,Final
20100610,mlb,300610117,SF,6,CIN,7,CIN,Final
20100610,mlb,300610221,SD,4,NYM,2,SD,Final
20100610,mlb,300610104,DET,0,CHW,3,CHW,Final
20100610,mlb,300610108,CHC,4,MIL,5,MIL,Final/10
20100610,mlb,300610127,HOU,5,COL,4,HOU,Final
20100610,mlb,300610129,ATL,11,ARI,7,ATL,Final
20100610,mlb,300610101,NYY,3,BAL,4,BAL,Final
20100610,mlb,300610105,BOS,7,CLE,8,CLE,Final
20100610,mlb,300610120,PIT,2,WSH,4,WSH,Final
20100610,mlb,300610130,TOR,3,TB,2,TOR,Final
20100610,mlb,300610321,SD,0,NYM,3,NYM,Final
20100610,mlb,300610113,SEA,3,TEX,12,TEX,Final
20100610,mlb,300610109,KC,9,MIN,8,KC,Final
20100611,mlb,300611116,CHW,10,CHC,5,CHW,Final
20100611,mlb,300611101,NYM,5,BAL,1,NYM,Final
20100611,mlb,300611105,WSH,2,CLE,7,CLE,Final
20100611,mlb,300611106,PIT,2,DET,6,DET,Final
20100611,mlb,300611110,HOU,3,NYY,4,NYY,Final
20100611,mlb,300611102,PHI,2,BOS,12,BOS,Final
20100611,mlb,300611117,KC,6,CIN,5,KC,Final/11
20100611,mlb,300611108,TEX,2,MIL,6,MIL,Final
20100611,mlb,300611109,ATL,1,MIN,2,MIN,Final
20100611,mlb,300611127,TOR,3,COL,5,COL,Final/6
20100611,mlb,300611129,STL,5,ARI,2,STL,Final
20100611,mlb,300611125,SEA,3,SD,4,SD,Final
20100611,mlb,300611119,LAA,10,LAD,1,LAA,Final
20100612,mlb,300612110,HOU,3,NYY,9,NYY,Final
20100612,mlb,300612102,PHI,2,BOS,10,BOS,Final
20100612,mlb,300612116,CHW,2,CHC,1,CHW,Final
20100612,mlb,300612101,NYM,3,BAL,1,NYM,Final
20100612,mlb,300612105,WSH,1,CLE,7,CLE,Final
20100612,mlb,300612106,PIT,3,DET,4,DET,Final/10
20100612,mlb,300612108,TEX,4,MIL,3,TEX,Final
20100612,mlb,300612109,ATL,3,MIN,2,ATL,Final
20100612,mlb,300612117,KC,5,CIN,11,CIN,Final
20100612,mlb,300612127,TOR,0,COL,1,COL,Final
20100612,mlb,300612129,STL,2,ARI,7,ARI,Final
20100612,mlb,300612125,SEA,1,SD,7,SD,Final
20100612,mlb,300612119,LAA,4,LAD,2,LAA,Final
20100613,mlb,300613105,WSH,9,CLE,4,WSH,Final
20100613,mlb,300613106,PIT,3,DET,4,DET,Final
20100613,mlb,300613110,HOU,5,NYY,9,NYY,Final
20100613,mlb,300613117,KC,7,CIN,3,KC,Final
20100613,mlb,300613101,NYM,11,BAL,4,NYM,Final
20100613,mlb,300613102,PHI,5,BOS,3,PHI,Final
20100613,mlb,300613108,TEX,7,MIL,2,TEX,Final
20100613,mlb,300613109,ATL,7,MIN,3,ATL,Final
20100613,mlb,300613127,TOR,3,COL,10,COL,Final
20100613,mlb,300613125,SEA,4,SD,2,SEA,Final
20100613,mlb,300613119,LAA,6,LAD,5,LAA,Final
20100613,mlb,300613129,STL,5,ARI,7,ARI,Final
20100613,mlb,300613116,CHW,0,CHC,1,CHC,Final
20100614,mlb,300614124,SEA,3,STL,9,STL,Final
20100614,mlb,300614103,MIL,12,LAA,2,MIL,Final
20100614,mlb,300614125,TOR,6,SD,3,TOR,Final
20100614,mlb,300614126,BAL,2,SF,10,SF,Final
20100615,mlb,300615105,NYM,7,CLE,6,NYM,Final
20100615,mlb,300615106,WSH,4,DET,7,DET,Final
20100615,mlb,300615110,PHI,3,NYY,8,NYY,Final
20100615,mlb,300615123,CHW,6,PIT,4,CHW,Final
20100615,mlb,300615102,ARI,3,BOS,6,BOS,Final
20100615,mlb,300615115,TB,10,ATL,4,TB,Final
20100615,mlb,300615117,LAD,12,CIN,0,LAD,Final
20100615,mlb,300615107,HOU,7,KC,15,KC,Final
20100615,mlb,300615109,COL,3,MIN,9,MIN,Final
20100615,mlb,300615124,SEA,2,STL,4,STL,Final
20100615,mlb,300615125,TOR,2,SD,8,SD,Final
20100615,mlb,400702608,MIL,7,LAA,1,MIL,Final
20100615,mlb,300615126,BAL,4,SF,1,BAL,Final
20100616,mlb,300616126,BAL,3,SF,6,SF,Final
20100616,mlb,300616125,TOR,7,SD,1,TOR,Final
20100616,mlb,300616103,MIL,1,LAA,5,LAA,Final
20100616,mlb,300616105,NYM,8,CLE,4,NYM,Final
20100616,mlb,300616106,WSH,3,DET,8,DET,Final
20100616,mlb,300616110,PHI,6,NYY,3,PHI,Final
20100616,mlb,300616123,CHW,7,PIT,2,CHW,Final
20100616,mlb,300616102,ARI,2,BOS,6,BOS,Final
20100616,mlb,300616115,TB,2,ATL,6,ATL,Final
20100616,mlb,300616117,LAD,6,CIN,2,LAD,Final
20100616,mlb,300616107,HOU,4,KC,2,HOU,Final
20100616,mlb,300616109,COL,1,MIN,2,MIN,Final
20100616,mlb,300616124,SEA,2,STL,1,SEA,Final
20100617,mlb,300617117,LAD,1,CIN,7,CIN,Final
20100617,mlb,300617106,WSH,3,DET,8,DET,Final
20100617,mlb,300617109,COL,5,MIN,1,COL,Final
20100617,mlb,300617102,ARI,5,BOS,8,BOS,Final
20100617,mlb,300617105,NYM,6,CLE,4,NYM,Final
20100617,mlb,300617110,PHI,7,NYY,1,PHI,Final
20100617,mlb,300617123,CHW,5,PIT,4,CHW,Final
20100617,mlb,300617115,TB,1,ATL,3,ATL,Final
20100617,mlb,300617107,HOU,2,KC,5,KC,Final
20100618,mlb,300618116,LAA,7,CHC,6,LAA,Final
20100618,mlb,300618106,ARI,5,DET,7,DET,Final
20100618,mlb,300618110,NYM,4,NYY,0,NYM,Final
20100618,mlb,300618120,CHW,2,WSH,1,CHW,Final/11
20100618,mlb,300618122,MIN,5,PHI,9,PHI,Final
20100618,mlb,300618123,CLE,4,PIT,3,CLE,Final
20100618,mlb,300618114,SF,2,TOR,3,TOR,Final
20100618,mlb,300618102,LAD,6,BOS,10,BOS,Final
20100618,mlb,300618115,KC,4,ATL,6,ATL,Final
20100618,mlb,300618118,TEX,9,HOU,3,TEX,Final
20100618,mlb,300618127,MIL,0,COL,2,COL,Final
20100618,mlb,300618125,BAL,2,SD,3,SD,Final
20100618,mlb,300618112,CIN,0,SEA,1,SEA,Final
20100619,mlb,300619110,NYM,3,NYY,5,NYY,Final
20100619,mlb,300619116,LAA,12,CHC,0,LAA,Final
20100619,mlb,300619114,SF,0,TOR,3,TOR,Final
20100619,mlb,300619102,LAD,4,BOS,5,BOS,Final
20100619,mlb,300619120,CHW,1,WSH,0,CHW,Final
20100619,mlb,300619122,MIN,13,PHI,10,MIN,Final/11
20100619,mlb,300619106,ARI,6,DET,5,ARI,Final
20100619,mlb,300619118,TEX,5,HOU,1,TEX,Final
20100619,mlb,300619123,CLE,4,PIT,6,PIT,Final
20100619,mlb,300619115,KC,4,ATL,5,ATL,Final
20100619,mlb,300619127,MIL,7,COL,8,COL,Final
20100619,mlb,300619125,BAL,5,SD,4,BAL,Final
20100619,mlb,300619112,CIN,1,SEA,5,SEA,Final
20100620,mlb,300620106,ARI,1,DET,3,DET,Final
20100620,mlb,300620110,NYM,0,NYY,4,NYY,Final
20100620,mlb,300620114,SF,9,TOR,6,SF,Final
20100620,mlb,300620115,KC,5,ATL,8,ATL,Final
20100620,mlb,300620120,CHW,6,WSH,3,CHW,Final
20100620,mlb,300620122,MIN,4,PHI,1,MIN,Final
20100620,mlb,300620123,CLE,3,PIT,5,PIT,Final
20100620,mlb,300620118,TEX,5,HOU,4,TEX,Final/10
20100620,mlb,300620116,LAA,1,CHC,12,CHC,Final
20100620,mlb,300620127,MIL,6,COL,1,MIL,Final
20100620,mlb,300620125,BAL,4,SD,9,SD,Final
20100620,mlb,300620112,CIN,0,SEA,1,SEA,Final
20100620,mlb,300620102,LAD,0,BOS,2,BOS,Final
20100621,mlb,300621120,KC,1,WSH,2,WSH,Final
20100621,mlb,300621129,NYY,4,ARI,10,ARI,Final
20100622,mlb,300622120,KC,3,WSH,4,WSH,Final
20100622,mlb,300622122,CLE,1,PHI,2,PHI,Final
20100622,mlb,300622114,STL,9,TOR,4,STL,Final
20100622,mlb,300622121,DET,6,NYM,14,NYM,Final
20100622,mlb,300622130,SD,2,TB,1,SD,Final
20100622,mlb,300622113,PIT,3,TEX,6,TEX,Final
20100622,mlb,300622118,SF,3,HOU,1,SF,Final
20100622,mlb,300622104,ATL,6,CHW,9,CHW,Final
20100622,mlb,300622108,MIN,5,MIL,7,MIL,Final
20100622,mlb,300622127,BOS,1,COL,2,COL,Final
20100622,mlb,300622129,NYY,9,ARI,3,NYY,Final
20100622,mlb,300622103,LAD,3,LAA,6,LAA,Final
20100622,mlb,300622112,CHC,0,SEA,2,SEA,Final
20100623,mlb,300623120,KC,1,WSH,0,KC,Final
20100623,mlb,300623122,CLE,6,PHI,7,PHI,Final
20100623,mlb,300623114,STL,1,TOR,0,STL,Final
20100623,mlb,300623121,DET,0,NYM,5,NYM,Final
20100623,mlb,300623130,SD,5,TB,4,SD,Final
20100623,mlb,300623113,PIT,3,TEX,13,TEX,Final
20100623,mlb,300623118,SF,3,HOU,6,HOU,Final
20100623,mlb,300623104,ATL,2,CHW,4,CHW,Final
20100623,mlb,300623108,MIN,3,MIL,5,MIL,Final
20100623,mlb,300623127,BOS,6,COL,8,COL,Final
20100623,mlb,300623129,NYY,6,ARI,5,NYY,Final/10
20100623,mlb,300623103,LAD,1,LAA,2,LAA,Final
20100623,mlb,300623112,CHC,1,SEA,8,SEA,Final
20100624,mlb,300624130,SD,3,TB,5,TB,Final
20100624,mlb,300624122,CLE,3,PHI,12,PHI,Final
20100624,mlb,300624104,ATL,0,CHW,2,CHW,Final
20100624,mlb,300624118,SF,5,HOU,7,HOU,Final
20100624,mlb,300624108,MIN,0,MIL,5,MIL,Final
20100624,mlb,300624112,CHC,3,SEA,2,CHC,Final/13
20100624,mlb,300624114,STL,0,TOR,5,TOR,Final
20100624,mlb,300624121,DET,6,NYM,5,DET,Final
20100624,mlb,300624113,PIT,5,TEX,6,TEX,Final
20100624,mlb,300624127,BOS,13,COL,11,BOS,Final/10
20100624,mlb,300624103,LAD,10,LAA,6,LAD,Final
20100625,mlb,300625104,CHC,0,CHW,6,CHW,Final
20100625,mlb,300625101,WSH,6,BAL,7,BAL,Final
20100625,mlb,300625114,PHI,9,TOR,0,PHI,Final
20100625,mlb,300625117,CLE,3,CIN,10,CIN,Final
20100625,mlb,300625121,MIN,2,NYM,5,NYM,Final
20100625,mlb,300625130,ARI,1,TB,0,ARI,Final
20100625,mlb,300625115,DET,1,ATL,3,ATL,Final
20100625,mlb,300625113,HOU,7,TEX,4,HOU,Final
20100625,mlb,300625108,SEA,3,MIL,8,MIL,Final
20100625,mlb,400702727,STL,2,KC,4,KC,Final
20100625,mlb,300625103,COL,4,LAA,3,COL,Final/11
20100625,mlb,300625119,NYY,2,LAD,1,NYY,Final
20100625,mlb,300625126,BOS,4,SF,5,SF,Final
20100626,mlb,300626121,MIN,6,NYM,0,MIN,Final
20100626,mlb,300626107,STL,5,KC,3,STL,Final
20100626,mlb,300626113,HOU,2,TEX,7,TEX,Final
20100626,mlb,300626115,DET,3,ATL,4,ATL,Final
20100626,mlb,300626101,WSH,5,BAL,6,BAL,Final
20100626,mlb,300626114,PHI,1,TOR,5,TOR,Final
20100626,mlb,300626130,ARI,3,TB,5,TB,Final
20100626,mlb,300626108,SEA,5,MIL,4,SEA,Final
20100626,mlb,300626104,CHC,2,CHW,3,CHW,Final
20100626,mlb,300626117,CLE,4,CIN,6,CIN,Final
20100626,mlb,300626119,NYY,4,LAD,9,LAD,Final
20100626,mlb,300626126,BOS,4,SF,2,BOS,Final
20100626,mlb,300626103,COL,2,LAA,4,LAA,Final
20100627,mlb,300627117,CLE,5,CIN,3,CLE,Final
20100627,mlb,300627121,MIN,0,NYM,6,NYM,Final
20100627,mlb,300627101,WSH,3,BAL,4,BAL,Final
20100627,mlb,300627114,PHI,11,TOR,2,PHI,Final
20100627,mlb,300627115,DET,10,ATL,4,DET,Final
20100627,mlb,300627130,ARI,2,TB,1,ARI,Final
20100627,mlb,300627104,CHC,8,CHW,6,CHC,Final
20100627,mlb,300627107,STL,3,KC,10,KC,Final
20100627,mlb,300627108,SEA,0,MIL,3,MIL,Final
20100627,mlb,300627103,COL,3,LAA,10,LAA,Final
20100627,mlb,300627126,BOS,5,SF,1,BOS,Final
20100627,mlb,300627119,NYY,8,LAD,6,NYY,Final/10
20100627,mlb,300627113,HOU,1,TEX,10,TEX,Final
20100628,mlb,300628105,TOR,1,CLE,2,CLE,Final
20100628,mlb,300628115,WSH,0,ATL,5,ATL,Final
20100628,mlb,300628117,PHI,3,CIN,7,CIN,Final
20100628,mlb,300628116,PIT,2,CHC,1,PIT,Final
20100628,mlb,300628107,CHW,1,KC,3,KC,Final
20100628,mlb,300628108,HOU,9,MIL,5,HOU,Final
20100628,mlb,300628109,DET,7,MIN,5,DET,Final
20100628,mlb,300628124,ARI,5,STL,6,STL,Final
20100628,mlb,300628125,COL,10,SD,6,COL,Final
20100628,mlb,300628126,LAD,4,SF,2,LAD,Final
20100629,mlb,300629105,TOR,4,CLE,5,CLE,Final
20100629,mlb,300629110,SEA,7,NYY,4,SEA,Final
20100629,mlb,300629102,TB,5,BOS,8,BOS,Final
20100629,mlb,300629115,WSH,7,ATL,2,WSH,Final
20100629,mlb,300629117,PHI,9,CIN,6,PHI,Final/10
20100629,mlb,300629116,PIT,1,CHC,3,CHC,Final
20100629,mlb,300629107,CHW,4,KC,3,CHW,Final
20100629,mlb,300629108,HOU,5,MIL,7,MIL,Final
20100629,mlb,300629109,DET,4,MIN,11,MIN,Final
20100629,mlb,300629124,ARI,0,STL,8,STL,Final
20100629,mlb,300629103,TEX,5,LAA,6,LAA,Final
20100629,mlb,300629125,COL,6,SD,3,COL,Final
20100629,mlb,300629126,LAD,4,SF,2,LAD,Final
20100630,mlb,300630117,PHI,3,CIN,4,CIN,Final
20100630,mlb,300630109,DET,1,MIN,5,MIN,Final
20100630,mlb,300630108,HOU,5,MIL,1,HOU,Final
20100630,mlb,300630124,ARI,4,STL,2,ARI,Final
20100630,mlb,300630116,PIT,2,CHC,0,PIT,Final
20100630,mlb,300630125,COL,3,SD,13,SD,Final
20100630,mlb,300630126,LAD,8,SF,2,LAD,Final
20100630,mlb,300630105,TOR,1,CLE,3,CLE,Final
20100630,mlb,300630110,SEA,7,NYY,0,SEA,Final
20100630,mlb,300630102,TB,9,BOS,4,TB,Final
20100630,mlb,300630115,WSH,1,ATL,4,ATL,Final
20100630,mlb,300630107,CHW,6,KC,7,KC,Final
20100630,mlb,300630103,TEX,6,LAA,4,TEX,Final
20100701,mlb,300701105,TOR,1,CLE,6,CLE,Final
20100701,mlb,300701110,SEA,2,NYY,4,NYY,Final
20100701,mlb,300701116,CIN,3,CHC,2,CIN,Final/10
20100701,mlb,300701120,NYM,1,WSH,2,WSH,Final
20100701,mlb,300701123,PHI,2,PIT,3,PIT,Final
20100701,mlb,300701109,TB,5,MIN,4,TB,Final/10
20100701,mlb,300701124,MIL,4,STL,1,MIL,Final
20100701,mlb,300701127,SF,3,COL,7,COL,Final
20100701,mlb,300701103,TEX,1,LAA,2,LAA,Final
20100701,mlb,300701125,HOU,6,SD,3,HOU,Final/10
20100702,mlb,300702110,TOR,6,NYY,1,TOR,Final/11
20100702,mlb,300702116,CIN,12,CHC,0,CIN,Final
20100702,mlb,300702106,SEA,1,DET,7,DET,Final
20100702,mlb,300702120,NYM,5,WSH,3,NYM,Final
20100702,mlb,300702123,PHI,0,PIT,2,PIT,Final
20100702,mlb,300702102,BAL,2,BOS,3,BOS,Final
20100702,mlb,300702113,CHW,5,TEX,3,CHW,Final
20100702,mlb,300702109,TB,1,MIN,2,MIN,Final
20100702,mlb,300702127,SF,3,COL,6,COL,Final
20100702,mlb,300702124,MIL,0,STL,5,STL,Final
20100702,mlb,300702129,LAD,5,ARI,12,ARI,Final
20100702,mlb,300702103,KC,2,LAA,1,KC,Final/10
20100702,mlb,300702125,HOU,0,SD,3,SD,Final
20100703,mlb,300703110,TOR,3,NYY,11,NYY,Final
20100703,mlb,300703116,CIN,1,CHC,3,CHC,Final
20100703,mlb,300703109,TB,8,MIN,6,TB,Final
20100703,mlb,300703120,NYM,5,WSH,6,WSH,Final
20100703,mlb,300703124,MIL,12,STL,5,MIL,Final
20100703,mlb,300703106,SEA,1,DET,6,DET,Final
20100703,mlb,300703123,PHI,12,PIT,4,PHI,Final
20100703,mlb,300703102,BAL,3,BOS,9,BOS,Final
20100703,mlb,300703113,CHW,1,TEX,3,TEX,Final
20100703,mlb,300703127,SF,11,COL,8,SF,Final
20100703,mlb,300703125,HOU,0,SD,1,SD,Final
20100703,mlb,300703103,KC,4,LAA,2,KC,Final
20100703,mlb,300703129,LAD,14,ARI,1,LAD,Final
20100704,mlb,300704106,SEA,8,DET,1,SEA,Final
20100704,mlb,300704110,TOR,6,NYY,7,NYY,Final/10
20100704,mlb,300704102,BAL,6,BOS,1,BAL,Final
20100704,mlb,300704120,NYM,9,WSH,5,NYM,Final
20100704,mlb,300704123,PHI,5,PIT,8,PIT,Final
20100704,mlb,300704109,TB,7,MIN,4,TB,Final
20100704,mlb,300704124,MIL,1,STL,7,STL,Final
20100704,mlb,300704116,CIN,14,CHC,3,CIN,Final
20100704,mlb,300704127,SF,3,COL,4,COL,Final/15
20100704,mlb,300704125,HOU,2,SD,3,SD,Final
20100704,mlb,300704129,LAD,3,ARI,1,LAD,Final
20100704,mlb,300704113,CHW,5,TEX,3,CHW,Final
20100704,mlb,300704103,KC,0,LAA,11,LAA,Final
20100705,mlb,300705106,BAL,9,DET,12,DET,Final
20100705,mlb,300705108,SF,6,MIL,1,SF,Final
20100705,mlb,300705129,CHC,9,ARI,4,CHC,Final
20100705,mlb,300705104,LAA,2,CHW,9,CHW,Final
20100705,mlb,300705122,ATL,1,PHI,3,PHI,Final
20100705,mlb,300705121,CIN,8,NYM,6,CIN,Final
20100705,mlb,300705130,BOS,5,TB,6,TB,Final
20100705,mlb,300705113,CLE,9,TEX,3,CLE,Final
20100705,mlb,300705112,KC,6,SEA,4,KC,Final/10
20100706,mlb,300706106,BAL,5,DET,7,DET,Final/11
20100706,mlb,300706120,SD,5,WSH,6,WSH,Final
20100706,mlb,300706122,ATL,6,PHI,3,ATL,Final/11
20100706,mlb,300706114,MIN,7,TOR,6,MIN,Final
20100706,mlb,300706121,CIN,0,NYM,3,NYM,Final
20100706,mlb,300706130,BOS,2,TB,3,TB,Final
20100706,mlb,300706113,CLE,1,TEX,12,TEX,Final
20100706,mlb,300706118,PIT,2,HOU,6,HOU,Final
20100706,mlb,300706104,LAA,1,CHW,4,CHW,Final
20100706,mlb,300706108,SF,6,MIL,1,SF,Final
20100706,mlb,300706127,STL,9,COL,12,COL,Final
20100706,mlb,300706129,CHC,6,ARI,4,CHC,Final
20100706,mlb,300706112,KC,3,SEA,2,KC,Final
20100707,mlb,300707106,BAL,2,DET,4,DET,Final
20100707,mlb,300707120,SD,6,WSH,7,WSH,Final
20100707,mlb,300707122,ATL,7,PHI,5,ATL,Final
20100707,mlb,300707114,MIN,5,TOR,6,TOR,Final
20100707,mlb,300707121,CIN,3,NYM,1,CIN,Final
20100707,mlb,300707130,BOS,4,TB,6,TB,Final
20100707,mlb,300707113,CLE,3,TEX,4,TEX,Final
20100707,mlb,300707118,PIT,3,HOU,6,HOU,Final
20100707,mlb,300707104,LAA,2,CHW,5,CHW,Final
20100707,mlb,300707108,SF,15,MIL,2,SF,Final
20100707,mlb,300707127,STL,7,COL,8,COL,Final
20100707,mlb,300707129,CHC,8,ARI,3,CHC,Final
20100707,mlb,300707112,KC,7,SEA,3,KC,Final
20100708,mlb,300708104,LAA,0,CHW,1,CHW,Final
20100708,mlb,300708118,PIT,0,HOU,2,HOU,Final
20100708,mlb,300708108,SF,9,MIL,3,SF,Final
20100708,mlb,300708127,STL,2,COL,4,COL,Final
20100708,mlb,300708120,SD,7,WSH,1,SD,Final
20100708,mlb,300708122,CIN,3,PHI,4,PHI,Final/12
20100708,mlb,300708114,MIN,1,TOR,8,TOR,Final
20100708,mlb,300708130,CLE,2,TB,5,TB,Final
20100708,mlb,300708113,BAL,6,TEX,4,BAL,Final
20100708,mlb,300708112,NYY,3,SEA,1,NYY,Final
20100708,mlb,300708119,CHC,2,LAD,3,LAD,Final
20100709,mlb,300709106,MIN,3,DET,7,DET,Final
20100709,mlb,300709120,SF,1,WSH,8,WSH,Final
20100709,mlb,300709122,CIN,7,PHI,9,PHI,Final/10
20100709,mlb,300709114,BOS,14,TOR,3,BOS,Final
20100709,mlb,300709121,ATL,4,NYM,2,ATL,Final
20100709,mlb,300709130,CLE,9,TB,3,CLE,Final
20100709,mlb,300709113,BAL,7,TEX,6,BAL,Final/10
20100709,mlb,300709118,STL,8,HOU,0,STL,Final
20100709,mlb,300709104,KC,2,CHW,8,CHW,Final
20100709,mlb,300709108,PIT,4,MIL,5,MIL,Final/10
20100709,mlb,300709127,SD,8,COL,10,COL,Final
20100709,mlb,300709112,NYY,6,SEA,1,NYY,Final
20100709,mlb,300709119,CHC,7,LAD,9,LAD,Final
20100710,mlb,300710114,BOS,5,TOR,9,TOR,Final
20100710,mlb,300710106,MIN,4,DET,7,DET,Final
20100710,mlb,300710119,CHC,7,LAD,3,CHC,Final
20100710,mlb,300710121,ATL,4,NYM,0,ATL,Final
20100710,mlb,300710104,KC,1,CHW,5,CHW,Final
20100710,mlb,300710118,STL,1,HOU,4,HOU,Final
20100710,mlb,300710120,SF,10,WSH,5,SF,Final
20100710,mlb,300710122,CIN,0,PHI,1,PHI,Final/11
20100710,mlb,300710108,PIT,3,MIL,4,MIL,Final
20100710,mlb,400649944,CLE,0,TB,4,TB,Final
20100710,mlb,300710113,BAL,6,TEX,1,BAL,Final
20100710,mlb,300710127,SD,2,COL,4,COL,Final
20100710,mlb,300710112,NYY,1,SEA,4,SEA,Final
20100711,mlb,300711106,MIN,6,DET,3,MIN,Final
20100711,mlb,300711114,BOS,3,TOR,2,BOS,Final
20100711,mlb,300711121,ATL,0,NYM,3,NYM,Final
20100711,mlb,300711120,SF,6,WSH,2,SF,Final
20100711,mlb,300711122,CIN,0,PHI,1,PHI,Final
20100711,mlb,300711130,CLE,5,TB,6,TB,Final/10
20100711,mlb,300711104,KC,5,CHW,15,CHW,Final
20100711,mlb,300711118,STL,4,HOU,2,STL,Final
20100711,mlb,300711108,PIT,5,MIL,6,MIL,Final
20100711,mlb,300711113,BAL,4,TEX,1,BAL,Final
20100711,mlb,300711127,SD,9,COL,7,SD,Final
20100711,mlb,300711112,NYY,8,SEA,2,NYY,Final
20100711,mlb,300711119,CHC,0,LAD,7,LAD,Final
20100715,mlb,300715102,TEX,7,BOS,2,TEX,Final
20100715,mlb,300715115,MIL,1,ATL,2,ATL,Final
20100715,mlb,300715116,PHI,6,CHC,12,CHC,Final
20100715,mlb,300715109,CHW,8,MIN,7,CHW,Final
20100715,mlb,300715124,LAD,1,STL,7,STL,Final
20100715,mlb,300715103,SEA,3,LAA,8,LAA,Final
20100715,mlb,300715126,NYM,0,SF,2,SF,Final
20100716,mlb,300716116,PHI,3,CHC,4,CHC,Final
20100716,mlb,300716101,TOR,4,BAL,2,TOR,Final
20100716,mlb,300716105,DET,2,CLE,8,CLE,Final
20100716,mlb,300716110,TB,4,NYY,5,NYY,Final
20100716,mlb,300716123,HOU,5,PIT,2,HOU,Final
20100716,mlb,300716102,TEX,8,BOS,4,TEX,Final
20100716,mlb,300716117,COL,2,CIN,3,CIN,Final
20100716,mlb,300716115,MIL,9,ATL,3,MIL,Final
20100716,mlb,300716109,CHW,4,MIN,7,MIN,Final
20100716,mlb,300716124,LAD,4,STL,8,STL,Final
20100716,mlb,300716103,SEA,2,LAA,3,LAA,Final
20100716,mlb,300716125,ARI,1,SD,12,SD,Final
20100716,mlb,300716126,NYM,0,SF,1,SF,Final
20100717,mlb,300717116,PHI,4,CHC,1,PHI,Final
20100717,mlb,300717205,DET,3,CLE,4,CLE,Final
20100717,mlb,300717110,TB,10,NYY,5,TB,Final
20100717,mlb,300717124,LAD,0,STL,2,STL,Final
20100717,mlb,300717101,TOR,3,BAL,2,TOR,Final
20100717,mlb,300717123,HOU,6,PIT,12,PIT,Final
20100717,mlb,300717305,DET,1,CLE,2,CLE,Final/11
20100717,mlb,300717102,TEX,2,BOS,3,BOS,Final/11
20100717,mlb,300717109,CHW,2,MIN,3,MIN,Final
20100717,mlb,300717115,MIL,6,ATL,3,MIL,Final
20100717,mlb,300717117,COL,1,CIN,8,CIN,Final
20100717,mlb,300717125,ARI,5,SD,8,SD,Final
20100717,mlb,300717103,SEA,6,LAA,7,LAA,Final
20100717,mlb,300717126,NYM,4,SF,8,SF,Final
20100718,mlb,300718105,DET,2,CLE,7,CLE,Final
20100718,mlb,300718110,TB,5,NYY,9,NYY,Final
20100718,mlb,300718117,COL,1,CIN,0,COL,Final
20100718,mlb,300718101,TOR,10,BAL,1,TOR,Final
20100718,mlb,300718102,TEX,4,BOS,2,TEX,Final
20100718,mlb,300718115,MIL,6,ATL,11,ATL,Final
20100718,mlb,300718123,HOU,0,PIT,9,PIT,Final
20100718,mlb,300718109,CHW,6,MIN,7,MIN,Final
20100718,mlb,300718124,LAD,4,STL,5,STL,Final
20100718,mlb,300718103,SEA,2,LAA,1,SEA,Final/10
20100718,mlb,300718125,ARI,4,SD,6,SD,Final
20100718,mlb,300718126,NYM,4,SF,3,NYM,Final/10
20100718,mlb,300718116,PHI,6,CHC,11,CHC,Final
20100719,mlb,300719101,TB,8,BAL,1,TB,Final
20100719,mlb,300719106,TEX,8,DET,6,TEX,Final/14
20100719,mlb,300719123,MIL,3,PIT,1,MIL,Final
20100719,mlb,300719124,PHI,4,STL,8,STL,Final
20100719,mlb,300719117,WSH,2,CIN,7,CIN,Final
20100719,mlb,300719116,HOU,11,CHC,5,HOU,Final
20100719,mlb,300719107,TOR,4,KC,5,KC,Final/10
20100719,mlb,300719109,CLE,10,MIN,4,CLE,Final
20100719,mlb,300719129,NYM,2,ARI,13,ARI,Final
20100719,mlb,300719112,CHW,6,SEA,1,CHW,Final
20100719,mlb,300719119,SF,5,LAD,2,SF,Final
20100720,mlb,300720101,TB,10,BAL,11,BAL,Final/13
20100720,mlb,300720106,TEX,8,DET,0,TEX,Final
20100720,mlb,300720110,LAA,10,NYY,2,LAA,Final
20100720,mlb,300720123,MIL,9,PIT,11,PIT,Final
20100720,mlb,300720115,SD,1,ATL,4,ATL,Final
20100720,mlb,300720117,WSH,7,CIN,8,CIN,Final
20100720,mlb,300720116,HOU,7,CHC,14,CHC,Final
20100720,mlb,300720107,TOR,13,KC,1,TOR,Final
20100720,mlb,300720109,CLE,4,MIN,3,CLE,Final
20100720,mlb,300720124,PHI,1,STL,7,STL,Final
20100720,mlb,300720129,NYM,2,ARI,3,ARI,Final
20100720,mlb,300720112,CHW,4,SEA,0,CHW,Final
20100720,mlb,300720119,SF,7,LAD,5,SF,Final
20100721,mlb,300721101,TB,5,BAL,4,TB,Final
20100721,mlb,300721110,LAA,6,NYY,10,NYY,Final
20100721,mlb,300721109,CLE,0,MIN,6,MIN,Final
20100721,mlb,300721107,TOR,2,KC,5,KC,Final
20100721,mlb,300721116,HOU,4,CHC,3,HOU,Final/12
20100721,mlb,300721106,TEX,1,DET,4,DET,Final
20100721,mlb,300721123,MIL,3,PIT,15,PIT,Final
20100721,mlb,300721115,SD,6,ATL,4,SD,Final/12
20100721,mlb,300721117,WSH,8,CIN,5,WSH,Final
20100721,mlb,300721124,PHI,1,STL,5,STL,Final
20100721,mlb,300721129,NYM,3,ARI,4,ARI,Final/14
20100721,mlb,300721112,CHW,1,SEA,2,SEA,Final/11
20100721,mlb,300721119,SF,0,LAD,2,LAD,Final
20100722,mlb,300722117,WSH,7,CIN,1,WSH,Final
20100722,mlb,300722106,TOR,2,DET,5,DET,Final
20100722,mlb,300722115,SD,0,ATL,8,ATL,Final
20100722,mlb,300722124,PHI,2,STL,0,PHI,Final/11
20100722,mlb,300722101,MIN,5,BAL,0,MIN,Final
20100722,mlb,300722110,KC,4,NYY,10,NYY,Final
20100722,mlb,300722123,MIL,3,PIT,2,MIL,Final
20100722,mlb,300722113,LAA,2,TEX,3,TEX,Final
20100722,mlb,300722129,SF,3,ARI,0,SF,Final
20100722,mlb,300722112,BOS,8,SEA,6,BOS,Final/13
20100722,mlb,300722119,NYM,0,LAD,2,LAD,Final
20100723,mlb,300723116,STL,0,CHC,5,CHC,Final
20100723,mlb,300723101,MIN,2,BAL,3,BAL,Final
20100723,mlb,300723105,TB,1,CLE,3,CLE,Final/7
20100723,mlb,300723110,KC,1,NYY,7,NYY,Final
20100723,mlb,300723122,COL,0,PHI,6,PHI,Final
20100723,mlb,300723123,SD,5,PIT,3,SD,Final
20100723,mlb,300723113,LAA,0,TEX,1,TEX,Final
20100723,mlb,300723118,CIN,6,HOU,4,CIN,Final
20100723,mlb,300723108,WSH,5,MIL,7,MIL,Final
20100723,mlb,300723129,SF,7,ARI,4,SF,Final
20100723,mlb,300723112,BOS,2,SEA,1,BOS,Final
20100723,mlb,300723119,NYM,6,LAD,1,NYM,Final
20100724,mlb,300724110,KC,7,NYY,4,KC,Final
20100724,mlb,300724116,STL,5,CHC,6,CHC,Final
20100724,mlb,300724119,NYM,2,LAD,3,LAD,Final/13
20100724,mlb,300724122,COL,2,PHI,10,PHI,Final
20100724,mlb,300724101,MIN,7,BAL,2,MIN,Final
20100724,mlb,300724105,TB,6,CLE,3,TB,Final
20100724,mlb,300724106,TOR,3,DET,2,TOR,Final
20100724,mlb,300724118,CIN,7,HOU,0,CIN,Final
20100724,mlb,300724123,SD,9,PIT,2,SD,Final
20100724,mlb,300724108,WSH,3,MIL,4,MIL,Final
20100724,mlb,300724113,LAA,6,TEX,2,LAA,Final
20100724,mlb,300724129,SF,10,ARI,4,SF,Final
20100724,mlb,300724112,BOS,1,SEA,5,SEA,Final
20100725,mlb,300725105,TB,4,CLE,2,TB,Final
20100725,mlb,300725110,KC,6,NYY,12,NYY,Final
20100725,mlb,300725206,TOR,5,DET,3,TOR,Final
20100725,mlb,300725101,MIN,10,BAL,4,MIN,Final
20100725,mlb,300725122,COL,3,PHI,4,PHI,Final
20100725,mlb,300725123,SD,6,PIT,3,SD,Final
20100725,mlb,300725118,CIN,0,HOU,4,HOU,Final
20100725,mlb,300725108,WSH,3,MIL,8,MIL,Final
20100725,mlb,300725112,BOS,2,SEA,4,SEA,Final
20100725,mlb,300725119,NYM,0,LAD,1,LAD,Final
20100725,mlb,300725129,SF,3,ARI,2,SF,Final/10
20100725,mlb,300725306,TOR,5,DET,6,DET,Final
20100725,mlb,300725113,LAA,4,TEX,6,TEX,Final
20100725,mlb,300725116,STL,4,CHC,3,STL,Final/11
20100726,mlb,300726122,COL,4,PHI,5,PHI,Final
20100726,mlb,300726105,NYY,3,CLE,2,NYY,Final
20100726,mlb,300726114,BAL,5,TOR,9,TOR,Final
20100726,mlb,300726130,DET,0,TB,5,TB,Final
20100726,mlb,300726118,CHC,5,HOU,2,CHC,Final
20100726,mlb,300726104,SEA,1,CHW,6,CHW,Final
20100726,mlb,300726107,MIN,19,KC,1,MIN,Final
20100726,mlb,300726108,CIN,2,MIL,3,MIL,Final
20100726,mlb,300726103,BOS,6,LAA,3,BOS,Final
20100727,mlb,300727105,NYY,1,CLE,4,CLE,Final
20100727,mlb,300727120,ATL,0,WSH,3,WSH,Final
20100727,mlb,300727122,ARI,5,PHI,9,PHI,Final
20100727,mlb,300727114,BAL,2,TOR,8,TOR,Final
20100727,mlb,300727121,STL,2,NYM,8,NYM,Final
20100727,mlb,300727130,DET,2,TB,3,TB,Final
20100727,mlb,300727118,CHC,1,HOU,6,HOU,Final
20100727,mlb,300727104,SEA,0,CHW,11,CHW,Final
20100727,mlb,300727107,MIN,11,KC,2,MIN,Final
20100727,mlb,300727108,CIN,12,MIL,4,CIN,Final
20100727,mlb,300727127,PIT,4,COL,2,PIT,Final
20100727,mlb,300727103,BOS,4,LAA,2,BOS,Final
20100727,mlb,300727125,LAD,2,SD,0,LAD,Final
20100728,mlb,300728118,CHC,1,HOU,8,HOU,Final
20100728,mlb,300728107,MIN,6,KC,4,MIN,Final
20100728,mlb,300728108,CIN,10,MIL,2,CIN,Final
20100728,mlb,300728103,BOS,7,LAA,3,BOS,Final
20100728,mlb,300728105,NYY,8,CLE,0,NYY,Final
20100728,mlb,300728120,ATL,3,WSH,1,ATL,Final
20100728,mlb,300728122,ARI,1,PHI,7,PHI,Final
20100728,mlb,300728114,BAL,0,TOR,5,TOR,Final
20100728,mlb,300728121,STL,8,NYM,7,STL,Final/13
20100728,mlb,300728130,DET,4,TB,7,TB,Final
20100728,mlb,300728104,SEA,5,CHW,6,CHW,Final
20100728,mlb,300728127,PIT,6,COL,2,PIT,Final
20100728,mlb,300728125,LAD,1,SD,6,SD,Final
20100729,mlb,300729121,STL,0,NYM,4,NYM,Final
20100729,mlb,300729130,DET,2,TB,4,TB,Final
20100729,mlb,300729120,ATL,3,WSH,5,WSH,Final
20100729,mlb,300729127,PIT,3,COL,9,COL,Final
20100729,mlb,300729125,LAD,2,SD,3,SD,Final
20100729,mlb,300729105,NYY,11,CLE,4,NYY,Final
20100729,mlb,300729122,ARI,2,PHI,3,PHI,Final/11
20100729,mlb,300729104,SEA,5,CHW,9,CHW,Final
20100729,mlb,300729107,BAL,6,KC,5,BAL,Final/11
20100730,mlb,300730120,PHI,1,WSH,8,WSH,Final
20100730,mlb,300730114,CLE,1,TOR,8,TOR,Final
20100730,mlb,300730102,DET,6,BOS,5,DET,Final
20100730,mlb,300730117,ATL,6,CIN,4,ATL,Final/10
20100730,mlb,300730121,ARI,9,NYM,6,ARI,Final
20100730,mlb,300730130,NYY,2,TB,3,TB,Final
20100730,mlb,300730118,MIL,0,HOU,5,HOU,Final
20100730,mlb,300730107,BAL,5,KC,7,KC,Final
20100730,mlb,300730109,SEA,3,MIN,5,MIN,Final
20100730,mlb,300730124,PIT,0,STL,1,STL,Final/10
20100730,mlb,300730127,CHC,2,COL,17,COL,Final
20100730,mlb,300730103,TEX,7,LAA,9,LAA,Final
20100730,mlb,300730126,LAD,5,SF,6,SF,Final
20100731,mlb,300731114,CLE,2,TOR,1,CLE,Final
20100731,mlb,300731102,DET,4,BOS,5,BOS,Final
20100731,mlb,300731117,ATL,2,CIN,5,CIN,Final
20100731,mlb,300731126,LAD,1,SF,2,SF,Final
20100731,mlb,300731118,MIL,0,HOU,6,HOU,Final
20100731,mlb,300731120,PHI,5,WSH,7,WSH,Final
20100731,mlb,300731107,BAL,3,KC,4,KC,Final
20100731,mlb,300731109,SEA,0,MIN,4,MIN,Final
20100731,mlb,300731121,ARI,4,NYM,5,NYM,Final
20100731,mlb,300731130,NYY,5,TB,4,NYY,Final
20100731,mlb,300731124,PIT,1,STL,11,STL,Final
20100731,mlb,300731127,CHC,5,COL,6,COL,Final
20100731,mlb,300731103,TEX,2,LAA,1,TEX,Final
20100801,mlb,300801114,CLE,5,TOR,4,CLE,Final
20100801,mlb,300801117,ATL,1,CIN,2,CIN,Final
20100801,mlb,300801121,ARI,14,NYM,1,ARI,Final
20100801,mlb,300801102,DET,3,BOS,4,BOS,Final
20100801,mlb,300801120,PHI,6,WSH,4,PHI,Final/11
20100801,mlb,300801130,NYY,0,TB,3,TB,Final
20100801,mlb,300801118,MIL,2,HOU,5,HOU,Final
20100801,mlb,300801107,BAL,4,KC,5,KC,Final
20100801,mlb,300801109,SEA,0,MIN,4,MIN,Final
20100801,mlb,300801124,PIT,1,STL,9,STL,Final
20100801,mlb,300801127,CHC,7,COL,8,COL,Final
20100801,mlb,300801103,TEX,1,LAA,4,LAA,Final
20100801,mlb,300801126,LAD,0,SF,2,SF,Final
20100802,mlb,300802110,TOR,8,NYY,6,TOR,Final
20100802,mlb,300802123,CIN,4,PIT,0,CIN,Final
20100802,mlb,300802102,CLE,6,BOS,5,CLE,Final
20100802,mlb,300802115,NYM,1,ATL,4,ATL,Final
20100802,mlb,300802130,MIN,2,TB,4,TB,Final
20100802,mlb,300802116,MIL,18,CHC,1,MIL,Final
20100802,mlb,300802124,HOU,9,STL,4,HOU,Final
20100802,mlb,300802129,WSH,3,ARI,1,WSH,Final
20100802,mlb,300802119,SD,10,LAD,5,SD,Final
20100803,mlb,300803206,CHW,12,DET,2,CHW,Final
20100803,mlb,300803101,LAA,3,BAL,6,BAL,Final
20100803,mlb,300803110,TOR,8,NYY,2,TOR,Final
20100803,mlb,300803123,CIN,6,PIT,7,PIT,Final
20100803,mlb,300803306,CHW,1,DET,7,DET,Final
20100803,mlb,300803102,CLE,1,BOS,3,BOS,Final
20100803,mlb,300803115,NYM,3,ATL,2,NYM,Final
20100803,mlb,300803130,MIN,4,TB,6,TB,Final
20100803,mlb,300803116,MIL,4,CHC,3,MIL,Final
20100803,mlb,300803124,HOU,18,STL,4,HOU,Final
20100803,mlb,300803127,SF,10,COL,0,SF,Final
20100803,mlb,300803129,WSH,1,ARI,6,ARI,Final
20100803,mlb,300803112,TEX,2,SEA,3,SEA,Final
20100803,mlb,300803119,SD,1,LAD,2,LAD,Final
20100804,mlb,300804123,CIN,9,PIT,4,CIN,Final
20100804,mlb,300804110,TOR,1,NYY,5,NYY,Final
20100804,mlb,300804116,MIL,3,CHC,15,CHC,Final
20100804,mlb,300804127,SF,1,COL,6,COL,Final
20100804,mlb,300804101,LAA,7,BAL,9,BAL,Final
20100804,mlb,300804106,CHW,4,DET,1,CHW,Final
20100804,mlb,300804102,CLE,9,BOS,1,CLE,Final
20100804,mlb,300804115,NYM,3,ATL,8,ATL,Final
20100804,mlb,300804130,MIN,2,TB,1,MIN,Final/13
20100804,mlb,300804124,HOU,4,STL,8,STL,Final
20100804,mlb,300804129,WSH,7,ARI,2,WSH,Final
20100804,mlb,300804112,TEX,11,SEA,6,TEX,Final
20100804,mlb,300804119,SD,0,LAD,9,LAD,Final
20100805,mlb,300805130,MIN,8,TB,6,MIN,Final
20100805,mlb,300805106,CHW,6,DET,4,CHW,Final/11
20100805,mlb,300805101,LAA,4,BAL,5,BAL,Final
20100805,mlb,300805123,COL,1,PIT,5,PIT,Final
20100805,mlb,300805115,SF,2,ATL,3,ATL,Final
20100805,mlb,400650092,CLE,2,BOS,6,BOS,Final
20100805,mlb,300805129,WSH,4,ARI,8,ARI,Final
20100805,mlb,300805112,TEX,6,SEA,0,TEX,Final
20100805,mlb,300805119,SD,5,LAD,0,SD,Final
20100806,mlb,300806116,CIN,3,CHC,0,CIN,Final
20100806,mlb,300806101,CHW,1,BAL,2,BAL,Final/10
20100806,mlb,300806105,MIN,6,CLE,7,CLE,Final
20100806,mlb,300806106,LAA,4,DET,2,LAA,Final
20100806,mlb,300806110,BOS,6,NYY,3,BOS,Final
20100806,mlb,300806123,COL,6,PIT,3,COL,Final
20100806,mlb,300806114,TB,1,TOR,2,TOR,Final
20100806,mlb,300806115,SF,3,ATL,2,SF,Final/11
20100806,mlb,300806122,NYM,5,PHI,7,PHI,Final
20100806,mlb,300806108,HOU,5,MIL,6,MIL,Final
20100806,mlb,300806129,SD,1,ARI,2,ARI,Final
20100806,mlb,300806112,KC,1,SEA,7,SEA,Final
20100806,mlb,300806119,WSH,6,LAD,3,WSH,Final
20100807,mlb,300807116,CIN,4,CHC,3,CIN,Final
20100807,mlb,300807114,TB,11,TOR,17,TOR,Final
20100807,mlb,300807110,BOS,2,NYY,5,NYY,Final
20100807,mlb,300807101,CHW,4,BAL,2,CHW,Final
20100807,mlb,300807105,MIN,7,CLE,2,MIN,Final
20100807,mlb,300807106,LAA,10,DET,1,LAA,Final
20100807,mlb,300807122,NYM,1,PHI,0,NYM,Final
20100807,mlb,300807123,COL,7,PIT,8,PIT,Final/10
20100807,mlb,300807108,HOU,2,MIL,5,MIL,Final
20100807,mlb,300807115,SF,0,ATL,3,ATL,Final
20100807,mlb,300807129,SD,5,ARI,6,ARI,Final
20100807,mlb,300807112,KC,2,SEA,1,KC,Final
20100807,mlb,300807119,WSH,2,LAD,3,LAD,Final/10
20100808,mlb,300808105,MIN,5,CLE,4,MIN,Final
20100808,mlb,300808106,LAA,4,DET,9,DET,Final
20100808,mlb,300808114,TB,0,TOR,1,TOR,Final
20100808,mlb,300808101,CHW,3,BAL,4,BAL,Final
20100808,mlb,300808115,SF,3,ATL,6,ATL,Final
20100808,mlb,300808122,NYM,5,PHI,6,PHI,Final
20100808,mlb,300808123,COL,8,PIT,4,COL,Final
20100808,mlb,300808108,HOU,6,MIL,11,MIL,Final
20100808,mlb,300808116,CIN,11,CHC,4,CIN,Final
20100808,mlb,300808112,KC,2,SEA,3,SEA,Final
20100808,mlb,300808119,WSH,3,LAD,8,LAD,Final
20100808,mlb,300808129,SD,10,ARI,1,SD,Final
20100808,mlb,300808110,BOS,2,NYY,7,NYY,Final
20100809,mlb,300809110,BOS,2,NYY,1,BOS,Final
20100809,mlb,300809101,CHW,2,BAL,3,BAL,Final/10
20100809,mlb,300809106,TB,6,DET,3,TB,Final
20100809,mlb,300809117,STL,7,CIN,3,STL,Final
20100809,mlb,400742619,ATL,4,HOU,10,HOU,Final
20100809,mlb,300809108,ARI,7,MIL,4,ARI,Final/10
20100809,mlb,300809103,KC,4,LAA,6,LAA,Final
20100809,mlb,300809126,CHC,3,SF,4,SF,Final/11
20100810,mlb,300810105,BAL,14,CLE,8,BAL,Final
20100810,mlb,300810106,TB,8,DET,0,TB,Final
20100810,mlb,300810122,LAD,15,PHI,9,LAD,Final
20100810,mlb,300810114,BOS,7,TOR,5,BOS,Final
20100810,mlb,300810117,STL,8,CIN,4,STL,Final
20100810,mlb,300810121,COL,0,NYM,1,NYM,Final
20100810,mlb,300810113,NYY,3,TEX,4,TEX,Final/10
20100810,mlb,300810118,ATL,4,HOU,2,ATL,Final
20100810,mlb,300810104,MIN,12,CHW,6,MIN,Final
20100810,mlb,300810108,ARI,2,MIL,1,ARI,Final
20100810,mlb,300810103,KC,1,LAA,3,LAA,Final
20100810,mlb,300810125,PIT,1,SD,4,SD,Final
20100810,mlb,300810126,CHC,8,SF,6,CHC,Final
20100811,mlb,300811117,STL,6,CIN,1,STL,Final
20100811,mlb,300811106,TB,2,DET,3,DET,Final
20100811,mlb,300811118,ATL,8,HOU,2,ATL,Final/10
20100811,mlb,300811103,KC,1,LAA,2,LAA,Final/10
20100811,mlb,300811105,BAL,3,CLE,1,BAL,Final
20100811,mlb,300811122,LAD,0,PHI,2,PHI,Final
20100811,mlb,300811114,BOS,10,TOR,1,BOS,Final
20100811,mlb,300811121,COL,6,NYM,2,COL,Final
20100811,mlb,300811113,NYY,7,TEX,6,NYY,Final
20100811,mlb,300811104,MIN,1,CHW,6,CHW,Final
20100811,mlb,300811108,ARI,8,MIL,2,ARI,Final
20100811,mlb,300811125,PIT,5,SD,8,SD,Final
20100811,mlb,300811126,CHC,4,SF,5,SF,Final
20100812,mlb,300812121,COL,0,NYM,4,NYM,Final
20100812,mlb,300812114,BOS,5,TOR,6,TOR,Final
20100812,mlb,300812108,ARI,4,MIL,8,MIL,Final
20100812,mlb,300812126,CHC,7,SF,8,SF,Final
20100812,mlb,300812125,PIT,0,SD,3,SD,Final
20100812,mlb,300812105,BAL,1,CLE,4,CLE,Final
20100812,mlb,300812122,LAD,9,PHI,10,PHI,Final
20100812,mlb,300812104,MIN,6,CHW,1,MIN,Final
20100812,mlb,300812107,NYY,4,KC,3,NYY,Final
20100813,mlb,300813105,SEA,3,CLE,2,SEA,Final
20100813,mlb,300813120,ARI,2,WSH,4,WSH,Final
20100813,mlb,300813121,PHI,0,NYM,1,NYM,Final
20100813,mlb,300813130,BAL,5,TB,0,BAL,Final
20100813,mlb,300813115,LAD,0,ATL,1,ATL,Final
20100813,mlb,300813113,BOS,9,TEX,10,TEX,Final/11
20100813,mlb,300813118,PIT,1,HOU,4,HOU,Final
20100813,mlb,300813104,DET,4,CHW,8,CHW,Final
20100813,mlb,300813107,NYY,3,KC,4,KC,Final
20100813,mlb,300813124,CHC,3,STL,6,STL,Final
20100813,mlb,300813127,MIL,4,COL,5,COL,Final
20100813,mlb,300813103,TOR,3,LAA,0,TOR,Final
20100813,mlb,300813126,SD,3,SF,2,SD,Final
20100814,mlb,300814124,CHC,3,STL,2,CHC,Final
20100814,mlb,300814126,SD,2,SF,3,SF,Final/11
20100814,mlb,300814130,BAL,3,TB,7,TB,Final
20100814,mlb,300814104,DET,3,CHW,2,DET,Final
20100814,mlb,300814105,SEA,9,CLE,3,SEA,Final
20100814,mlb,300814118,PIT,2,HOU,3,HOU,Final
20100814,mlb,300814120,ARI,9,WSH,2,ARI,Final
20100814,mlb,300814107,NYY,8,KC,3,NYY,Final
20100814,mlb,300814115,LAD,2,ATL,1,LAD,Final
20100814,mlb,300814121,PHI,4,NYM,0,PHI,Final
20100814,mlb,300814113,BOS,3,TEX,1,BOS,Final
20100814,mlb,300814127,MIL,5,COL,4,MIL,Final/10
20100814,mlb,300814103,TOR,2,LAA,7,LAA,Final
20100815,mlb,300815105,SEA,1,CLE,9,CLE,Final
20100815,mlb,300815115,LAD,1,ATL,13,ATL,Final
20100815,mlb,300815120,ARI,3,WSH,5,WSH,Final
20100815,mlb,300815130,BAL,2,TB,3,TB,Final
20100815,mlb,300815104,DET,13,CHW,8,DET,Final
20100815,mlb,300815118,PIT,2,HOU,8,HOU,Final
20100815,mlb,300815107,NYY,0,KC,1,KC,Final
20100815,mlb,300815124,CHC,9,STL,7,CHC,Final
20100815,mlb,300815113,BOS,3,TEX,7,TEX,Final
20100815,mlb,300815127,MIL,5,COL,6,COL,Final
20100815,mlb,300815103,TOR,4,LAA,1,TOR,Final
20100815,mlb,300815126,SD,8,SF,2,SD,Final
20100815,mlb,300815121,PHI,3,NYM,1,PHI,Final
20100816,mlb,300816101,SEA,4,BAL,5,BAL,Final/11
20100816,mlb,300816110,DET,3,NYY,1,DET,Final
20100816,mlb,300816115,LAD,3,ATL,4,ATL,Final
20100816,mlb,300816130,TEX,4,TB,6,TB,Final
20100816,mlb,300816116,SD,9,CHC,5,SD,Final
20100816,mlb,300816118,NYM,3,HOU,1,NYM,Final
20100817,mlb,300817101,SEA,4,BAL,0,SEA,Final
20100817,mlb,300817110,DET,2,NYY,6,NYY,Final
20100817,mlb,300817122,SF,3,PHI,9,PHI,Final
20100817,mlb,300817102,LAA,0,BOS,6,BOS,Final
20100817,mlb,300817115,WSH,2,ATL,10,ATL,Final
20100817,mlb,300817130,TEX,1,TB,10,TB,Final
20100817,mlb,300817116,SD,1,CHC,0,SD,Final
20100817,mlb,300817118,NYM,3,HOU,4,HOU,Final
20100817,mlb,300817107,CLE,1,KC,2,KC,Final
20100817,mlb,300817109,CHW,6,MIN,7,MIN,Final/10
20100817,mlb,300817124,MIL,3,STL,2,MIL,Final
20100817,mlb,300817129,CIN,6,ARI,2,CIN,Final
20100817,mlb,300817119,COL,0,LAD,6,LAD,Final
20100818,mlb,300818130,TEX,6,TB,8,TB,Final
20100818,mlb,300818124,MIL,3,STL,2,MIL,Final
20100818,mlb,300818116,SD,5,CHC,1,SD,Final
20100818,mlb,300818101,SEA,6,BAL,5,SEA,Final
20100818,mlb,300818110,DET,5,NYY,9,NYY,Final
20100818,mlb,300818122,SF,2,PHI,8,PHI,Final
20100818,mlb,300818102,LAA,5,BOS,7,BOS,Final
20100818,mlb,300818115,WSH,2,ATL,3,ATL,Final
20100818,mlb,300818118,NYM,3,HOU,2,NYM,Final/14
20100818,mlb,300818107,CLE,7,KC,9,KC,Final
20100818,mlb,300818109,CHW,6,MIN,7,MIN,Final
20100818,mlb,300818129,CIN,11,ARI,7,CIN,Final
20100818,mlb,300818119,COL,3,LAD,2,COL,Final/10
20100819,mlb,300819110,DET,5,NYY,11,NYY,Final
20100819,mlb,300819115,WSH,6,ATL,2,WSH,Final
20100819,mlb,300819116,SD,5,CHC,3,SD,Final
20100819,mlb,300819101,TEX,0,BAL,4,BAL,Final
20100819,mlb,300819122,SF,5,PHI,2,SF,Final
20100819,mlb,300819102,LAA,7,BOS,2,LAA,Final
20100819,mlb,300819118,NYM,2,HOU,3,HOU,Final
20100819,mlb,300819107,CLE,7,KC,3,CLE,Final
20100819,mlb,300819109,CHW,11,MIN,0,CHW,Final
20100819,mlb,300819129,CIN,9,ARI,5,CIN,Final
20100819,mlb,300819119,COL,0,LAD,2,LAD,Final
20100820,mlb,300820116,ATL,5,CHC,3,ATL,Final
20100820,mlb,300820101,TEX,2,BAL,0,TEX,Final
20100820,mlb,300820106,CLE,0,DET,6,DET,Final
20100820,mlb,300820110,SEA,6,NYY,0,SEA,Final
20100820,mlb,300820122,WSH,0,PHI,1,PHI,Final
20100820,mlb,300820123,NYM,7,PIT,2,NYM,Final
20100820,mlb,300820102,TOR,16,BOS,2,TOR,Final
20100820,mlb,300820108,SD,6,MIL,10,MIL,Final
20100820,mlb,300820109,LAA,2,MIN,7,MIN,Final
20100820,mlb,300820124,SF,6,STL,3,SF,Final
20100820,mlb,300820129,COL,3,ARI,4,ARI,Final/10
20100820,mlb,300820119,CIN,3,LAD,1,CIN,Final
20100821,mlb,300821110,SEA,5,NYY,9,NYY,Final
20100821,mlb,300821101,TEX,6,BAL,8,BAL,Final
20100821,mlb,300821109,LAA,9,MIN,3,LAA,Final
20100821,mlb,300821116,ATL,4,CHC,5,CHC,Final
20100821,mlb,300821106,CLE,2,DET,5,DET,Final
20100821,mlb,300821122,WSH,8,PHI,1,WSH,Final
20100821,mlb,300821123,NYM,5,PIT,1,NYM,Final/6
20100821,mlb,300821102,TOR,4,BOS,5,BOS,Final/11
20100821,mlb,300821108,SD,5,MIL,6,MIL,Final
20100821,mlb,300821207,CHW,5,KC,6,KC,Final/11
20100821,mlb,300821124,SF,1,STL,5,STL,Final
20100821,mlb,300821129,COL,1,ARI,3,ARI,Final
20100821,mlb,300821119,CIN,5,LAD,8,LAD,Final
20100821,mlb,300821307,CHW,7,KC,6,CHW,Final/10
20100822,mlb,300822106,CLE,1,DET,8,DET,Final
20100822,mlb,300822110,SEA,0,NYY,10,NYY,Final
20100822,mlb,300822101,TEX,6,BAL,4,TEX,Final
20100822,mlb,300822102,TOR,0,BOS,5,BOS,Final
20100822,mlb,300822122,WSH,0,PHI,6,PHI,Final
20100822,mlb,300822123,NYM,1,PIT,2,PIT,Final
20100822,mlb,300822107,CHW,2,KC,3,KC,Final/10
20100822,mlb,300822108,SD,7,MIL,3,SD,Final
20100822,mlb,300822124,SF,0,STL,9,STL,Final
20100822,mlb,300822116,ATL,16,CHC,5,ATL,Final
20100822,mlb,300822119,CIN,5,LAD,2,CIN,Final
20100822,mlb,300822129,COL,1,ARI,0,COL,Final
20100822,mlb,300822109,LAA,0,MIN,4,MIN,Final
20100823,mlb,300823106,KC,3,DET,12,DET,Final
20100823,mlb,300823120,CHC,9,WSH,1,CHC,Final
20100823,mlb,300823122,HOU,3,PHI,2,HOU,Final
20100823,mlb,300823123,STL,10,PIT,2,STL,Final
20100823,mlb,300823114,NYY,2,TOR,3,TOR,Final
20100823,mlb,300823102,SEA,3,BOS,6,BOS,Final
20100823,mlb,300823113,MIN,0,TEX,4,TEX,Final
20100823,mlb,300823127,ATL,4,COL,5,COL,Final
20100823,mlb,300823103,TB,4,LAA,3,TB,Final
20100823,mlb,300823126,CIN,2,SF,11,SF,Final
20100824,mlb,300824106,KC,1,DET,9,DET,Final
20100824,mlb,300824120,CHC,5,WSH,4,CHC,Final
20100824,mlb,300824122,HOU,4,PHI,2,HOU,Final/16
20100824,mlb,300824123,STL,3,PIT,4,PIT,Final
20100824,mlb,300824114,NYY,11,TOR,5,NYY,Final
20100824,mlb,300824113,MIN,3,TEX,4,TEX,Final
20100824,mlb,300824104,BAL,5,CHW,7,CHW,Final
20100824,mlb,300824108,LAD,5,MIL,3,LAD,Final
20100824,mlb,300824127,ATL,2,COL,5,COL,Final
20100824,mlb,300824103,TB,10,LAA,3,TB,Final
20100824,mlb,300824125,ARI,0,SD,5,SD,Final
20100824,mlb,300824126,CIN,5,SF,16,SF,Final
20100825,mlb,300825106,KC,4,DET,3,KC,Final/12
20100825,mlb,300825202,SEA,3,BOS,5,BOS,Final
20100825,mlb,300825127,ATL,10,COL,12,COL,Final
20100825,mlb,300825103,TB,3,LAA,12,LAA,Final
20100825,mlb,300825126,CIN,12,SF,11,CIN,Final/12
20100825,mlb,300825120,CHC,4,WSH,0,CHC,Final
20100825,mlb,300825122,HOU,3,PHI,2,HOU,Final
20100825,mlb,300825123,STL,2,PIT,5,PIT,Final
20100825,mlb,300825114,NYY,3,TOR,6,TOR,Final
20100825,mlb,300825302,SEA,4,BOS,2,SEA,Final
20100825,mlb,300825113,MIN,3,TEX,4,TEX,Final
20100825,mlb,300825104,BAL,4,CHW,2,BAL,Final
20100825,mlb,300825108,LAD,5,MIL,4,LAD,Final
20100825,mlb,300825125,ARI,3,SD,9,SD,Final
20100826,mlb,300826122,HOU,5,PHI,1,HOU,Final
20100826,mlb,300826108,LAD,7,MIL,1,LAD,Final
20100826,mlb,300826125,ARI,11,SD,5,ARI,Final
20100826,mlb,300826120,STL,10,WSH,11,WSH,Final/13
20100826,mlb,300826114,DET,7,TOR,1,DET,Final
20100826,mlb,300826113,MIN,6,TEX,4,MIN,Final
20100826,mlb,300826104,BAL,0,CHW,8,CHW,Final
20100827,mlb,300827105,KC,4,CLE,15,CLE,Final
20100827,mlb,300827120,STL,4,WSH,2,STL,Final
20100827,mlb,300827114,DET,2,TOR,3,TOR,Final/11
20100827,mlb,300827117,CHC,1,CIN,7,CIN,Final
20100827,mlb,300827121,HOU,1,NYM,2,NYM,Final
20100827,mlb,300827130,BOS,3,TB,1,BOS,Final
20100827,mlb,300827104,NYY,4,CHW,9,CHW,Final
20100827,mlb,300827108,PIT,2,MIL,7,MIL,Final
20100827,mlb,300827127,LAD,6,COL,2,LAD,Final
20100827,mlb,300827103,BAL,3,LAA,1,BAL,Final
20100827,mlb,300827125,PHI,3,SD,2,PHI,Final/12
20100827,mlb,300827112,MIN,6,SEA,3,MIN,Final
20100827,mlb,300827126,ARI,6,SF,0,ARI,Final
20100828,mlb,300828114,DET,4,TOR,5,TOR,Final
20100828,mlb,300828112,MIN,1,SEA,0,MIN,Final
20100828,mlb,300828125,PHI,3,SD,1,PHI,Final
20100828,mlb,300828104,NYY,12,CHW,9,NYY,Final
20100828,mlb,300828105,KC,3,CLE,4,CLE,Final/10
20100828,mlb,300828120,STL,5,WSH,14,WSH,Final
20100828,mlb,300828108,PIT,7,MIL,8,MIL,Final/11
20100828,mlb,300828117,CHC,3,CIN,2,CHC,Final
20100828,mlb,300828121,HOU,4,NYM,1,HOU,Final
20100828,mlb,300828130,BOS,2,TB,3,TB,Final/10
20100828,mlb,300828127,LAD,3,COL,5,COL,Final
20100828,mlb,300828103,BAL,5,LAA,0,BAL,Final
20100828,mlb,300828126,ARI,11,SF,3,ARI,Final
20100829,mlb,300829105,KC,6,CLE,2,KC,Final
20100829,mlb,300829114,DET,10,TOR,4,DET,Final
20100829,mlb,300829117,CHC,5,CIN,7,CIN,Final
20100829,mlb,300829121,HOU,1,NYM,5,NYM,Final
20100829,mlb,300829120,STL,2,WSH,4,WSH,Final
20100829,mlb,300829104,NYY,2,CHW,1,NYY,Final
20100829,mlb,300829108,PIT,4,MIL,8,MIL,Final
20100829,mlb,300829127,LAD,5,COL,10,COL,Final
20100829,mlb,300829103,BAL,1,LAA,0,BAL,Final
20100829,mlb,300829125,PHI,5,SD,0,PHI,Final
20100829,mlb,300829126,ARI,7,SF,9,SF,Final
20100829,mlb,300829112,MIN,1,SEA,2,SEA,Final
20100829,mlb,300829130,BOS,3,TB,5,TB,Final
20100830,mlb,300830105,CHW,10,CLE,6,CHW,Final/11
20100830,mlb,300830115,NYM,3,ATL,9,ATL,Final
20100830,mlb,300830117,MIL,4,CIN,5,CIN,Final/10
20100830,mlb,300830130,TOR,2,TB,6,TB,Final
20100830,mlb,300830116,PIT,2,CHC,14,CHC,Final
20100830,mlb,300830118,STL,0,HOU,3,HOU,Final
20100830,mlb,300830107,TEX,3,KC,0,TEX,Final
20100830,mlb,300830129,SD,2,ARI,7,ARI,Final
20100830,mlb,300830112,LAA,5,SEA,3,LAA,Final
20100830,mlb,300830119,PHI,0,LAD,3,LAD,Final
20100830,mlb,300830126,COL,2,SF,1,COL,Final
20100831,mlb,300831101,BOS,2,BAL,5,BAL,Final
20100831,mlb,300831105,CHW,4,CLE,3,CHW,Final
20100831,mlb,300831115,NYM,2,ATL,9,ATL,Final
20100831,mlb,300831117,MIL,4,CIN,8,CIN,Final
20100831,mlb,300831130,TOR,13,TB,5,TOR,Final
20100831,mlb,300831116,PIT,14,CHC,7,PIT,Final
20100831,mlb,300831118,STL,0,HOU,3,HOU,Final
20100831,mlb,300831107,TEX,9,KC,10,KC,Final
20100831,mlb,300831109,DET,3,MIN,4,MIN,Final
20100831,mlb,300831129,SD,4,ARI,7,ARI,Final
20100831,mlb,300831112,LAA,1,SEA,3,SEA,Final
20100831,mlb,300831119,PHI,8,LAD,4,PHI,Final
20100831,mlb,300831126,COL,2,SF,5,SF,Final
20100901,mlb,300901105,CHW,6,CLE,4,CHW,Final
20100901,mlb,300901118,STL,2,HOU,5,HOU,Final
20100901,mlb,300901116,PIT,3,CHC,5,CHC,Final
20100901,mlb,300901119,PHI,5,LAD,1,PHI,Final
20100901,mlb,300901129,SD,2,ARI,5,ARI,Final
20100901,mlb,300901101,BOS,9,BAL,6,BOS,Final
20100901,mlb,300901115,NYM,1,ATL,4,ATL,Final
20100901,mlb,300901130,TOR,1,TB,2,TB,Final
20100901,mlb,400742788,MIL,1,CIN,6,CIN,Final
20100901,mlb,300901107,TEX,4,KC,3,TEX,Final
20100901,mlb,300901109,DET,1,MIN,2,MIN,Final/10
20100901,mlb,300901126,COL,1,SF,2,SF,Final
20100901,mlb,300901112,LAA,4,SEA,2,LAA,Final
20100902,mlb,300902101,BOS,6,BAL,4,BOS,Final
20100902,mlb,300902115,NYM,4,ATL,2,NYM,Final
20100902,mlb,300902127,PHI,12,COL,11,PHI,Final
20100902,mlb,300902109,DET,10,MIN,9,DET,Final/13
20100902,mlb,300902112,CLE,6,SEA,3,CLE,Final
20100903,mlb,300903110,TOR,3,NYY,7,NYY,Final
20100903,mlb,300903116,NYM,6,CHC,7,CHC,Final
20100903,mlb,300903101,TB,4,BAL,1,TB,Final
20100903,mlb,300903122,MIL,0,PHI,1,PHI,Final
20100903,mlb,300903123,WSH,5,PIT,8,PIT,Final
20100903,mlb,300903107,DET,9,KC,5,DET,Final/11
20100903,mlb,300903109,TEX,3,MIN,4,MIN,Final
20100903,mlb,300903124,CIN,2,STL,3,STL,Final
20100903,mlb,300903129,HOU,3,ARI,4,ARI,Final
20100903,mlb,300903125,COL,4,SD,3,COL,Final
20100903,mlb,300903112,CLE,0,SEA,1,SEA,Final
20100903,mlb,300903119,SF,2,LAD,4,LAD,Final
20100904,mlb,300904110,TOR,5,NYY,7,NYY,Final
20100904,mlb,300904116,NYM,3,CHC,5,CHC,Final
20100904,mlb,300904202,CHW,3,BOS,1,CHW,Final
20100904,mlb,300904109,TEX,4,MIN,12,MIN,Final
20100904,mlb,300904124,CIN,6,STL,1,CIN,Final
20100904,mlb,300904125,COL,6,SD,2,COL,Final
20100904,mlb,300904101,TB,4,BAL,8,BAL,Final
20100904,mlb,300904122,MIL,4,PHI,5,PHI,Final
20100904,mlb,300904123,WSH,9,PIT,2,WSH,Final
20100904,mlb,300904107,DET,6,KC,4,DET,Final
20100904,mlb,300904302,CHW,3,BOS,1,CHW,Final
20100904,mlb,300904129,HOU,6,ARI,5,HOU,Final
20100904,mlb,300904112,CLE,4,SEA,2,CLE,Final
20100904,mlb,300904119,SF,5,LAD,4,SF,Final
20100905,mlb,300905110,TOR,7,NYY,3,TOR,Final
20100905,mlb,300905101,TB,7,BAL,8,BAL,Final
20100905,mlb,300905102,CHW,7,BOS,5,CHW,Final
20100905,mlb,300905122,MIL,6,PHI,2,MIL,Final
20100905,mlb,300905123,WSH,8,PIT,1,WSH,Final
20100905,mlb,300905107,DET,1,KC,2,KC,Final
20100905,mlb,300905124,CIN,2,STL,4,STL,Final
20100905,mlb,300905116,NYM,18,CHC,5,NYM,Final
20100905,mlb,300905109,TEX,5,MIN,6,MIN,Final
20100905,mlb,300905125,COL,4,SD,2,COL,Final
20100905,mlb,300905112,CLE,0,SEA,3,SEA,Final
20100905,mlb,300905129,HOU,3,ARI,2,HOU,Final
20100905,mlb,300905119,SF,3,LAD,0,SF,Final
20100906,mlb,300906106,CHW,5,DET,4,CHW,Final/10
20100906,mlb,300906110,BAL,4,NYY,3,BAL,Final
20100906,mlb,300906120,NYM,3,WSH,13,WSH,Final
20100906,mlb,300906114,TEX,2,TOR,7,TOR,Final
20100906,mlb,300906123,ATL,1,PIT,3,PIT,Final
20100906,mlb,300906108,STL,8,MIL,6,STL,Final
20100906,mlb,300906109,KC,4,MIN,5,MIN,Final
20100906,mlb,300906116,HOU,4,CHC,5,CHC,Final
20100906,mlb,300906127,CIN,5,COL,10,COL,Final
20100906,mlb,300906129,SF,2,ARI,0,SF,Final/11
20100906,mlb,300906102,TB,5,BOS,12,BOS,Final
20100906,mlb,300906103,CLE,3,LAA,2,CLE,Final
20100906,mlb,300906125,LAD,2,SD,4,SD,Final
20100907,mlb,300907106,CHW,1,DET,9,DET,Final
20100907,mlb,300907110,BAL,6,NYY,2,BAL,Final
20100907,mlb,300907120,NYM,4,WSH,1,NYM,Final
20100907,mlb,300907123,ATL,0,PIT,5,PIT,Final
20100907,mlb,300907114,TEX,5,TOR,8,TOR,Final
20100907,mlb,300907102,TB,14,BOS,5,TB,Final
20100907,mlb,300907116,HOU,7,CHC,3,HOU,Final
20100907,mlb,300907108,STL,2,MIL,4,MIL,Final
20100907,mlb,300907109,KC,3,MIN,10,MIN,Final
20100907,mlb,300907127,CIN,3,COL,4,COL,Final
20100907,mlb,300907129,SF,6,ARI,3,SF,Final
20100907,mlb,300907103,CLE,6,LAA,1,CLE,Final
20100907,mlb,300907125,LAD,1,SD,2,SD,Final
20100908,mlb,300908120,NYM,3,WSH,2,NYM,Final
20100908,mlb,300908110,BAL,2,NYY,3,NYY,Final
20100908,mlb,300908103,CLE,3,LAA,4,LAA,Final/16
20100908,mlb,300908106,CHW,1,DET,5,DET,Final
20100908,mlb,300908123,ATL,9,PIT,3,ATL,Final
20100908,mlb,300908114,TEX,8,TOR,1,TEX,Final
20100908,mlb,300908102,TB,5,BOS,11,BOS,Final
20100908,mlb,300908116,HOU,4,CHC,0,HOU,Final
20100908,mlb,300908108,STL,1,MIL,8,MIL,Final
20100908,mlb,300908109,KC,3,MIN,4,MIN,Final
20100908,mlb,300908127,CIN,2,COL,9,COL,Final
20100908,mlb,300908129,SF,1,ARI,3,ARI,Final
20100908,mlb,300908125,LAD,0,SD,4,SD,Final
20100909,mlb,300909106,CHW,3,DET,6,DET,Final
20100909,mlb,300909127,CIN,5,COL,6,COL,Final
20100909,mlb,300909114,TEX,4,TOR,2,TEX,Final
20100909,mlb,300909115,STL,11,ATL,4,STL,Final
20100909,mlb,300909118,LAD,2,HOU,3,HOU,Final
20100909,mlb,300909125,SF,7,SD,3,SF,Final
20100910,mlb,300910105,MIN,0,CLE,2,CLE,Final
20100910,mlb,300910106,BAL,6,DET,3,BAL,Final
20100910,mlb,300910114,TB,9,TOR,8,TB,Final
20100910,mlb,300910117,PIT,3,CIN,4,CIN,Final/12
20100910,mlb,300910121,PHI,8,NYM,4,PHI,Final
20100910,mlb,300910115,STL,6,ATL,8,ATL,Final
20100910,mlb,300910113,NYY,5,TEX,6,TEX,Final/13
20100910,mlb,300910118,LAD,4,HOU,2,LAD,Final/11
20100910,mlb,300910104,KC,3,CHW,4,CHW,Final
20100910,mlb,300910108,CHC,4,MIL,0,CHC,Final
20100910,mlb,300910127,ARI,4,COL,13,COL,Final
20100910,mlb,300910103,SEA,3,LAA,4,LAA,Final/14
20100910,mlb,300910125,SF,1,SD,0,SF,Final
20100911,mlb,300911114,TB,13,TOR,1,TB,Final
20100911,mlb,300911115,STL,3,ATL,6,ATL,Final/12
20100911,mlb,300911121,PHI,3,NYM,4,NYM,Final
20100911,mlb,300911125,SF,0,SD,1,SD,Final
20100911,mlb,300911104,KC,8,CHW,2,KC,Final
20100911,mlb,300911105,MIN,1,CLE,0,MIN,Final/12
20100911,mlb,300911106,BAL,5,DET,3,BAL,Final
20100911,mlb,300911118,LAD,6,HOU,3,LAD,Final
20100911,mlb,300911108,CHC,1,MIL,0,CHC,Final
20100911,mlb,300911117,PIT,4,CIN,5,CIN,Final/10
20100911,mlb,300911113,NYY,6,TEX,7,TEX,Final
20100911,mlb,300911127,ARI,1,COL,2,COL,Final
20100911,mlb,300911103,SEA,4,LAA,7,LAA,Final
20100912,mlb,300912105,MIN,6,CLE,2,MIN,Final
20100912,mlb,300912106,BAL,2,DET,6,DET,Final
20100912,mlb,300912114,TB,4,TOR,5,TOR,Final
20100912,mlb,300912117,PIT,3,CIN,1,PIT,Final
20100912,mlb,300912121,PHI,3,NYM,0,PHI,Final
20100912,mlb,300912104,KC,6,CHW,12,CHW,Final
20100912,mlb,300912118,LAD,4,HOU,7,HOU,Final
20100912,mlb,300912108,CHC,0,MIL,2,MIL,Final
20100912,mlb,300912113,NYY,1,TEX,4,TEX,Final
20100912,mlb,300912127,ARI,2,COL,4,COL,Final
20100912,mlb,300912103,SEA,0,LAA,3,LAA,Final
20100912,mlb,300912125,SF,6,SD,1,SF,Final
20100912,mlb,300912115,STL,7,ATL,3,STL,Final
20100913,mlb,300913101,TOR,3,BAL,4,BAL,Final/11
20100913,mlb,300913115,WSH,0,ATL,4,ATL,Final
20100913,mlb,300913117,ARI,2,CIN,7,CIN,Final
20100913,mlb,300913121,PIT,0,NYM,1,NYM,Final/10
20100913,mlb,300913130,NYY,0,TB,1,TB,Final/11
20100913,mlb,300913118,MIL,2,HOU,4,HOU,Final
20100913,mlb,300913124,CHC,5,STL,1,CHC,Final
20100913,mlb,300913127,SD,6,COL,4,SD,Final
20100913,mlb,300913112,BOS,5,SEA,1,BOS,Final
20100914,mlb,300914101,TOR,3,BAL,11,BAL,Final
20100914,mlb,300914105,LAA,3,CLE,4,CLE,Final
20100914,mlb,300914115,WSH,6,ATL,0,WSH,Final
20100914,mlb,300914117,ARI,3,CIN,1,ARI,Final
20100914,mlb,300914121,PIT,1,NYM,9,NYM,Final
20100914,mlb,300914130,NYY,8,TB,7,NYY,Final/10
20100914,mlb,300914113,DET,4,TEX,11,TEX,Final
20100914,mlb,300914118,MIL,2,HOU,3,HOU,Final
20100914,mlb,300914104,MIN,9,CHW,3,MIN,Final
20100914,mlb,300914124,CHC,7,STL,2,CHC,Final
20100914,mlb,300914127,SD,7,COL,6,SD,Final
20100914,mlb,300914112,BOS,9,SEA,6,BOS,Final
20100914,mlb,300914126,LAD,1,SF,0,LAD,Final
20100915,mlb,300915115,WSH,4,ATL,2,WSH,Final
20100915,mlb,300915118,MIL,8,HOU,6,MIL,Final/10
20100915,mlb,300915127,SD,6,COL,9,COL,Final
20100915,mlb,300915112,BOS,5,SEA,1,BOS,Final
20100915,mlb,300915101,TOR,1,BAL,3,BAL,Final
20100915,mlb,300915105,LAA,7,CLE,0,LAA,Final
20100915,mlb,300915117,ARI,5,CIN,7,CIN,Final
20100915,mlb,300915121,PIT,7,NYM,8,NYM,Final
20100915,mlb,300915130,NYY,3,TB,4,TB,Final
20100915,mlb,300915113,DET,7,TEX,11,TEX,Final
20100915,mlb,300915104,MIN,9,CHW,3,MIN,Final
20100915,mlb,300915124,CHC,7,STL,3,CHC,Final
20100915,mlb,300915126,LAD,1,SF,2,SF,Final
20100916,mlb,300916117,ARI,3,CIN,1,ARI,Final
20100916,mlb,300916105,LAA,2,CLE,3,CLE,Final/11
20100916,mlb,300916121,PIT,2,NYM,6,NYM,Final
20100916,mlb,300916104,MIN,8,CHW,5,MIN,Final
20100916,mlb,300916124,SD,0,STL,4,STL,Final
20100916,mlb,300916126,LAD,2,SF,10,SF,Final
20100917,mlb,300917101,NYY,4,BAL,3,NYY,Final
20100917,mlb,300917122,WSH,1,PHI,9,PHI,Final
20100917,mlb,300917123,ARI,3,PIT,4,PIT,Final
20100917,mlb,300917102,TOR,11,BOS,9,TOR,Final
20100917,mlb,300917121,ATL,6,NYM,4,ATL,Final
20100917,mlb,300917130,LAA,4,TB,3,LAA,Final
20100917,mlb,300917118,CIN,3,HOU,5,HOU,Final
20100917,mlb,300917104,DET,9,CHW,2,DET,Final
20100917,mlb,300917107,CLE,11,KC,4,CLE,Final
20100917,mlb,300917124,SD,4,STL,14,STL,Final
20100917,mlb,300917112,TEX,1,SEA,2,SEA,Final
20100917,mlb,300917119,COL,7,LAD,5,COL,Final
20100917,mlb,300917126,MIL,3,SF,0,MIL,Final
20100918,mlb,300918104,DET,6,CHW,3,DET,Final
20100918,mlb,300918119,COL,12,LAD,2,COL,Final
20100918,mlb,300918121,ATL,4,NYM,2,ATL,Final
20100918,mlb,300918124,SD,8,STL,4,SD,Final
20100918,mlb,300918101,NYY,11,BAL,3,NYY,Final
20100918,mlb,300918118,CIN,11,HOU,1,CIN,Final
20100918,mlb,300918122,WSH,2,PHI,5,PHI,Final
20100918,mlb,300918123,ARI,6,PIT,9,PIT,Final
20100918,mlb,300918102,TOR,4,BOS,3,TOR,Final
20100918,mlb,300918107,CLE,6,KC,4,CLE,Final
20100918,mlb,300918130,LAA,3,TB,4,TB,Final/10
20100918,mlb,300918126,MIL,2,SF,1,MIL,Final
20100918,mlb,300918112,TEX,6,SEA,1,TEX,Final
20100919,mlb,300919121,ATL,6,NYM,3,ATL,Final
20100919,mlb,300919101,NYY,3,BAL,4,BAL,Final/11
20100919,mlb,300919102,TOR,0,BOS,6,BOS,Final
20100919,mlb,300919122,WSH,6,PHI,7,PHI,Final
20100919,mlb,300919123,ARI,3,PIT,4,PIT,Final
20100919,mlb,300919130,LAA,6,TB,3,LAA,Final
20100919,mlb,300919118,CIN,3,HOU,4,HOU,Final
20100919,mlb,300919107,CLE,4,KC,6,KC,Final
20100919,mlb,300919124,SD,1,STL,4,STL,Final
20100919,mlb,300919126,MIL,2,SF,9,SF,Final
20100919,mlb,300919112,TEX,1,SEA,2,SEA,Final
20100919,mlb,300919119,COL,6,LAD,7,LAD,Final/11
20100919,mlb,300919104,DET,9,CHW,7,DET,Final/11
20100920,mlb,300920106,KC,5,DET,7,DET,Final
20100920,mlb,300920120,HOU,8,WSH,2,HOU,Final
20100920,mlb,300920122,ATL,1,PHI,3,PHI,Final
20100920,mlb,400650386,TB,6,NYY,8,NYY,Final
20100920,mlb,300920102,BAL,4,BOS,2,BAL,Final
20100920,mlb,300920108,CIN,5,MIL,2,CIN,Final
20100920,mlb,300920109,CLE,3,MIN,9,MIN,Final
20100920,mlb,300920103,TEX,4,LAA,7,LAA,Final
20100921,mlb,300921106,KC,9,DET,6,KC,Final
20100921,mlb,300921110,TB,3,NYY,8,NYY,Final
20100921,mlb,300921120,HOU,4,WSH,8,WSH,Final
20100921,mlb,300921122,ATL,3,PHI,5,PHI,Final
20100921,mlb,300921123,STL,2,PIT,5,PIT,Final
20100921,mlb,300921114,SEA,3,TOR,5,TOR,Final
20100921,mlb,300921102,BAL,9,BOS,1,BAL,Final
20100921,mlb,300921116,SF,1,CHC,0,SF,Final
20100921,mlb,300921108,CIN,4,MIL,3,CIN,Final
20100921,mlb,300921109,CLE,4,MIN,6,MIN,Final
20100921,mlb,300921129,COL,1,ARI,3,ARI,Final
20100921,mlb,300921103,TEX,0,LAA,2,LAA,Final
20100921,mlb,300921119,SD,6,LAD,0,SD,Final
20100922,mlb,300922109,CLE,1,MIN,5,MIN,Final
20100922,mlb,300922106,KC,2,DET,4,DET,Final
20100922,mlb,300922110,TB,7,NYY,2,TB,Final
20100922,mlb,300922120,HOU,3,WSH,4,WSH,Final
20100922,mlb,300922122,ATL,0,PHI,1,PHI,Final
20100922,mlb,300922123,STL,6,PIT,11,PIT,Final
20100922,mlb,300922114,SEA,6,TOR,3,SEA,Final
20100922,mlb,300922102,BAL,1,BOS,6,BOS,Final
20100922,mlb,300922116,SF,0,CHC,2,CHC,Final
20100922,mlb,300922108,CIN,1,MIL,13,MIL,Final
20100922,mlb,300922129,COL,4,ARI,8,ARI,Final
20100922,mlb,300922103,TEX,2,LAA,1,TEX,Final/12
20100922,mlb,300922119,SD,3,LAD,1,SD,Final
20100923,mlb,300923123,STL,9,PIT,2,STL,Final
20100923,mlb,300923114,SEA,0,TOR,1,TOR,Final
20100923,mlb,300923120,HOU,2,WSH,7,WSH,Final
20100923,mlb,300923105,KC,4,CLE,2,KC,Final
20100923,mlb,300923110,TB,10,NYY,3,TB,Final
20100923,mlb,300923116,SF,13,CHC,0,SF,Final
20100923,mlb,300923129,COL,9,ARI,10,ARI,Final
20100923,mlb,300923119,SD,1,LAD,3,LAD,Final
20100924,mlb,300924116,STL,7,CHC,1,STL,Final
20100924,mlb,300924105,KC,3,CLE,7,CLE,Final
20100924,mlb,300924106,MIN,1,DET,10,DET,Final
20100924,mlb,300924110,BOS,10,NYY,8,BOS,Final
20100924,mlb,300924120,ATL,3,WSH,8,WSH,Final
20100924,mlb,300924122,NYM,2,PHI,3,PHI,Final
20100924,mlb,300924123,HOU,10,PIT,7,HOU,Final
20100924,mlb,300924114,BAL,4,TOR,6,TOR,Final
20100924,mlb,300924130,SEA,3,TB,5,TB,Final
20100924,mlb,300924127,SF,2,COL,1,SF,Final
20100924,mlb,300924129,LAD,3,ARI,1,LAD,Final
20100924,mlb,300924103,CHW,2,LAA,1,CHW,Final
20100924,mlb,300924125,CIN,3,SD,4,SD,Final
20100925,mlb,300925116,STL,3,CHC,7,CHC,Final
20100925,mlb,300925120,ATL,5,WSH,0,ATL,Final
20100925,mlb,300925114,BAL,4,TOR,5,TOR,Final/11
20100925,mlb,300925110,BOS,7,NYY,3,BOS,Final
20100925,mlb,300925125,CIN,3,SD,4,SD,Final
20100925,mlb,300925105,KC,1,CLE,7,CLE,Final
20100925,mlb,300925106,MIN,10,DET,11,DET,Final/13
20100925,mlb,300925122,NYM,5,PHI,2,NYM,Final
20100925,mlb,300925123,HOU,4,PIT,6,PIT,Final
20100925,mlb,300925130,SEA,1,TB,9,TB,Final
20100925,mlb,300925127,SF,9,COL,10,COL,Final/10
20100925,mlb,300925129,LAD,2,ARI,5,ARI,Final
20100925,mlb,300925103,CHW,6,LAA,2,CHW,Final
20100926,mlb,300926105,KC,3,CLE,5,CLE,Final
20100926,mlb,300926106,MIN,1,DET,5,DET,Final
20100926,mlb,300926114,BAL,2,TOR,5,TOR,Final
20100926,mlb,300926120,ATL,2,WSH,4,WSH,Final
20100926,mlb,300926122,NYM,7,PHI,3,NYM,Final
20100926,mlb,300926123,HOU,3,PIT,9,PIT,Final
20100926,mlb,300926130,SEA,6,TB,2,SEA,Final
20100926,mlb,300926116,STL,8,CHC,7,STL,Final
20100926,mlb,300926127,SF,4,COL,2,SF,Final
20100926,mlb,300926103,CHW,4,LAA,3,CHW,Final
20100926,mlb,300926125,CIN,12,SD,2,CIN,Final
20100926,mlb,300926129,LAD,4,ARI,5,ARI,Final
20100926,mlb,300926110,BOS,3,NYY,4,NYY,Final/10
20100927,mlb,300927105,DET,3,CLE,6,CLE,Final
20100927,mlb,300927120,PHI,8,WSH,0,PHI,Final
20100927,mlb,300927114,NYY,5,TOR,7,TOR,Final
20100927,mlb,300927130,BAL,4,TB,0,BAL,Final
20100927,mlb,300927113,SEA,7,TEX,5,SEA,Final
20100927,mlb,300927104,BOS,6,CHW,1,BOS,Final
20100927,mlb,300927107,MIN,8,KC,10,KC,Final
20100927,mlb,300927124,PIT,4,STL,6,STL,Final
20100927,mlb,300927127,LAD,3,COL,1,LAD,Final
20100927,mlb,300927125,CHC,1,SD,0,CHC,Final
20100928,mlb,300928120,PHI,1,WSH,2,WSH,Final
20100928,mlb,300928114,NYY,6,TOR,1,NYY,Final
20100928,mlb,300928117,HOU,2,CIN,3,CIN,Final
20100928,mlb,300928121,MIL,3,NYM,4,NYM,Final
20100928,mlb,300928130,BAL,0,TB,5,TB,Final
20100928,mlb,300928113,SEA,3,TEX,1,SEA,Final
20100928,mlb,300928104,BOS,4,CHW,5,CHW,Final
20100928,mlb,300928107,MIN,1,KC,10,KC,Final
20100928,mlb,300928124,PIT,7,STL,2,PIT,Final
20100928,mlb,300928127,LAD,9,COL,7,LAD,Final
20100928,mlb,300928125,CHC,5,SD,2,CHC,Final
20100928,mlb,300928126,ARI,2,SF,4,SF,Final
20100929,mlb,300929124,PIT,1,STL,4,STL,Final
20100929,mlb,300929113,SEA,5,TEX,6,TEX,Final
20100929,mlb,300929127,LAD,7,COL,6,LAD,Final
20100929,mlb,300929205,DET,0,CLE,4,CLE,Final
20100929,mlb,300929221,MIL,8,NYM,7,MIL,Final
20100929,mlb,300929120,PHI,7,WSH,1,PHI,Final
20100929,mlb,300929305,DET,3,CLE,4,CLE,Final
20100929,mlb,300929114,NYY,4,TOR,8,TOR,Final
20100929,mlb,300929117,HOU,2,CIN,0,HOU,Final
20100929,mlb,300929130,BAL,2,TB,0,BAL,Final
20100929,mlb,300929321,MIL,3,NYM,1,MIL,Final
20100929,mlb,300929104,BOS,2,CHW,5,CHW,Final
20100929,mlb,300929107,MIN,4,KC,2,MIN,Final
20100929,mlb,300929125,CHC,0,SD,3,SD,Final
20100929,mlb,300929126,ARI,1,SF,3,SF,Final
20100930,mlb,300930126,ARI,1,SF,4,SF,Final
20100930,mlb,300930125,CHC,1,SD,0,CHC,Final
20100930,mlb,300930117,HOU,1,CIN,9,CIN,Final
20100930,mlb,300930121,MIL,9,NYM,2,MIL,Final
20100930,mlb,300930113,LAA,2,TEX,3,TEX,Final
20100930,mlb,300930104,BOS,2,CHW,8,CHW,Final
20100930,mlb,300930107,TB,2,KC,3,KC,Final
20100930,mlb,300930109,TOR,13,MIN,2,TOR,Final
20100930,mlb,300930124,COL,1,STL,6,STL,Final
20101001,mlb,301001201,DET,6,BAL,10,BAL,Final
20101001,mlb,301001117,MIL,4,CIN,3,MIL,Final/11
20101001,mlb,301001121,WSH,1,NYM,2,NYM,Final/10
20101001,mlb,301001115,PHI,11,ATL,5,PHI,Final
20101001,mlb,301001113,LAA,5,TEX,4,LAA,Final/11
20101001,mlb,301001118,CHC,2,HOU,0,CHC,Final
20101001,mlb,301001301,DET,1,BAL,2,BAL,Final
20101001,mlb,301001104,CLE,7,CHW,3,CLE,Final
20101001,mlb,301001107,TB,0,KC,7,KC,Final
20101001,mlb,301001109,TOR,6,MIN,3,TOR,Final
20101001,mlb,301001124,COL,0,STL,3,STL,Final
20101001,mlb,301001119,ARI,7,LAD,5,ARI,Final
20101001,mlb,301001126,SD,6,SF,4,SD,Final
20101002,mlb,301002109,TOR,4,MIN,5,MIN,Final
20101002,mlb,301002117,MIL,4,CIN,7,CIN,Final
20101002,mlb,301002121,WSH,2,NYM,7,NYM,Final
20101002,mlb,301002124,COL,0,STL,1,STL,Final/11
20101002,mlb,301002126,SD,4,SF,2,SD,Final
20101002,mlb,301002202,NYY,6,BOS,5,NYY,Final/10
20101002,mlb,400743010,PHI,7,ATL,0,PHI,Final
20101002,mlb,301002101,DET,1,BAL,2,BAL,Final
20101002,mlb,301002104,CLE,2,CHW,6,CHW,Final/6
20101002,mlb,301002118,CHC,8,HOU,3,CHC,Final
20101002,mlb,301002107,TB,4,KC,0,TB,Final
20101002,mlb,301002113,LAA,2,TEX,6,TEX,Final
20101002,mlb,301002302,NYY,6,BOS,7,BOS,Final/10
20101002,mlb,301002119,ARI,2,LAD,3,LAD,Final
20101003,mlb,301003117,MIL,2,CIN,3,CIN,Final
20101003,mlb,301003121,WSH,2,NYM,1,WSH,Final/14
20101003,mlb,301003101,DET,4,BAL,2,DET,Final
20101003,mlb,301003102,NYY,4,BOS,8,BOS,Final
20101003,mlb,301003115,PHI,7,ATL,8,ATL,Final
20101003,mlb,301003104,CLE,5,CHW,6,CHW,Final
20101003,mlb,301003118,CHC,0,HOU,4,HOU,Final
20101003,mlb,301003107,TB,3,KC,2,TB,Final/12
20101003,mlb,301003109,TOR,2,MIN,1,TOR,Final
20101003,mlb,301003124,COL,1,STL,6,STL,Final
20101003,mlb,301003113,LAA,6,TEX,2,LAA,Final
20101003,mlb,301003126,SD,0,SF,3,SF,Final
20101003,mlb,301003119,ARI,1,LAD,3,LAD,Final
20101006,mlb,400650479,TEX,5,TB,1,TEX,Final
20101006,mlb,400743026,CIN,0,PHI,4,PHI,Final
20101006,mlb,400650478,NYY,6,MIN,4,NYY,Final
20101007,mlb,400650481,TEX,6,TB,0,TEX,Final
20101007,mlb,400650480,NYY,5,MIN,2,NYY,Final
20101007,mlb,400743027,ATL,0,SF,1,SF,Final
20101008,mlb,400743028,CIN,4,PHI,7,PHI,Final
20101008,mlb,400743029,ATL,5,SF,4,ATL,Final/11
20101009,mlb,400650483,TB,6,TEX,3,TB,Final
20101009,mlb,400650482,MIN,1,NYY,6,NYY,Final
20101010,mlb,400650484,TB,5,TEX,2,TB,Final
20101010,mlb,400743030,SF,3,ATL,2,SF,Final
20101010,mlb,400743031,PHI,2,CIN,0,PHI,Final
20101011,mlb,400743032,SF,3,ATL,2,SF,Final
20101012,mlb,400650485,TEX,5,TB,1,TEX,Final
20101015,mlb,400650486,NYY,6,TEX,5,NYY,Final
20101016,mlb,400650487,NYY,2,TEX,7,TEX,Final
20101016,mlb,400743033,SF,4,PHI,3,SF,Final
20101017,mlb,400743034,SF,1,PHI,6,PHI,Final
20101018,mlb,400650488,TEX,8,NYY,0,TEX,Final
20101019,mlb,400743035,PHI,0,SF,3,SF,Final
20101019,mlb,400650489,TEX,10,NYY,3,TEX,Final
20101020,mlb,400650490,TEX,2,NYY,7,NYY,Final
20101020,mlb,400743036,PHI,5,SF,6,SF,Final
20101021,mlb,400743037,PHI,4,SF,2,PHI,Final
20101022,mlb,400650491,NYY,1,TEX,6,TEX,Final
20101023,mlb,400743038,SF,3,PHI,2,SF,Final
20101027,mlb,400702766,TEX,7,SF,11,SF,Final
20101028,mlb,400702767,TEX,0,SF,9,SF,Final
20101030,mlb,400702768,SF,2,TEX,4,TEX,Final
20101031,mlb,400702769,SF,4,TEX,0,SF,Final
20101101,mlb,400702770,SF,3,TEX,1,SF,Final
20100405,mlb,300405121,MIA,1,NYM,7,NYM,Final
20100405,mlb,300405111,SEA,5,ATH,3,SEA,Final
20100406,mlb,300406111,SEA,1,ATH,2,ATH,Final/10
20100407,mlb,300407121,MIA,7,NYM,6,MIA,Final/10
20100407,mlb,300407111,SEA,5,ATH,6,ATH,Final
20100408,mlb,300408111,SEA,2,ATH,6,ATH,Final
20100408,mlb,300408121,MIA,3,NYM,1,MIA,Final
20100409,mlb,300409128,LAD,7,MIA,3,LAD,Final
20100409,mlb,300409103,ATH,10,LAA,4,ATH,Final
20100410,mlb,300410128,LAD,6,MIA,7,MIA,Final
20100410,mlb,300410103,ATH,3,LAA,4,LAA,Final
20100411,mlb,300411128,LAD,5,MIA,6,MIA,Final
20100411,mlb,300411103,ATH,9,LAA,4,ATH,Final
20100412,mlb,300412112,ATH,4,SEA,0,ATH,Final
20100412,mlb,300412128,CIN,6,MIA,5,CIN,Final/10
20100413,mlb,300413128,CIN,10,MIA,8,CIN,Final/11
20100413,mlb,300413112,ATH,0,SEA,3,SEA,Final
20100414,mlb,300414128,CIN,3,MIA,5,MIA,Final
20100414,mlb,300414112,ATH,2,SEA,4,SEA,Final
20100415,mlb,300415128,CIN,2,MIA,10,MIA,Final
20100415,mlb,300415111,BAL,2,ATH,6,ATH,Final
20100416,mlb,300416122,MIA,6,PHI,8,PHI,Final
20100416,mlb,300416111,BAL,2,ATH,4,ATH,Final
20100417,mlb,300417111,BAL,3,ATH,4,ATH,Final
20100417,mlb,300417122,MIA,5,PHI,1,MIA,Final
20100418,mlb,300418122,MIA,2,PHI,0,MIA,Final
20100418,mlb,300418111,BAL,8,ATH,3,BAL,Final
20100420,mlb,300420118,MIA,5,HOU,7,HOU,Final
20100420,mlb,300420111,NYY,7,ATH,3,NYY,Final
20100421,mlb,300421118,MIA,4,HOU,5,HOU,Final
20100421,mlb,300421111,NYY,3,ATH,1,NYY,Final
20100422,mlb,300422111,NYY,2,ATH,4,ATH,Final
20100422,mlb,300422118,MIA,5,HOU,1,MIA,Final
20100423,mlb,300423111,CLE,0,ATH,10,ATH,Final
20100424,mlb,300424111,CLE,6,ATH,1,CLE,Final
20100424,mlb,300424227,MIA,4,COL,1,MIA,Final
20100424,mlb,300424327,MIA,1,COL,8,COL,Final
20100425,mlb,300425111,CLE,0,ATH,11,ATH,Final
20100425,mlb,300425127,MIA,4,COL,8,COL,Final
20100426,mlb,300426128,SD,1,MIA,10,MIA,Final
20100427,mlb,300427128,SD,4,MIA,1,SD,Final
20100427,mlb,300427130,ATH,6,TB,8,TB,Final
20100428,mlb,300428128,SD,6,MIA,4,SD,Final
20100428,mlb,300428130,ATH,3,TB,10,TB,Final
20100429,mlb,300429114,ATH,3,TOR,6,TOR,Final
20100430,mlb,300430114,ATH,2,TOR,10,TOR,Final
20100430,mlb,300430128,WSH,7,MIA,1,WSH,Final
20100501,mlb,300501114,ATH,4,TOR,3,ATH,Final
20100501,mlb,300501128,WSH,1,MIA,7,MIA,Final
20100502,mlb,300502114,ATH,3,TOR,9,TOR,Final
20100502,mlb,300502128,WSH,3,MIA,9,MIA,Final
20100503,mlb,300503111,TEX,4,ATH,2,TEX,Final
20100504,mlb,300504128,SF,9,MIA,6,SF,Final/12
20100504,mlb,300504111,TEX,6,ATH,7,ATH,Final
20100505,mlb,300505111,TEX,1,ATH,4,ATH,Final
20100505,mlb,300505128,SF,3,MIA,2,SF,Final
20100506,mlb,300506128,SF,6,MIA,3,SF,Final
20100507,mlb,300507120,MIA,4,WSH,2,MIA,Final
20100507,mlb,300507111,TB,4,ATH,1,TB,Final
20100508,mlb,300508120,MIA,4,WSH,5,WSH,Final
20100508,mlb,300508111,TB,2,ATH,4,ATH,Final
20100509,mlb,300509120,MIA,2,WSH,3,WSH,Final
20100509,mlb,300509111,TB,0,ATH,4,ATH,Final
20100510,mlb,300510116,MIA,4,CHC,2,MIA,Final
20100511,mlb,300511113,ATH,7,TEX,6,ATH,Final/13
20100511,mlb,300511116,MIA,3,CHC,2,MIA,Final
20100512,mlb,300512116,MIA,3,CHC,4,CHC,Final
20100512,mlb,300512113,ATH,1,TEX,10,TEX,Final
20100513,mlb,300513113,ATH,1,TEX,2,TEX,Final/12
20100513,mlb,300513128,NYM,1,MIA,2,MIA,Final
20100514,mlb,300514128,NYM,2,MIA,7,MIA,Final
20100514,mlb,300514103,ATH,0,LAA,4,LAA,Final
20100515,mlb,300515128,NYM,5,MIA,7,MIA,Final
20100515,mlb,300515103,ATH,3,LAA,12,LAA,Final
20100516,mlb,300516128,NYM,8,MIA,10,MIA,Final
20100516,mlb,300516103,ATH,0,LAA,4,LAA,Final
20100517,mlb,300517128,ARI,5,MIA,1,ARI,Final
20100517,mlb,300517111,SEA,4,ATH,8,ATH,Final
20100518,mlb,300518128,ARI,0,MIA,8,MIA,Final
20100518,mlb,300518111,SEA,5,ATH,6,ATH,Final/10
20100519,mlb,300519124,MIA,5,STL,1,MIA,Final
20100519,mlb,300519111,DET,5,ATH,1,DET,Final
20100520,mlb,300520124,MIA,2,STL,4,STL,Final
20100520,mlb,300520111,DET,5,ATH,2,DET,Final
20100521,mlb,300521104,MIA,0,CHW,8,CHW,Final
20100521,mlb,300521111,SF,1,ATH,6,ATH,Final
20100522,mlb,300522104,MIA,1,CHW,4,CHW,Final
20100522,mlb,300522111,SF,0,ATH,1,ATH,Final
20100523,mlb,300523104,MIA,13,CHW,0,MIA,Final
20100523,mlb,300523111,SF,0,ATH,3,ATH,Final
20100525,mlb,300525101,ATH,1,BAL,5,BAL,Final
20100525,mlb,300525128,ATL,4,MIA,6,MIA,Final
20100526,mlb,300526101,ATH,6,BAL,1,ATH,Final
20100526,mlb,300526128,ATL,7,MIA,3,ATL,Final
20100527,mlb,300527101,ATH,7,BAL,5,ATH,Final
20100527,mlb,300527128,ATL,8,MIA,3,ATL,Final
20100528,mlb,400649775,ATH,5,DET,4,ATH,Final
20100528,mlb,300528128,PHI,3,MIA,2,PHI,Final
20100529,mlb,300529106,ATH,6,DET,0,ATH,Final
20100529,mlb,300529128,PHI,1,MIA,0,PHI,Final
20100530,mlb,300530106,ATH,2,DET,10,DET,Final
20100530,mlb,300530128,PHI,0,MIA,1,MIA,Final
20100531,mlb,300531106,ATH,4,DET,1,ATH,Final
20100531,mlb,300531128,MIL,5,MIA,13,MIA,Final
20100601,mlb,300601102,ATH,4,BOS,9,BOS,Final
20100601,mlb,300601128,MIL,4,MIA,6,MIA,Final
20100602,mlb,300602102,ATH,4,BOS,6,BOS,Final
20100602,mlb,300602128,MIL,7,MIA,4,MIL,Final
20100603,mlb,300603102,ATH,9,BOS,8,ATH,Final
20100603,mlb,300603128,MIL,2,MIA,3,MIA,Final
20100604,mlb,300604121,MIA,3,NYM,4,NYM,Final
20100604,mlb,300604111,MIN,5,ATH,4,MIN,Final/11
20100605,mlb,300605121,MIA,1,NYM,6,NYM,Final
20100605,mlb,300605111,MIN,4,ATH,3,MIN,Final
20100606,mlb,300606121,MIA,6,NYM,7,NYM,Final
20100606,mlb,300606111,MIN,4,ATH,5,ATH,Final
20100607,mlb,300607111,LAA,4,ATH,2,LAA,Final
20100608,mlb,300608122,MIA,8,PHI,10,PHI,Final
20100608,mlb,300608111,LAA,1,ATH,10,ATH,Final
20100609,mlb,300609111,LAA,7,ATH,1,LAA,Final
20100610,mlb,300610111,LAA,1,ATH,6,ATH,Final
20100610,mlb,300610122,MIA,2,PHI,0,MIA,Final
20100611,mlb,300611130,MIA,14,TB,9,MIA,Final
20100611,mlb,300611126,ATH,2,SF,6,SF,Final
20100612,mlb,300612130,MIA,5,TB,6,TB,Final
20100612,mlb,300612126,ATH,4,SF,5,SF,Final
20100613,mlb,300613130,MIA,6,TB,1,MIA,Final
20100613,mlb,300613126,ATH,2,SF,6,SF,Final
20100615,mlb,300615128,TEX,3,MIA,2,TEX,Final
20100615,mlb,300615116,ATH,9,CHC,5,ATH,Final
20100616,mlb,300616128,TEX,6,MIA,3,TEX,Final
20100616,mlb,300616116,ATH,2,CHC,6,CHC,Final
20100617,mlb,300617116,ATH,2,CHC,3,CHC,Final
20100617,mlb,300617128,TEX,6,MIA,4,TEX,Final
20100618,mlb,300618128,TB,4,MIA,7,MIA,Final
20100618,mlb,300618124,ATH,4,STL,6,STL,Final
20100619,mlb,300619128,TB,9,MIA,8,TB,Final/11
20100619,mlb,300619124,ATH,3,STL,4,STL,Final
20100620,mlb,400702671,TB,1,MIA,4,MIA,Final
20100620,mlb,300620124,ATH,3,STL,2,ATH,Final
20100621,mlb,300621111,CIN,6,ATH,4,CIN,Final/10
20100622,mlb,300622101,MIA,10,BAL,4,MIA,Final
20100622,mlb,300622111,CIN,4,ATH,2,CIN,Final
20100623,mlb,300623111,CIN,3,ATH,0,CIN,Final
20100623,mlb,300623101,MIA,7,BAL,5,MIA,Final
20100624,mlb,300624101,MIA,5,BAL,11,BAL,Final
20100625,mlb,300625128,SD,3,MIA,0,SD,Final
20100625,mlb,300625111,PIT,4,ATH,14,ATH,Final
20100626,mlb,300626128,SD,2,MIA,1,SD,Final
20100626,mlb,300626111,PIT,0,ATH,5,ATH,Final
20100627,mlb,300627128,SD,4,MIA,2,SD,Final
20100627,mlb,300627111,PIT,2,ATH,3,ATH,Final
20100628,mlb,300628128,NYM,3,MIA,10,MIA,Final
20100629,mlb,300629101,ATH,4,BAL,2,ATH,Final
20100629,mlb,300629128,NYM,6,MIA,7,MIA,Final
20100630,mlb,400649875,ATH,6,BAL,9,BAL,Final
20100630,mlb,300630128,NYM,6,MIA,5,NYM,Final
20100701,mlb,300701101,ATH,8,BAL,1,ATH,Final
20100702,mlb,300702105,ATH,3,CLE,0,ATH,Final
20100702,mlb,300702115,MIA,3,ATL,4,ATL,Final/11
20100703,mlb,300703115,MIA,1,ATL,4,ATL,Final
20100703,mlb,300703105,ATH,4,CLE,5,CLE,Final/10
20100704,mlb,300704105,ATH,3,CLE,1,ATH,Final
20100704,mlb,300704115,MIA,3,ATL,2,MIA,Final
20100705,mlb,300705119,MIA,6,LAD,5,MIA,Final
20100705,mlb,300705111,NYY,3,ATH,1,NYY,Final
20100706,mlb,300706111,NYY,6,ATH,1,NYY,Final
20100706,mlb,300706119,MIA,3,LAD,7,LAD,Final
20100707,mlb,300707111,NYY,6,ATH,2,NYY,Final
20100707,mlb,300707119,MIA,4,LAD,0,MIA,Final
20100708,mlb,300708129,MIA,4,ARI,10,ARI,Final
20100709,mlb,300709129,MIA,3,ARI,2,MIA,Final
20100709,mlb,300709111,LAA,6,ATH,5,LAA,Final/10
20100710,mlb,300710129,MIA,4,ARI,5,ARI,Final
20100710,mlb,300710111,LAA,1,ATH,15,ATH,Final
20100711,mlb,300711111,LAA,2,ATH,5,ATH,Final
20100711,mlb,300711129,MIA,2,ARI,0,MIA,Final
20100716,mlb,300716128,WSH,4,MIA,0,WSH,Final
20100716,mlb,300716107,ATH,5,KC,1,ATH,Final
20100717,mlb,300717107,ATH,6,KC,5,ATH,Final
20100717,mlb,300717128,WSH,0,MIA,2,MIA,Final
20100718,mlb,300718128,WSH,0,MIA,1,MIA,Final
20100718,mlb,300718107,ATH,9,KC,6,ATH,Final
20100719,mlb,300719128,COL,8,MIA,9,MIA,Final
20100719,mlb,300719111,BOS,2,ATH,1,BOS,Final
20100720,mlb,300720128,COL,10,MIA,0,COL,Final
20100720,mlb,300720111,BOS,4,ATH,5,ATH,Final/10
20100721,mlb,300721111,BOS,4,ATH,6,ATH,Final
20100721,mlb,300721128,COL,2,MIA,5,MIA,Final
20100722,mlb,300722128,COL,2,MIA,3,MIA,Final
20100723,mlb,300723128,ATL,6,MIA,7,MIA,Final
20100723,mlb,300723111,CHW,5,ATH,1,CHW,Final
20100724,mlb,300724111,CHW,2,ATH,10,ATH,Final
20100724,mlb,400742503,ATL,10,MIA,5,ATL,Final
20100725,mlb,300725128,ATL,4,MIA,5,MIA,Final/11
20100725,mlb,300725111,CHW,4,ATH,6,ATH,Final
20100726,mlb,300726126,MIA,4,SF,3,MIA,Final
20100727,mlb,300727113,ATH,1,TEX,3,TEX,Final/10
20100727,mlb,300727126,MIA,4,SF,6,SF,Final
20100728,mlb,300728126,MIA,9,SF,10,SF,Final/10
20100728,mlb,300728113,ATH,3,TEX,1,ATH,Final
20100729,mlb,300729126,MIA,5,SF,0,MIA,Final
20100729,mlb,300729113,ATH,4,TEX,7,TEX,Final
20100730,mlb,300730104,ATH,1,CHW,6,CHW,Final
20100730,mlb,300730125,MIA,4,SD,2,MIA,Final
20100731,mlb,300731104,ATH,6,CHW,2,ATH,Final
20100731,mlb,300731125,MIA,6,SD,3,MIA,Final
20100801,mlb,300801104,ATH,1,CHW,4,CHW,Final
20100801,mlb,300801125,MIA,4,SD,5,SD,Final
20100802,mlb,300802111,KC,0,ATH,6,ATH,Final
20100803,mlb,300803128,PHI,6,MIA,1,PHI,Final
20100803,mlb,300803111,KC,3,ATH,2,KC,Final
20100804,mlb,300804111,KC,3,ATH,4,ATH,Final
20100804,mlb,300804128,PHI,7,MIA,2,PHI,Final
20100805,mlb,300805128,PHI,5,MIA,4,PHI,Final/10
20100806,mlb,300806128,STL,7,MIA,0,STL,Final
20100806,mlb,300806111,TEX,5,ATH,1,TEX,Final
20100807,mlb,300807111,TEX,2,ATH,6,ATH,Final
20100807,mlb,300807128,STL,4,MIA,5,MIA,Final/10
20100808,mlb,300808111,TEX,2,ATH,3,ATH,Final
20100809,mlb,300809112,ATH,1,SEA,3,SEA,Final
20100810,mlb,300810120,MIA,8,WSH,2,MIA,Final
20100810,mlb,300810112,ATH,0,SEA,2,SEA,Final
20100811,mlb,300811112,ATH,5,SEA,1,ATH,Final
20100811,mlb,300811120,MIA,9,WSH,5,MIA,Final
20100812,mlb,300812120,MIA,5,WSH,0,MIA,Final
20100813,mlb,300813117,MIA,2,CIN,7,CIN,Final
20100813,mlb,300813109,ATH,3,MIN,4,MIN,Final
20100814,mlb,300814109,ATH,0,MIN,2,MIN,Final
20100814,mlb,300814117,MIA,4,CIN,5,CIN,Final
20100815,mlb,300815117,MIA,0,CIN,2,CIN,Final
20100815,mlb,300815109,ATH,2,MIN,4,MIN,Final
20100816,mlb,300816123,MIA,1,PIT,7,PIT,Final
20100816,mlb,300816111,TOR,3,ATH,1,TOR,Final
20100817,mlb,300817123,MIA,6,PIT,0,MIA,Final
20100817,mlb,300817111,TOR,2,ATH,6,ATH,Final
20100818,mlb,300818111,TOR,4,ATH,5,ATH,Final
20100818,mlb,300818123,MIA,3,PIT,2,MIA,Final
20100819,mlb,300819123,MIA,4,PIT,2,MIA,Final
20100819,mlb,300819111,TB,3,ATH,4,ATH,Final
20100820,mlb,300820128,HOU,0,MIA,9,MIA,Final
20100820,mlb,300820111,TB,4,ATH,5,ATH,Final
20100821,mlb,300821128,HOU,3,MIA,6,MIA,Final
20100821,mlb,300821111,TB,5,ATH,4,TB,Final
20100822,mlb,300822128,HOU,2,MIA,1,HOU,Final
20100822,mlb,300822111,TB,3,ATH,2,TB,Final
20100824,mlb,300824105,ATH,5,CLE,0,ATH,Final
20100824,mlb,300824121,MIA,5,NYM,6,NYM,Final
20100825,mlb,300825105,ATH,6,CLE,1,ATH,Final
20100825,mlb,300825121,MIA,5,NYM,4,MIA,Final
20100826,mlb,300826105,ATH,2,CLE,3,CLE,Final
20100826,mlb,300826121,MIA,11,NYM,4,MIA,Final
20100827,mlb,300827115,MIA,7,ATL,1,MIA,Final
20100827,mlb,300827113,ATH,3,TEX,7,TEX,Final
20100828,mlb,300828115,MIA,3,ATL,12,ATL,Final
20100828,mlb,300828113,ATH,5,TEX,0,ATH,Final
20100829,mlb,300829115,MIA,6,ATL,7,ATL,Final
20100829,mlb,300829113,ATH,8,TEX,2,ATH,Final
20100830,mlb,300830110,ATH,5,NYY,11,NYY,Final
20100830,mlb,300830128,WSH,9,MIA,3,WSH,Final
20100831,mlb,300831110,ATH,3,NYY,9,NYY,Final
20100831,mlb,300831128,WSH,0,MIA,1,MIA,Final/10
20100901,mlb,300901110,ATH,3,NYY,4,NYY,Final
20100901,mlb,300901128,WSH,10,MIA,16,MIA,Final
20100902,mlb,300902110,ATH,0,NYY,5,NYY,Final
20100903,mlb,300903128,ATL,1,MIA,6,MIA,Final
20100903,mlb,300903111,LAA,0,ATH,8,ATH,Final
20100904,mlb,300904111,LAA,1,ATH,3,ATH,Final
20100904,mlb,300904128,ATL,2,MIA,0,ATL,Final
20100905,mlb,300905128,ATL,6,MIA,7,MIA,Final/10
20100905,mlb,300905111,LAA,7,ATH,4,LAA,Final
20100906,mlb,300906222,MIA,7,PHI,1,MIA,Final
20100906,mlb,300906111,SEA,2,ATH,6,ATH,Final
20100906,mlb,300906322,MIA,4,PHI,7,PHI,Final
20100907,mlb,300907122,MIA,7,PHI,8,PHI,Final
20100907,mlb,300907111,SEA,7,ATH,5,SEA,Final
20100908,mlb,300908122,MIA,6,PHI,10,PHI,Final
20100908,mlb,300908111,SEA,3,ATH,4,ATH,Final
20100910,mlb,300910120,MIA,3,WSH,1,MIA,Final
20100910,mlb,300910111,BOS,0,ATH,5,ATH,Final
20100911,mlb,300911120,MIA,4,WSH,1,MIA,Final
20100911,mlb,300911111,BOS,3,ATH,4,ATH,Final
20100912,mlb,300912120,MIA,6,WSH,5,MIA,Final
20100912,mlb,300912111,BOS,5,ATH,3,BOS,Final
20100913,mlb,300913107,ATH,3,KC,1,ATH,Final
20100913,mlb,300913128,PHI,11,MIA,4,PHI,Final
20100914,mlb,300914128,PHI,2,MIA,1,PHI,Final
20100914,mlb,300914107,ATH,3,KC,11,KC,Final
20100915,mlb,300915128,PHI,10,MIA,5,PHI,Final
20100915,mlb,300915107,ATH,3,KC,6,KC,Final
20100917,mlb,300917128,CHC,2,MIA,0,CHC,Final
20100917,mlb,300917109,ATH,3,MIN,1,ATH,Final
20100918,mlb,300918109,ATH,2,MIN,4,MIN,Final
20100918,mlb,300918128,CHC,5,MIA,3,CHC,Final
20100919,mlb,300919128,CHC,13,MIA,3,CHC,Final
20100919,mlb,300919109,ATH,6,MIN,2,ATH,Final
20100920,mlb,300920128,STL,0,MIA,4,MIA,Final
20100920,mlb,300920111,CHW,0,ATH,3,ATH,Final
20100921,mlb,300921128,NYM,2,MIA,5,MIA,Final
20100921,mlb,300921111,CHW,2,ATH,7,ATH,Final
20100922,mlb,300922111,CHW,4,ATH,3,CHW,Final
20100922,mlb,300922128,NYM,5,MIA,7,MIA,Final
20100923,mlb,300923108,MIA,3,MIL,8,MIL,Final
20100923,mlb,300923111,TEX,0,ATH,5,ATH,Final
20100924,mlb,300924108,MIA,2,MIL,6,MIL,Final
20100924,mlb,300924111,TEX,10,ATH,3,TEX,Final
20100925,mlb,300925111,TEX,4,ATH,3,TEX,Final
20100925,mlb,300925108,MIA,4,MIL,0,MIA,Final
20100926,mlb,300926108,MIA,1,MIL,7,MIL,Final
20100926,mlb,300926111,TEX,16,ATH,9,TEX,Final
20100927,mlb,300927115,MIA,1,ATL,2,ATL,Final/11
20100927,mlb,300927103,ATH,5,LAA,6,LAA,Final
20100928,mlb,300928115,MIA,2,ATL,3,ATL,Final
20100928,mlb,300928103,ATH,2,LAA,4,LAA,Final
20100929,mlb,300929103,ATH,1,LAA,2,LAA,Final/11
20100929,mlb,300929115,MIA,1,ATL,5,ATL,Final
20100930,mlb,300930128,PIT,9,MIA,11,MIA,Final
20100930,mlb,300930112,ATH,8,SEA,1,ATH,Final
20101001,mlb,301001128,PIT,5,MIA,1,PIT,Final
20101001,mlb,301001112,ATH,9,SEA,0,ATH,Final
20101002,mlb,301002128,PIT,0,MIA,2,MIA,Final
20101002,mlb,301002112,ATH,5,SEA,3,ATH,Final
20101003,mlb,301003128,PIT,2,MIA,5,MIA,Final
20101003,mlb,301003112,ATH,4,SEA,3,ATH,Final
