date,league,game_id,away_team,away_score,home_team,home_score,winner,status
20230330,mlb,401471020,ATL,7,WSH,2,ATL,Final
20230330,mlb,401471030,SF,0,NYY,5,NYY,Final
20230330,mlb,401471021,BAL,10,BOS,9,BAL,Final
20230330,mlb,401471025,MIL,0,CHC,4,CHC,Final
20230330,mlb,401471024,DET,0,TB,4,TB,Final
20230330,mlb,401471028,PHI,7,TEX,11,TEX,Final
20230330,mlb,401471026,MIN,2,KC,0,MIN,Final
20230330,mlb,401471027,NYM,5,MIA,3,NYM,Final
20230330,mlb,401471029,PIT,5,CIN,4,PIT,Final
20230330,mlb,401471031,TOR,10,STL,9,TOR,Final
20230330,mlb,401471022,CHW,3,HOU,2,CHW,Final
20230330,mlb,401471032,COL,7,SD,2,COL,Final
20230330,mlb,401471018,LAA,1,ATH,2,ATH,Final
20230330,mlb,401471019,ARI,2,LAD,8,LAD,Final
20230330,mlb,401471023,CLE,0,SEA,3,SEA,Final
20230331,mlb,401471036,NYM,1,MIA,2,MIA,Final
20230331,mlb,401471034,CHW,3,HOU,6,HOU,Final
20230331,mlb,401471037,COL,4,SD,1,COL,Final
20230331,mlb,401471033,ARI,2,LAD,1,ARI,Final
20230331,mlb,401471035,CLE,9,SEA,4,CLE,Final
20230401,mlb,401471042,CHW,4,HOU,6,HOU,Final
20230401,mlb,401471051,TOR,1,STL,4,STL,Final
20230401,mlb,401471045,MIL,3,CHC,1,MIL,Final
20230401,mlb,401471040,ATL,7,WSH,1,ATL,Final
20230401,mlb,401471048,PHI,3,TEX,16,TEX,Final
20230401,mlb,401471050,SF,7,NYY,5,SF,Final
20230401,mlb,401471038,LAA,13,ATH,1,LAA,Final
20230401,mlb,401471041,BAL,8,BOS,9,BOS,Final
20230401,mlb,401471044,DET,2,TB,12,TB,Final
20230401,mlb,401471046,MIN,2,KC,0,MIN,Final
20230401,mlb,401471047,NYM,6,MIA,2,NYM,Final
20230401,mlb,401471049,PIT,2,CIN,6,CIN,Final
20230401,mlb,401471052,COL,4,SD,8,SD,Final
20230401,mlb,401471039,ARI,1,LAD,10,LAD,Final
20230401,mlb,401471043,CLE,2,SEA,0,CLE,Final
20230402,mlb,401471059,DET,1,TB,5,TB,Final
20230402,mlb,401471055,ATL,1,WSH,4,WSH,Final
20230402,mlb,401471056,BAL,5,BOS,9,BOS,Final
20230402,mlb,401471065,SF,0,NYY,6,NYY,Final
20230402,mlb,401471062,NYM,5,MIA,1,NYM,Final
20230402,mlb,401471064,PIT,1,CIN,3,CIN,Final
20230402,mlb,401471057,CHW,6,HOU,3,CHW,Final
20230402,mlb,401471061,MIN,7,KC,4,MIN,Final
20230402,mlb,401471066,TOR,4,STL,9,STL,Final
20230402,mlb,401471060,MIL,9,CHC,5,MIL,Final
20230402,mlb,401471053,LAA,6,ATH,0,LAA,Final
20230402,mlb,401471054,ARI,2,LAD,1,ARI,Final
20230402,mlb,401471058,CLE,6,SEA,5,CLE,Final/10
20230402,mlb,401471067,COL,1,SD,3,SD,Final
20230402,mlb,401471063,PHI,1,TEX,2,TEX,Final
20230403,mlb,401471076,NYM,0,MIL,10,MIL,Final
20230403,mlb,401471079,SF,12,CHW,3,SF,Final
20230403,mlb,401471071,CHC,6,CIN,7,CIN,Final
20230403,mlb,401471075,MIN,11,MIA,1,MIN,Final
20230403,mlb,401471077,PHI,1,NYY,8,NYY,Final
20230403,mlb,401471080,TB,6,WSH,2,TB,Final
20230403,mlb,401471078,PIT,7,BOS,6,PIT,Final
20230403,mlb,401471081,TOR,5,KC,9,KC,Final
20230403,mlb,401471069,ATL,8,STL,4,ATL,Final
20230403,mlb,401471070,BAL,2,TEX,0,BAL,Final
20230403,mlb,401471074,DET,7,HOU,6,DET,Final/11
20230403,mlb,401471068,LAA,7,SEA,3,LAA,Final
20230403,mlb,401471072,CLE,12,ATH,11,CLE,Final/10
20230403,mlb,401471082,ARI,4,SD,5,SD,Final
20230403,mlb,401471073,COL,4,LAD,13,LAD,Final
20230404,mlb,401471096,ARI,8,SD,6,ARI,Final
20230404,mlb,401471086,CHC,12,CIN,5,CHC,Final
20230404,mlb,401471090,MIN,0,MIA,1,MIA,Final
20230404,mlb,401471092,PHI,4,NYY,1,PHI,Final
20230404,mlb,401471094,TB,10,WSH,6,TB,Final
20230404,mlb,401471093,PIT,4,BOS,1,PIT,Final
20230404,mlb,401471091,NYM,0,MIL,9,MIL,Final
20230404,mlb,401471095,TOR,4,KC,1,TOR,Final
20230404,mlb,401471084,ATL,4,STL,1,ATL,Final
20230404,mlb,401471085,BAL,7,TEX,2,BAL,Final
20230404,mlb,401471089,DET,6,HOU,3,DET,Final
20230404,mlb,401471083,LAA,2,SEA,11,SEA,Final
20230404,mlb,401471087,CLE,3,ATH,4,ATH,Final
20230404,mlb,401471088,COL,2,LAD,5,LAD,Final
20230405,mlb,401471105,PHI,2,NYY,4,NYY,Final
20230405,mlb,401471108,TB,7,WSH,2,TB,Final
20230405,mlb,401471103,MIN,2,MIA,5,MIA,Final
20230405,mlb,401471098,ATL,5,STL,2,ATL,Final
20230405,mlb,401471106,PIT,4,BOS,1,PIT,Final
20230405,mlb,401471104,NYM,6,MIL,7,MIL,Final
20230405,mlb,401471099,BAL,2,TEX,5,TEX,Final
20230405,mlb,401471102,DET,2,HOU,8,HOU,Final
20230405,mlb,401471107,SF,3,CHW,7,CHW,Final
20230405,mlb,401471101,CLE,6,ATH,4,CLE,Final/10
20230405,mlb,401471097,LAA,4,SEA,3,LAA,Final
20230405,mlb,401471109,TOR,3,KC,0,TOR,Final
20230406,mlb,401471110,BOS,6,DET,3,BOS,Final
20230406,mlb,401471117,SF,16,CHW,6,SF,Final
20230406,mlb,401471118,TOR,6,KC,3,TOR,Final
20230406,mlb,401471119,WSH,0,COL,1,COL,Final
20230406,mlb,401471116,SD,6,ATL,7,ATL,Final
20230406,mlb,401471113,LAD,5,ARI,2,LAD,Final
20230407,mlb,401539436,MIA,3,NYM,9,NYM,Final
20230407,mlb,401471126,TEX,0,CHC,2,CHC,Final
20230407,mlb,401539392,NYY,6,BAL,7,BAL,Final
20230407,mlb,401539437,CIN,2,PHI,5,PHI,Final
20230407,mlb,401471124,SEA,5,CLE,3,SEA,Final
20230407,mlb,401539289,HOU,2,MIN,3,MIN,Final/10
20230407,mlb,401471128,CHW,9,PIT,13,PIT,Final
20230407,mlb,401471120,KC,3,SF,1,KC,Final
20230407,mlb,401471122,ATH,5,TB,9,TB,Final
20230407,mlb,401471123,SD,5,ATL,4,SD,Final
20230407,mlb,401471125,STL,0,MIL,4,MIL,Final
20230407,mlb,401471129,WSH,10,COL,5,WSH,Final
20230407,mlb,401471127,TOR,4,LAA,3,TOR,Final
20230407,mlb,401471121,LAD,3,ARI,6,ARI,Final
20230408,mlb,401471132,HOU,6,MIN,9,MIN,Final
20230408,mlb,401471131,CIN,2,PHI,3,PHI,Final
20230408,mlb,401471133,KC,6,SF,5,KC,Final
20230408,mlb,401471141,TEX,3,CHC,10,CHC,Final
20230408,mlb,401471130,BOS,14,DET,5,BOS,Final
20230408,mlb,401471135,MIA,2,NYM,5,NYM,Final
20230408,mlb,401471137,ATH,0,TB,11,TB,Final
20230408,mlb,401471139,SEA,3,CLE,2,SEA,Final
20230408,mlb,401471143,CHW,11,PIT,5,CHW,Final
20230408,mlb,401471136,NYY,4,BAL,1,NYY,Final
20230408,mlb,401471140,STL,6,MIL,0,STL,Final
20230408,mlb,401471138,SD,4,ATL,1,SD,Final
20230408,mlb,401471134,LAD,8,ARI,12,ARI,Final
20230408,mlb,401471144,WSH,7,COL,6,WSH,Final
20230408,mlb,401471142,TOR,5,LAA,9,LAA,Final
20230409,mlb,401471146,CIN,6,PHI,4,CIN,Final
20230409,mlb,401471145,BOS,4,DET,1,BOS,Final
20230409,mlb,401471152,ATH,0,TB,11,TB,Final
20230409,mlb,401471151,NYY,5,BAL,3,NYY,Final
20230409,mlb,401471158,CHW,0,PIT,1,PIT,Final
20230409,mlb,401471150,MIA,7,NYM,2,MIA,Final
20230409,mlb,401471154,SEA,6,CLE,7,CLE,Final/12
20230409,mlb,401471147,HOU,5,MIN,1,HOU,Final
20230409,mlb,401471155,STL,1,MIL,6,MIL,Final
20230409,mlb,401471156,TEX,8,CHC,2,TEX,Final
20230409,mlb,401471159,WSH,6,COL,7,COL,Final
20230409,mlb,401471148,KC,1,SF,3,SF,Final
20230409,mlb,401471157,TOR,12,LAA,11,TOR,Final/10
20230409,mlb,401471149,LAD,6,ARI,11,ARI,Final
20230409,mlb,401471153,SD,10,ATL,2,SD,Final
20230410,mlb,401471161,CHW,4,MIN,3,CHW,Final
20230410,mlb,401471167,NYY,2,CLE,3,CLE,Final
20230410,mlb,401471168,ATH,1,BAL,5,BAL,Final
20230410,mlb,401471172,HOU,8,PIT,2,HOU,Final
20230410,mlb,401471160,BOS,0,TB,1,TB,Final
20230410,mlb,401471165,MIA,3,PHI,15,PHI,Final
20230410,mlb,401471169,SD,0,NYM,5,NYM,Final
20230410,mlb,401471162,CIN,4,ATL,5,ATL,Final/10
20230410,mlb,401471170,SEA,2,CHC,3,CHC,Final/10
20230410,mlb,401471163,KC,2,TEX,11,TEX,Final
20230410,mlb,401471173,STL,4,COL,7,COL,Final
20230410,mlb,401471171,WSH,6,LAA,4,WSH,Final
20230410,mlb,401471166,MIL,0,ARI,3,ARI,Final
20230410,mlb,401471164,LAD,9,SF,1,LAD,Final
20230411,mlb,401471182,NYY,11,CLE,2,NYY,Final
20230411,mlb,401471183,ATH,8,BAL,12,BAL,Final
20230411,mlb,401471187,HOU,4,PIT,7,PIT,Final
20230411,mlb,401471174,BOS,2,TB,7,TB,Final
20230411,mlb,401471180,MIA,8,PHI,4,MIA,Final
20230411,mlb,401471177,DET,3,TOR,9,TOR,Final
20230411,mlb,401471184,SD,4,NYM,2,SD,Final
20230411,mlb,401471176,CIN,6,ATL,7,ATL,Final
20230411,mlb,401471175,CHW,3,MIN,4,MIN,Final/10
20230411,mlb,401471185,SEA,9,CHC,14,CHC,Final
20230411,mlb,401471178,KC,5,TEX,8,TEX,Final/10
20230411,mlb,401471188,STL,9,COL,6,STL,Final
20230411,mlb,401471186,WSH,0,LAA,2,LAA,Final
20230411,mlb,401471181,MIL,7,ARI,1,MIL,Final
20230411,mlb,401471179,LAD,0,SF,5,SF,Final
20230412,mlb,401471202,HOU,7,PIT,0,HOU,Final
20230412,mlb,401471190,CHW,1,MIN,3,MIN,Final
20230412,mlb,401471197,NYY,4,CLE,3,NYY,Final
20230412,mlb,401471199,SD,2,NYM,5,NYM,Final
20230412,mlb,401471200,SEA,5,CHC,2,SEA,Final
20230412,mlb,401471203,STL,7,COL,4,STL,Final
20230412,mlb,401471196,MIL,3,ARI,7,ARI,Final
20230412,mlb,401471195,MIA,3,PHI,2,MIA,Final/10
20230412,mlb,401471201,WSH,2,LAA,3,LAA,Final
20230412,mlb,401471198,ATH,8,BAL,4,ATH,Final
20230412,mlb,401471189,BOS,7,TB,9,TB,Final
20230412,mlb,401471192,DET,3,TOR,4,TOR,Final/10
20230412,mlb,401471191,CIN,4,ATL,5,ATL,Final
20230412,mlb,401471193,KC,10,TEX,1,KC,Final
20230412,mlb,401471194,LAD,10,SF,5,LAD,Final
20230413,mlb,401471207,ATH,7,BAL,8,BAL,Final
20230413,mlb,401471204,BOS,3,TB,9,TB,Final
20230413,mlb,401471208,PHI,2,CIN,6,CIN,Final
20230413,mlb,401471206,MIN,11,NYY,2,MIN,Final
20230413,mlb,401471205,DET,3,TOR,1,DET,Final
20230413,mlb,401471209,PIT,5,STL,0,PIT,Final
20230413,mlb,401471210,MIL,4,SD,3,MIL,Final/10
20230414,mlb,401471212,ARI,1,MIA,5,MIA,Final
20230414,mlb,401471220,PHI,8,CIN,3,PHI,Final
20230414,mlb,401471222,SF,5,DET,7,DET,Final/11
20230414,mlb,401471216,CLE,4,WSH,3,CLE,Final
20230414,mlb,401471218,MIN,4,NYY,3,MIN,Final
20230414,mlb,401471223,TB,3,TOR,6,TOR,Final
20230414,mlb,401471211,LAA,3,BOS,5,BOS,Final
20230414,mlb,401471214,BAL,6,CHW,3,BAL,Final
20230414,mlb,401471213,ATL,10,KC,3,ATL,Final
20230414,mlb,401471224,TEX,6,HOU,2,TEX,Final
20230414,mlb,401471221,PIT,0,STL,3,STL,Final
20230414,mlb,401471219,NYM,17,ATH,6,NYM,Final
20230414,mlb,401471225,MIL,11,SD,2,MIL,Final
20230414,mlb,401471215,CHC,8,LAD,2,CHC,Final
20230414,mlb,401471217,COL,3,SEA,5,SEA,Final
20230415,mlb,401471233,MIN,1,NYY,6,NYY,Final
20230415,mlb,401471237,SF,6,DET,7,DET,Final/11
20230415,mlb,401471229,BAL,6,CHW,7,CHW,Final/10
20230415,mlb,401471236,PIT,6,STL,3,PIT,Final/10
20230415,mlb,401471238,TB,2,TOR,5,TOR,Final
20230415,mlb,401471231,CLE,6,WSH,4,CLE,Final
20230415,mlb,401471240,MIL,3,SD,10,SD,Final
20230415,mlb,401471234,NYM,3,ATH,2,NYM,Final
20230415,mlb,401471226,LAA,7,BOS,9,BOS,Final
20230415,mlb,401471227,ARI,2,MIA,3,MIA,Final
20230415,mlb,401471228,ATL,9,KC,3,ATL,Final
20230415,mlb,401471235,PHI,0,CIN,13,CIN,Final
20230415,mlb,401471239,TEX,2,HOU,8,HOU,Final
20230415,mlb,401471230,CHC,1,LAD,2,LAD,Final
20230415,mlb,401471232,COL,2,SEA,9,SEA,Final
20230416,mlb,401471241,LAA,1,BOS,2,BOS,Final
20230416,mlb,401471246,CLE,6,WSH,7,WSH,Final
20230416,mlb,401471248,MIN,0,NYY,2,NYY,Final
20230416,mlb,401471253,TB,8,TOR,1,TB,Final
20230416,mlb,401471242,ARI,5,MIA,0,ARI,Final
20230416,mlb,401471250,PHI,14,CIN,3,PHI,Final
20230416,mlb,401471243,ATL,5,KC,4,ATL,Final
20230416,mlb,401471244,BAL,8,CHW,4,BAL,Final
20230416,mlb,401471251,PIT,4,STL,5,STL,Final/10
20230416,mlb,401471249,NYM,4,ATH,3,NYM,Final/10
20230416,mlb,401471245,CHC,3,LAD,2,CHC,Final
20230416,mlb,401471247,COL,0,SEA,1,SEA,Final
20230416,mlb,401471255,MIL,1,SD,0,MIL,Final
20230416,mlb,401471254,TEX,9,HOU,1,TEX,Final
20230417,mlb,401471256,LAA,5,BOS,4,LAA,Final
20230417,mlb,401471263,SF,3,MIA,4,MIA,Final
20230417,mlb,401471264,TB,1,CIN,8,CIN,Final
20230417,mlb,401471265,TEX,4,KC,0,TEX,Final
20230417,mlb,401471257,ARI,6,STL,3,ARI,Final
20230417,mlb,401471266,TOR,2,HOU,9,HOU,Final
20230417,mlb,401471267,PIT,14,COL,3,PIT,Final
20230417,mlb,401471258,CHC,10,ATH,1,CHC,Final
20230417,mlb,401471260,MIL,7,SEA,3,MIL,Final
20230417,mlb,401471268,ATL,2,SD,0,ATL,Final
20230417,mlb,401471261,NYM,8,LAD,6,NYM,Final
20230418,mlb,401471273,CLE,3,DET,4,DET,Final
20230418,mlb,401542064,PHI,7,CHW,4,PHI,Final
20230418,mlb,401542111,CLE,0,DET,1,DET,Final
20230418,mlb,401471278,SF,2,MIA,4,MIA,Final
20230418,mlb,401471279,TB,10,CIN,0,TB,Final
20230418,mlb,401471269,LAA,5,NYY,2,LAA,Final
20230418,mlb,401471271,BAL,1,WSH,0,BAL,Final
20230418,mlb,401471275,MIN,4,BOS,5,BOS,Final/10
20230418,mlb,401471277,PHI,0,CHW,3,CHW,Final
20230418,mlb,401471280,TEX,12,KC,2,TEX,Final
20230418,mlb,401471270,ARI,8,STL,7,ARI,Final
20230418,mlb,401471281,TOR,4,HOU,2,TOR,Final
20230418,mlb,401471282,PIT,5,COL,3,PIT,Final
20230418,mlb,401471272,CHC,4,ATH,0,CHC,Final
20230418,mlb,401471274,MIL,6,SEA,5,MIL,Final/11
20230418,mlb,401471283,ATL,8,SD,1,ATL,Final
20230418,mlb,401471276,NYM,0,LAD,5,LAD,Final
20230419,mlb,401471294,TB,8,CIN,0,TB,Final
20230419,mlb,401471288,CLE,3,DET,2,CLE,Final
20230419,mlb,401471293,SF,5,MIA,2,SF,Final/11
20230419,mlb,401471285,ARI,5,STL,14,STL,Final
20230419,mlb,401471292,PHI,5,CHW,2,PHI,Final
20230419,mlb,401471295,TEX,12,KC,3,TEX,Final
20230419,mlb,401471291,NYM,5,LAD,3,NYM,Final
20230419,mlb,401471297,PIT,14,COL,3,PIT,Final
20230419,mlb,401471287,CHC,12,ATH,2,CHC,Final
20230419,mlb,401471289,MIL,5,SEA,3,MIL,Final
20230419,mlb,401471298,ATL,0,SD,1,SD,Final
20230419,mlb,401471284,LAA,2,NYY,3,NYY,Final/10
20230419,mlb,401471286,BAL,4,WSH,0,BAL,Final
20230419,mlb,401471290,MIN,10,BOS,4,MIN,Final
20230419,mlb,401471296,TOR,1,HOU,8,HOU,Final
20230420,mlb,401471302,MIN,5,BOS,11,BOS,Final
20230420,mlb,401471299,LAA,3,NYY,9,NYY,Final
20230420,mlb,401471305,CIN,3,PIT,4,PIT,Final
20230420,mlb,401471300,COL,5,PHI,0,COL,Final
20230420,mlb,401471301,LAD,6,CHC,2,LAD,Final
20230420,mlb,401471304,SD,7,ARI,5,SD,Final
20230420,mlb,401471303,NYM,9,SF,4,NYM,Final
20230421,mlb,401471312,LAD,0,CHC,13,CHC,Final
20230421,mlb,401471320,CIN,2,PIT,4,PIT,Final
20230421,mlb,401471307,CHW,7,TB,8,TB,Final
20230421,mlb,401471308,COL,3,PHI,4,PHI,Final
20230421,mlb,401471309,DET,1,BAL,2,BAL,Final
20230421,mlb,401471318,TOR,6,NYY,1,TOR,Final
20230421,mlb,401471310,HOU,6,ATL,4,HOU,Final
20230421,mlb,401471315,ATH,5,TEX,4,ATH,Final
20230421,mlb,401471306,BOS,5,MIL,3,BOS,Final
20230421,mlb,401471319,WSH,3,MIN,2,WSH,Final
20230421,mlb,401471311,KC,0,LAA,2,LAA,Final
20230421,mlb,401471316,SD,0,ARI,9,ARI,Final
20230421,mlb,401471317,STL,2,SEA,5,SEA,Final
20230421,mlb,401471314,NYM,7,SF,0,NYM,Final
20230422,mlb,401471333,TOR,2,NYY,3,NYY,Final
20230422,mlb,401471334,WSH,10,MIN,4,WSH,Final
20230422,mlb,401471327,LAD,9,CHC,4,LAD,Final
20230422,mlb,401471323,COL,3,PHI,4,PHI,Final
20230422,mlb,401471328,MIA,6,CLE,1,MIA,Final
20230422,mlb,401471322,CHW,3,TB,4,TB,Final/10
20230422,mlb,401471329,NYM,4,SF,7,SF,Final
20230422,mlb,401471335,CIN,1,PIT,2,PIT,Final
20230422,mlb,401471324,DET,1,BAL,5,BAL,Final
20230422,mlb,401471330,ATH,3,TEX,18,TEX,Final
20230422,mlb,401471321,BOS,4,MIL,5,MIL,Final
20230422,mlb,401471325,HOU,6,ATL,3,HOU,Final
20230422,mlb,401471331,SD,5,ARI,3,SD,Final
20230422,mlb,401543397,MIA,3,CLE,2,MIA,Final
20230422,mlb,401471326,KC,11,LAA,8,KC,Final
20230422,mlb,401471332,STL,4,SEA,5,SEA,Final
20230423,mlb,401471338,COL,3,PHI,9,PHI,Final
20230423,mlb,401471339,DET,1,BAL,2,BAL,Final/10
20230423,mlb,401471340,HOU,5,ATL,2,HOU,Final
20230423,mlb,401471348,TOR,5,NYY,1,TOR,Final
20230423,mlb,401471350,CIN,0,PIT,2,PIT,Final
20230423,mlb,401471337,CHW,1,TB,4,TB,Final
20230423,mlb,401471343,MIA,4,CLE,7,CLE,Final
20230423,mlb,401471336,BOS,12,MIL,5,BOS,Final
20230423,mlb,401471349,WSH,1,MIN,3,MIN,Final
20230423,mlb,401471342,LAD,7,CHC,3,LAD,Final
20230423,mlb,401471345,ATH,2,TEX,5,TEX,Final
20230423,mlb,401471341,KC,3,LAA,4,LAA,Final
20230423,mlb,401471346,SD,7,ARI,5,SD,Final
20230423,mlb,401471347,STL,7,SEA,3,STL,Final
20230423,mlb,401471344,NYM,4,SF,5,SF,Final
20230424,mlb,401471353,COL,6,CLE,0,COL,Final
20230424,mlb,401471351,BOS,4,BAL,5,BAL,Final
20230424,mlb,401471355,HOU,3,TB,8,TB,Final
20230424,mlb,401471361,TEX,6,CIN,7,CIN,Final
20230424,mlb,401471352,CHW,2,TOR,5,TOR,Final
20230424,mlb,401471357,MIA,0,ATL,11,ATL,Final
20230424,mlb,401471354,DET,4,MIL,2,DET,Final
20230424,mlb,401471358,NYY,1,MIN,6,MIN,Final
20230424,mlb,401471359,ATH,11,LAA,10,ATH,Final/10
20230424,mlb,401471356,KC,4,ARI,5,ARI,Final
20230424,mlb,401471360,STL,0,SF,4,SF,Final
20230425,mlb,401471364,COL,5,CLE,1,COL,Final
20230425,mlb,401471362,BOS,8,BAL,6,BOS,Final
20230425,mlb,401471376,LAD,8,PIT,7,LAD,Final
20230425,mlb,401471366,HOU,5,TB,0,HOU,Final
20230425,mlb,401471372,SEA,5,PHI,3,SEA,Final
20230425,mlb,401471374,TEX,6,CIN,7,CIN,Final
20230425,mlb,401471363,CHW,0,TOR,7,TOR,Final
20230425,mlb,401471375,WSH,5,NYM,0,WSH,Final
20230425,mlb,401471368,MIA,4,ATL,7,ATL,Final
20230425,mlb,401471365,DET,4,MIL,3,DET,Final
20230425,mlb,401471369,NYY,2,MIN,6,MIN,Final
20230425,mlb,401471371,SD,0,CHC,6,CHC,Final
20230425,mlb,401471370,ATH,3,LAA,5,LAA,Final
20230425,mlb,401471367,KC,5,ARI,4,KC,Final
20230425,mlb,401471373,STL,4,SF,5,SF,Final
20230426,mlb,401471389,TEX,3,CIN,5,CIN,Final
20230426,mlb,401471377,BOS,2,BAL,6,BAL,Final
20230426,mlb,401471378,CHW,0,TOR,8,TOR,Final
20230426,mlb,401471379,COL,1,CLE,4,CLE,Final
20230426,mlb,401471384,NYY,12,MIN,6,NYY,Final
20230426,mlb,401471380,DET,2,MIL,6,MIL,Final
20230426,mlb,401471382,KC,0,ARI,2,ARI,Final
20230426,mlb,401471391,LAD,1,PIT,8,PIT,Final
20230426,mlb,401471381,HOU,1,TB,0,HOU,Final
20230426,mlb,401471387,SEA,5,PHI,6,PHI,Final
20230426,mlb,401471390,WSH,4,NYM,1,WSH,Final
20230426,mlb,401471383,MIA,4,ATL,6,ATL,Final
20230426,mlb,401471386,SD,5,CHC,3,SD,Final
20230426,mlb,401471385,ATH,3,LAA,11,LAA,Final
20230426,mlb,401471388,STL,3,SF,7,SF,Final
20230427,mlb,401471394,MIA,5,ATL,4,MIA,Final
20230427,mlb,401471402,LAD,2,PIT,6,PIT,Final
20230427,mlb,401471398,SEA,0,PHI,1,PHI,Final
20230427,mlb,401471397,SD,2,CHC,5,CHC,Final
20230427,mlb,401471399,STL,6,SF,0,STL,Final
20230427,mlb,401471396,ATH,7,LAA,8,LAA,Final
20230427,mlb,401471392,BAL,7,DET,4,BAL,Final
20230427,mlb,401471400,TB,14,CHW,5,TB,Final
20230427,mlb,401471401,WSH,8,NYM,9,NYM,Final
20230427,mlb,401471393,KC,1,MIN,7,MIN,Final
20230427,mlb,401471395,NYY,4,TEX,2,NYY,Final
20230428,mlb,401471409,KC,6,MIN,8,MIN,Final
20230428,mlb,401471406,CHC,2,MIA,3,MIA,Final
20230428,mlb,401471413,SEA,2,TOR,3,TOR,Final
20230428,mlb,401471404,ATL,4,NYM,0,ATL,Final/5
20230428,mlb,401471408,CLE,5,BOS,2,CLE,Final
20230428,mlb,401471415,TB,3,CHW,2,TB,Final
20230428,mlb,401471410,NYY,2,TEX,5,TEX,Final
20230428,mlb,401471403,LAA,1,MIL,2,MIL,Final
20230428,mlb,401471411,PHI,3,HOU,1,PHI,Final
20230428,mlb,401471416,ARI,9,COL,1,ARI,Final
20230428,mlb,401471407,CIN,11,ATH,7,CIN,Final
20230428,mlb,401471414,STL,3,LAD,7,LAD,Final
20230429,mlb,401471419,BAL,4,DET,7,DET,Final
20230429,mlb,401471426,PIT,6,WSH,3,PIT,Final
20230429,mlb,401471423,KC,3,MIN,2,KC,Final
20230429,mlb,401471427,SEA,0,TOR,1,TOR,Final/10
20230429,mlb,401471420,CHC,6,MIA,7,MIA,Final
20230429,mlb,401471421,CIN,3,ATH,2,CIN,Final
20230429,mlb,401471422,CLE,7,BOS,8,BOS,Final/10
20230429,mlb,401471425,PHI,6,HOU,1,PHI,Final
20230429,mlb,401545178,BAL,6,DET,4,BAL,Final
20230429,mlb,401471428,SF,11,SD,16,SD,Final
20230429,mlb,401545177,PIT,16,WSH,1,PIT,Final
20230429,mlb,401471424,NYY,0,TEX,2,TEX,Final
20230429,mlb,401471417,LAA,5,MIL,7,MIL,Final
20230429,mlb,401471430,TB,12,CHW,3,TB,Final
20230429,mlb,401471431,ARI,11,COL,4,ARI,Final
20230429,mlb,401471429,STL,0,LAD,1,LAD,Final
20230430,mlb,401471435,CHC,3,MIA,4,MIA,Final
20230430,mlb,401471437,CLE,1,BOS,7,BOS,Final
20230430,mlb,401471441,PIT,2,WSH,7,WSH,Final
20230430,mlb,401471442,SEA,10,TOR,8,SEA,Final/10
20230430,mlb,401471434,BAL,5,DET,3,BAL,Final
20230430,mlb,401471432,LAA,3,MIL,0,LAA,Final
20230430,mlb,401471438,KC,4,MIN,8,MIN,Final
20230430,mlb,401471445,TB,9,CHW,12,CHW,Final
20230430,mlb,401471439,NYY,2,TEX,15,TEX,Final
20230430,mlb,401471446,ARI,4,COL,12,COL,Final
20230430,mlb,401471443,SF,4,SD,6,SD,Final
20230430,mlb,401471436,CIN,4,ATH,5,ATH,Final
20230430,mlb,401471444,STL,3,LAD,6,LAD,Final
20230430,mlb,401471440,PHI,3,HOU,4,HOU,Final
20230501,mlb,401471447,ATL,9,NYM,8,ATL,Final
20230501,mlb,401545291,ATL,3,NYM,5,NYM,Final
20230501,mlb,401471448,CHC,5,WSH,1,CHC,Final
20230501,mlb,401471449,CLE,3,NYY,2,CLE,Final
20230501,mlb,401471452,TOR,5,BOS,6,BOS,Final
20230501,mlb,401471451,SF,3,HOU,7,HOU,Final
20230501,mlb,401471453,CIN,3,SD,8,SD,Final
20230501,mlb,401471450,PHI,4,LAD,13,LAD,Final
20230502,mlb,401471456,ATL,6,MIA,0,ATL,Final
20230502,mlb,401471463,PIT,1,TB,4,TB,Final
20230502,mlb,401471458,CHC,1,WSH,4,WSH,Final
20230502,mlb,401471459,CLE,2,NYY,4,NYY,Final
20230502,mlb,401471460,MIN,2,CHW,3,CHW,Final/10
20230502,mlb,401471466,TOR,6,BOS,7,BOS,Final
20230502,mlb,401471457,BAL,11,KC,7,BAL,Final
20230502,mlb,401471454,LAA,5,STL,1,LAA,Final
20230502,mlb,401471455,ARI,4,TEX,6,TEX,Final
20230502,mlb,401471465,SF,2,HOU,0,SF,Final
20230502,mlb,401471467,MIL,2,COL,3,COL,Final
20230502,mlb,401471464,SEA,2,ATH,1,SEA,Final
20230502,mlb,401471468,CIN,2,SD,1,CIN,Final/10
20230502,mlb,401471462,PHI,1,LAD,13,LAD,Final
20230503,mlb,401545952,NYM,5,DET,6,DET,Final
20230503,mlb,401471470,ARI,12,TEX,7,ARI,Final
20230503,mlb,401471480,SF,4,HOU,2,SF,Final
20230503,mlb,401471477,PHI,6,LAD,10,LAD,Final
20230503,mlb,401471482,CIN,1,SD,7,SD,Final
20230503,mlb,401471471,ATL,14,MIA,6,ATL,Final
20230503,mlb,401471476,NYM,1,DET,8,DET,Final
20230503,mlb,401471478,PIT,1,TB,8,TB,Final
20230503,mlb,401471473,CHC,1,WSH,2,WSH,Final
20230503,mlb,401471474,CLE,3,NYY,4,NYY,Final/10
20230503,mlb,401471475,MIN,4,CHW,6,CHW,Final
20230503,mlb,401471481,TOR,3,BOS,8,BOS,Final
20230503,mlb,401471472,BAL,0,KC,6,KC,Final
20230503,mlb,401471469,LAA,6,STL,4,LAA,Final
20230503,mlb,401471483,MIL,1,COL,7,COL,Final
20230503,mlb,401471479,SEA,7,ATH,2,SEA,Final/10
20230504,mlb,401471487,CHC,3,WSH,4,WSH,Final
20230504,mlb,401471489,NYM,0,DET,2,DET,Final
20230504,mlb,401471490,PIT,2,TB,3,TB,Final
20230504,mlb,401471484,LAA,11,STL,7,LAA,Final
20230504,mlb,401471486,BAL,13,KC,10,BAL,Final
20230504,mlb,401471488,MIN,7,CHW,3,MIN,Final/12
20230504,mlb,401471493,MIL,6,COL,9,COL,Final
20230504,mlb,401471491,SEA,5,ATH,3,SEA,Final
20230504,mlb,401471485,ATL,6,MIA,3,ATL,Final
20230504,mlb,401471492,TOR,5,BOS,11,BOS,Final
20230505,mlb,401471500,MIA,1,CHC,4,CHC,Final
20230505,mlb,401471507,TOR,4,PIT,0,TOR,Final
20230505,mlb,401471496,CHW,5,CIN,4,CHW,Final
20230505,mlb,401471503,NYY,4,TB,5,TB,Final
20230505,mlb,401471495,BOS,5,PHI,3,BOS,Final
20230505,mlb,401471497,COL,0,NYM,1,NYM,Final
20230505,mlb,401471502,MIN,2,CLE,0,MIN,Final
20230505,mlb,401471494,BAL,9,ATL,4,BAL,Final
20230505,mlb,401471504,ATH,12,KC,8,ATH,Final
20230505,mlb,401471498,DET,5,STL,4,DET,Final
20230505,mlb,401471505,TEX,4,LAA,5,LAA,Final/10
20230505,mlb,401471506,WSH,1,ARI,3,ARI,Final
20230505,mlb,401471508,LAD,2,SD,5,SD,Final
20230505,mlb,401471499,HOU,6,SEA,4,HOU,Final
20230505,mlb,401471501,MIL,4,SF,6,SF,Final
20230506,mlb,401471513,DET,6,STL,5,DET,Final/10
20230506,mlb,401471515,MIA,2,CHC,4,CHC,Final
20230506,mlb,401471512,COL,5,NYM,2,COL,Final
20230506,mlb,401471518,NYY,3,TB,2,NYY,Final
20230506,mlb,401471517,MIN,3,CLE,4,CLE,Final
20230506,mlb,401471522,TOR,8,PIT,2,TOR,Final
20230506,mlb,401471511,CHW,3,CIN,5,CIN,Final
20230506,mlb,401471519,ATH,5,KC,4,ATH,Final
20230506,mlb,401471509,BAL,4,ATL,5,ATL,Final
20230506,mlb,401471510,BOS,7,PHI,4,BOS,Final
20230506,mlb,401471516,MIL,1,SF,4,SF,Final
20230506,mlb,401471521,WSH,7,ARI,8,ARI,Final
20230506,mlb,401471523,LAD,2,SD,1,LAD,Final
20230506,mlb,401471520,TEX,10,LAA,1,TEX,Final
20230506,mlb,401471514,HOU,5,SEA,7,SEA,Final
20230507,mlb,401471524,BAL,2,ATL,3,ATL,Final/12
20230507,mlb,401471525,BOS,1,PHI,6,PHI,Final
20230507,mlb,401471537,TOR,10,PIT,1,TOR,Final
20230507,mlb,401471527,COL,13,NYM,6,COL,Final
20230507,mlb,401471532,MIN,0,CLE,2,CLE,Final
20230507,mlb,401471533,NYY,7,TB,8,TB,Final/10
20230507,mlb,401471534,ATH,1,KC,5,KC,Final
20230507,mlb,401471528,DET,6,STL,12,STL,Final
20230507,mlb,401471530,MIA,5,CHC,4,MIA,Final/14
20230507,mlb,401471531,MIL,7,SF,3,MIL,Final
20230507,mlb,401471535,TEX,16,LAA,8,TEX,Final
20230507,mlb,401471526,CHW,17,CIN,4,CHW,Final
20230507,mlb,401471529,HOU,1,SEA,3,SEA,Final
20230507,mlb,401471536,WSH,9,ARI,8,WSH,Final
20230507,mlb,401471538,LAD,5,SD,2,LAD,Final/10
20230508,mlb,401471540,DET,6,CLE,2,DET,Final
20230508,mlb,401471546,TB,3,BAL,0,TB,Final
20230508,mlb,401471549,COL,0,PIT,2,PIT,Final
20230508,mlb,401471544,ATH,2,NYY,7,NYY,Final
20230508,mlb,401471539,CHW,5,KC,12,KC,Final
20230508,mlb,401471542,LAD,3,MIL,9,MIL,Final
20230508,mlb,401471545,STL,3,CHC,1,STL,Final
20230508,mlb,401471541,HOU,4,LAA,6,LAA,Final
20230508,mlb,401471543,MIA,2,ARI,5,ARI,Final
20230508,mlb,401471547,TEX,2,SEA,1,TEX,Final
20230508,mlb,401471548,WSH,5,SF,1,WSH,Final
20230509,mlb,401471552,DET,0,CLE,2,CLE,Final
20230509,mlb,401471560,TB,2,BAL,4,BAL,Final
20230509,mlb,401471564,COL,10,PIT,1,COL,Final
20230509,mlb,401471556,NYM,6,CIN,7,CIN,Final
20230509,mlb,401471562,TOR,4,PHI,8,PHI,Final
20230509,mlb,401471557,ATH,5,NYY,10,NYY,Final
20230509,mlb,401471550,BOS,3,ATL,9,ATL,Final
20230509,mlb,401471551,CHW,4,KC,2,CHW,Final
20230509,mlb,401471554,LAD,6,MIL,2,LAD,Final
20230509,mlb,401471558,SD,6,MIN,1,SD,Final
20230509,mlb,401471559,STL,6,CHC,4,STL,Final
20230509,mlb,401471553,HOU,3,LAA,1,HOU,Final
20230509,mlb,401471555,MIA,6,ARI,2,MIA,Final
20230509,mlb,401471561,TEX,0,SEA,5,SEA,Final
20230509,mlb,401471563,WSH,1,SF,4,SF,Final
20230510,mlb,401471572,ATH,3,NYY,11,NYY,Final
20230510,mlb,401471579,COL,4,PIT,3,COL,Final
20230510,mlb,401471567,DET,5,CLE,0,DET,Final
20230510,mlb,401471569,LAD,8,MIL,1,LAD,Final
20230510,mlb,401471570,MIA,5,ARI,4,MIA,Final
20230510,mlb,401471576,TEX,4,SEA,3,TEX,Final
20230510,mlb,401471578,WSH,11,SF,6,WSH,Final
20230510,mlb,401471577,TOR,1,PHI,2,PHI,Final/10
20230510,mlb,401471568,HOU,5,LAA,4,HOU,Final
20230510,mlb,401471575,TB,1,BAL,2,BAL,Final
20230510,mlb,401471571,NYM,2,CIN,1,NYM,Final
20230510,mlb,401471565,BOS,5,ATL,2,BOS,Final
20230510,mlb,401471566,CHW,1,KC,9,KC,Final
20230510,mlb,401471573,SD,3,MIN,4,MIN,Final/11
20230510,mlb,401471574,STL,4,CHC,10,CHC,Final
20230511,mlb,401471581,NYM,0,CIN,5,CIN,Final
20230511,mlb,401471582,SD,3,MIN,5,MIN,Final
20230511,mlb,401471580,CHW,3,KC,4,KC,Final
20230511,mlb,401471584,TB,8,NYY,2,TB,Final
20230511,mlb,401471583,SF,6,ARI,2,SF,Final
20230511,mlb,401471585,TEX,4,ATH,0,TEX,Final
20230512,mlb,401471589,CIN,7,MIA,4,CIN,Final
20230512,mlb,401471595,SEA,9,DET,2,SEA,Final
20230512,mlb,401471592,NYM,3,WSH,2,NYM,Final
20230512,mlb,401471593,PIT,3,BAL,6,BAL,Final
20230512,mlb,401471598,TB,5,NYY,6,NYY,Final
20230512,mlb,401471587,ATL,0,TOR,3,TOR,Final
20230512,mlb,401471586,LAA,5,CLE,4,LAA,Final
20230512,mlb,401471597,STL,8,BOS,6,STL,Final
20230512,mlb,401471588,CHC,6,MIN,2,CHC,Final
20230512,mlb,401471590,HOU,5,CHW,1,HOU,Final
20230512,mlb,401471591,KC,1,MIL,5,MIL,Final
20230512,mlb,401471600,PHI,6,COL,3,PHI,Final
20230512,mlb,401471596,SF,5,ARI,7,ARI,Final
20230512,mlb,401471599,TEX,7,ATH,9,ATH,Final/10
20230512,mlb,401471594,SD,2,LAD,4,LAD,Final
20230513,mlb,401471613,TB,8,NYY,9,NYY,Final
20230513,mlb,401471604,CIN,6,MIA,5,CIN,Final
20230513,mlb,401471610,SEA,5,DET,0,SEA,Final
20230513,mlb,401471603,CHC,1,MIN,11,MIN,Final
20230513,mlb,401471602,ATL,2,TOR,5,TOR,Final
20230513,mlb,401471607,NYM,2,WSH,3,WSH,Final
20230513,mlb,401471614,TEX,5,ATH,0,TEX,Final
20230513,mlb,401471612,STL,4,BOS,3,STL,Final
20230513,mlb,401471601,LAA,6,CLE,8,CLE,Final
20230513,mlb,401471608,PIT,0,BAL,2,BAL,Final
20230513,mlb,401471606,KC,3,MIL,4,MIL,Final
20230513,mlb,401471605,HOU,1,CHW,3,CHW,Final
20230513,mlb,401471609,SD,2,LAD,4,LAD,Final
20230513,mlb,401471611,SF,2,ARI,7,ARI,Final
20230513,mlb,401471615,PHI,7,COL,4,PHI,Final
20230514,mlb,401471616,LAA,3,CLE,4,CLE,Final
20230514,mlb,401471623,PIT,4,BAL,0,PIT,Final
20230514,mlb,401471628,TB,8,NYY,7,TB,Final
20230514,mlb,401471617,ATL,5,TOR,6,TOR,Final
20230514,mlb,401471619,CIN,1,MIA,3,MIA,Final
20230514,mlb,401471625,SEA,3,DET,5,DET,Final
20230514,mlb,401471618,CHC,3,MIN,16,MIN,Final
20230514,mlb,401471620,HOU,4,CHW,3,HOU,Final
20230514,mlb,401471621,KC,6,MIL,9,MIL,Final
20230514,mlb,401471630,PHI,0,COL,4,COL,Final
20230514,mlb,401471629,TEX,11,ATH,3,TEX,Final
20230514,mlb,401471624,SD,0,LAD,4,LAD,Final
20230514,mlb,401471626,SF,1,ARI,2,ARI,Final
20230514,mlb,401471622,NYM,8,WSH,2,NYM,Final
20230514,mlb,401471627,STL,9,BOS,1,STL,Final
20230515,mlb,401471638,NYM,3,WSH,10,WSH,Final
20230515,mlb,401471631,LAA,9,BAL,5,LAA,Final
20230515,mlb,401471637,NYY,7,TOR,4,NYY,Final
20230515,mlb,401471640,SEA,10,BOS,1,SEA,Final
20230515,mlb,401471635,MIL,1,STL,18,STL,Final
20230515,mlb,401471633,ATL,12,TEX,0,ATL,Final
20230515,mlb,401471634,CHC,4,HOU,6,HOU,Final
20230515,mlb,401471641,CIN,8,COL,9,COL,Final
20230515,mlb,401471632,ARI,5,ATH,2,ARI,Final
20230515,mlb,401471642,KC,0,SD,4,SD,Final
20230515,mlb,401471639,PHI,3,SF,6,SF,Final
20230515,mlb,401471636,MIN,8,LAD,9,LAD,Final/12
20230516,mlb,401471643,LAA,3,BAL,7,BAL,Final
20230516,mlb,401471652,PIT,0,DET,4,DET,Final
20230516,mlb,401471655,WSH,4,MIA,5,MIA,Final
20230516,mlb,401471650,NYY,6,TOR,3,NYY,Final
20230516,mlb,401471653,SEA,4,BOS,9,BOS,Final
20230516,mlb,401471654,TB,8,NYM,5,TB,Final
20230516,mlb,401471648,MIL,3,STL,2,MIL,Final
20230516,mlb,401471645,ATL,4,TEX,7,TEX,Final
20230516,mlb,401471646,CHC,3,HOU,7,HOU,Final
20230516,mlb,401471647,CLE,3,CHW,8,CHW,Final
20230516,mlb,401471656,CIN,3,COL,1,CIN,Final
20230516,mlb,401471644,ARI,8,ATH,9,ATH,Final/12
20230516,mlb,401471657,KC,5,SD,4,KC,Final
20230516,mlb,401471651,PHI,3,SF,4,SF,Final
20230516,mlb,401471649,MIN,5,LAD,1,MIN,Final
20230517,mlb,401471667,PIT,8,DET,0,PIT,Final
20230517,mlb,401471664,MIN,3,LAD,7,LAD,Final
20230517,mlb,401471671,CIN,6,COL,11,COL,Final
20230517,mlb,401471659,ARI,5,ATH,3,ARI,Final
20230517,mlb,401471666,PHI,4,SF,7,SF,Final
20230517,mlb,401471672,KC,4,SD,3,KC,Final
20230517,mlb,401471658,LAA,1,BAL,3,BAL,Final
20230517,mlb,401471670,WSH,3,MIA,4,MIA,Final
20230517,mlb,401471665,NYY,0,TOR,3,TOR,Final/10
20230517,mlb,401471668,SEA,3,BOS,12,BOS,Final
20230517,mlb,401471669,TB,7,NYM,8,NYM,Final/10
20230517,mlb,401471663,MIL,0,STL,3,STL,Final
20230517,mlb,401471660,ATL,6,TEX,5,ATL,Final
20230517,mlb,401471661,CHC,6,HOU,7,HOU,Final
20230517,mlb,401471662,CLE,2,CHW,7,CHW,Final
20230518,mlb,401471673,LAA,6,BAL,5,LAA,Final
20230518,mlb,401471677,TB,2,NYM,3,NYM,Final
20230518,mlb,401471678,WSH,3,MIA,5,MIA,Final
20230518,mlb,401471674,CLE,3,CHW,1,CLE,Final
20230518,mlb,401471676,NYY,4,TOR,2,NYY,Final
20230518,mlb,401471675,LAD,8,STL,16,STL,Final
20230519,mlb,401471692,ARI,3,PIT,13,PIT,Final
20230519,mlb,401471687,MIL,0,TB,1,TB,Final
20230519,mlb,401471689,NYY,6,CIN,2,NYY,Final
20230519,mlb,401471680,CHC,10,PHI,1,CHC,Final
20230519,mlb,401471683,DET,8,WSH,6,DET,Final
20230519,mlb,401471679,BAL,6,TOR,2,BAL,Final
20230519,mlb,401471681,CLE,9,NYM,10,NYM,Final/10
20230519,mlb,401471691,SEA,2,ATL,6,ATL,Final
20230519,mlb,401471682,COL,2,TEX,7,TEX,Final
20230519,mlb,401471684,KC,0,CHW,2,CHW,Final
20230519,mlb,401471690,ATH,1,HOU,5,HOU,Final
20230519,mlb,401471685,LAD,5,STL,0,LAD,Final
20230519,mlb,401471688,MIN,4,LAA,5,LAA,Final
20230519,mlb,401471693,BOS,6,SD,1,BOS,Final
20230519,mlb,401471686,MIA,3,SF,4,SF,Final
20230520,mlb,401471699,KC,1,CHW,5,CHW,Final
20230520,mlb,401471694,BAL,6,TOR,5,BAL,Final/10
20230520,mlb,401471695,CHC,3,PHI,12,PHI,Final
20230520,mlb,401471697,COL,5,TEX,11,TEX,Final
20230520,mlb,401471698,DET,2,WSH,5,WSH,Final
20230520,mlb,401471701,MIA,1,SF,0,MIA,Final
20230520,mlb,401471707,ARI,4,PIT,3,ARI,Final
20230520,mlb,401471702,MIL,4,TB,8,TB,Final
20230520,mlb,401471704,NYY,7,CIN,4,NYY,Final/10
20230520,mlb,401471705,ATH,2,HOU,3,HOU,Final
20230520,mlb,401471700,LAD,5,STL,6,STL,Final
20230520,mlb,401471706,SEA,7,ATL,3,SEA,Final
20230520,mlb,401471703,MIN,6,LAA,2,MIN,Final
20230520,mlb,401471708,BOS,4,SD,2,BOS,Final
20230521,mlb,401471719,NYY,4,CIN,1,NYY,Final
20230521,mlb,401471710,CHC,1,PHI,2,PHI,Final
20230521,mlb,401471713,DET,4,WSH,6,WSH,Final
20230521,mlb,401471721,SEA,2,ATL,3,ATL,Final
20230521,mlb,401471722,ARI,8,PIT,3,ARI,Final
20230521,mlb,401471709,BAL,8,TOR,3,BAL,Final/11
20230521,mlb,401471717,MIL,6,TB,4,MIL,Final
20230521,mlb,401549904,CLE,4,NYM,5,NYM,Final
20230521,mlb,401471714,KC,2,CHW,5,CHW,Final
20230521,mlb,401471720,ATH,0,HOU,2,HOU,Final
20230521,mlb,401471715,LAD,5,STL,10,STL,Final
20230521,mlb,401471712,COL,3,TEX,13,TEX,Final
20230521,mlb,401471716,MIA,5,SF,7,SF,Final
20230521,mlb,401471718,MIN,2,LAA,4,LAA,Final
20230521,mlb,401471723,BOS,0,SD,7,SD,Final
20230521,mlb,401471711,CLE,1,NYM,2,NYM,Final
20230522,mlb,401471726,CHW,0,CLE,3,CLE,Final
20230522,mlb,401471734,TEX,4,PIT,6,PIT,Final
20230522,mlb,401471724,ARI,6,PHI,3,ARI,Final
20230522,mlb,401471732,STL,5,CIN,6,CIN,Final/10
20230522,mlb,401471733,TOR,4,TB,6,TB,Final
20230522,mlb,401471729,LAD,8,ATL,6,LAD,Final
20230522,mlb,401471727,DET,8,KC,5,DET,Final/10
20230522,mlb,401471728,HOU,12,MIL,2,HOU,Final
20230522,mlb,401471731,SF,4,MIN,1,SF,Final
20230522,mlb,401471735,MIA,3,COL,5,COL,Final
20230522,mlb,401471725,BOS,1,LAA,2,LAA,Final
20230522,mlb,401471730,ATH,2,SEA,11,SEA,Final
20230523,mlb,401471739,CHW,4,CLE,2,CHW,Final
20230523,mlb,401471749,TEX,6,PIT,1,TEX,Final
20230523,mlb,401471736,ARI,4,PHI,3,ARI,Final
20230523,mlb,401471747,STL,8,CIN,5,STL,Final
20230523,mlb,401471748,TOR,20,TB,1,TOR,Final
20230523,mlb,401471737,BAL,5,NYY,6,NYY,Final/10
20230523,mlb,401471745,SD,7,WSH,4,SD,Final
20230523,mlb,401471742,LAD,8,ATL,1,LAD,Final
20230523,mlb,401471740,DET,1,KC,4,KC,Final
20230523,mlb,401471741,HOU,0,MIL,6,MIL,Final
20230523,mlb,401471743,NYM,2,CHC,7,CHC,Final
20230523,mlb,401471746,SF,4,MIN,3,SF,Final
20230523,mlb,401471750,MIA,4,COL,5,COL,Final
20230523,mlb,401471738,BOS,0,LAA,4,LAA,Final
20230523,mlb,401471744,ATH,2,SEA,3,SEA,Final
20230524,mlb,401471764,TEX,3,PIT,2,TEX,Final
20230524,mlb,401471751,ARI,5,PHI,6,PHI,Final/10
20230524,mlb,401471754,CHW,6,CLE,0,CHW,Final
20230524,mlb,401471756,HOU,0,MIL,4,MIL,Final
20230524,mlb,401471761,SF,1,MIN,7,MIN,Final
20230524,mlb,401471762,STL,3,CIN,10,CIN,Final
20230524,mlb,401471763,TOR,3,TB,7,TB,Final
20230524,mlb,401471752,BAL,9,NYY,6,BAL,Final
20230524,mlb,401471760,SD,3,WSH,5,WSH,Final
20230524,mlb,401471757,LAD,3,ATL,4,ATL,Final
20230524,mlb,401471755,DET,6,KC,4,DET,Final
20230524,mlb,401471758,NYM,2,CHC,4,CHC,Final
20230524,mlb,401471765,MIA,10,COL,2,MIA,Final
20230524,mlb,401471753,BOS,3,LAA,7,LAA,Final
20230524,mlb,401471759,ATH,1,SEA,6,SEA,Final
20230525,mlb,401471773,STL,2,CIN,1,STL,Final
20230525,mlb,401471774,TOR,3,TB,6,TB,Final
20230525,mlb,401471775,MIA,6,COL,7,COL,Final
20230525,mlb,401471771,SD,8,WSH,6,SD,Final
20230525,mlb,401471767,CHW,2,DET,7,DET,Final
20230525,mlb,401471766,BAL,3,NYY,1,BAL,Final
20230525,mlb,401471770,PHI,5,ATL,8,ATL,Final
20230525,mlb,401471768,NYM,10,CHC,1,NYM,Final
20230525,mlb,401471772,SF,5,MIL,0,SF,Final
20230525,mlb,401471769,ATH,2,SEA,3,SEA,Final
20230526,mlb,401471778,CIN,9,CHC,0,CIN,Final
20230526,mlb,401471777,CHW,12,DET,3,CHW,Final
20230526,mlb,401471780,LAD,3,TB,9,TB,Final
20230526,mlb,401471784,SD,5,NYY,1,SD,Final
20230526,mlb,401471787,TEX,12,BAL,2,TEX,Final
20230526,mlb,401471786,STL,3,CLE,4,CLE,Final
20230526,mlb,401471782,PHI,6,ATL,4,PHI,Final
20230526,mlb,401471785,SF,15,MIL,1,SF,Final
20230526,mlb,401471788,TOR,3,MIN,1,TOR,Final
20230526,mlb,401471789,WSH,12,KC,10,WSH,Final
20230526,mlb,401471790,NYM,5,COL,2,NYM,Final
20230526,mlb,401471781,MIA,6,LAA,2,MIA,Final
20230526,mlb,401471776,BOS,7,ARI,2,BOS,Final
20230526,mlb,401471779,HOU,5,ATH,2,HOU,Final
20230526,mlb,401471783,PIT,11,SEA,6,PIT,Final
20230527,mlb,401471800,SD,2,NYY,3,NYY,Final/10
20230527,mlb,401471792,CHW,3,DET,7,DET,Final
20230527,mlb,401471804,TOR,7,MIN,9,MIN,Final
20230527,mlb,401471803,TEX,5,BAL,3,TEX,Final
20230527,mlb,401471794,HOU,6,ATH,3,HOU,Final
20230527,mlb,401471795,LAD,6,TB,5,LAD,Final
20230527,mlb,401471798,PHI,2,ATL,1,PHI,Final
20230527,mlb,401471799,PIT,0,SEA,5,SEA,Final
20230527,mlb,401471801,SF,3,MIL,1,SF,Final
20230527,mlb,401471805,WSH,4,KC,2,WSH,Final
20230527,mlb,401471791,BOS,2,ARI,1,BOS,Final
20230527,mlb,401471793,CIN,8,CHC,5,CIN,Final
20230527,mlb,401471802,STL,2,CLE,1,STL,Final/10
20230527,mlb,401471797,NYM,7,COL,10,COL,Final
20230527,mlb,401471796,MIA,8,LAA,5,MIA,Final/10
20230528,mlb,401471810,LAD,10,TB,11,TB,Final
20230528,mlb,401471814,SD,7,NYY,10,NYY,Final
20230528,mlb,401471817,TEX,2,BAL,3,BAL,Final
20230528,mlb,401471807,CHW,5,DET,6,DET,Final/10
20230528,mlb,401471816,STL,3,CLE,4,CLE,Final
20230528,mlb,401471815,SF,5,MIL,7,MIL,Final
20230528,mlb,401471818,TOR,3,MIN,0,TOR,Final
20230528,mlb,401471819,WSH,2,KC,3,KC,Final
20230528,mlb,401471808,CIN,8,CHC,5,CIN,Final
20230528,mlb,401471820,NYM,10,COL,11,COL,Final
20230528,mlb,401471809,HOU,10,ATH,1,HOU,Final
20230528,mlb,401471811,MIA,2,LAA,0,MIA,Final
20230528,mlb,401471806,BOS,2,ARI,4,ARI,Final
20230528,mlb,401471813,PIT,3,SEA,6,SEA,Final/10
20230528,mlb,401471812,PHI,4,ATL,11,ATL,Final
20230529,mlb,401471823,CLE,5,BAL,0,CLE,Final
20230529,mlb,401471830,TEX,5,DET,0,TEX,Final
20230529,mlb,401471825,KC,7,STL,0,KC,Final
20230529,mlb,401471829,TB,0,CHC,1,CHC,Final
20230529,mlb,401471824,COL,5,ARI,7,ARI,Final
20230529,mlb,401471826,MIN,7,HOU,5,MIN,Final/10
20230529,mlb,401471828,PIT,4,SF,14,SF,Final
20230529,mlb,401471822,ATL,2,ATH,7,ATH,Final
20230529,mlb,401471821,LAA,6,CHW,4,LAA,Final
20230529,mlb,401471831,WSH,1,LAD,6,LAD,Final
20230529,mlb,401471827,NYY,10,SEA,4,NYY,Final
20230530,mlb,401471843,SD,9,MIA,4,SD,Final
20230530,mlb,401471845,TEX,10,DET,6,TEX,Final
20230530,mlb,401471835,CLE,5,BAL,8,BAL,Final
20230530,mlb,401471838,MIL,2,TOR,7,TOR,Final
20230530,mlb,401471834,CIN,9,BOS,8,CIN,Final
20230530,mlb,401471841,PHI,0,NYM,2,NYM,Final
20230530,mlb,401471837,KC,1,STL,2,STL,Final
20230530,mlb,401471844,TB,1,CHC,2,CHC,Final
20230530,mlb,401471832,LAA,3,CHW,7,CHW,Final
20230530,mlb,401471839,MIN,1,HOU,5,HOU,Final
20230530,mlb,401471833,ATL,1,ATH,2,ATH,Final
20230530,mlb,401471836,COL,1,ARI,5,ARI,Final
20230530,mlb,401471840,NYY,10,SEA,2,NYY,Final
20230530,mlb,401471842,PIT,2,SF,1,PIT,Final
20230530,mlb,401471846,WSH,3,LAD,9,LAD,Final
20230531,mlb,401471859,TEX,2,DET,3,DET,Final
20230531,mlb,401471847,LAA,12,CHW,5,LAA,Final
20230531,mlb,401471858,TB,4,CHC,3,TB,Final
20230531,mlb,401471850,CLE,12,BAL,8,CLE,Final
20230531,mlb,401471848,ATL,4,ATH,2,ATL,Final
20230531,mlb,401471856,PIT,9,SF,4,PIT,Final
20230531,mlb,401471860,WSH,10,LAD,6,WSH,Final
20230531,mlb,401471857,SD,1,MIA,2,MIA,Final
20230531,mlb,401471852,MIL,4,TOR,2,MIL,Final
20230531,mlb,401471849,CIN,5,BOS,4,CIN,Final
20230531,mlb,401471855,PHI,1,NYM,4,NYM,Final
20230531,mlb,401471853,MIN,8,HOU,2,MIN,Final
20230531,mlb,401471851,COL,0,ARI,6,ARI,Final
20230531,mlb,401471854,NYY,0,SEA,1,SEA,Final/10
20230601,mlb,401471865,MIL,1,TOR,3,TOR,Final
20230601,mlb,401471866,PHI,2,NYM,4,NYM,Final
20230601,mlb,401471867,SD,10,MIA,1,SD,Final
20230601,mlb,401471864,COL,4,ARI,5,ARI,Final
20230601,mlb,401471862,CIN,2,BOS,8,BOS,Final
20230601,mlb,401471863,CLE,6,MIN,7,MIN,Final
20230601,mlb,401471861,LAA,2,HOU,5,HOU,Final
20230602,mlb,401471874,MIL,5,CIN,4,MIL,Final/11
20230602,mlb,401471876,ATH,0,MIA,4,MIA,Final
20230602,mlb,401471877,PHI,7,WSH,8,WSH,Final
20230602,mlb,401471881,STL,5,PIT,7,PIT,Final
20230602,mlb,401471880,TOR,3,NYM,0,TOR,Final
20230602,mlb,401471878,SEA,0,TEX,2,TEX,Final
20230602,mlb,401471868,LAA,2,HOU,6,HOU,Final
20230602,mlb,401471871,CLE,0,MIN,1,MIN,Final
20230602,mlb,401471872,COL,7,KC,2,COL,Final
20230602,mlb,401471873,DET,0,CHW,3,CHW,Final
20230602,mlb,401471869,ATL,2,ARI,3,ARI,Final
20230602,mlb,401471882,CHC,2,SD,1,CHC,Final
20230602,mlb,401471875,NYY,4,LAD,8,LAD,Final
20230602,mlb,401471870,BAL,3,SF,2,BAL,Final
20230603,mlb,401471894,TB,5,BOS,8,BOS,Final
20230603,mlb,401471888,DET,1,CHW,2,CHW,Final/10
20230603,mlb,401471892,PHI,4,WSH,2,PHI,Final
20230603,mlb,401471893,SEA,6,TEX,16,TEX,Final
20230603,mlb,401471896,STL,3,PIT,4,PIT,Final
20230603,mlb,401471883,LAA,6,HOU,9,HOU,Final
20230603,mlb,401471887,COL,6,KC,4,COL,Final
20230603,mlb,401471889,MIL,10,CIN,8,MIL,Final
20230603,mlb,401471891,ATH,1,MIA,12,MIA,Final
20230603,mlb,401471895,TOR,2,NYM,1,TOR,Final
20230603,mlb,401517590,TB,4,BOS,2,TB,Final
20230603,mlb,401471886,CLE,4,MIN,2,CLE,Final
20230603,mlb,401471890,NYY,6,LAD,3,NYY,Final
20230603,mlb,401471885,BAL,0,SF,4,SF,Final
20230603,mlb,401471884,ATL,5,ARI,2,ATL,Final
20230603,mlb,401471897,CHC,0,SD,6,SD,Final
20230604,mlb,401471911,STL,1,PIT,2,PIT,Final
20230604,mlb,401471907,PHI,11,WSH,3,PHI,Final
20230604,mlb,401471909,TB,6,BOS,2,TB,Final
20230604,mlb,401471904,MIL,5,CIN,1,MIL,Final
20230604,mlb,401471906,ATH,5,MIA,7,MIA,Final
20230604,mlb,401471910,TOR,6,NYM,4,TOR,Final
20230604,mlb,401471898,LAA,2,HOU,1,LAA,Final
20230604,mlb,401471901,CLE,2,MIN,1,CLE,Final
20230604,mlb,401471902,COL,0,KC,2,KC,Final
20230604,mlb,401471903,DET,2,CHW,6,CHW,Final
20230604,mlb,401471908,SEA,3,TEX,12,TEX,Final
20230604,mlb,401471900,BAL,8,SF,3,BAL,Final
20230604,mlb,401471899,ATL,8,ARI,5,ATL,Final
20230604,mlb,401471912,CHC,7,SD,1,CHC,Final
20230604,mlb,401471905,NYY,4,LAD,1,NYY,Final
20230605,mlb,401552047,TB,4,BOS,1,TB,Final
20230605,mlb,401471913,DET,3,PHI,8,PHI,Final
20230605,mlb,401471915,KC,6,MIA,9,MIA,Final
20230605,mlb,401471919,ATH,4,PIT,5,PIT,Final
20230605,mlb,401471914,HOU,11,TOR,4,HOU,Final
20230605,mlb,401471916,MIL,0,CIN,2,CIN,Final
20230605,mlb,401471917,STL,3,TEX,4,TEX,Final
20230605,mlb,401471920,CHC,0,SD,5,SD,Final
20230606,mlb,401471926,DET,0,PHI,1,PHI,Final
20230606,mlb,401471928,KC,1,MIA,6,MIA,Final
20230606,mlb,401471930,MIN,0,TB,7,TB,Final
20230606,mlb,401471921,ARI,10,WSH,5,ARI,Final
20230606,mlb,401471924,CHW,3,NYY,2,CHW,Final
20230606,mlb,401471933,ATH,11,PIT,2,ATH,Final
20230606,mlb,401471927,HOU,1,TOR,5,TOR,Final
20230606,mlb,401471923,BOS,5,CLE,4,BOS,Final
20230606,mlb,401471929,LAD,8,CIN,9,CIN,Final
20230606,mlb,401471931,NYM,4,ATL,6,ATL,Final
20230606,mlb,401471922,BAL,3,MIL,4,MIL,Final/10
20230606,mlb,401471932,STL,4,TEX,6,TEX,Final
20230606,mlb,401471934,SF,10,COL,4,SF,Final
20230606,mlb,401471925,CHC,4,LAA,7,LAA,Final
20230606,mlb,401471935,SEA,4,SD,1,SEA,Final
20230607,mlb,401471948,ATH,9,PIT,5,ATH,Final
20230607,mlb,401471949,SEA,3,SD,10,SD,Final
20230607,mlb,401471943,KC,1,MIA,6,MIA,Final
20230607,mlb,401471945,MIN,1,TB,2,TB,Final
20230607,mlb,401471936,ARI,6,WSH,2,ARI,Final
20230607,mlb,401471942,HOU,2,TOR,3,TOR,Final
20230607,mlb,401471938,BOS,2,CLE,5,CLE,Final
20230607,mlb,401471944,LAD,6,CIN,8,CIN,Final
20230607,mlb,401471946,NYM,5,ATL,7,ATL,Final
20230607,mlb,401471937,BAL,2,MIL,10,MIL,Final
20230607,mlb,401471947,STL,1,TEX,0,STL,Final
20230607,mlb,401471950,SF,5,COL,4,SF,Final
20230607,mlb,401471940,CHC,2,LAA,6,LAA,Final
20230608,mlb,401471957,LAD,6,CIN,0,LAD,Final
20230608,mlb,401471958,MIN,2,TB,4,TB,Final
20230608,mlb,401471952,BAL,6,MIL,3,BAL,Final
20230608,mlb,401471960,SF,6,COL,4,SF,Final
20230608,mlb,401552598,CHW,6,NYY,5,CHW,Final
20230608,mlb,401552597,DET,2,PHI,3,PHI,Final
20230608,mlb,401471956,HOU,2,TOR,3,TOR,Final
20230608,mlb,401471953,BOS,3,CLE,10,CLE,Final
20230608,mlb,401471959,NYM,10,ATL,13,ATL,Final/10
20230608,mlb,401471954,CHW,0,NYY,3,NYY,Final
20230608,mlb,401471955,CHC,1,LAA,3,LAA,Final
20230609,mlb,401471961,ARI,11,DET,6,ARI,Final
20230609,mlb,401471972,TEX,3,TB,8,TB,Final
20230609,mlb,401471962,BOS,3,NYY,2,BOS,Final
20230609,mlb,401471966,KC,2,BAL,3,BAL,Final
20230609,mlb,401471967,LAD,4,PHI,5,PHI,Final
20230609,mlb,401471974,NYM,7,PIT,14,PIT,Final
20230609,mlb,401471969,MIN,3,TOR,2,MIN,Final/10
20230609,mlb,401471965,HOU,9,CLE,10,CLE,Final/14
20230609,mlb,401471973,WSH,2,ATL,3,ATL,Final
20230609,mlb,401471968,MIA,1,CHW,2,CHW,Final
20230609,mlb,401471970,ATH,5,MIL,2,ATH,Final
20230609,mlb,401471964,CIN,4,STL,7,STL,Final
20230609,mlb,401471975,SD,9,COL,6,SD,Final
20230609,mlb,401471971,SEA,4,LAA,5,LAA,Final
20230609,mlb,401471963,CHC,3,SF,2,CHC,Final
20230610,mlb,401471976,ARI,5,DET,0,ARI,Final
20230610,mlb,401471983,MIA,5,CHW,1,MIA,Final
20230610,mlb,401471979,CIN,8,STL,4,CIN,Final
20230610,mlb,401471984,MIN,9,TOR,4,MIN,Final
20230610,mlb,401471986,SD,3,COL,2,SD,Final
20230610,mlb,401471981,KC,1,BAL,6,BAL,Final
20230610,mlb,401471982,LAD,9,PHI,0,LAD,Final
20230610,mlb,401471990,NYM,5,PIT,1,NYM,Final
20230610,mlb,401471985,ATH,2,MIL,1,ATH,Final/10
20230610,mlb,401471988,TEX,8,TB,4,TEX,Final
20230610,mlb,401471989,WSH,4,ATL,6,ATL,Final
20230610,mlb,401471980,HOU,6,CLE,4,HOU,Final
20230610,mlb,401471977,BOS,1,NYY,3,NYY,Final
20230610,mlb,401471978,CHC,4,SF,0,CHC,Final
20230610,mlb,401471987,SEA,6,LAA,2,SEA,Final
20230611,mlb,401471991,ARI,7,DET,5,ARI,Final
20230611,mlb,401471995,HOU,0,CLE,5,CLE,Final
20230611,mlb,401471996,KC,3,BAL,11,BAL,Final
20230611,mlb,401471997,LAD,3,PHI,7,PHI,Final
20230611,mlb,401472003,WSH,6,ATL,2,WSH,Final
20230611,mlb,401472004,NYM,1,PIT,2,PIT,Final
20230611,mlb,401471999,MIN,6,TOR,7,TOR,Final
20230611,mlb,401472002,TEX,3,TB,7,TB,Final
20230611,mlb,401471998,MIA,6,CHW,5,MIA,Final
20230611,mlb,401472000,ATH,8,MIL,6,ATH,Final
20230611,mlb,401471994,CIN,4,STL,3,CIN,Final
20230611,mlb,401472005,SD,4,COL,5,COL,Final
20230611,mlb,401471993,CHC,3,SF,13,SF,Final
20230611,mlb,401472001,SEA,4,LAA,9,LAA,Final
20230611,mlb,401471992,BOS,3,NYY,2,BOS,Final/10
20230612,mlb,401472007,ATL,5,DET,6,DET,Final/10
20230612,mlb,401472009,COL,4,BOS,3,COL,Final/10
20230612,mlb,401472012,SF,4,STL,3,SF,Final
20230612,mlb,401472006,LAA,9,TEX,6,LAA,Final/12
20230612,mlb,401472008,CIN,5,KC,4,CIN,Final/10
20230612,mlb,401472010,MIA,1,SEA,8,SEA,Final
20230612,mlb,401472011,PHI,8,ARI,9,ARI,Final
20230612,mlb,401472013,TB,3,ATH,4,ATH,Final
20230613,mlb,401472026,TOR,6,BAL,11,BAL,Final
20230613,mlb,401472018,COL,7,BOS,6,COL,Final/10
20230613,mlb,401472021,NYY,7,NYM,6,NYY,Final
20230613,mlb,401472020,MIL,5,MIN,7,MIN,Final
20230613,mlb,401472024,SF,11,STL,3,SF,Final
20230613,mlb,401472014,LAA,7,TEX,3,LAA,Final
20230613,mlb,401472023,PIT,3,CHC,11,CHC,Final
20230613,mlb,401472017,CIN,5,KC,4,CIN,Final
20230613,mlb,401472027,WSH,1,HOU,6,HOU,Final
20230613,mlb,401472019,MIA,3,SEA,9,SEA,Final
20230613,mlb,401472022,PHI,15,ARI,3,PHI,Final
20230613,mlb,401472025,TB,1,ATH,2,ATH,Final
20230613,mlb,401472028,CLE,3,SD,6,SD,Final
20230613,mlb,401472016,CHW,1,LAD,5,LAD,Final
20230614,mlb,401472030,ATL,10,DET,7,ATL,Final
20230614,mlb,401472035,MIL,2,MIN,4,MIN,Final
20230614,mlb,401472039,SF,8,STL,5,SF,Final/10
20230614,mlb,401553629,ATL,6,DET,5,ATL,Final
20230614,mlb,401472036,NYY,3,NYM,4,NYM,Final/10
20230614,mlb,401472041,TOR,3,BAL,1,TOR,Final
20230614,mlb,401472033,COL,3,BOS,6,BOS,Final
20230614,mlb,401472029,LAA,3,TEX,6,TEX,Final
20230614,mlb,401472038,PIT,6,CHC,10,CHC,Final
20230614,mlb,401472032,CIN,7,KC,4,CIN,Final
20230614,mlb,401472042,WSH,4,HOU,5,HOU,Final
20230614,mlb,401472034,MIA,4,SEA,1,MIA,Final
20230614,mlb,401472037,PHI,4,ARI,3,PHI,Final/10
20230614,mlb,401472040,TB,6,ATH,3,TB,Final
20230614,mlb,401472043,CLE,0,SD,5,SD,Final
20230614,mlb,401472031,CHW,8,LAD,4,CHW,Final
20230615,mlb,401472051,TOR,2,BAL,4,BAL,Final
20230615,mlb,401472050,TB,4,ATH,3,TB,Final
20230615,mlb,401472048,PHI,5,ARI,4,PHI,Final
20230615,mlb,401472047,DET,8,MIN,4,DET,Final
20230615,mlb,401472046,COL,3,ATL,8,ATL,Final
20230615,mlb,401472044,LAA,5,TEX,3,LAA,Final
20230615,mlb,401472049,PIT,2,CHC,7,CHC,Final
20230615,mlb,401472052,WSH,4,HOU,1,WSH,Final/10
20230615,mlb,401472053,CLE,8,SD,6,CLE,Final
20230615,mlb,401472045,CHW,4,LAD,5,LAD,Final/11
20230616,mlb,401472055,BAL,3,CHC,10,CHC,Final
20230616,mlb,401472061,MIA,6,WSH,5,MIA,Final
20230616,mlb,401472062,NYY,5,BOS,15,BOS,Final
20230616,mlb,401472066,STL,1,NYM,6,NYM,Final
20230616,mlb,401472059,COL,1,ATL,8,ATL,Final
20230616,mlb,401472067,TOR,2,TEX,1,TOR,Final
20230616,mlb,401472054,LAA,3,KC,0,LAA,Final
20230616,mlb,401472057,CIN,2,HOU,1,CIN,Final
20230616,mlb,401472060,DET,7,MIN,1,DET,Final
20230616,mlb,401472064,PIT,4,MIL,5,MIL,Final
20230616,mlb,401472058,CLE,1,ARI,5,ARI,Final
20230616,mlb,401472063,PHI,6,ATH,1,PHI,Final
20230616,mlb,401472068,TB,6,SD,2,TB,Final
20230616,mlb,401472056,CHW,2,SEA,3,SEA,Final
20230616,mlb,401472065,SF,7,LAD,5,SF,Final/11
20230617,mlb,401472075,DET,0,MIN,2,MIN,Final
20230617,mlb,401472070,BAL,2,CHC,3,CHC,Final
20230617,mlb,401472076,MIA,5,WSH,2,MIA,Final
20230617,mlb,401472082,TOR,2,TEX,4,TEX,Final
20230617,mlb,401472078,PHI,3,ATH,2,PHI,Final/12
20230617,mlb,401472069,LAA,9,KC,10,KC,Final
20230617,mlb,401472071,CHW,4,SEA,3,CHW,Final/11
20230617,mlb,401472072,CIN,10,HOU,3,CIN,Final
20230617,mlb,401472074,COL,2,ATL,10,ATL,Final
20230617,mlb,401472079,PIT,0,MIL,5,MIL,Final
20230617,mlb,401472081,STL,5,NYM,3,STL,Final
20230617,mlb,401472083,TB,0,SD,2,SD,Final
20230617,mlb,401472080,SF,15,LAD,0,SF,Final
20230617,mlb,401472073,CLE,3,ARI,6,ARI,Final
20230618,mlb,401472085,BAL,6,CHC,3,BAL,Final
20230618,mlb,401472089,COL,6,ATL,14,ATL,Final
20230618,mlb,401472091,MIA,4,WSH,2,MIA,Final
20230618,mlb,401554952,NYY,2,BOS,6,BOS,Final
20230618,mlb,401472096,STL,8,NYM,7,STL,Final
20230618,mlb,401472084,LAA,5,KC,2,LAA,Final
20230618,mlb,401472087,CIN,9,HOU,7,CIN,Final/10
20230618,mlb,401472090,DET,6,MIN,4,DET,Final
20230618,mlb,401472094,PIT,2,MIL,5,MIL,Final
20230618,mlb,401472097,TOR,7,TEX,11,TEX,Final
20230618,mlb,401472093,PHI,3,ATH,2,PHI,Final
20230618,mlb,401472086,CHW,1,SEA,5,SEA,Final
20230618,mlb,401472088,CLE,12,ARI,3,CLE,Final
20230618,mlb,401472095,SF,7,LAD,3,SF,Final
20230618,mlb,401472098,TB,4,SD,5,SD,Final
20230618,mlb,401472092,NYY,1,BOS,4,BOS,Final
20230619,mlb,401472105,STL,8,WSH,6,STL,Final
20230619,mlb,401472102,KC,4,DET,6,DET,Final
20230619,mlb,401472107,TOR,0,MIA,11,MIA,Final
20230619,mlb,401472108,CHC,8,PIT,0,CHC,Final
20230619,mlb,401472101,COL,4,CIN,5,CIN,Final
20230619,mlb,401472100,BOS,9,MIN,3,BOS,Final
20230619,mlb,401472099,ARI,9,MIL,1,ARI,Final
20230619,mlb,401472103,NYM,11,HOU,1,NYM,Final
20230619,mlb,401472106,TEX,5,CHW,2,TEX,Final
20230619,mlb,401472104,SD,4,SF,7,SF,Final/10
20230620,mlb,401472110,ATL,4,PHI,2,ATL,Final
20230620,mlb,401472111,BAL,8,TB,6,BAL,Final
20230620,mlb,401472114,KC,1,DET,0,KC,Final
20230620,mlb,401472122,TOR,2,MIA,0,TOR,Final
20230620,mlb,401472119,SEA,1,NYY,3,NYY,Final
20230620,mlb,401472120,STL,9,WSH,3,STL,Final
20230620,mlb,401472123,CHC,4,PIT,0,CHC,Final
20230620,mlb,401472113,COL,6,CIN,8,CIN,Final
20230620,mlb,401472117,ATH,2,CLE,3,CLE,Final/10
20230620,mlb,401472112,BOS,10,MIN,4,BOS,Final
20230620,mlb,401472109,ARI,5,MIL,7,MIL,Final
20230620,mlb,401472116,NYM,2,HOU,4,HOU,Final
20230620,mlb,401472121,TEX,6,CHW,7,CHW,Final
20230620,mlb,401472118,SD,3,SF,4,SF,Final
20230620,mlb,401472115,LAD,2,LAA,0,LAD,Final
20230621,mlb,401472126,BAL,2,TB,7,TB,Final
20230621,mlb,401472137,TOR,6,MIA,3,TOR,Final
20230621,mlb,401472128,COL,3,CIN,5,CIN,Final
20230621,mlb,401472138,CHC,8,PIT,3,CHC,Final
20230621,mlb,401472129,KC,4,DET,9,DET,Final
20230621,mlb,401472124,ARI,5,MIL,1,ARI,Final
20230621,mlb,401472131,NYM,8,HOU,10,HOU,Final
20230621,mlb,401472135,STL,0,WSH,3,WSH,Final
20230621,mlb,401472134,SEA,2,NYY,4,NYY,Final
20230621,mlb,401472132,ATH,6,CLE,7,CLE,Final
20230621,mlb,401472127,BOS,4,MIN,5,MIN,Final/10
20230621,mlb,401472136,TEX,6,CHW,3,TEX,Final
20230621,mlb,401472130,LAD,2,LAA,0,LAD,Final
20230621,mlb,401472133,SD,2,SF,4,SF,Final
20230622,mlb,401472139,ATL,5,PHI,1,ATL,Final/10
20230622,mlb,401552835,ARI,5,WSH,3,ARI,Final
20230622,mlb,401472140,BOS,0,MIN,6,MIN,Final
20230622,mlb,401472142,ATH,1,CLE,6,CLE,Final
20230622,mlb,401472144,SD,10,SF,0,SD,Final
20230622,mlb,401472141,KC,6,TB,5,KC,Final
20230622,mlb,401472143,PIT,4,MIA,6,MIA,Final
20230622,mlb,401472145,SEA,10,NYY,2,SEA,Final
20230623,mlb,401472147,ATL,10,CIN,11,CIN,Final
20230623,mlb,401472150,KC,3,TB,11,TB,Final
20230623,mlb,401472152,MIN,4,DET,1,MIN,Final
20230623,mlb,401472155,PIT,3,MIA,1,PIT,Final
20230623,mlb,401472153,NYM,1,PHI,5,PHI,Final
20230623,mlb,401472156,SEA,13,BAL,1,SEA,Final
20230623,mlb,401472157,TEX,4,NYY,2,TEX,Final/10
20230623,mlb,401472154,ATH,5,TOR,4,ATH,Final
20230623,mlb,401472151,MIL,7,CLE,1,MIL,Final
20230623,mlb,401472148,BOS,3,CHW,1,BOS,Final
20230623,mlb,401472158,LAA,4,COL,7,COL,Final
20230623,mlb,401472159,WSH,3,SD,13,SD,Final
20230623,mlb,401472149,HOU,2,LAD,3,LAD,Final
20230623,mlb,401472146,ARI,5,SF,8,SF,Final
20230624,mlb,401472164,CHC,9,STL,1,CHC,Final
20230624,mlb,401472161,ARI,6,SF,7,SF,Final
20230624,mlb,401472169,NYM,4,PHI,2,NYM,Final
20230624,mlb,401472172,SEA,4,BAL,6,BAL,Final/10
20230624,mlb,401472173,TEX,0,NYY,1,NYY,Final
20230624,mlb,401472170,ATH,3,TOR,7,TOR,Final
20230624,mlb,401472162,ATL,7,CIN,6,ATL,Final
20230624,mlb,401472163,BOS,4,CHW,5,CHW,Final
20230624,mlb,401472166,KC,9,TB,4,KC,Final
20230624,mlb,401472167,MIL,2,CLE,4,CLE,Final
20230624,mlb,401472171,PIT,3,MIA,4,MIA,Final/11
20230624,mlb,401472165,HOU,7,LAD,8,LAD,Final
20230624,mlb,401472168,MIN,2,DET,3,DET,Final
20230624,mlb,401472174,WSH,2,SD,0,WSH,Final
20230624,mlb,401472160,LAA,25,COL,1,LAA,Final
20230625,mlb,401472178,CHC,5,STL,7,STL,Final
20230625,mlb,401472182,MIN,6,DET,3,MIN,Final/10
20230625,mlb,401472183,NYM,6,PHI,7,PHI,Final
20230625,mlb,401472186,SEA,2,BAL,3,BAL,Final
20230625,mlb,401472187,TEX,3,NYY,5,NYY,Final
20230625,mlb,401472184,ATH,1,TOR,12,TOR,Final
20230625,mlb,401472176,ATL,7,CIN,6,ATL,Final
20230625,mlb,401472180,KC,1,TB,3,TB,Final
20230625,mlb,401472181,MIL,5,CLE,4,MIL,Final/10
20230625,mlb,401472185,PIT,0,MIA,2,MIA,Final
20230625,mlb,401472177,BOS,1,CHW,4,CHW,Final
20230625,mlb,401472188,LAA,3,COL,4,COL,Final
20230625,mlb,401472175,ARI,5,SF,2,ARI,Final
20230625,mlb,401472189,WSH,8,SD,3,WSH,Final
20230625,mlb,401472179,HOU,6,LAD,5,HOU,Final/11
20230626,mlb,401472191,CIN,3,BAL,10,BAL,Final
20230626,mlb,401472193,MIL,2,NYM,1,MIL,Final
20230626,mlb,401472194,MIN,1,ATL,4,ATL,Final
20230626,mlb,401472192,DET,7,TEX,2,DET,Final
20230626,mlb,401472190,CHW,1,LAA,2,LAA,Final
20230626,mlb,401472195,WSH,4,SEA,8,SEA,Final
20230627,mlb,401472197,CIN,3,BAL,1,CIN,Final
20230627,mlb,401472209,SD,4,PIT,9,PIT,Final
20230627,mlb,401472206,SF,3,TOR,0,SF,Final
20230627,mlb,401472201,MIA,10,BOS,1,MIA,Final
20230627,mlb,401472202,MIL,2,NYM,7,NYM,Final
20230627,mlb,401472203,MIN,2,ATL,6,ATL,Final
20230627,mlb,401472200,HOU,2,STL,4,STL,Final
20230627,mlb,401472199,DET,3,TEX,8,TEX,Final
20230627,mlb,401472205,PHI,5,CHC,1,PHI,Final
20230627,mlb,401472198,CLE,2,KC,1,CLE,Final
20230627,mlb,401472210,LAD,5,COL,0,LAD,Final
20230627,mlb,401472196,CHW,2,LAA,4,LAA,Final
20230627,mlb,401472204,NYY,1,ATH,2,ATH,Final
20230627,mlb,401472207,TB,4,ARI,8,ARI,Final
20230627,mlb,401472208,WSH,7,SEA,4,WSH,Final/11
20230628,mlb,401472218,MIN,0,ATL,3,ATL,Final
20230628,mlb,401472223,WSH,4,SEA,1,WSH,Final
20230628,mlb,401472212,CIN,11,BAL,7,CIN,Final/10
20230628,mlb,401472224,SD,1,PIT,7,PIT,Final
20230628,mlb,401472221,SF,1,TOR,6,TOR,Final
20230628,mlb,401472216,MIA,6,BOS,2,MIA,Final
20230628,mlb,401472217,MIL,5,NYM,2,MIL,Final
20230628,mlb,401472215,HOU,10,STL,7,HOU,Final
20230628,mlb,401472214,DET,2,TEX,10,TEX,Final
20230628,mlb,401472220,PHI,8,CHC,5,PHI,Final
20230628,mlb,401472213,CLE,14,KC,1,CLE,Final
20230628,mlb,401472225,LAD,8,COL,9,COL,Final
20230628,mlb,401472211,CHW,11,LAA,5,CHW,Final
20230628,mlb,401472219,NYY,11,ATH,0,NYY,Final
20230628,mlb,401472222,TB,3,ARI,2,TB,Final
20230629,mlb,401472236,SD,4,PIT,5,PIT,Final
20230629,mlb,401472228,DET,8,TEX,5,DET,Final
20230629,mlb,401472227,CLE,3,KC,4,KC,Final/10
20230629,mlb,401472232,NYY,10,ATH,4,NYY,Final
20230629,mlb,401472235,TB,6,ARI,1,TB,Final
20230629,mlb,401472226,CHW,9,LAA,7,CHW,Final
20230629,mlb,401472230,MIA,2,BOS,0,MIA,Final
20230629,mlb,401472234,SF,1,TOR,2,TOR,Final
20230629,mlb,401472231,MIL,3,NYM,2,MIL,Final
20230629,mlb,401472229,HOU,14,STL,0,HOU,Final
20230629,mlb,401472233,PHI,3,CHC,1,PHI,Final
20230629,mlb,401472237,LAD,14,COL,3,LAD,Final
20230630,mlb,401472241,CLE,1,CHC,10,CHC,Final
20230630,mlb,401472247,SD,5,CIN,7,CIN,Final/11
20230630,mlb,401472250,WSH,2,PHI,1,WSH,Final
20230630,mlb,401472245,MIN,8,BAL,1,MIN,Final
20230630,mlb,401472251,MIL,7,PIT,8,PIT,Final
20230630,mlb,401472239,BOS,5,TOR,0,BOS,Final
20230630,mlb,401472248,SF,5,NYM,4,SF,Final
20230630,mlb,401472244,MIA,4,ATL,16,ATL,Final
20230630,mlb,401472242,HOU,5,TEX,3,HOU,Final
20230630,mlb,401472243,LAD,9,KC,3,LAD,Final
20230630,mlb,401472252,DET,5,COL,8,COL,Final
20230630,mlb,401472238,ARI,6,LAA,2,ARI,Final
20230630,mlb,401472240,CHW,4,ATH,7,ATH,Final
20230630,mlb,401472249,TB,15,SEA,4,TB,Final
20230701,mlb,401472263,SD,12,CIN,5,SD,Final
20230701,mlb,401472262,NYY,4,STL,11,STL,Final
20230701,mlb,401472254,BOS,7,TOR,6,BOS,Final
20230701,mlb,401472258,HOU,2,TEX,5,TEX,Final
20230701,mlb,401472261,MIN,1,BAL,0,MIN,Final
20230701,mlb,401472266,WSH,4,PHI,19,PHI,Final
20230701,mlb,401472267,MIL,11,PIT,8,MIL,Final
20230701,mlb,401472255,CHW,6,ATH,7,ATH,Final/10
20230701,mlb,401472260,MIA,0,ATL,7,ATL,Final
20230701,mlb,401472264,SF,1,NYM,4,NYM,Final
20230701,mlb,401472256,CLE,6,CHC,0,CLE,Final
20230701,mlb,401472259,LAD,4,KC,6,KC,Final
20230701,mlb,401472265,TB,3,SEA,8,SEA,Final
20230701,mlb,401564629,NYY,6,STL,2,NYY,Final
20230701,mlb,401472257,DET,4,COL,2,DET,Final/10
20230701,mlb,401472253,ARI,3,LAA,1,ARI,Final
20230702,mlb,401472275,MIN,1,BAL,2,BAL,Final
20230702,mlb,401472274,MIA,3,ATL,6,ATL,Final
20230702,mlb,401472280,WSH,5,PHI,4,WSH,Final
20230702,mlb,401472281,MIL,6,PIT,3,MIL,Final
20230702,mlb,401472269,BOS,5,TOR,4,BOS,Final
20230702,mlb,401472277,SD,3,CIN,4,CIN,Final
20230702,mlb,401472273,LAD,1,KC,9,KC,Final
20230702,mlb,401472276,NYY,1,STL,5,STL,Final
20230702,mlb,401472272,HOU,5,TEX,3,HOU,Final
20230702,mlb,401472282,DET,14,COL,9,DET,Final
20230702,mlb,401472268,ARI,2,LAA,5,LAA,Final
20230702,mlb,401472270,CHW,8,ATH,7,CHW,Final
20230702,mlb,401472279,TB,6,SEA,7,SEA,Final
20230702,mlb,401472271,CLE,8,CHC,6,CLE,Final/10
20230702,mlb,401472278,SF,4,NYM,8,NYM,Final
20230703,mlb,401472287,HOU,12,TEX,11,HOU,Final
20230703,mlb,401472285,CHC,6,MIL,8,MIL,Final
20230703,mlb,401472286,CIN,3,WSH,2,CIN,Final
20230703,mlb,401472291,STL,4,MIA,5,MIA,Final
20230703,mlb,401472284,BAL,3,NYY,6,NYY,Final
20230703,mlb,401472283,ATL,4,CLE,2,ATL,Final
20230703,mlb,401472288,KC,4,MIN,8,MIN,Final
20230703,mlb,401472292,LAA,3,SD,10,SD,Final
20230703,mlb,401472290,SEA,6,SF,5,SEA,Final
20230703,mlb,401472289,PIT,2,LAD,5,LAD,Final
20230704,mlb,401472296,CIN,8,WSH,4,CIN,Final
20230704,mlb,401472294,BAL,4,NYY,8,NYY,Final
20230704,mlb,401472304,STL,2,MIA,15,MIA,Final
20230704,mlb,401472305,TEX,6,BOS,2,TEX,Final
20230704,mlb,401472298,KC,3,MIN,9,MIN,Final
20230704,mlb,401472295,CHC,7,MIL,6,CHC,Final/11
20230704,mlb,401472297,COL,1,HOU,4,HOU,Final
20230704,mlb,401472299,NYM,8,ARI,5,NYM,Final
20230704,mlb,401472301,PHI,3,TB,1,PHI,Final
20230704,mlb,401472303,SEA,6,SF,0,SEA,Final
20230704,mlb,401472300,ATH,1,DET,0,ATH,Final/10
20230704,mlb,401472307,LAA,5,SD,8,SD,Final
20230704,mlb,401472293,ATL,5,CLE,6,CLE,Final/10
20230704,mlb,401472306,TOR,4,CHW,3,TOR,Final
20230704,mlb,401472302,PIT,9,LAD,7,PIT,Final
20230705,mlb,401472312,COL,4,HOU,6,HOU,Final
20230705,mlb,401472315,ATH,12,DET,3,ATH,Final
20230705,mlb,401472316,PHI,8,TB,4,PHI,Final
20230705,mlb,401472319,STL,9,MIA,10,MIA,Final
20230705,mlb,401472309,BAL,6,NYY,3,BAL,Final
20230705,mlb,401472311,CIN,9,WSH,2,CIN,Final
20230705,mlb,401472308,ATL,8,CLE,1,ATL,Final
20230705,mlb,401472320,TEX,2,BOS,4,BOS,Final
20230705,mlb,401472313,KC,0,MIN,5,MIN,Final
20230705,mlb,401472310,CHC,4,MIL,3,CHC,Final
20230705,mlb,401472322,LAA,3,SD,5,SD,Final
20230705,mlb,401472318,SEA,0,SF,2,SF,Final
20230705,mlb,401472314,NYM,2,ARI,1,NYM,Final
20230705,mlb,401472317,PIT,4,LAD,6,LAD,Final
20230706,mlb,401472325,CIN,5,WSH,4,CIN,Final/10
20230706,mlb,401472328,ATH,0,DET,9,DET,Final
20230706,mlb,401472324,CHC,5,MIL,6,MIL,Final
20230706,mlb,401566627,TOR,6,CHW,2,TOR,Final/11
20230706,mlb,401472329,PHI,3,TB,1,PHI,Final/11
20230706,mlb,401472332,STL,3,MIA,0,STL,Final
20230706,mlb,401472323,BAL,14,NYY,1,BAL,Final
20230706,mlb,401472326,KC,1,CLE,6,CLE,Final
20230706,mlb,401472333,TEX,6,BOS,10,BOS,Final
20230706,mlb,401472331,SEA,5,HOU,1,SEA,Final
20230706,mlb,401472334,TOR,5,CHW,4,TOR,Final
20230706,mlb,401472327,NYM,9,ARI,0,NYM,Final
20230706,mlb,401472330,PIT,2,LAD,5,LAD,Final
20230707,mlb,401472336,ATL,2,TB,1,ATL,Final
20230707,mlb,401472343,PHI,4,MIA,3,PHI,Final
20230707,mlb,401472348,TOR,12,DET,2,TOR,Final
20230707,mlb,401472338,CHC,3,NYY,0,CHC,Final
20230707,mlb,401472347,TEX,7,WSH,2,TEX,Final
20230707,mlb,401472341,KC,0,CLE,3,CLE,Final
20230707,mlb,401472342,ATH,3,BOS,7,BOS,Final
20230707,mlb,401472337,BAL,3,MIN,1,BAL,Final/10
20230707,mlb,401472339,CIN,3,MIL,7,MIL,Final
20230707,mlb,401472345,SEA,10,HOU,1,SEA,Final
20230707,mlb,401472346,STL,7,CHW,8,CHW,Final
20230707,mlb,401472344,PIT,3,ARI,7,ARI,Final
20230707,mlb,401472349,NYM,7,SD,5,NYM,Final/10
20230707,mlb,401472335,LAA,4,LAD,11,LAD,Final
20230707,mlb,401472340,COL,5,SF,2,COL,Final
20230708,mlb,401472353,CHC,3,NYY,6,NYY,Final
20230708,mlb,401472363,TOR,0,DET,2,DET,Final
20230708,mlb,401472352,BAL,6,MIN,2,BAL,Final
20230708,mlb,401472361,STL,3,CHW,0,STL,Final
20230708,mlb,401472355,COL,3,SF,5,SF,Final
20230708,mlb,401472362,TEX,3,WSH,8,WSH,Final
20230708,mlb,401472354,CIN,8,MIL,5,CIN,Final
20230708,mlb,401472356,KC,6,CLE,10,CLE,Final
20230708,mlb,401472357,ATH,3,BOS,10,BOS,Final
20230708,mlb,401472358,PHI,3,MIA,5,MIA,Final
20230708,mlb,401472359,PIT,2,ARI,3,ARI,Final/10
20230708,mlb,401472351,ATL,6,TB,1,ATL,Final
20230708,mlb,401472360,SEA,2,HOU,3,HOU,Final
20230708,mlb,401472350,LAA,5,LAD,10,LAD,Final
20230708,mlb,401472364,NYM,1,SD,3,SD,Final
20230709,mlb,401472376,TEX,2,WSH,7,WSH,Final
20230709,mlb,401472367,CHC,7,NYY,4,CHC,Final
20230709,mlb,401472371,ATH,3,BOS,4,BOS,Final
20230709,mlb,401472365,ATL,4,TB,10,TB,Final
20230709,mlb,401472370,KC,4,CLE,1,KC,Final
20230709,mlb,401472372,PHI,3,MIA,7,MIA,Final
20230709,mlb,401472377,TOR,4,DET,3,TOR,Final/10
20230709,mlb,401472366,BAL,15,MIN,2,BAL,Final
20230709,mlb,401472368,CIN,0,MIL,1,MIL,Final
20230709,mlb,401472374,SEA,3,HOU,1,SEA,Final
20230709,mlb,401472375,STL,4,CHW,3,STL,Final/10
20230709,mlb,401472369,COL,0,SF,1,SF,Final
20230709,mlb,401472373,PIT,4,ARI,2,PIT,Final
20230709,mlb,401472378,NYM,2,SD,6,SD,Final
20230714,mlb,401472389,SD,8,PHI,3,SD,Final
20230714,mlb,401472386,MIA,2,BAL,5,BAL,Final
20230714,mlb,401472392,SF,6,PIT,4,SF,Final
20230714,mlb,401472379,ARI,2,TOR,7,TOR,Final
20230714,mlb,401472385,LAD,6,NYM,0,LAD,Final
20230714,mlb,401472387,MIL,1,CIN,0,MIL,Final
20230714,mlb,401472381,CHW,0,ATL,9,ATL,Final
20230714,mlb,401472380,BOS,8,CHC,3,BOS,Final
20230714,mlb,401472382,CLE,4,TEX,12,TEX,Final
20230714,mlb,401472391,WSH,7,STL,5,WSH,Final/10
20230714,mlb,401472393,NYY,2,COL,7,COL,Final
20230714,mlb,401472384,HOU,7,LAA,5,HOU,Final
20230714,mlb,401472388,MIN,5,ATH,4,MIN,Final
20230714,mlb,401472383,DET,5,SEA,4,DET,Final
20230715,mlb,401472404,SD,4,PHI,6,PHI,Final
20230715,mlb,401571389,TB,6,KC,1,TB,Final
20230715,mlb,401472395,BOS,4,CHC,10,CHC,Final
20230715,mlb,401472394,ARI,2,TOR,5,TOR,Final
20230715,mlb,401472397,CLE,0,TEX,2,TEX,Final
20230715,mlb,401472401,MIA,5,BAL,6,BAL,Final
20230715,mlb,401472405,SD,4,PHI,9,PHI,Final
20230715,mlb,401472408,SF,3,PIT,1,SF,Final
20230715,mlb,401472403,MIN,10,ATH,7,MIN,Final
20230715,mlb,401472402,MIL,3,CIN,0,MIL,Final
20230715,mlb,401472406,TB,4,KC,2,TB,Final
20230715,mlb,401472396,CHW,6,ATL,5,CHW,Final
20230715,mlb,401472400,LAD,5,NYM,1,LAD,Final
20230715,mlb,401472407,WSH,6,STL,9,STL,Final
20230715,mlb,401472409,NYY,6,COL,3,NYY,Final
20230715,mlb,401472399,HOU,12,LAA,13,LAA,Final/10
20230715,mlb,401472398,DET,6,SEA,0,DET,Final
20230716,mlb,401472423,SF,8,PIT,4,SF,Final/10
20230716,mlb,401472412,CHW,8,ATL,1,CHW,Final
20230716,mlb,401472417,MIA,4,BAL,5,BAL,Final
20230716,mlb,401472420,SD,6,PHI,7,PHI,Final/12
20230716,mlb,401472410,ARI,5,TOR,7,TOR,Final
20230716,mlb,401472418,MIL,4,CIN,3,MIL,Final
20230716,mlb,401472421,TB,4,KC,8,KC,Final
20230716,mlb,401472422,WSH,4,STL,8,STL,Final
20230716,mlb,401472411,BOS,11,CHC,5,BOS,Final
20230716,mlb,401472413,CLE,5,TEX,6,TEX,Final
20230716,mlb,401472424,NYY,7,COL,8,COL,Final/11
20230716,mlb,401472419,MIN,5,ATH,4,MIN,Final
20230716,mlb,401472414,DET,0,SEA,2,SEA,Final
20230716,mlb,401472416,LAD,1,NYM,2,NYM,Final/10
20230716,mlb,401472415,HOU,9,LAA,8,HOU,Final
20230717,mlb,401472427,LAD,6,BAL,4,LAD,Final
20230717,mlb,401472434,CLE,11,PIT,0,CLE,Final
20230717,mlb,401472431,SF,4,CIN,2,SF,Final/10
20230717,mlb,401472428,MIA,4,STL,6,STL,Final
20230717,mlb,401472432,TB,2,TEX,3,TEX,Final
20230717,mlb,401472433,WSH,7,CHC,5,WSH,Final
20230717,mlb,401472426,DET,3,KC,2,DET,Final
20230717,mlb,401472430,NYY,3,LAA,4,LAA,Final/10
20230717,mlb,401472425,BOS,7,ATH,0,BOS,Final
20230717,mlb,401472429,MIN,6,SEA,7,SEA,Final
20230718,mlb,401472441,MIL,3,PHI,4,PHI,Final
20230718,mlb,401472439,LAD,10,BAL,3,LAD,Final
20230718,mlb,401472448,CLE,10,PIT,1,CLE,Final
20230718,mlb,401472444,SD,9,TOR,1,SD,Final
20230718,mlb,401472437,CHW,10,NYM,11,NYM,Final
20230718,mlb,401472435,ARI,16,ATL,13,ARI,Final
20230718,mlb,401472445,SF,11,CIN,10,SF,Final
20230718,mlb,401472440,MIA,2,STL,5,STL,Final/10
20230718,mlb,401472446,TB,3,TEX,5,TEX,Final
20230718,mlb,401472447,WSH,3,CHC,17,CHC,Final
20230718,mlb,401472438,DET,10,KC,11,KC,Final
20230718,mlb,401472449,HOU,3,COL,4,COL,Final
20230718,mlb,401472443,NYY,1,LAA,5,LAA,Final
20230718,mlb,401472436,BOS,0,ATH,3,ATH,Final
20230718,mlb,401472442,MIN,10,SEA,3,MIN,Final
20230719,mlb,401472463,CLE,5,PIT,7,PIT,Final
20230719,mlb,401472454,LAD,5,BAL,8,BAL,Final
20230719,mlb,401472461,TB,1,TEX,5,TEX,Final
20230719,mlb,401472455,MIA,4,STL,6,STL,Final
20230719,mlb,401472464,HOU,4,COL,1,HOU,Final
20230719,mlb,401472451,BOS,5,ATH,6,ATH,Final
20230719,mlb,401472456,MIL,5,PHI,3,MIL,Final
20230719,mlb,401472458,NYY,3,LAA,7,LAA,Final
20230719,mlb,401472459,SD,2,TOR,0,SD,Final
20230719,mlb,401472452,CHW,1,NYM,5,NYM,Final
20230719,mlb,401472460,SF,2,CIN,3,CIN,Final
20230719,mlb,401472450,ARI,5,ATL,3,ARI,Final
20230719,mlb,401472462,WSH,3,CHC,8,CHC,Final
20230719,mlb,401472453,DET,3,KC,2,DET,Final
20230719,mlb,401472457,MIN,6,SEA,3,MIN,Final
20230720,mlb,401472465,ARI,5,ATL,7,ATL,Final
20230720,mlb,401472470,MIL,4,PHI,0,MIL,Final
20230720,mlb,401472473,SF,1,CIN,5,CIN,Final
20230720,mlb,401472472,SD,0,TOR,4,TOR,Final
20230720,mlb,401472467,CHW,6,NYM,2,CHW,Final
20230720,mlb,401472468,DET,3,KC,0,DET,Final
20230720,mlb,401472471,MIN,0,SEA,5,SEA,Final
20230720,mlb,401472466,BAL,4,TB,3,BAL,Final/10
20230720,mlb,401472474,STL,7,CHC,2,STL,Final
20230720,mlb,401472469,HOU,3,ATH,1,HOU,Final
20230721,mlb,401472488,STL,3,CHC,4,CHC,Final
20230721,mlb,401472477,BAL,0,TB,3,TB,Final
20230721,mlb,401472479,COL,6,MIA,1,COL,Final
20230721,mlb,401472486,SD,5,DET,4,SD,Final
20230721,mlb,401472481,KC,4,NYY,5,NYY,Final
20230721,mlb,401472487,SF,3,WSH,5,WSH,Final
20230721,mlb,401472475,ARI,6,CIN,9,CIN,Final
20230721,mlb,401472483,NYM,5,BOS,4,NYM,Final
20230721,mlb,401472484,PHI,5,CLE,6,CLE,Final
20230721,mlb,401472482,LAD,11,TEX,5,LAD,Final
20230721,mlb,401472476,ATL,6,MIL,4,ATL,Final
20230721,mlb,401472478,CHW,4,MIN,9,MIN,Final
20230721,mlb,401472485,PIT,5,LAA,8,LAA,Final
20230721,mlb,401472480,HOU,6,ATH,4,HOU,Final
20230721,mlb,401472489,TOR,2,SEA,3,SEA,Final
20230722,mlb,401472496,KC,2,NYY,5,NYY,Final
20230722,mlb,401472494,COL,4,MIA,3,COL,Final
20230722,mlb,401472503,STL,6,CHC,8,CHC,Final
20230722,mlb,401472497,LAD,16,TEX,3,LAD,Final
20230722,mlb,401472490,ARI,2,CIN,4,CIN,Final
20230722,mlb,401472492,BAL,6,TB,5,BAL,Final
20230722,mlb,401472504,TOR,8,SEA,9,SEA,Final
20230722,mlb,401472501,SD,14,DET,3,SD,Final
20230722,mlb,401472502,SF,1,WSH,10,WSH,Final
20230722,mlb,401472498,NYM,6,BOS,8,BOS,Final
20230722,mlb,401472499,PHI,0,CLE,1,CLE,Final
20230722,mlb,401472491,ATL,3,MIL,4,MIL,Final
20230722,mlb,401472493,CHW,2,MIN,3,MIN,Final
20230722,mlb,401472495,HOU,1,ATH,4,ATH,Final
20230722,mlb,401472500,PIT,3,LAA,0,PIT,Final
20230723,mlb,401472516,SD,1,DET,3,DET,Final
20230723,mlb,401472511,KC,5,NYY,8,NYY,Final
20230723,mlb,401472517,SF,1,WSH,6,WSH,Final
20230723,mlb,401472505,ARI,3,CIN,7,CIN,Final
20230723,mlb,401472507,BAL,5,TB,3,BAL,Final
20230723,mlb,401472509,COL,2,MIA,3,MIA,Final/10
20230723,mlb,401472514,PHI,8,CLE,5,PHI,Final/10
20230723,mlb,401472506,ATL,4,MIL,2,ATL,Final
20230723,mlb,401472508,CHW,4,MIN,5,MIN,Final/12
20230723,mlb,401472518,STL,2,CHC,7,CHC,Final
20230723,mlb,401472512,LAD,4,TEX,8,TEX,Final
20230723,mlb,401472510,HOU,3,ATH,2,HOU,Final
20230723,mlb,401472515,PIT,5,LAA,7,LAA,Final
20230723,mlb,401472519,TOR,4,SEA,3,TOR,Final
20230723,mlb,401472513,NYM,1,BOS,6,BOS,Final
20230724,mlb,401541991,SF,1,DET,5,DET,Final
20230724,mlb,401472520,BAL,3,PHI,2,BAL,Final
20230724,mlb,401472522,COL,10,WSH,6,COL,Final
20230724,mlb,401472523,KC,5,CLE,3,KC,Final
20230724,mlb,401472524,SEA,3,MIN,4,MIN,Final/10
20230724,mlb,401472521,CIN,2,MIL,3,MIL,Final
20230724,mlb,401472526,TEX,9,HOU,10,HOU,Final
20230724,mlb,401472525,STL,10,ARI,6,STL,Final
20230724,mlb,401472528,PIT,8,SD,4,PIT,Final
20230724,mlb,401472527,TOR,6,LAD,3,TOR,Final/11
20230725,mlb,401472529,LAA,7,DET,6,LAA,Final/10
20230725,mlb,401472531,BAL,3,PHI,4,PHI,Final
20230725,mlb,401472536,MIA,1,TB,4,TB,Final
20230725,mlb,401472534,COL,5,WSH,6,WSH,Final
20230725,mlb,401472537,NYM,9,NYY,3,NYM,Final
20230725,mlb,401472530,ATL,1,BOS,7,BOS,Final
20230725,mlb,401472535,KC,1,CLE,5,CLE,Final
20230725,mlb,401472539,SEA,9,MIN,7,SEA,Final
20230725,mlb,401472532,CHC,7,CHW,3,CHC,Final
20230725,mlb,401472533,CIN,4,MIL,3,CIN,Final
20230725,mlb,401472541,TEX,3,HOU,4,HOU,Final
20230725,mlb,401472540,STL,1,ARI,3,ARI,Final
20230725,mlb,401472543,PIT,1,SD,5,SD,Final
20230725,mlb,401472538,ATH,1,SF,2,SF,Final
20230725,mlb,401472542,TOR,7,LAD,8,LAD,Final/10
20230726,mlb,401472549,COL,4,WSH,5,WSH,Final
20230726,mlb,401472551,MIA,7,TB,1,MIA,Final
20230726,mlb,401472550,KC,3,CLE,8,CLE,Final
20230726,mlb,401472554,SEA,8,MIN,7,SEA,Final
20230726,mlb,401472548,CIN,0,MIL,3,MIL,Final
20230726,mlb,401472555,STL,11,ARI,7,STL,Final
20230726,mlb,401472557,TOR,8,LAD,1,TOR,Final
20230726,mlb,401472558,PIT,3,SD,2,PIT,Final
20230726,mlb,401472546,BAL,4,PHI,6,PHI,Final
20230726,mlb,401472545,ATL,3,BOS,5,BOS,Final
20230726,mlb,401472552,NYM,1,NYY,3,NYY,Final
20230726,mlb,401472547,CHC,10,CHW,7,CHC,Final
20230726,mlb,401472556,TEX,13,HOU,5,TEX,Final
20230726,mlb,401472553,ATH,3,SF,8,SF,Final
20230727,mlb,401472559,LAA,6,DET,0,LAA,Final
20230727,mlb,401576869,LAA,11,DET,4,LAA,Final
20230727,mlb,401472562,WSH,1,NYM,2,NYM,Final
20230727,mlb,401472560,CHC,10,STL,3,CHC,Final
20230727,mlb,401472561,CLE,6,CHW,3,CLE,Final
20230728,mlb,401472568,DET,5,MIA,6,MIA,Final
20230728,mlb,401472571,NYY,0,BAL,1,BAL,Final
20230728,mlb,401472575,PHI,2,PIT,1,PHI,Final
20230728,mlb,401472563,LAA,1,TOR,4,TOR,Final
20230728,mlb,401472567,CLE,0,CHW,3,CHW,Final
20230728,mlb,401472574,WSH,1,NYM,5,NYM,Final
20230728,mlb,401472569,MIL,7,ATL,10,ATL,Final
20230728,mlb,401472570,MIN,5,KC,8,KC,Final/10
20230728,mlb,401472573,TB,4,HOU,3,TB,Final
20230728,mlb,401472565,CHC,3,STL,2,CHC,Final
20230728,mlb,401472576,ATH,8,COL,5,ATH,Final
20230728,mlb,401472572,SEA,5,ARI,2,SEA,Final
20230728,mlb,401472577,TEX,1,SD,7,SD,Final
20230728,mlb,401472566,CIN,6,LAD,5,CIN,Final
20230728,mlb,401472564,BOS,3,SF,2,BOS,Final
20230729,mlb,401472578,LAA,1,TOR,6,TOR,Final
20230729,mlb,401472583,DET,5,MIA,0,DET,Final
20230729,mlb,401472590,PHI,6,PIT,7,PIT,Final
20230729,mlb,401472582,CLE,2,CHW,7,CHW,Final
20230729,mlb,401472585,MIN,7,KC,10,KC,Final
20230729,mlb,401472589,WSH,11,NYM,6,WSH,Final
20230729,mlb,401472579,BOS,2,SF,3,SF,Final
20230729,mlb,401472580,CHC,5,STL,1,CHC,Final
20230729,mlb,401472586,NYY,8,BAL,3,NYY,Final
20230729,mlb,401472588,TB,4,HOU,17,HOU,Final
20230729,mlb,401472584,MIL,5,ATL,11,ATL,Final
20230729,mlb,401472587,SEA,3,ARI,4,ARI,Final
20230729,mlb,401472591,ATH,11,COL,3,ATH,Final
20230729,mlb,401472592,TEX,0,SD,4,SD,Final
20230729,mlb,401472581,CIN,2,LAD,3,LAD,Final
20230730,mlb,401472593,LAA,3,TOR,2,LAA,Final/10
20230730,mlb,401472599,MIL,6,ATL,8,ATL,Final
20230730,mlb,401472605,PHI,4,PIT,6,PIT,Final/10
20230730,mlb,401472598,DET,6,MIA,8,MIA,Final
20230730,mlb,401472604,WSH,2,NYM,5,NYM,Final
20230730,mlb,401472597,CLE,5,CHW,0,CLE,Final
20230730,mlb,401472600,MIN,1,KC,2,KC,Final
20230730,mlb,401472603,TB,8,HOU,2,TB,Final
20230730,mlb,401472595,CHC,0,STL,3,STL,Final
20230730,mlb,401472606,ATH,0,COL,2,COL,Final
20230730,mlb,401472594,BOS,3,SF,4,SF,Final/11
20230730,mlb,401472596,CIN,9,LAD,0,CIN,Final
20230730,mlb,401472602,SEA,4,ARI,0,SEA,Final
20230730,mlb,401472607,TEX,3,SD,5,SD,Final
20230730,mlb,401472601,NYY,3,BAL,9,BAL,Final
20230731,mlb,401472615,PHI,4,MIA,2,PHI,Final
20230731,mlb,401472614,MIL,3,WSH,5,WSH,Final
20230731,mlb,401472616,TB,5,NYY,1,TB,Final
20230731,mlb,401472610,BAL,4,TOR,2,BAL,Final
20230731,mlb,401472608,LAA,4,ATL,1,LAA,Final
20230731,mlb,401472612,CIN,6,CHC,5,CIN,Final
20230731,mlb,401472613,CLE,3,HOU,7,HOU,Final
20230731,mlb,401472617,SD,3,COL,4,COL,Final/10
20230731,mlb,401472611,BOS,2,SEA,6,SEA,Final
20230731,mlb,401472609,ARI,4,SF,3,ARI,Final/11
20230801,mlb,401472629,PHI,3,MIA,1,PHI,Final
20230801,mlb,401472625,MIL,6,WSH,4,MIL,Final
20230801,mlb,401472630,TB,5,NYY,2,TB,Final
20230801,mlb,401472631,DET,1,PIT,4,PIT,Final
20230801,mlb,401472620,BAL,13,TOR,3,BAL,Final
20230801,mlb,401472618,LAA,1,ATL,5,ATL,Final
20230801,mlb,401472626,MIN,3,STL,2,MIN,Final
20230801,mlb,401472622,CHW,0,TEX,2,TEX,Final
20230801,mlb,401472623,CIN,9,CHC,20,CHC,Final
20230801,mlb,401472624,CLE,0,HOU,2,HOU,Final
20230801,mlb,401472627,NYM,6,KC,7,KC,Final/10
20230801,mlb,401472632,SD,8,COL,5,SD,Final
20230801,mlb,401472621,BOS,6,SEA,4,BOS,Final
20230801,mlb,401472619,ARI,3,SF,4,SF,Final
20230801,mlb,401472628,ATH,3,LAD,7,LAD,Final
20230802,mlb,401472633,LAA,5,ATL,12,ATL,Final
20230802,mlb,401472646,DET,6,PIT,3,DET,Final
20230802,mlb,401472640,MIL,2,WSH,3,WSH,Final
20230802,mlb,401472639,CLE,2,HOU,3,HOU,Final
20230802,mlb,401472647,SD,11,COL,1,SD,Final
20230802,mlb,401472636,BOS,3,SEA,6,SEA,Final
20230802,mlb,401472644,PHI,8,MIA,9,MIA,Final/12
20230802,mlb,401472645,TB,2,NYY,7,NYY,Final
20230802,mlb,401472635,BAL,1,TOR,4,TOR,Final
20230802,mlb,401472641,MIN,3,STL,7,STL,Final
20230802,mlb,401472637,CHW,1,TEX,11,TEX,Final
20230802,mlb,401472638,CIN,6,CHC,16,CHC,Final
20230802,mlb,401472642,NYM,0,KC,4,KC,Final
20230802,mlb,401472634,ARI,2,SF,4,SF,Final
20230802,mlb,401472643,ATH,1,LAD,10,LAD,Final
20230803,mlb,401472656,PHI,4,MIA,2,PHI,Final
20230803,mlb,401472650,CHW,3,TEX,5,TEX,Final
20230803,mlb,401472654,NYM,2,KC,9,KC,Final
20230803,mlb,401472649,BAL,6,TOR,1,BAL,Final
20230803,mlb,401472648,ARI,0,SF,1,SF,Final
20230803,mlb,401472652,HOU,3,NYY,4,NYY,Final
20230803,mlb,401472657,PIT,1,MIL,14,MIL,Final
20230803,mlb,401472653,MIN,5,STL,3,MIN,Final
20230803,mlb,401472651,CIN,3,CHC,5,CHC,Final
20230803,mlb,401472658,SEA,5,LAA,3,SEA,Final
20230803,mlb,401472655,ATH,2,LAD,8,LAD,Final
20230804,mlb,401472660,ATL,8,CHC,0,ATL,Final
20230804,mlb,401472669,TB,8,DET,0,TB,Final
20230804,mlb,401472671,WSH,6,CIN,3,WSH,Final/10
20230804,mlb,401472663,HOU,7,NYY,3,HOU,Final
20230804,mlb,401472664,KC,7,PHI,5,KC,Final
20230804,mlb,401472666,NYM,3,BAL,10,BAL,Final
20230804,mlb,401472661,CHW,2,CLE,4,CLE,Final
20230804,mlb,401472670,TOR,7,BOS,3,TOR,Final
20230804,mlb,401472665,MIA,2,TEX,6,TEX,Final
20230804,mlb,401472659,ARI,2,MIN,3,MIN,Final
20230804,mlb,401472667,PIT,8,MIL,4,PIT,Final
20230804,mlb,401472662,COL,9,STL,4,COL,Final
20230804,mlb,401472668,SEA,9,LAA,7,SEA,Final
20230804,mlb,401472672,LAD,10,SD,5,LAD,Final
20230805,mlb,401472677,HOU,1,NYY,3,NYY,Final
20230805,mlb,401472684,TB,2,DET,4,DET,Final
20230805,mlb,401472674,ATL,6,CHC,8,CHC,Final
20230805,mlb,401472679,MIA,8,TEX,9,TEX,Final
20230805,mlb,401472685,TOR,5,BOS,4,TOR,Final
20230805,mlb,401472686,WSH,7,CIN,3,WSH,Final
20230805,mlb,401472678,KC,6,PHI,9,PHI,Final
20230805,mlb,401472680,NYM,3,BAL,7,BAL,Final
20230805,mlb,401472683,SF,1,ATH,2,ATH,Final
20230805,mlb,401472675,CHW,7,CLE,4,CHW,Final
20230805,mlb,401472681,PIT,2,MIL,3,MIL,Final/10
20230805,mlb,401472676,COL,2,STL,6,STL,Final
20230805,mlb,401472673,ARI,1,MIN,12,MIN,Final
20230805,mlb,401472687,LAD,3,SD,8,SD,Final
20230805,mlb,401472682,SEA,3,LAA,2,SEA,Final
20230806,mlb,401472690,CHW,5,CLE,3,CHW,Final
20230806,mlb,401472692,HOU,9,NYY,7,HOU,Final
20230806,mlb,401472693,KC,4,PHI,8,PHI,Final
20230806,mlb,401472695,NYM,0,BAL,2,BAL,Final
20230806,mlb,401472700,TOR,13,BOS,1,TOR,Final
20230806,mlb,401472699,TB,10,DET,6,TB,Final
20230806,mlb,401472701,WSH,6,CIN,3,WSH,Final
20230806,mlb,401472688,ARI,3,MIN,5,MIN,Final
20230806,mlb,401472696,PIT,4,MIL,1,PIT,Final
20230806,mlb,401472691,COL,1,STL,0,COL,Final
20230806,mlb,401472689,ATL,4,CHC,6,CHC,Final
20230806,mlb,401472694,MIA,0,TEX,6,TEX,Final
20230806,mlb,401472697,SEA,3,LAA,2,SEA,Final/10
20230806,mlb,401472698,SF,6,ATH,8,ATH,Final
20230806,mlb,401472702,LAD,8,SD,2,LAD,Final
20230807,mlb,401472713,LAD,13,SD,7,LAD,Final
20230807,mlb,401472706,MIA,2,CIN,5,CIN,Final
20230807,mlb,401472707,MIN,9,DET,3,MIN,Final
20230807,mlb,401472714,ATL,6,PIT,7,PIT,Final
20230807,mlb,401472703,CHC,2,NYM,11,NYM,Final
20230807,mlb,401472705,KC,2,BOS,6,BOS,Final
20230807,mlb,401472711,TOR,3,CLE,1,TOR,Final
20230807,mlb,401472704,COL,1,MIL,12,MIL,Final
20230807,mlb,401472708,NYY,1,CHW,5,CHW,Final
20230807,mlb,401472709,SF,8,LAA,3,SF,Final
20230807,mlb,401472710,TEX,5,ATH,3,TEX,Final
20230808,mlb,401472728,WSH,4,PHI,8,PHI,Final
20230808,mlb,401472720,MIA,3,CIN,2,MIA,Final
20230808,mlb,401472721,MIN,0,DET,6,DET,Final
20230808,mlb,401472725,STL,2,TB,4,TB,Final
20230808,mlb,401472717,HOU,7,BAL,6,HOU,Final
20230808,mlb,401472729,ATL,8,PIT,6,ATL,Final
20230808,mlb,401472715,CHC,3,NYM,2,CHC,Final
20230808,mlb,401472718,KC,9,BOS,3,KC,Final
20230808,mlb,401472727,TOR,0,CLE,1,CLE,Final
20230808,mlb,401580321,WSH,5,PHI,4,WSH,Final
20230808,mlb,401472716,COL,7,MIL,3,COL,Final/10
20230808,mlb,401472722,NYY,7,CHW,1,NYY,Final
20230808,mlb,401472724,SF,5,LAA,7,LAA,Final
20230808,mlb,401472719,LAD,5,ARI,4,LAD,Final
20230808,mlb,401472723,SD,0,SEA,2,SEA,Final
20230808,mlb,401472726,TEX,6,ATH,1,TEX,Final
20230809,mlb,401472735,MIA,5,CIN,4,MIA,Final
20230809,mlb,401472731,COL,6,MIL,7,MIL,Final/10
20230809,mlb,401472741,TEX,0,ATH,2,ATH,Final
20230809,mlb,401472736,MIN,5,DET,9,DET,Final
20230809,mlb,401472740,STL,6,TB,4,STL,Final
20230809,mlb,401472743,WSH,0,PHI,7,PHI,Final
20230809,mlb,401472732,HOU,8,BAL,2,HOU,Final
20230809,mlb,401472744,ATL,6,PIT,5,ATL,Final
20230809,mlb,401472730,CHC,3,NYM,4,NYM,Final
20230809,mlb,401472733,KC,3,BOS,4,BOS,Final
20230809,mlb,401472742,TOR,1,CLE,0,TOR,Final
20230809,mlb,401472737,NYY,2,CHW,9,CHW,Final
20230809,mlb,401472739,SF,1,LAA,4,LAA,Final
20230809,mlb,401472734,LAD,2,ARI,0,LAD,Final
20230809,mlb,401472738,SD,1,SEA,6,SEA,Final
20230810,mlb,401472746,HOU,4,BAL,5,BAL,Final
20230810,mlb,401472752,ATL,5,PIT,7,PIT,Final
20230810,mlb,401472748,MIN,0,DET,3,DET,Final
20230810,mlb,401472750,TOR,3,CLE,4,CLE,Final
20230810,mlb,401472749,STL,5,TB,2,STL,Final
20230810,mlb,401472751,WSH,2,PHI,6,PHI,Final
20230810,mlb,401472747,KC,0,BOS,2,BOS,Final
20230810,mlb,401472745,COL,1,LAD,2,LAD,Final
20230811,mlb,401472757,CLE,8,TB,9,TB,Final
20230811,mlb,401472762,NYY,9,MIA,4,NYY,Final
20230811,mlb,401472761,MIN,2,PHI,13,PHI,Final
20230811,mlb,401472763,ATH,2,WSH,8,WSH,Final
20230811,mlb,401472767,CIN,9,PIT,2,CIN,Final
20230811,mlb,401472756,CHC,6,TOR,2,CHC,Final
20230811,mlb,401472754,ATL,7,NYM,0,ATL,Final
20230811,mlb,401472759,DET,2,BOS,5,BOS,Final
20230811,mlb,401472753,LAA,3,HOU,11,HOU,Final
20230811,mlb,401472760,MIL,7,CHW,6,MIL,Final/10
20230811,mlb,401472765,STL,8,KC,12,KC,Final
20230811,mlb,401472764,SD,10,ARI,5,SD,Final
20230811,mlb,401472755,BAL,2,SEA,9,SEA,Final
20230811,mlb,401472758,COL,1,LAD,6,LAD,Final
20230811,mlb,401472766,TEX,2,SF,1,TEX,Final
20230812,mlb,401545240,ATL,21,NYM,3,ATL,Final
20230812,mlb,401472771,CHC,5,TOR,4,CHC,Final
20230812,mlb,401472772,CLE,5,TB,6,TB,Final
20230812,mlb,401472774,DET,6,BOS,2,DET,Final
20230812,mlb,401472777,NYY,1,MIA,3,MIA,Final
20230812,mlb,401472776,MIN,8,PHI,1,MIN,Final
20230812,mlb,401472778,ATH,2,WSH,3,WSH,Final
20230812,mlb,401472768,LAA,3,HOU,11,HOU,Final
20230812,mlb,401472769,ATL,6,NYM,0,ATL,Final
20230812,mlb,401472775,MIL,3,CHW,2,MIL,Final
20230812,mlb,401472780,STL,5,KC,4,STL,Final
20230812,mlb,401472779,SD,0,ARI,3,ARI,Final
20230812,mlb,401472781,TEX,9,SF,3,TEX,Final
20230812,mlb,401472773,COL,1,LAD,4,LAD,Final
20230812,mlb,401472770,BAL,1,SEA,0,BAL,Final/10
20230813,mlb,401472789,DET,3,BOS,6,BOS,Final
20230813,mlb,401472791,MIN,3,PHI,0,MIN,Final
20230813,mlb,401472793,ATH,7,WSH,8,WSH,Final
20230813,mlb,401472796,CIN,2,PIT,4,PIT,Final
20230813,mlb,401472786,CHC,4,TOR,11,TOR,Final
20230813,mlb,401472787,CLE,9,TB,2,CLE,Final
20230813,mlb,401472792,NYY,7,MIA,8,MIA,Final
20230813,mlb,401472783,LAA,2,HOU,1,LAA,Final
20230813,mlb,401472790,MIL,7,CHW,3,MIL,Final
20230813,mlb,401472795,TEX,2,SF,3,SF,Final/10
20230813,mlb,401472785,BAL,5,SEA,3,BAL,Final/10
20230813,mlb,401472788,COL,3,LAD,8,LAD,Final
20230813,mlb,401472794,SD,4,ARI,5,ARI,Final
20230813,mlb,401583489,CIN,6,PIT,5,CIN,Final/10
20230813,mlb,401472784,ATL,6,NYM,7,NYM,Final
20230814,mlb,401472798,HOU,1,MIA,5,MIA,Final
20230814,mlb,401472801,PIT,2,NYM,7,NYM,Final
20230814,mlb,401472799,NYY,3,ATL,11,ATL,Final
20230814,mlb,401472800,ATH,5,STL,7,STL,Final
20230814,mlb,401472797,LAA,0,TEX,12,TEX,Final
20230814,mlb,401472802,SEA,6,KC,7,KC,Final
20230814,mlb,401472804,ARI,4,COL,6,COL,Final
20230814,mlb,401472805,BAL,4,SD,1,BAL,Final
20230814,mlb,401472803,TB,10,SF,2,TB,Final
20230815,mlb,401472809,CLE,3,CIN,0,CLE,Final
20230815,mlb,401472811,HOU,6,MIA,5,HOU,Final
20230815,mlb,401472807,BOS,5,WSH,4,BOS,Final
20230815,mlb,401472815,PHI,1,TOR,2,TOR,Final
20230815,mlb,401472816,PIT,7,NYM,4,PIT,Final
20230815,mlb,401472813,NYY,0,ATL,5,ATL,Final
20230815,mlb,401472810,DET,3,MIN,5,MIN,Final
20230815,mlb,401472814,ATH,2,STL,6,STL,Final
20230815,mlb,401472806,LAA,3,TEX,7,TEX,Final
20230815,mlb,401472808,CHW,5,CHC,3,CHW,Final
20230815,mlb,401472817,SEA,10,KC,8,SEA,Final/10
20230815,mlb,401472819,ARI,8,COL,5,ARI,Final
20230815,mlb,401472820,BAL,3,SD,10,SD,Final
20230815,mlb,401472818,TB,0,SF,7,SF,Final
20230815,mlb,401472812,MIL,2,LAD,6,LAD,Final
20230816,mlb,401472825,DET,8,MIN,7,DET,Final
20230816,mlb,401472831,PIT,3,NYM,8,NYM,Final
20230816,mlb,401472834,ARI,9,COL,7,ARI,Final
20230816,mlb,401472833,TB,6,SF,1,TB,Final
20230816,mlb,401472824,CLE,2,CIN,7,CIN,Final
20230816,mlb,401472826,HOU,12,MIA,5,HOU,Final
20230816,mlb,401472829,ATH,8,STL,0,ATH,Final
20230816,mlb,401472822,BOS,2,WSH,6,WSH,Final
20230816,mlb,401472830,PHI,9,TOR,4,PHI,Final
20230816,mlb,401472828,NYY,0,ATL,2,ATL,Final
20230816,mlb,401472821,LAA,2,TEX,0,LAA,Final
20230816,mlb,401472823,CHW,3,CHC,4,CHC,Final
20230816,mlb,401472832,SEA,6,KC,5,SEA,Final
20230816,mlb,401472835,BAL,2,SD,5,SD,Final
20230816,mlb,401472827,MIL,1,LAD,7,LAD,Final
20230817,mlb,401472840,SEA,6,KC,4,SEA,Final
20230817,mlb,401472836,BOS,7,WSH,10,WSH,Final
20230817,mlb,401472839,NYM,4,STL,2,NYM,Final
20230817,mlb,401472841,ARI,3,SD,1,ARI,Final
20230817,mlb,401472838,MIL,0,LAD,1,LAD,Final
20230818,mlb,401472845,KC,4,CHC,3,KC,Final
20230818,mlb,401585864,DET,4,CLE,2,DET,Final
20230818,mlb,401472854,TOR,0,CIN,1,CIN,Final
20230818,mlb,401472843,BOS,8,NYY,3,BOS,Final
20230818,mlb,401472849,PHI,7,WSH,8,WSH,Final
20230818,mlb,401472852,SF,0,ATL,4,ATL,Final
20230818,mlb,401472844,DET,1,CLE,4,CLE,Final
20230818,mlb,401472847,MIL,9,TEX,8,MIL,Final
20230818,mlb,401472850,PIT,1,MIN,5,MIN,Final
20230818,mlb,401472851,SEA,2,HOU,0,SEA,Final
20230818,mlb,401472848,NYM,7,STL,1,NYM,Final
20230818,mlb,401472855,CHW,1,COL,14,COL,Final
20230818,mlb,401472853,TB,9,LAA,6,TB,Final/10
20230818,mlb,401472842,BAL,9,ATH,4,BAL,Final
20230818,mlb,401472856,ARI,0,SD,4,SD,Final
20230818,mlb,401472846,MIA,11,LAD,3,MIA,Final
20230819,mlb,401472858,BOS,8,NYY,1,BOS,Final
20230819,mlb,401472860,KC,4,CHC,6,CHC,Final
20230819,mlb,401472876,MIA,1,LAD,3,LAD,Final
20230819,mlb,401472886,ARI,6,SD,4,ARI,Final
20230819,mlb,401472862,MIL,6,TEX,1,MIL,Final
20230819,mlb,401472864,PHI,12,WSH,3,PHI,Final
20230819,mlb,401472883,TB,6,LAA,7,LAA,Final
20230819,mlb,401472869,TOR,4,CIN,3,TOR,Final
20230819,mlb,401472859,DET,4,CLE,3,DET,Final
20230819,mlb,401472865,PIT,7,MIN,4,PIT,Final
20230819,mlb,401472866,SEA,10,HOU,3,SEA,Final
20230819,mlb,401472863,NYM,13,STL,2,NYM,Final
20230819,mlb,401472867,SF,5,ATL,6,ATL,Final
20230819,mlb,401472870,CHW,5,COL,11,COL,Final
20230819,mlb,401472871,ARI,8,SD,1,ARI,Final
20230819,mlb,401472857,BAL,7,ATH,2,BAL,Final/10
20230819,mlb,401472868,TB,18,LAA,4,TB,Final
20230819,mlb,401472861,MIA,1,LAD,3,LAD,Final
20230820,mlb,401472881,SEA,7,HOU,6,SEA,Final
20230820,mlb,401472873,BOS,6,NYY,5,BOS,Final
20230820,mlb,401472882,SF,4,ATL,3,SF,Final
20230820,mlb,401472874,DET,4,CLE,1,DET,Final
20230820,mlb,401472884,TOR,10,CIN,3,TOR,Final
20230820,mlb,401472880,PIT,0,MIN,2,MIN,Final
20230820,mlb,401472878,NYM,3,STL,7,STL,Final
20230820,mlb,401472875,KC,3,CHC,4,CHC,Final
20230820,mlb,401472877,MIL,6,TEX,2,MIL,Final
20230820,mlb,401472885,CHW,10,COL,5,CHW,Final
20230820,mlb,401472872,BAL,12,ATH,1,BAL,Final
20230820,mlb,401472879,PHI,3,WSH,4,WSH,Final
20230821,mlb,401472888,CHC,7,DET,6,CHC,Final
20230821,mlb,401472893,SF,4,PHI,10,PHI,Final
20230821,mlb,401472895,STL,1,PIT,11,PIT,Final
20230821,mlb,401472891,NYM,10,ATL,4,NYM,Final
20230821,mlb,401472887,BOS,4,HOU,9,HOU,Final
20230821,mlb,401472892,SEA,14,CHW,2,SEA,Final
20230821,mlb,401472890,KC,4,ATH,6,ATH,Final
20230821,mlb,401472894,TEX,3,ARI,4,ARI,Final/11
20230821,mlb,401472896,MIA,2,SD,6,SD,Final
20230822,mlb,401472898,CHC,6,DET,8,DET,Final
20230822,mlb,401472900,COL,4,TB,12,TB,Final
20230822,mlb,401472906,SF,3,PHI,4,PHI,Final
20230822,mlb,401472908,TOR,6,BAL,3,TOR,Final/10
20230822,mlb,401472909,WSH,2,NYY,1,WSH,Final
20230822,mlb,401472910,STL,3,PIT,6,PIT,Final
20230822,mlb,401472902,LAD,3,CLE,8,CLE,Final
20230822,mlb,401472904,NYM,2,ATL,3,ATL,Final
20230822,mlb,401472897,BOS,3,HOU,7,HOU,Final
20230822,mlb,401472903,MIN,3,MIL,7,MIL,Final
20230822,mlb,401472905,SEA,6,CHW,3,SEA,Final
20230822,mlb,401472899,CIN,4,LAA,3,CIN,Final
20230822,mlb,401472901,KC,4,ATH,5,ATH,Final
20230822,mlb,401472907,TEX,3,ARI,6,ARI,Final
20230822,mlb,401472911,MIA,3,SD,0,MIA,Final
20230823,mlb,401472924,STL,6,PIT,4,STL,Final
20230823,mlb,401472913,CHC,6,DET,4,CHC,Final
20230823,mlb,401472918,MIN,7,MIL,8,MIL,Final/10
20230823,mlb,401472920,SEA,4,CHW,5,CHW,Final/10
20230823,mlb,401472916,KC,4,ATH,0,KC,Final
20230823,mlb,401472921,SF,8,PHI,6,SF,Final/10
20230823,mlb,401472914,CIN,9,LAA,4,CIN,Final
20230823,mlb,401472925,MIA,0,SD,4,SD,Final
20230823,mlb,401472915,COL,5,TB,6,TB,Final/10
20230823,mlb,401472922,TOR,0,BAL,7,BAL,Final
20230823,mlb,401472923,WSH,1,NYY,9,NYY,Final
20230823,mlb,401472917,LAD,6,CLE,1,LAD,Final
20230823,mlb,401472919,NYM,0,ATL,7,ATL,Final
20230823,mlb,401472912,BOS,7,HOU,5,BOS,Final/10
20230823,mlb,401587414,CIN,7,LAA,3,CIN,Final
20230824,mlb,401472933,WSH,6,NYY,5,WSH,Final
20230824,mlb,401472928,COL,3,TB,5,TB,Final
20230824,mlb,401472926,BOS,17,HOU,1,BOS,Final
20230824,mlb,401472929,LAD,9,CLE,3,LAD,Final
20230824,mlb,401472932,TOR,3,BAL,5,BAL,Final
20230824,mlb,401472934,CHC,5,PIT,4,CHC,Final/10
20230824,mlb,401472931,TEX,5,MIN,7,MIN,Final
20230824,mlb,401472930,ATH,8,CHW,5,ATH,Final
20230824,mlb,401472927,CIN,2,ARI,3,ARI,Final
20230825,mlb,401472940,HOU,1,DET,4,DET,Final
20230825,mlb,401472943,NYY,6,TB,2,NYY,Final
20230825,mlb,401472948,WSH,7,MIA,4,WSH,Final
20230825,mlb,401472939,COL,4,BAL,5,BAL,Final
20230825,mlb,401472946,STL,2,PHI,7,PHI,Final
20230825,mlb,401472949,CHC,1,PIT,2,PIT,Final
20230825,mlb,401472938,CLE,5,TOR,2,CLE,Final
20230825,mlb,401472935,LAA,3,NYM,1,LAA,Final
20230825,mlb,401472942,LAD,7,BOS,4,LAD,Final
20230825,mlb,401472944,ATH,12,CHW,4,ATH,Final
20230825,mlb,401472945,SD,3,MIL,7,MIL,Final
20230825,mlb,401472947,TEX,2,MIN,12,MIN,Final
20230825,mlb,401472937,CIN,8,ARI,10,ARI,Final
20230825,mlb,401472941,KC,5,SEA,7,SEA,Final
20230825,mlb,401472936,ATL,5,SF,1,ATL,Final
20230826,mlb,401472953,CLE,3,TOR,8,TOR,Final
20230826,mlb,401472951,ATL,7,SF,3,ATL,Final
20230826,mlb,401472956,KC,2,SEA,15,SEA,Final
20230826,mlb,401472957,LAD,5,BOS,8,BOS,Final
20230826,mlb,401472958,NYY,0,TB,3,TB,Final
20230826,mlb,401472963,WSH,3,MIA,2,WSH,Final
20230826,mlb,401472955,HOU,9,DET,2,HOU,Final
20230826,mlb,401472954,COL,4,BAL,5,BAL,Final
20230826,mlb,401472950,LAA,5,NYM,3,LAA,Final
20230826,mlb,401472959,ATH,2,CHW,6,CHW,Final
20230826,mlb,401472960,SD,4,MIL,5,MIL,Final
20230826,mlb,401472961,STL,1,PHI,12,PHI,Final
20230826,mlb,401472962,TEX,6,MIN,2,TEX,Final
20230826,mlb,401472964,CHC,10,PIT,6,CHC,Final
20230826,mlb,401472952,CIN,8,ARI,7,CIN,Final/11
20230827,mlb,401472965,LAA,2,NYM,3,NYM,Final
20230827,mlb,401472969,COL,4,BAL,3,COL,Final
20230827,mlb,401472972,LAD,7,BOS,4,LAD,Final
20230827,mlb,401472976,STL,0,PHI,3,PHI,Final
20230827,mlb,401472979,CHC,10,PIT,1,CHC,Final
20230827,mlb,401472968,CLE,10,TOR,7,CLE,Final/11
20230827,mlb,401472970,HOU,17,DET,4,HOU,Final
20230827,mlb,401472973,NYY,4,TB,7,TB,Final
20230827,mlb,401472978,WSH,1,MIA,2,MIA,Final
20230827,mlb,401472974,ATH,1,CHW,6,CHW,Final
20230827,mlb,401472975,SD,6,MIL,10,MIL,Final
20230827,mlb,401472977,TEX,6,MIN,7,MIN,Final/13
20230827,mlb,401472967,CIN,2,ARI,5,ARI,Final
20230827,mlb,401472971,KC,2,SEA,3,SEA,Final
20230827,mlb,401472966,ATL,5,SF,8,SF,Final
20230828,mlb,401472980,LAA,4,PHI,6,PHI,Final
20230828,mlb,401472987,NYY,4,DET,1,NYY,Final
20230828,mlb,401472982,CHW,0,BAL,9,BAL,Final
20230828,mlb,401472992,WSH,3,TOR,6,TOR,Final
20230828,mlb,401472985,HOU,13,BOS,5,HOU,Final
20230828,mlb,401472991,TEX,4,NYM,3,TEX,Final
20230828,mlb,401472984,CLE,6,MIN,10,MIN,Final
20230828,mlb,401472990,SD,4,STL,1,SD,Final
20230828,mlb,401472986,MIL,6,CHC,2,MIL,Final
20230828,mlb,401472989,PIT,5,KC,0,PIT,Final
20230828,mlb,401472993,ATL,14,COL,4,ATL,Final
20230828,mlb,401472988,ATH,0,SEA,7,SEA,Final
20230828,mlb,401472983,CIN,1,SF,4,SF,Final
20230828,mlb,401472981,ARI,4,LAD,7,LAD,Final
20230829,mlb,401472994,LAA,7,PHI,12,PHI,Final
20230829,mlb,401473001,NYY,4,DET,2,NYY,Final
20230829,mlb,401473005,TB,11,MIA,2,TB,Final
20230829,mlb,401472996,CHW,3,BAL,9,BAL,Final
20230829,mlb,401473007,WSH,5,TOR,4,WSH,Final
20230829,mlb,401472999,HOU,6,BOS,2,HOU,Final
20230829,mlb,401473006,TEX,2,NYM,1,TEX,Final
20230829,mlb,401472998,CLE,4,MIN,2,CLE,Final
20230829,mlb,401473004,SD,5,STL,6,STL,Final/10
20230829,mlb,401473000,MIL,0,CHC,1,CHC,Final
20230829,mlb,401473003,PIT,6,KC,3,PIT,Final
20230829,mlb,401473008,ATL,3,COL,1,ATL,Final
20230829,mlb,401473002,ATH,3,SEA,1,ATH,Final
20230829,mlb,401472997,CIN,1,SF,6,SF,Final
20230829,mlb,401472995,ARI,1,LAD,9,LAD,Final
20230830,mlb,401473009,LAA,10,PHI,8,LAA,Final
20230830,mlb,401473011,CHW,10,BAL,5,CHW,Final
20230830,mlb,401473013,CLE,5,MIN,2,CLE,Final/10
20230830,mlb,401473019,SD,4,STL,5,STL,Final
20230830,mlb,401473015,MIL,2,CHC,3,CHC,Final
20230830,mlb,401473022,WSH,0,TOR,7,TOR,Final
20230830,mlb,401473012,CIN,4,SF,1,CIN,Final
20230830,mlb,401473014,HOU,7,BOS,4,HOU,Final
20230830,mlb,401473017,ATH,4,SEA,5,SEA,Final
20230830,mlb,401473016,NYY,6,DET,2,NYY,Final
20230830,mlb,401473020,TB,3,MIA,0,TB,Final/10
20230830,mlb,401473021,TEX,5,NYM,6,NYM,Final/10
20230830,mlb,401473018,PIT,4,KC,1,PIT,Final
20230830,mlb,401473023,ATL,7,COL,3,ATL,Final
20230830,mlb,401473010,ARI,0,LAD,7,LAD,Final
20230831,mlb,401473026,NYY,3,DET,4,DET,Final/10
20230831,mlb,401473025,MIA,6,WSH,1,MIA,Final
20230831,mlb,401473027,SF,7,SD,2,SF,Final
20230831,mlb,401473024,ATL,8,LAD,7,ATL,Final
20230901,mlb,401539393,CHC,6,CIN,2,CHC,Final
20230901,mlb,401473032,CHC,2,CIN,3,CIN,Final
20230901,mlb,401473034,MIA,8,WSH,5,MIA,Final/11
20230901,mlb,401473039,SEA,1,NYM,2,NYM,Final
20230901,mlb,401473040,TB,2,CLE,3,CLE,Final
20230901,mlb,401473035,MIN,5,TEX,1,MIN,Final
20230901,mlb,401473031,BOS,2,KC,13,KC,Final
20230901,mlb,401473033,DET,4,CHW,2,DET,Final
20230901,mlb,401473036,NYY,6,HOU,2,NYY,Final
20230901,mlb,401473037,PHI,5,MIL,7,MIL,Final
20230901,mlb,401473038,PIT,4,STL,2,PIT,Final/10
20230901,mlb,401473041,TOR,13,COL,9,TOR,Final
20230901,mlb,401473028,LAA,2,ATH,9,ATH,Final
20230901,mlb,401473030,BAL,2,ARI,4,ARI,Final
20230901,mlb,401473042,SF,3,SD,7,SD,Final
20230901,mlb,401473029,ATL,6,LAD,3,ATL,Final
20230902,mlb,401473049,MIA,11,WSH,5,MIA,Final
20230902,mlb,401473043,LAA,1,ATH,2,ATH,Final
20230902,mlb,401473055,TB,6,CLE,7,CLE,Final/11
20230902,mlb,401473047,CHC,1,CIN,2,CIN,Final
20230902,mlb,401473046,BOS,9,KC,5,BOS,Final
20230902,mlb,401473048,DET,10,CHW,0,DET,Final
20230902,mlb,401473051,NYY,5,HOU,4,NYY,Final
20230902,mlb,401473054,SEA,8,NYM,7,SEA,Final
20230902,mlb,401473050,MIN,9,TEX,7,MIN,Final/10
20230902,mlb,401473052,PHI,5,MIL,7,MIL,Final
20230902,mlb,401473053,PIT,7,STL,6,PIT,Final
20230902,mlb,401473045,BAL,7,ARI,3,BAL,Final
20230902,mlb,401473056,TOR,7,COL,8,COL,Final
20230902,mlb,401473057,SF,1,SD,6,SD,Final
20230902,mlb,401473044,ATL,4,LAD,2,ATL,Final/10
20230903,mlb,401473062,CHC,15,CIN,7,CHC,Final
20230903,mlb,401473067,PHI,4,MIL,2,PHI,Final
20230903,mlb,401473064,MIA,6,WSH,4,MIA,Final
20230903,mlb,401473069,SEA,3,NYM,6,NYM,Final
20230903,mlb,401473061,BOS,7,KC,3,BOS,Final
20230903,mlb,401473063,DET,3,CHW,2,DET,Final
20230903,mlb,401473068,PIT,4,STL,6,STL,Final
20230903,mlb,401473065,MIN,5,TEX,6,TEX,Final
20230903,mlb,401473071,TOR,7,COL,5,TOR,Final
20230903,mlb,401473058,LAA,6,ATH,10,ATH,Final
20230903,mlb,401473059,ATL,1,LAD,3,LAD,Final
20230903,mlb,401473060,BAL,8,ARI,5,BAL,Final
20230903,mlb,401473070,TB,6,CLE,2,TB,Final
20230903,mlb,401473072,SF,0,SD,4,SD,Final
20230903,mlb,401473066,NYY,6,HOU,1,NYY,Final
20230904,mlb,401473114,CHW,1,KC,12,KC,Final
20230904,mlb,401473079,SF,0,CHC,5,CHC,Final
20230904,mlb,401473076,HOU,13,TEX,6,HOU,Final
20230904,mlb,401473080,TOR,6,ATH,5,TOR,Final/10
20230904,mlb,401473074,BOS,7,TB,3,BOS,Final
20230904,mlb,401473075,COL,2,ARI,4,ARI,Final
20230904,mlb,401473078,SEA,3,CIN,6,CIN,Final
20230904,mlb,401473077,MIN,20,CLE,6,MIN,Final
20230904,mlb,401473081,MIL,2,PIT,4,PIT,Final
20230904,mlb,401473082,PHI,9,SD,7,PHI,Final
20230904,mlb,401473073,BAL,6,LAA,3,BAL,Final
20230905,mlb,401473090,MIN,8,CLE,3,MIN,Final
20230905,mlb,401473096,MIL,7,PIT,3,MIL,Final
20230905,mlb,401473084,BOS,6,TB,8,TB,Final/11
20230905,mlb,401473089,LAD,3,MIA,6,MIA,Final
20230905,mlb,401473092,SEA,6,CIN,7,CIN,Final
20230905,mlb,401473087,DET,1,NYY,5,NYY,Final
20230905,mlb,401473091,NYM,11,WSH,5,NYM,Final
20230905,mlb,401473094,STL,10,ATL,6,STL,Final
20230905,mlb,401473085,CHW,6,KC,7,KC,Final
20230905,mlb,401473093,SF,8,CHC,11,CHC,Final
20230905,mlb,401473088,HOU,14,TEX,1,HOU,Final
20230905,mlb,401473083,BAL,5,LAA,4,BAL,Final/10
20230905,mlb,401473086,COL,3,ARI,2,COL,Final
20230905,mlb,401473095,TOR,7,ATH,1,TOR,Final
20230905,mlb,401473097,PHI,0,SD,8,SD,Final
20230906,mlb,401473111,MIL,4,PIT,5,PIT,Final
20230906,mlb,401473105,MIN,1,CLE,2,CLE,Final
20230906,mlb,401473108,SF,2,CHC,8,CHC,Final
20230906,mlb,401473110,TOR,2,ATH,5,ATH,Final
20230906,mlb,401473101,COL,5,ARI,12,ARI,Final
20230906,mlb,401473112,PHI,5,SD,1,PHI,Final
20230906,mlb,401473099,BOS,1,TB,3,TB,Final
20230906,mlb,401473104,LAD,4,MIA,11,MIA,Final
20230906,mlb,401473107,SEA,8,CIN,4,SEA,Final
20230906,mlb,401473102,DET,3,NYY,4,NYY,Final
20230906,mlb,401473106,NYM,2,WSH,3,WSH,Final
20230906,mlb,401473109,STL,11,ATL,6,STL,Final
20230906,mlb,401473100,CHW,6,KC,4,CHW,Final
20230906,mlb,401473103,HOU,12,TEX,3,HOU,Final
20230906,mlb,401473098,BAL,10,LAA,3,BAL,Final
20230907,mlb,401473117,LAD,10,MIA,0,LAD,Final
20230907,mlb,401473118,SEA,1,TB,0,SEA,Final
20230907,mlb,401473116,DET,10,NYY,3,DET,Final
20230907,mlb,401473119,STL,5,ATL,8,ATL,Final
20230907,mlb,401473113,ARI,6,CHC,2,ARI,Final
20230907,mlb,401473115,CLE,2,LAA,3,LAA,Final
20230908,mlb,401473120,ARI,1,CHC,0,ARI,Final
20230908,mlb,401473122,CHW,6,DET,0,CHW,Final
20230908,mlb,401473133,SEA,4,TB,7,TB,Final
20230908,mlb,401473134,STL,9,CIN,4,STL,Final
20230908,mlb,401473126,LAD,8,WSH,5,LAD,Final
20230908,mlb,401473127,MIA,3,PHI,2,MIA,Final
20230908,mlb,401473128,MIL,8,NYY,2,MIL,Final
20230908,mlb,401473125,KC,4,TOR,5,TOR,Final
20230908,mlb,401473121,BAL,11,BOS,2,BAL,Final
20230908,mlb,401473131,PIT,2,ATL,8,ATL,Final
20230908,mlb,401473130,ATH,6,TEX,3,ATH,Final
20230908,mlb,401473129,NYM,2,MIN,5,MIN,Final
20230908,mlb,401473132,SD,11,HOU,2,SD,Final
20230908,mlb,401473123,CLE,6,LAA,3,CLE,Final
20230908,mlb,401473124,COL,8,SF,9,SF,Final
20230909,mlb,401473143,MIL,9,NYY,2,MIL,Final
20230909,mlb,401473144,NYM,4,MIN,8,MIN,Final
20230909,mlb,401473135,ARI,3,CHC,2,ARI,Final/10
20230909,mlb,401473140,KC,1,TOR,5,TOR,Final
20230909,mlb,401473141,LAD,6,WSH,7,WSH,Final/11
20230909,mlb,401473148,SEA,5,TB,7,TB,Final
20230909,mlb,401473136,BAL,13,BOS,12,BAL,Final
20230909,mlb,401473142,MIA,4,PHI,8,PHI,Final
20230909,mlb,401473137,CHW,1,DET,3,DET,Final
20230909,mlb,401473149,STL,4,CIN,3,STL,Final
20230909,mlb,401473145,ATH,2,TEX,3,TEX,Final
20230909,mlb,401473147,SD,5,HOU,7,HOU,Final
20230909,mlb,401473146,PIT,8,ATL,4,PIT,Final
20230909,mlb,401473139,COL,1,SF,9,SF,Final
20230909,mlb,401473138,CLE,2,LAA,6,LAA,Final
20230910,mlb,401473157,MIA,5,PHI,4,MIA,Final
20230910,mlb,401473152,CHW,2,DET,3,DET,Final
20230910,mlb,401473163,SEA,3,TB,6,TB,Final
20230910,mlb,401473151,BAL,3,BOS,7,BOS,Final
20230910,mlb,401473156,LAD,7,WSH,3,LAD,Final
20230910,mlb,401473158,MIL,3,NYY,4,NYY,Final/13
20230910,mlb,401473161,PIT,2,ATL,5,ATL,Final
20230910,mlb,401473155,KC,2,TOR,5,TOR,Final
20230910,mlb,401473164,STL,1,CIN,7,CIN,Final
20230910,mlb,401473159,NYM,2,MIN,0,NYM,Final
20230910,mlb,401473162,SD,2,HOU,12,HOU,Final
20230910,mlb,401473150,ARI,2,CHC,5,CHC,Final
20230910,mlb,401473160,ATH,4,TEX,9,TEX,Final
20230910,mlb,401473153,CLE,1,LAA,2,LAA,Final
20230910,mlb,401473154,COL,3,SF,6,SF,Final
20230911,mlb,401555908,ATL,10,PHI,8,ATL,Final/10
20230911,mlb,401473173,STL,5,BAL,11,BAL,Final
20230911,mlb,401473176,WSH,6,PIT,2,WSH,Final
20230911,mlb,401473209,ATL,5,PHI,7,PHI,Final
20230911,mlb,401473175,TEX,10,TOR,4,TEX,Final
20230911,mlb,401473166,ARI,4,NYM,3,ARI,Final
20230911,mlb,401473169,MIA,0,MIL,12,MIL,Final
20230911,mlb,401473174,TB,7,MIN,4,TB,Final
20230911,mlb,401473171,ATH,4,HOU,0,ATH,Final
20230911,mlb,401473177,CHC,5,COL,4,CHC,Final
20230911,mlb,401473165,LAA,8,SEA,5,LAA,Final/11
20230911,mlb,401473167,CLE,4,SF,5,SF,Final/10
20230911,mlb,401473172,SD,11,LAD,8,SD,Final
20230912,mlb,401598209,NYY,3,BOS,2,NYY,Final
20230912,mlb,401473183,KC,2,CHW,6,CHW,Final
20230912,mlb,401473188,STL,5,BAL,2,STL,Final
20230912,mlb,401473191,WSH,1,PIT,5,PIT,Final
20230912,mlb,401473180,ATL,7,PHI,6,ATL,Final/10
20230912,mlb,401473181,CIN,6,DET,5,CIN,Final/10
20230912,mlb,401473190,TEX,6,TOR,3,TEX,Final
20230912,mlb,401473179,ARI,4,NYM,7,NYM,Final
20230912,mlb,401473185,NYY,4,BOS,1,NYY,Final
20230912,mlb,401473184,MIA,1,MIL,3,MIL,Final
20230912,mlb,401473189,TB,2,MIN,3,MIN,Final
20230912,mlb,401598109,KC,11,CHW,10,KC,Final
20230912,mlb,401473186,ATH,6,HOU,2,ATH,Final
20230912,mlb,401473192,CHC,4,COL,6,COL,Final
20230912,mlb,401473178,LAA,0,SEA,8,SEA,Final
20230912,mlb,401473182,CLE,3,SF,1,CLE,Final
20230912,mlb,401473187,SD,2,LAD,11,LAD,Final
20230913,mlb,401473204,TB,5,MIN,4,TB,Final
20230913,mlb,401473206,CHC,3,COL,7,COL,Final
20230913,mlb,401473197,CLE,5,SF,6,SF,Final/10
20230913,mlb,401473193,LAA,2,SEA,3,SEA,Final
20230913,mlb,401473203,STL,1,BAL,0,STL,Final
20230913,mlb,401473207,WSH,6,PIT,7,PIT,Final
20230913,mlb,401473195,ATL,4,PHI,1,ATL,Final
20230913,mlb,401473196,CIN,4,DET,3,CIN,Final
20230913,mlb,401473205,TEX,10,TOR,0,TEX,Final
20230913,mlb,401473194,ARI,1,NYM,7,NYM,Final
20230913,mlb,401473201,ATH,2,HOU,6,HOU,Final
20230913,mlb,401473198,KC,7,CHW,1,KC,Final
20230913,mlb,401473199,MIA,2,MIL,0,MIA,Final
20230913,mlb,401473202,SD,6,LAD,1,SD,Final
20230914,mlb,401473216,WSH,0,PIT,2,PIT,Final
20230914,mlb,401473210,CIN,2,DET,8,DET,Final
20230914,mlb,401598869,NYY,0,BOS,5,BOS,Final
20230914,mlb,401473211,MIA,2,MIL,4,MIL,Final
20230914,mlb,401473208,ARI,1,NYM,11,NYM,Final
20230914,mlb,401473215,TEX,9,TOR,2,TEX,Final
20230914,mlb,401473213,NYY,8,BOS,5,NYY,Final
20230914,mlb,401473214,TB,4,BAL,3,TB,Final
20230914,mlb,401473212,MIN,10,CHW,2,MIN,Final
20230915,mlb,401473231,NYY,7,PIT,5,NYY,Final
20230915,mlb,401473218,ATL,6,MIA,9,MIA,Final
20230915,mlb,401473228,TB,7,BAL,1,TB,Final
20230915,mlb,401473219,BOS,0,TOR,3,TOR,Final
20230915,mlb,401473221,CIN,5,NYM,3,CIN,Final
20230915,mlb,401473229,TEX,3,CLE,12,CLE,Final
20230915,mlb,401473225,MIN,10,CHW,2,MIN,Final
20230915,mlb,401473223,HOU,2,KC,4,KC,Final
20230915,mlb,401473230,WSH,3,MIL,5,MIL,Final
20230915,mlb,401473226,PHI,5,STL,4,PHI,Final
20230915,mlb,401473232,SF,2,COL,3,COL,Final
20230915,mlb,401473222,DET,11,LAA,2,DET,Final
20230915,mlb,401473220,CHC,4,ARI,6,ARI,Final
20230915,mlb,401473227,SD,8,ATH,3,SD,Final
20230915,mlb,401473224,LAD,6,SEA,3,LAD,Final
20230916,mlb,401599189,SF,5,COL,9,COL,Final
20230916,mlb,401473234,BOS,3,TOR,4,TOR,Final/13
20230916,mlb,401473242,SD,5,ATH,2,SD,Final
20230916,mlb,401473233,ATL,5,MIA,11,MIA,Final
20230916,mlb,401473244,TEX,1,CLE,2,CLE,Final
20230916,mlb,401473246,NYY,6,PIT,3,NYY,Final
20230916,mlb,401473243,TB,0,BAL,8,BAL,Final
20230916,mlb,401473236,CIN,3,NYM,2,CIN,Final
20230916,mlb,401473238,HOU,8,KC,10,KC,Final
20230916,mlb,401473240,MIN,6,CHW,7,CHW,Final
20230916,mlb,401473245,WSH,5,MIL,9,MIL,Final
20230916,mlb,401473241,PHI,6,STL,1,PHI,Final
20230916,mlb,401473235,CHC,6,ARI,7,ARI,Final/13
20230916,mlb,401473247,SF,2,COL,5,COL,Final
20230916,mlb,401473237,DET,5,LAA,4,DET,Final/10
20230916,mlb,401473239,LAD,6,SEA,2,LAD,Final/11
20230917,mlb,401473258,TB,4,BAL,5,BAL,Final/11
20230917,mlb,401473261,NYY,2,PIT,3,PIT,Final
20230917,mlb,401473249,BOS,2,TOR,3,TOR,Final
20230917,mlb,401473248,ATL,2,MIA,16,MIA,Final
20230917,mlb,401473251,CIN,4,NYM,8,NYM,Final
20230917,mlb,401473259,TEX,2,CLE,9,CLE,Final
20230917,mlb,401473253,HOU,7,KC,1,HOU,Final
20230917,mlb,401473255,MIN,4,CHW,0,MIN,Final
20230917,mlb,401473260,WSH,2,MIL,1,WSH,Final/11
20230917,mlb,401473256,PHI,5,STL,6,STL,Final
20230917,mlb,401473262,SF,11,COL,10,SF,Final
20230917,mlb,401473252,DET,5,LAA,3,DET,Final
20230917,mlb,401473257,SD,10,ATH,1,SD,Final
20230917,mlb,401473254,LAD,6,SEA,1,LAD,Final
20230917,mlb,401473250,CHC,2,ARI,6,ARI,Final
20230918,mlb,401473266,CLE,4,KC,6,KC,Final
20230918,mlb,401473269,MIN,3,CIN,7,CIN,Final
20230918,mlb,401473270,NYM,2,MIA,1,NYM,Final
20230918,mlb,401473265,CHW,6,WSH,1,CHW,Final
20230918,mlb,401473271,PHI,7,ATL,1,PHI,Final
20230918,mlb,401473268,MIL,0,STL,1,STL,Final
20230918,mlb,401473264,BOS,4,TEX,2,BOS,Final
20230918,mlb,401473263,BAL,8,HOU,7,BAL,Final
20230918,mlb,401473272,SEA,5,ATH,0,SEA,Final
20230918,mlb,401473273,COL,9,SD,11,SD,Final
20230918,mlb,401473267,DET,3,LAD,8,LAD,Final
20230919,mlb,401473274,LAA,2,TB,6,TB,Final
20230919,mlb,401473281,MIN,7,CIN,0,MIN,Final
20230919,mlb,401473282,NYM,3,MIA,4,MIA,Final
20230919,mlb,401473277,CHW,3,WSH,4,WSH,Final
20230919,mlb,401473287,TOR,7,NYY,1,TOR,Final
20230919,mlb,401473283,PHI,3,ATL,9,ATL,Final
20230919,mlb,401473278,CLE,6,KC,7,KC,Final
20230919,mlb,401473284,PIT,1,CHC,14,CHC,Final
20230919,mlb,401473280,MIL,7,STL,3,MIL,Final
20230919,mlb,401473276,BOS,4,TEX,6,TEX,Final
20230919,mlb,401473275,BAL,9,HOU,5,BAL,Final
20230919,mlb,401473285,SEA,7,ATH,2,SEA,Final
20230919,mlb,401473286,SF,4,ARI,8,ARI,Final
20230919,mlb,401473288,COL,0,SD,2,SD,Final
20230919,mlb,401473279,DET,2,LAD,3,LAD,Final
20230920,mlb,401473298,PHI,6,ATL,5,PHI,Final/10
20230920,mlb,401473296,MIN,5,CIN,3,MIN,Final
20230920,mlb,401473292,CHW,3,WSH,13,WSH,Final
20230920,mlb,401473291,BOS,5,TEX,15,TEX,Final
20230920,mlb,401473290,BAL,1,HOU,2,HOU,Final
20230920,mlb,401473293,CLE,2,KC,6,KC,Final
20230920,mlb,401473300,SEA,6,ATH,3,SEA,Final
20230920,mlb,401473301,SF,1,ARI,7,ARI,Final
20230920,mlb,401473303,COL,2,SD,3,SD,Final
20230920,mlb,401473289,LAA,8,TB,3,LAA,Final
20230920,mlb,401473297,NYM,8,MIA,3,NYM,Final
20230920,mlb,401473302,TOR,6,NYY,1,TOR,Final
20230920,mlb,401473299,PIT,13,CHC,7,PIT,Final
20230920,mlb,401473295,MIL,8,STL,2,MIL,Final
20230920,mlb,401473294,DET,4,LAD,2,DET,Final
20230921,mlb,401473304,LAA,4,TB,5,TB,Final
20230921,mlb,401473308,MIL,6,STL,0,MIL,Final
20230921,mlb,401473305,ATL,10,WSH,3,ATL,Final
20230921,mlb,401473312,TOR,3,NYY,5,NYY,Final
20230921,mlb,401473306,BAL,2,CLE,5,CLE,Final
20230921,mlb,401473309,NYM,4,PHI,5,PHI,Final
20230921,mlb,401473310,PIT,8,CHC,6,PIT,Final
20230921,mlb,401473307,DET,7,ATH,3,DET,Final
20230921,mlb,401473311,SF,2,LAD,7,LAD,Final
20230922,mlb,401473318,COL,0,CHC,6,CHC,Final
20230922,mlb,401473321,MIL,16,MIA,1,MIL,Final
20230922,mlb,401473323,PIT,7,CIN,5,PIT,Final
20230922,mlb,401473326,TOR,6,TB,2,TOR,Final
20230922,mlb,401473314,ARI,1,NYY,7,NYY,Final
20230922,mlb,401473315,ATL,9,WSH,6,ATL,Final
20230922,mlb,401473322,NYM,4,PHI,5,PHI,Final/10
20230922,mlb,401473316,BAL,8,CLE,9,CLE,Final
20230922,mlb,401473317,CHW,2,BOS,3,BOS,Final
20230922,mlb,401473324,SEA,5,TEX,8,TEX,Final
20230922,mlb,401473313,LAA,6,MIN,8,MIN,Final
20230922,mlb,401473320,KC,7,HOU,5,KC,Final
20230922,mlb,401473319,DET,2,ATH,8,ATH,Final
20230922,mlb,401473327,STL,2,SD,4,SD,Final
20230922,mlb,401473325,SF,5,LAD,1,SF,Final
20230923,mlb,401473328,LAA,1,MIN,0,LAA,Final
20230923,mlb,401473333,COL,3,CHC,6,CHC,Final
20230923,mlb,401473337,NYM,5,PHI,7,PHI,Final
20230923,mlb,401473334,DET,1,ATH,4,ATH,Final
20230923,mlb,401473332,CHW,1,BOS,0,CHW,Final
20230923,mlb,401473336,MIL,4,MIA,5,MIA,Final
20230923,mlb,401473341,TOR,6,TB,7,TB,Final
20230923,mlb,401473331,BAL,2,CLE,1,BAL,Final
20230923,mlb,401473338,PIT,13,CIN,12,PIT,Final
20230923,mlb,401473339,SEA,0,TEX,2,TEX,Final
20230923,mlb,401473335,KC,3,HOU,2,KC,Final
20230923,mlb,401473342,STL,5,SD,2,STL,Final/11
20230923,mlb,401473340,SF,0,LAD,7,LAD,Final
20230924,mlb,401473356,TOR,9,TB,5,TOR,Final
20230924,mlb,401473344,ARI,7,NYY,1,ARI,Final
20230924,mlb,401473345,ATL,2,WSH,3,WSH,Final
20230924,mlb,401473347,CHW,3,BOS,2,CHW,Final/6
20230924,mlb,401473346,BAL,5,CLE,1,BAL,Final
20230924,mlb,401473351,MIL,1,MIA,6,MIA,Final
20230924,mlb,401473353,PIT,2,CIN,4,CIN,Final
20230924,mlb,401473343,LAA,3,MIN,9,MIN,Final
20230924,mlb,401473350,KC,6,HOU,5,KC,Final
20230924,mlb,401473348,COL,3,CHC,4,CHC,Final
20230924,mlb,401473354,SEA,8,TEX,9,TEX,Final
20230924,mlb,401473349,DET,2,ATH,0,DET,Final
20230924,mlb,401473357,STL,2,SD,12,SD,Final
20230924,mlb,401473352,NYM,2,PHI,5,PHI,Final
20230924,mlb,401602489,ATL,8,WSH,5,ATL,Final
20230924,mlb,401473355,SF,2,LAD,3,LAD,Final/10
20230925,mlb,401602589,ARI,4,NYY,6,NYY,Final
20230925,mlb,401473361,TEX,5,LAA,1,TEX,Final
20230925,mlb,401473359,HOU,5,SEA,1,HOU,Final
20230925,mlb,401473360,SD,1,SF,2,SF,Final
20230926,mlb,401473376,LAD,1,COL,4,COL,Final
20230926,mlb,401473364,CIN,11,CLE,7,CIN,Final
20230926,mlb,401473375,WSH,0,BAL,1,BAL,Final
20230926,mlb,401473366,KC,3,DET,6,DET,Final
20230926,mlb,401473370,PIT,2,PHI,3,PHI,Final/10
20230926,mlb,401473368,NYY,2,TOR,0,NYY,Final
20230926,mlb,401473373,TB,9,BOS,7,TB,Final
20230926,mlb,401473363,CHC,6,ATL,7,ATL,Final
20230926,mlb,401473362,ARI,15,CHW,4,ARI,Final
20230926,mlb,401473369,ATH,3,MIN,11,MIN,Final
20230926,mlb,401473372,STL,4,MIL,1,STL,Final
20230926,mlb,401473377,LAD,11,COL,2,LAD,Final
20230926,mlb,401473374,TEX,3,LAA,9,LAA,Final
20230926,mlb,401473371,SD,4,SF,0,SD,Final
20230926,mlb,401473365,HOU,2,SEA,6,SEA,Final
20230927,mlb,401473378,ARI,3,CHW,0,ARI,Final
20230927,mlb,401604069,MIA,2,NYM,11,NYM,Final
20230927,mlb,401473380,CIN,3,CLE,4,CLE,Final
20230927,mlb,401473389,TB,5,BOS,0,TB,Final
20230927,mlb,401473391,WSH,1,BAL,5,BAL,Final
20230927,mlb,401473382,KC,0,DET,8,DET,Final
20230927,mlb,401473386,PIT,6,PHI,7,PHI,Final
20230927,mlb,401473384,NYY,6,TOR,0,NYY,Final
20230927,mlb,401473379,CHC,5,ATL,6,ATL,Final/10
20230927,mlb,401473383,MIA,4,NYM,2,MIA,Final
20230927,mlb,401473385,ATH,4,MIN,6,MIN,Final
20230927,mlb,401473388,STL,2,MIL,3,MIL,Final
20230927,mlb,401473392,LAD,8,COL,2,LAD,Final
20230927,mlb,401473390,TEX,5,LAA,0,TEX,Final
20230927,mlb,401473381,HOU,8,SEA,3,HOU,Final
20230927,mlb,401473387,SD,5,SF,2,SD,Final/10
20230928,mlb,401473398,ATH,2,MIN,1,ATH,Final
20230928,mlb,401473358,ARI,1,CHW,3,CHW,Final
20230928,mlb,401473395,KC,3,DET,7,DET,Final
20230928,mlb,401473400,STL,0,MIL,3,MIL,Final
20230928,mlb,401473399,PIT,3,PHI,2,PIT,Final
20230928,mlb,401473393,BOS,0,BAL,2,BAL,Final
20230928,mlb,401473397,NYY,0,TOR,6,TOR,Final
20230928,mlb,401473396,MIA,0,NYM,1,NYM,Final/8
20230928,mlb,401473394,CHC,3,ATL,5,ATL,Final
20230928,mlb,401473402,LAD,5,COL,14,COL,Final
20230928,mlb,401473401,TEX,2,SEA,3,SEA,Final
20230929,mlb,401473416,MIA,4,PIT,3,MIA,Final
20230929,mlb,401473406,CLE,7,DET,5,CLE,Final
20230929,mlb,401473403,BOS,3,BAL,0,BOS,Final
20230929,mlb,401473413,TB,4,TOR,11,TOR,Final
20230929,mlb,401473415,WSH,10,ATL,6,WSH,Final
20230929,mlb,401473412,SD,3,CHW,2,SD,Final
20230929,mlb,401473404,CHC,3,MIL,4,MIL,Final/10
20230929,mlb,401473409,NYY,5,KC,12,KC,Final
20230929,mlb,401473417,MIN,7,COL,6,MIN,Final
20230929,mlb,401473405,CIN,19,STL,2,CIN,Final
20230929,mlb,401473410,ATH,1,LAA,5,LAA,Final
20230929,mlb,401473407,HOU,2,ARI,1,HOU,Final
20230929,mlb,401473414,TEX,0,SEA,8,SEA,Final
20230929,mlb,401473408,LAD,6,SF,2,LAD,Final
20230930,mlb,401473421,CLE,0,DET,8,DET,Final
20230930,mlb,401473428,TB,7,TOR,5,TB,Final/10
20230930,mlb,401604780,PHI,3,NYM,4,NYM,Final
20230930,mlb,401473431,MIA,7,PIT,3,MIA,Final
20230930,mlb,401473419,CHC,10,MIL,6,CHC,Final
20230930,mlb,401473424,NYY,5,KC,2,NYY,Final
20230930,mlb,401473427,SD,6,CHW,1,SD,Final
20230930,mlb,401473418,BOS,2,BAL,5,BAL,Final
20230930,mlb,401473420,CIN,6,STL,15,STL,Final
20230930,mlb,401473426,PHI,4,NYM,11,NYM,Final
20230930,mlb,401473429,TEX,6,SEA,1,TEX,Final
20230930,mlb,401473430,WSH,3,ATL,5,ATL,Final
20230930,mlb,401473422,HOU,1,ARI,0,HOU,Final
20230930,mlb,401473432,MIN,14,COL,6,MIN,Final
20230930,mlb,401473423,LAD,1,SF,2,SF,Final
20230930,mlb,401473425,ATH,7,LAA,3,ATH,Final
20231001,mlb,401473433,BOS,6,BAL,1,BOS,Final
20231001,mlb,401473438,LAD,5,SF,2,LAD,Final
20231001,mlb,401473446,MIA,0,PIT,3,PIT,Final
20231001,mlb,401473440,ATH,3,LAA,7,LAA,Final
20231001,mlb,401473443,TB,12,TOR,8,TB,Final
20231001,mlb,401473434,CHC,0,MIL,4,MIL,Final
20231001,mlb,401473436,CLE,2,DET,5,DET,Final
20231001,mlb,401473437,HOU,8,ARI,1,HOU,Final
20231001,mlb,401473439,NYY,2,KC,5,KC,Final
20231001,mlb,401473441,PHI,9,NYM,1,PHI,Final
20231001,mlb,401473442,SD,2,CHW,1,SD,Final/11
20231001,mlb,401473444,TEX,0,SEA,1,SEA,Final
20231001,mlb,401473445,WSH,10,ATL,9,WSH,Final
20231001,mlb,401473447,MIN,2,COL,3,COL,Final/11
20231001,mlb,401473435,CIN,3,STL,4,STL,Final
20231003,mlb,401581110,TEX,4,TB,0,TEX,Final
20231003,mlb,401581113,TOR,1,MIN,3,MIN,Final
20231003,mlb,401581119,ARI,6,MIL,3,ARI,Final
20231003,mlb,401581116,MIA,1,PHI,4,PHI,Final
20231004,mlb,401581111,TEX,7,TB,1,TEX,Final
20231004,mlb,401581114,TOR,0,MIN,2,MIN,Final
20231004,mlb,401581120,ARI,5,MIL,2,ARI,Final
20231004,mlb,401581117,MIA,1,PHI,7,PHI,Final
20231007,mlb,401581122,TEX,3,BAL,2,TEX,Final
20231007,mlb,401581127,MIN,4,HOU,6,HOU,Final
20231007,mlb,401581132,PHI,3,ATL,0,PHI,Final
20231007,mlb,401581137,ARI,11,LAD,2,ARI,Final
20231008,mlb,401581123,TEX,11,BAL,8,TEX,Final
20231008,mlb,401581128,MIN,6,HOU,2,MIN,Final
20231009,mlb,401581133,PHI,4,ATL,5,ATL,Final
20231009,mlb,401581138,ARI,4,LAD,2,ARI,Final
20231010,mlb,401581129,HOU,9,MIN,1,HOU,Final
20231010,mlb,401581124,BAL,1,TEX,7,TEX,Final
20231011,mlb,401581134,ATL,2,PHI,10,PHI,Final
20231011,mlb,401581130,HOU,3,MIN,2,HOU,Final
20231011,mlb,401581139,LAD,2,ARI,4,ARI,Final
20231012,mlb,401581135,ATL,1,PHI,3,PHI,Final
20231015,mlb,401581149,TEX,2,HOU,0,TEX,Final
20231016,mlb,401581150,TEX,5,HOU,4,TEX,Final
20231016,mlb,401581108,ARI,3,PHI,5,PHI,Final
20231017,mlb,401581107,ARI,0,PHI,10,PHI,Final
20231018,mlb,401581151,HOU,8,TEX,5,HOU,Final
20231019,mlb,401581106,PHI,1,ARI,2,ARI,Final
20231019,mlb,401581152,HOU,10,TEX,3,HOU,Final
20231020,mlb,401581153,HOU,5,TEX,4,HOU,Final
20231020,mlb,401581105,PHI,5,ARI,6,ARI,Final
20231021,mlb,401581104,PHI,6,ARI,1,PHI,Final
20231022,mlb,401581154,TEX,9,HOU,2,TEX,Final
20231023,mlb,401581103,ARI,5,PHI,1,ARI,Final
20231023,mlb,401581155,TEX,11,HOU,4,TEX,Final
20231024,mlb,401581102,ARI,4,PHI,2,ARI,Final
20231027,mlb,401581101,ARI,5,TEX,6,TEX,Final/11
20231028,mlb,401581100,ARI,9,TEX,1,ARI,Final
20231030,mlb,401581099,TEX,3,ARI,1,TEX,Final
20231031,mlb,401581098,TEX,11,ARI,7,TEX,Final
20231101,mlb,401581097,TEX,5,ARI,0,TEX,Final
