date,league,game_id,away_team,away_score,home_team,home_score,winner,status
20180329,mlb,380329128,CHC,8,MIA,4,CHC,Final
20180329,mlb,380329121,STL,4,NYM,9,NYM,Final
20180329,mlb,380329101,MIN,2,BAL,3,BAL,Final/11
20180329,mlb,380329113,HOU,4,TEX,1,HOU,Final
20180329,mlb,380329114,NYY,6,TOR,1,NYY,Final
20180329,mlb,400982889,BOS,4,TB,6,TB,Final
20180329,mlb,380329115,PHI,5,ATL,8,ATL,Final
20180329,mlb,380329125,MIL,2,SD,1,MIL,Final/12
20180329,mlb,380329107,CHW,14,KC,7,CHW,Final
20180329,mlb,380329119,SF,1,LAD,0,SF,Final
20180329,mlb,380329112,CLE,1,SEA,2,SEA,Final
20180329,mlb,380329129,COL,2,ARI,8,ARI,Final
20180330,mlb,401028517,PIT,13,DET,10,PIT,Final/13
20180330,mlb,380330117,WSH,2,CIN,0,WSH,Final
20180330,mlb,380330114,NYY,4,TOR,2,NYY,Final
20180330,mlb,380330128,CHC,1,MIA,2,MIA,Final/17
20180330,mlb,380330130,BOS,1,TB,0,BOS,Final
20180330,mlb,380330115,PHI,5,ATL,4,PHI,Final/11
20180330,mlb,380330113,HOU,1,TEX,5,TEX,Final
20180330,mlb,380330129,COL,8,ARI,9,ARI,Final
20180330,mlb,380330119,SF,1,LAD,0,SF,Final
20180330,mlb,380330125,MIL,8,SD,6,MIL,Final
20180331,mlb,380331121,STL,2,NYM,6,NYM,Final
20180331,mlb,380331117,WSH,13,CIN,7,WSH,Final
20180331,mlb,380331113,HOU,9,TEX,3,HOU,Final
20180331,mlb,380331114,NYY,3,TOR,5,TOR,Final
20180331,mlb,380331112,CLE,6,SEA,5,CLE,Final
20180331,mlb,380331130,BOS,3,TB,2,BOS,Final
20180331,mlb,380331101,MIN,6,BAL,2,MIN,Final
20180331,mlb,380331115,PHI,2,ATL,15,ATL,Final
20180331,mlb,380331128,CHC,10,MIA,6,CHC,Final/10
20180331,mlb,380331107,CHW,4,KC,3,CHW,Final
20180331,mlb,380331129,COL,2,ARI,1,COL,Final
20180331,mlb,400982919,MIL,7,SD,3,MIL,Final
20180331,mlb,380331119,SF,0,LAD,5,LAD,Final
20180401,mlb,380401101,MIN,7,BAL,0,MIN,Final
20180401,mlb,380401114,NYY,4,TOR,7,TOR,Final
20180401,mlb,380401121,STL,5,NYM,1,STL,Final
20180401,mlb,380401128,CHC,0,MIA,6,MIA,Final
20180401,mlb,380401130,BOS,2,TB,1,BOS,Final
20180401,mlb,380401206,PIT,1,DET,0,PIT,Final
20180401,mlb,380401113,HOU,8,TEX,2,HOU,Final
20180401,mlb,380401112,CLE,4,SEA,5,SEA,Final
20180401,mlb,380401117,WSH,6,CIN,5,WSH,Final
20180401,mlb,380401306,PIT,8,DET,6,PIT,Final
20180401,mlb,380401119,SF,0,LAD,9,LAD,Final
20180402,mlb,380402123,MIN,4,PIT,5,PIT,Final
20180402,mlb,380402106,KC,1,DET,6,DET,Final
20180402,mlb,380402108,STL,8,MIL,4,STL,Final
20180402,mlb,380402117,CHC,0,CIN,1,CIN,Final
20180402,mlb,380402118,BAL,1,HOU,6,HOU,Final
20180402,mlb,380402114,CHW,2,TOR,4,TOR,Final
20180402,mlb,380402128,BOS,7,MIA,3,BOS,Final
20180402,mlb,380402115,WSH,8,ATL,1,WSH,Final
20180402,mlb,380402129,LAD,7,ARI,8,ARI,Final/15
20180402,mlb,380402103,CLE,6,LAA,0,CLE,Final
20180402,mlb,380402125,COL,7,SD,4,COL,Final
20180403,mlb,380403106,KC,1,DET,0,KC,Final
20180403,mlb,380403110,TB,4,NYY,11,NYY,Final
20180403,mlb,380403126,SEA,6,SF,4,SEA,Final
20180403,mlb,400982954,BOS,4,MIA,2,BOS,Final/13
20180403,mlb,380403114,CHW,5,TOR,14,TOR,Final
20180403,mlb,380403121,PHI,0,NYM,2,NYM,Final
20180403,mlb,400982965,WSH,6,ATL,13,ATL,Final
20180403,mlb,380403108,STL,4,MIL,5,MIL,Final
20180403,mlb,380403118,BAL,6,HOU,10,HOU,Final
20180403,mlb,380403129,LAD,1,ARI,6,ARI,Final
20180403,mlb,380403103,CLE,2,LAA,13,LAA,Final
20180403,mlb,380403125,COL,4,SD,8,SD,Final
20180404,mlb,380404115,WSH,1,ATL,7,ATL,Final
20180404,mlb,380404110,TB,2,NYY,7,NYY,Final
20180404,mlb,380404121,PHI,2,NYM,4,NYM,Final
20180404,mlb,380404118,BAL,2,HOU,3,HOU,Final
20180404,mlb,380404129,LAD,0,ARI,3,ARI,Final
20180404,mlb,380404103,CLE,2,LAA,3,LAA,Final/13
20180404,mlb,380404123,MIN,7,PIT,3,MIN,Final
20180404,mlb,380404114,CHW,4,TOR,3,CHW,Final
20180404,mlb,380404126,SEA,1,SF,10,SF,Final
20180404,mlb,380404108,STL,6,MIL,0,STL,Final
20180404,mlb,380404125,COL,5,SD,2,COL,Final
20180405,mlb,380405120,NYM,8,WSH,2,NYM,Final
20180405,mlb,380405102,TB,2,BOS,3,BOS,Final/12
20180405,mlb,380405122,MIA,0,PHI,5,PHI,Final
20180405,mlb,380405125,COL,3,SD,1,COL,Final
20180405,mlb,380405104,DET,9,CHW,7,DET,Final/10
20180405,mlb,380405109,SEA,2,MIN,4,MIN,Final
20180405,mlb,380405110,BAL,5,NYY,2,BAL,Final
20180405,mlb,380405123,CIN,2,PIT,5,PIT,Final
20180405,mlb,380405124,ARI,3,STL,1,ARI,Final
20180405,mlb,380405108,CHC,8,MIL,0,CHC,Final
20180406,mlb,380406105,KC,2,CLE,3,CLE,Final
20180406,mlb,380406127,ATL,8,COL,3,ATL,Final
20180406,mlb,380406110,BAL,7,NYY,3,BAL,Final/14
20180406,mlb,380406123,CIN,3,PIT,14,PIT,Final
20180406,mlb,380406113,TOR,8,TEX,5,TOR,Final
20180406,mlb,380406108,CHC,4,MIL,5,MIL,Final
20180406,mlb,380406118,SD,4,HOU,1,SD,Final
20180407,mlb,380407102,TB,3,BOS,10,BOS,Final
20180407,mlb,380407110,BAL,3,NYY,8,NYY,Final
20180407,mlb,380407120,NYM,3,WSH,2,NYM,Final
20180407,mlb,380407104,DET,6,CHW,1,DET,Final
20180407,mlb,380407109,SEA,11,MIN,4,SEA,Final
20180407,mlb,380407124,ARI,3,STL,5,STL,Final
20180407,mlb,380407108,CHC,5,MIL,2,CHC,Final
20180407,mlb,380407105,KC,1,CLE,0,KC,Final
20180407,mlb,380407122,MIA,1,PHI,20,PHI,Final
20180407,mlb,380407126,LAD,5,SF,7,SF,Final/14
20180407,mlb,380407123,CIN,7,PIT,4,CIN,Final
20180407,mlb,380407118,SD,0,HOU,1,HOU,Final/10
20180407,mlb,380407113,TOR,1,TEX,5,TEX,Final
20180407,mlb,380407127,ATL,2,COL,3,COL,Final/10
20180408,mlb,380408102,TB,7,BOS,8,BOS,Final
20180408,mlb,380408110,BAL,8,NYY,7,BAL,Final/12
20180408,mlb,380408105,KC,1,CLE,3,CLE,Final
20180408,mlb,380408122,MIA,6,PHI,3,MIA,Final
20180408,mlb,380408123,CIN,0,PIT,5,PIT,Final
20180408,mlb,380408104,DET,1,CHW,0,DET,Final
20180408,mlb,380408108,CHC,3,MIL,0,CHC,Final
20180408,mlb,380408118,SD,1,HOU,4,HOU,Final
20180408,mlb,380408124,ARI,4,STL,1,ARI,Final
20180408,mlb,380408113,TOR,7,TEX,4,TOR,Final
20180408,mlb,380408127,ATL,4,COL,0,ATL,Final
20180408,mlb,380408126,LAD,2,SF,1,LAD,Final/10
20180408,mlb,380408120,NYM,6,WSH,5,NYM,Final/12
20180409,mlb,380409104,TB,5,CHW,4,TB,Final
20180409,mlb,380409105,DET,0,CLE,2,CLE,Final
20180409,mlb,380409124,MIL,5,STL,4,MIL,Final/10
20180409,mlb,380409101,TOR,7,BAL,1,TOR,Final
20180409,mlb,380409120,ATL,0,WSH,2,WSH,Final
20180409,mlb,380409122,CIN,5,PHI,6,PHI,Final
20180409,mlb,380409128,NYM,4,MIA,2,NYM,Final
20180409,mlb,380409113,LAA,8,TEX,3,LAA,Final
20180409,mlb,380409109,HOU,2,MIN,0,HOU,Final
20180409,mlb,380409107,SEA,0,KC,10,KC,Final
20180409,mlb,380409127,SD,7,COL,6,SD,Final
20180409,mlb,380409126,ARI,2,SF,1,ARI,Final
20180410,mlb,400983054,TB,6,CHW,5,TB,Final
20180410,mlb,380410116,PIT,8,CHC,5,PIT,Final
20180410,mlb,380410105,DET,1,CLE,2,CLE,Final
20180410,mlb,380410102,NYY,1,BOS,14,BOS,Final
20180410,mlb,380410101,TOR,2,BAL,1,TOR,Final
20180410,mlb,380410120,ATL,1,WSH,4,WSH,Final
20180410,mlb,380410122,CIN,1,PHI,6,PHI,Final
20180410,mlb,380410128,NYM,8,MIA,6,NYM,Final
20180410,mlb,380410113,LAA,11,TEX,1,LAA,Final
20180410,mlb,380410109,HOU,1,MIN,4,MIN,Final
20180410,mlb,380410107,SEA,8,KC,3,SEA,Final
20180410,mlb,400983048,MIL,3,STL,5,STL,Final/11
20180410,mlb,380410127,SD,5,COL,2,SD,Final
20180410,mlb,380410126,ARI,4,SF,5,SF,Final
20180411,mlb,380411120,ATL,5,WSH,3,ATL,Final/12
20180411,mlb,380411109,HOU,8,MIN,9,MIN,Final
20180411,mlb,380411124,MIL,3,STL,2,MIL,Final
20180411,mlb,380411104,TB,1,CHW,2,CHW,Final
20180411,mlb,380411107,SEA,4,KC,2,SEA,Final
20180411,mlb,380411127,SD,4,COL,6,COL,Final
20180411,mlb,380411126,ARI,7,SF,3,ARI,Final
20180411,mlb,380411105,DET,1,CLE,5,CLE,Final
20180411,mlb,380411101,TOR,3,BAL,5,BAL,Final
20180411,mlb,380411122,CIN,3,PHI,4,PHI,Final/12
20180411,mlb,380411102,NYY,10,BOS,7,NYY,Final
20180411,mlb,380411128,NYM,4,MIA,1,NYM,Final
20180411,mlb,380411113,LAA,7,TEX,2,LAA,Final
20180411,mlb,380411116,PIT,5,CHC,13,CHC,Final
20180412,mlb,380412116,PIT,6,CHC,1,PIT,Final
20180412,mlb,380412105,DET,3,CLE,9,CLE,Final
20180412,mlb,380412117,STL,13,CIN,4,STL,Final
20180412,mlb,380412120,COL,5,WSH,1,COL,Final
20180412,mlb,400983075,NYY,3,BOS,6,BOS,Final
20180412,mlb,380412109,CHW,0,MIN,4,MIN,Final
20180412,mlb,380412107,LAA,7,KC,1,LAA,Final
20180412,mlb,380412125,SF,7,SD,0,SF,Final
20180413,mlb,380413116,ATL,4,CHC,0,ATL,Final
20180413,mlb,380413117,STL,5,CIN,3,STL,Final
20180413,mlb,380413120,COL,2,WSH,1,COL,Final
20180413,mlb,380413102,BAL,3,BOS,7,BOS,Final
20180413,mlb,380413105,TOR,8,CLE,4,TOR,Final
20180413,mlb,380413106,NYY,8,DET,6,NYY,Final
20180413,mlb,380413121,MIL,5,NYM,6,NYM,Final
20180413,mlb,380413128,PIT,2,MIA,7,MIA,Final
20180413,mlb,380413130,PHI,2,TB,1,PHI,Final
20180413,mlb,380413118,TEX,2,HOU,3,HOU,Final
20180413,mlb,380413107,LAA,5,KC,4,LAA,Final
20180413,mlb,380413119,ARI,8,LAD,7,ARI,Final
20180413,mlb,380413125,SF,1,SD,5,SD,Final
20180414,mlb,380414102,BAL,3,BOS,10,BOS,Final
20180414,mlb,380414120,COL,2,WSH,6,WSH,Final
20180414,mlb,380414117,STL,6,CIN,1,STL,Final
20180414,mlb,380414116,ATL,10,CHC,14,CHC,Final
20180414,mlb,380414118,TEX,6,HOU,5,TEX,Final/10
20180414,mlb,380414130,PHI,9,TB,4,PHI,Final
20180414,mlb,380414121,MIL,5,NYM,1,MIL,Final
20180414,mlb,380414128,PIT,1,MIA,0,PIT,Final
20180414,mlb,380414107,LAA,5,KC,3,LAA,Final
20180414,mlb,380414125,SF,4,SD,5,SD,Final
20180414,mlb,380414119,ARI,9,LAD,1,ARI,Final
20180415,mlb,380415102,BAL,1,BOS,3,BOS,Final
20180415,mlb,380415117,STL,3,CIN,2,STL,Final
20180415,mlb,380415121,MIL,2,NYM,3,NYM,Final
20180415,mlb,380415128,PIT,7,MIA,3,PIT,Final
20180415,mlb,380415130,PHI,10,TB,4,PHI,Final
20180415,mlb,380415120,COL,6,WSH,5,COL,Final
20180415,mlb,380415119,ARI,2,LAD,7,LAD,Final
20180415,mlb,380415125,SF,1,SD,10,SD,Final
20180415,mlb,380415118,TEX,3,HOU,1,TEX,Final/10
20180416,mlb,380416110,MIA,1,NYY,12,NYY,Final
20180416,mlb,380416123,COL,6,PIT,2,COL,Final
20180416,mlb,380416121,WSH,8,NYM,6,WSH,Final
20180416,mlb,380416130,TEX,4,TB,8,TB,Final
20180416,mlb,380416115,PHI,1,ATL,2,ATL,Final
20180416,mlb,380416108,CIN,10,MIL,4,CIN,Final
20180416,mlb,380416112,HOU,1,SEA,2,SEA,Final
20180416,mlb,380416125,LAD,10,SD,3,LAD,Final
20180417,mlb,401029860,KC,3,TOR,11,TOR,Final
20180417,mlb,380417110,MIA,9,NYY,1,MIA,Final
20180417,mlb,380417106,BAL,2,DET,4,DET,Final
20180417,mlb,380417123,COL,2,PIT,0,COL,Final
20180417,mlb,380417314,KC,4,TOR,5,TOR,Final/10
20180417,mlb,380417109,CLE,6,MIN,1,CLE,Final
20180417,mlb,380417121,WSH,5,NYM,2,WSH,Final
20180417,mlb,380417130,TEX,7,TB,2,TEX,Final
20180417,mlb,380417115,PHI,5,ATL,1,PHI,Final/10
20180417,mlb,380417108,CIN,0,MIL,2,MIL,Final
20180417,mlb,380417116,STL,5,CHC,3,STL,Final
20180417,mlb,380417129,SF,0,ARI,1,ARI,Final
20180417,mlb,380417103,BOS,10,LAA,1,BOS,Final
20180417,mlb,380417112,HOU,4,SEA,1,HOU,Final
20180417,mlb,380417125,LAD,7,SD,3,LAD,Final/12
20180418,mlb,380418123,COL,2,PIT,10,PIT,Final
20180418,mlb,380418106,BAL,5,DET,6,DET,Final
20180418,mlb,380418130,TEX,2,TB,4,TB,Final
20180418,mlb,380418108,CIN,0,MIL,2,MIL,Final
20180418,mlb,380418114,KC,5,TOR,15,TOR,Final
20180418,mlb,380418109,CLE,1,MIN,2,MIN,Final/16
20180418,mlb,380418121,WSH,5,NYM,11,NYM,Final
20180418,mlb,380418115,PHI,3,ATL,7,ATL,Final
20180418,mlb,380418129,SF,4,ARI,3,SF,Final/10
20180418,mlb,380418103,BOS,9,LAA,0,BOS,Final
20180418,mlb,380418125,LAD,13,SD,4,LAD,Final
20180418,mlb,400983157,HOU,7,SEA,1,HOU,Final
20180419,mlb,380419106,BAL,8,DET,13,DET,Final
20180419,mlb,380419116,STL,5,CHC,8,CHC,Final
20180419,mlb,380419112,HOU,9,SEA,2,HOU,Final
20180419,mlb,380419110,TOR,3,NYY,4,NYY,Final
20180419,mlb,380419122,PIT,0,PHI,7,PHI,Final
20180419,mlb,380419115,NYM,4,ATL,12,ATL,Final
20180419,mlb,380419108,MIA,3,MIL,12,MIL,Final
20180419,mlb,380419129,SF,1,ARI,3,ARI,Final
20180419,mlb,380419103,BOS,8,LAA,2,BOS,Final
20180420,mlb,401028889,KC,2,DET,3,DET,Final/10
20180420,mlb,380420101,CLE,1,BAL,3,BAL,Final
20180420,mlb,380420122,PIT,1,PHI,2,PHI,Final
20180420,mlb,400983186,TOR,8,NYY,5,TOR,Final
20180420,mlb,380420130,MIN,7,TB,8,TB,Final/10
20180420,mlb,380420306,KC,3,DET,2,KC,Final
20180420,mlb,380420115,NYM,5,ATL,3,NYM,Final/12
20180420,mlb,380420113,SEA,6,TEX,2,SEA,Final
20180420,mlb,380420104,HOU,10,CHW,0,HOU,Final
20180420,mlb,380420108,MIA,0,MIL,8,MIL,Final
20180420,mlb,380420124,CIN,2,STL,4,STL,Final
20180420,mlb,380420127,CHC,16,COL,5,CHC,Final
20180420,mlb,380420129,SD,4,ARI,1,SD,Final
20180420,mlb,380420103,SF,8,LAA,1,SF,Final
20180420,mlb,380420119,WSH,5,LAD,2,WSH,Final
20180421,mlb,380421110,TOR,1,NYY,9,NYY,Final
20180421,mlb,380421106,KC,4,DET,12,DET,Final
20180421,mlb,380421124,CIN,3,STL,4,STL,Final
20180421,mlb,380421101,CLE,4,BAL,0,CLE,Final
20180421,mlb,380421122,PIT,2,PHI,6,PHI,Final
20180421,mlb,380421130,MIN,1,TB,10,TB,Final
20180421,mlb,380421104,HOU,10,CHW,1,HOU,Final
20180421,mlb,380421108,MIA,5,MIL,6,MIL,Final
20180421,mlb,380421115,NYM,3,ATL,4,ATL,Final
20180421,mlb,380421113,SEA,9,TEX,7,SEA,Final
20180421,mlb,380421127,CHC,2,COL,5,COL,Final
20180421,mlb,380421129,SD,2,ARI,6,ARI,Final
20180421,mlb,380421103,SF,3,LAA,4,LAA,Final
20180421,mlb,380421119,WSH,0,LAD,4,LAD,Final
20180422,mlb,380422101,CLE,7,BAL,3,CLE,Final
20180422,mlb,380422110,TOR,1,NYY,5,NYY,Final
20180422,mlb,380422106,KC,8,DET,5,KC,Final
20180422,mlb,380422130,MIN,6,TB,8,TB,Final
20180422,mlb,380422122,PIT,2,PHI,3,PHI,Final/11
20180422,mlb,380422104,HOU,7,CHW,1,HOU,Final
20180422,mlb,380422108,MIA,2,MIL,4,MIL,Final
20180422,mlb,380422124,CIN,2,STL,9,STL,Final
20180422,mlb,380422113,SEA,4,TEX,7,TEX,Final
20180422,mlb,380422127,CHC,9,COL,7,CHC,Final
20180422,mlb,380422103,SF,4,LAA,2,SF,Final
20180422,mlb,380422129,SD,2,ARI,4,ARI,Final
20180422,mlb,380422119,WSH,3,LAD,4,LAD,Final
20180423,mlb,380423117,ATL,4,CIN,10,CIN,Final
20180423,mlb,380423110,MIN,1,NYY,14,NYY,Final
20180423,mlb,380423101,CLE,2,BAL,1,CLE,Final
20180423,mlb,380423104,SEA,4,CHW,10,CHW,Final
20180423,mlb,380423118,LAA,2,HOU,0,LAA,Final
20180423,mlb,380423127,SD,13,COL,5,SD,Final
20180423,mlb,380423119,MIA,1,LAD,2,LAD,Final
20180423,mlb,380423126,WSH,2,SF,4,SF,Final
20180424,mlb,380424104,SEA,1,CHW,0,SEA,Final
20180424,mlb,380424105,CHC,10,CLE,3,CHC,Final
20180424,mlb,380424110,MIN,3,NYY,8,NYY,Final
20180424,mlb,400983229,ATL,7,CIN,9,CIN,Final/12
20180424,mlb,380424122,ARI,8,PHI,4,ARI,Final
20180424,mlb,380424114,BOS,3,TOR,4,TOR,Final/10
20180424,mlb,400983227,LAA,8,HOU,7,LAA,Final
20180424,mlb,380424107,MIL,5,KC,2,MIL,Final
20180424,mlb,380424124,NYM,6,STL,5,NYM,Final/10
20180424,mlb,380424127,SD,0,COL,8,COL,Final
20180424,mlb,380424119,MIA,3,LAD,2,MIA,Final
20180424,mlb,380424126,WSH,3,SF,4,SF,Final
20180425,mlb,380425104,SEA,4,CHW,3,SEA,Final
20180425,mlb,380425118,LAA,2,HOU,5,HOU,Final
20180425,mlb,380425127,SD,2,COL,5,COL,Final
20180425,mlb,380425126,WSH,15,SF,2,WSH,Final
20180425,mlb,400983247,DET,13,PIT,10,DET,Final
20180425,mlb,380425110,MIN,4,NYY,7,NYY,Final
20180425,mlb,380425117,ATL,5,CIN,4,ATL,Final
20180425,mlb,380425105,CHC,1,CLE,4,CLE,Final
20180425,mlb,380425101,TB,8,BAL,4,TB,Final
20180425,mlb,380425122,ARI,3,PHI,5,PHI,Final
20180425,mlb,380425114,BOS,4,TOR,3,BOS,Final
20180425,mlb,380425119,MIA,8,LAD,6,MIA,Final
20180425,mlb,380425107,MIL,6,KC,2,MIL,Final
20180425,mlb,400983251,NYM,1,STL,9,STL,Final
20180425,mlb,380425323,DET,3,PIT,8,PIT,Final
20180426,mlb,380426117,ATL,7,CIN,4,ATL,Final
20180426,mlb,380426123,DET,0,PIT,1,PIT,Final
20180426,mlb,380426110,MIN,3,NYY,4,NYY,Final
20180426,mlb,380426122,ARI,8,PHI,2,ARI,Final
20180426,mlb,380426124,NYM,3,STL,4,STL,Final/13
20180426,mlb,380426105,SEA,5,CLE,4,SEA,Final
20180426,mlb,380426101,TB,9,BAL,5,TB,Final
20180426,mlb,380426114,BOS,5,TOR,4,BOS,Final
20180426,mlb,380426116,MIL,0,CHC,1,CHC,Final
20180426,mlb,380426107,CHW,6,KC,3,CHW,Final
20180427,mlb,380427116,MIL,2,CHC,3,CHC,Final
20180427,mlb,380427101,DET,0,BAL,6,BAL,Final
20180427,mlb,380427120,ARI,5,WSH,4,ARI,Final
20180427,mlb,380427122,ATL,3,PHI,7,PHI,Final
20180427,mlb,380427123,STL,5,PIT,6,PIT,Final/11
20180427,mlb,380427114,TEX,6,TOR,4,TEX,Final
20180427,mlb,380427102,TB,4,BOS,3,TB,Final
20180427,mlb,380427105,SEA,5,CLE,6,CLE,Final
20180427,mlb,380427128,COL,1,MIA,0,COL,Final
20180427,mlb,380427109,CIN,15,MIN,9,CIN,Final
20180427,mlb,380427107,CHW,7,KC,4,CHW,Final/11
20180427,mlb,380427103,NYY,4,LAA,3,NYY,Final/10
20180427,mlb,380427125,NYM,5,SD,1,NYM,Final
20180427,mlb,380427126,LAD,4,SF,6,SF,Final
20180428,mlb,380428109,CIN,1,MIN,3,MIN,Final
20180428,mlb,380428207,CHW,8,KC,0,CHW,Final
20180428,mlb,380428116,MIL,0,CHC,3,CHC,Final
20180428,mlb,380428102,TB,12,BOS,6,TB,Final
20180428,mlb,380428120,ARI,4,WSH,3,ARI,Final/10
20180428,mlb,380428226,LAD,15,SF,6,LAD,Final
20180428,mlb,380428114,TEX,7,TOR,4,TEX,Final
20180428,mlb,380428105,SEA,12,CLE,4,SEA,Final
20180428,mlb,380428122,ATL,4,PHI,1,ATL,Final
20180428,mlb,380428101,DET,9,BAL,5,DET,Final
20180428,mlb,380428123,STL,2,PIT,6,PIT,Final
20180428,mlb,380428128,COL,1,MIA,4,MIA,Final
20180428,mlb,380428307,CHW,2,KC,5,KC,Final
20180428,mlb,380428125,NYM,2,SD,12,SD,Final
20180428,mlb,380428103,NYY,11,LAA,1,NYY,Final
20180428,mlb,380428326,LAD,3,SF,8,SF,Final
20180429,mlb,380429101,DET,3,BAL,5,BAL,Final
20180429,mlb,380429102,TB,3,BOS,4,BOS,Final
20180429,mlb,380429114,TEX,2,TOR,7,TOR,Final
20180429,mlb,380429105,SEA,10,CLE,4,SEA,Final
20180429,mlb,380429128,COL,0,MIA,3,MIA,Final
20180429,mlb,380429120,ARI,1,WSH,3,WSH,Final
20180429,mlb,380429122,ATL,10,PHI,1,ATL,Final
20180429,mlb,380429123,STL,0,PIT,5,PIT,Final
20180429,mlb,380429109,CIN,8,MIN,2,CIN,Final
20180429,mlb,380429107,CHW,4,KC,5,KC,Final
20180429,mlb,380429116,MIL,0,CHC,2,CHC,Final
20180429,mlb,380429125,NYM,14,SD,2,NYM,Final
20180429,mlb,380429126,LAD,2,SF,4,SF,Final
20180429,mlb,380429103,NYY,2,LAA,1,NYY,Final
20180430,mlb,380430105,TEX,5,CLE,7,CLE,Final
20180430,mlb,380430116,COL,2,CHC,3,CHC,Final
20180430,mlb,380430120,PIT,2,WSH,3,WSH,Final
20180430,mlb,380430102,KC,6,BOS,10,BOS,Final
20180430,mlb,380430106,TB,3,DET,2,TB,Final
20180430,mlb,380430117,MIL,6,CIN,5,MIL,Final
20180430,mlb,380430128,PHI,4,MIA,8,MIA,Final
20180430,mlb,380430109,TOR,7,MIN,5,TOR,Final
20180430,mlb,380430118,NYY,1,HOU,2,HOU,Final
20180430,mlb,380430129,LAD,5,ARI,8,ARI,Final
20180430,mlb,380430126,SD,5,SF,6,SF,Final
20180501,mlb,380501105,TEX,8,CLE,6,TEX,Final/12
20180501,mlb,380501120,PIT,4,WSH,12,WSH,Final
20180501,mlb,380501102,KC,7,BOS,6,KC,Final/13
20180501,mlb,380501106,TB,1,DET,2,DET,Final
20180501,mlb,380501117,MIL,7,CIN,6,MIL,Final
20180501,mlb,380501121,ATL,3,NYM,2,ATL,Final
20180501,mlb,380501128,PHI,1,MIA,2,MIA,Final/10
20180501,mlb,380501116,COL,3,CHC,1,COL,Final
20180501,mlb,380501109,TOR,7,MIN,4,TOR,Final/10
20180501,mlb,380501118,NYY,4,HOU,0,NYY,Final
20180501,mlb,380501124,CHW,2,STL,3,STL,Final
20180501,mlb,380501129,LAD,3,ARI,4,ARI,Final
20180501,mlb,380501103,BAL,2,LAA,3,LAA,Final
20180501,mlb,380501126,SD,3,SF,2,SD,Final
20180502,mlb,380502102,KC,4,BOS,5,BOS,Final
20180502,mlb,380502105,TEX,4,CLE,12,CLE,Final
20180502,mlb,380502106,TB,2,DET,3,DET,Final/12
20180502,mlb,380502109,TOR,0,MIN,4,MIN,Final
20180502,mlb,380502124,CHW,2,STL,3,STL,Final
20180502,mlb,380502116,COL,11,CHC,2,COL,Final
20180502,mlb,380502126,SD,4,SF,9,SF,Final
20180502,mlb,380502120,PIT,3,WSH,9,WSH,Final
20180502,mlb,380502117,MIL,3,CIN,1,MIL,Final
20180502,mlb,380502121,ATL,7,NYM,0,ATL,Final
20180502,mlb,380502128,PHI,6,MIA,0,PHI,Final
20180502,mlb,380502118,NYY,4,HOU,0,NYY,Final
20180502,mlb,380502129,LAD,2,ARI,1,LAD,Final
20180502,mlb,380502103,BAL,7,LAA,10,LAA,Final
20180503,mlb,400983361,PIT,1,WSH,3,WSH,Final
20180503,mlb,380503121,ATL,11,NYM,0,ATL,Final
20180503,mlb,401029573,TOR,13,CLE,11,TOR,Final/11
20180503,mlb,380503118,NYY,6,HOU,5,NYY,Final
20180503,mlb,380503107,DET,6,KC,10,KC,Final
20180503,mlb,380503129,LAD,5,ARI,2,LAD,Final
20180503,mlb,380503113,BOS,5,TEX,11,TEX,Final
20180503,mlb,380503104,MIN,5,CHW,6,CHW,Final
20180503,mlb,380503305,TOR,4,CLE,13,CLE,Final
20180503,mlb,380503103,BAL,3,LAA,12,LAA,Final
20180504,mlb,380504110,CLE,6,NYY,7,NYY,Final
20180504,mlb,380504120,PHI,3,WSH,7,WSH,Final
20180504,mlb,380504117,MIA,1,CIN,4,CIN,Final
20180504,mlb,380504121,COL,8,NYM,7,COL,Final
20180504,mlb,380504130,TOR,2,TB,6,TB,Final
20180504,mlb,380504115,SF,9,ATL,4,SF,Final
20180504,mlb,380504113,BOS,5,TEX,1,BOS,Final
20180504,mlb,380504104,MIN,6,CHW,4,MIN,Final
20180504,mlb,380504108,PIT,6,MIL,4,PIT,Final
20180504,mlb,380504107,DET,2,KC,4,KC,Final
20180504,mlb,380504124,CHC,2,STL,3,STL,Final
20180504,mlb,380504125,LAD,4,SD,0,LAD,Final
20180504,mlb,380504129,HOU,8,ARI,0,HOU,Final
20180504,mlb,380504112,LAA,5,SEA,0,LAA,Final
20180505,mlb,380505110,CLE,2,NYY,5,NYY,Final
20180505,mlb,380505124,CHC,6,STL,8,STL,Final/10
20180505,mlb,400983388,PHI,3,WSH,1,PHI,Final
20180505,mlb,380505107,DET,3,KC,2,DET,Final
20180505,mlb,380505130,TOR,3,TB,5,TB,Final
20180505,mlb,380505104,MIN,8,CHW,4,MIN,Final
20180505,mlb,380505108,PIT,3,MIL,5,MIL,Final
20180505,mlb,380505115,SF,11,ATL,2,SF,Final
20180505,mlb,380505117,MIA,6,CIN,0,MIA,Final
20180505,mlb,380505121,COL,2,NYM,0,COL,Final
20180505,mlb,380505125,LAD,4,SD,7,SD,Final
20180505,mlb,380505113,BOS,6,TEX,5,BOS,Final
20180505,mlb,380505129,HOU,3,ARI,4,ARI,Final
20180505,mlb,380505112,LAA,8,SEA,9,SEA,Final/11
20180506,mlb,380506110,CLE,4,NYY,7,NYY,Final
20180506,mlb,380506121,COL,3,NYM,2,COL,Final
20180506,mlb,380506130,TOR,2,TB,1,TOR,Final
20180506,mlb,380506115,SF,4,ATL,3,SF,Final
20180506,mlb,380506120,PHI,4,WSH,5,WSH,Final
20180506,mlb,380506104,MIN,5,CHW,3,MIN,Final
20180506,mlb,380506108,PIT,9,MIL,0,PIT,Final
20180506,mlb,380506107,DET,2,KC,4,KC,Final
20180506,mlb,380506113,BOS,6,TEX,1,BOS,Final
20180506,mlb,380506125,LAD,0,SD,3,SD,Final
20180506,mlb,380506112,LAA,8,SEA,2,LAA,Final
20180506,mlb,380506117,MIA,8,CIN,5,MIA,Final
20180506,mlb,380506129,HOU,1,ARI,3,ARI,Final
20180506,mlb,400983395,CHC,3,STL,4,STL,Final/14
20180507,mlb,380507122,SF,0,PHI,11,PHI,Final
20180507,mlb,380507117,NYM,7,CIN,6,NYM,Final
20180507,mlb,380507124,MIN,6,STL,0,MIN,Final
20180507,mlb,380507113,DET,6,TEX,7,TEX,Final
20180507,mlb,380507116,MIA,2,CHC,14,CHC,Final
20180507,mlb,380507125,WSH,8,SD,5,WSH,Final
20180508,mlb,380508124,MIN,7,STL,1,MIN,Final
20180508,mlb,380508101,KC,15,BAL,7,KC,Final
20180508,mlb,380508122,SF,2,PHI,4,PHI,Final
20180508,mlb,400983417,BOS,2,NYY,3,NYY,Final
20180508,mlb,380508114,SEA,5,TOR,0,SEA,Final
20180508,mlb,380508117,NYM,2,CIN,7,CIN,Final
20180508,mlb,380508130,ATL,1,TB,0,ATL,Final
20180508,mlb,380508108,CLE,2,MIL,3,MIL,Final
20180508,mlb,380508113,DET,7,TEX,4,DET,Final
20180508,mlb,380508116,MIA,3,CHC,4,CHC,Final
20180508,mlb,380508104,PIT,10,CHW,6,PIT,Final
20180508,mlb,380508127,LAA,2,COL,4,COL,Final
20180508,mlb,380508119,ARI,8,LAD,5,ARI,Final/12
20180508,mlb,380508125,WSH,4,SD,0,WSH,Final
20180509,mlb,380509117,NYM,1,CIN,2,CIN,Final/10
20180509,mlb,380509108,CLE,6,MIL,2,CLE,Final
20180509,mlb,380509113,DET,4,TEX,5,TEX,Final/10
20180509,mlb,380509104,PIT,6,CHW,5,PIT,Final
20180509,mlb,380509116,MIA,4,CHC,13,CHC,Final
20180509,mlb,380509127,LAA,8,COL,0,LAA,Final
20180509,mlb,380509110,BOS,6,NYY,9,NYY,Final
20180509,mlb,380509101,KC,3,BAL,5,BAL,Final
20180509,mlb,380509122,SF,3,PHI,11,PHI,Final
20180509,mlb,400983440,SEA,2,TOR,5,TOR,Final
20180509,mlb,380509130,ATL,5,TB,2,ATL,Final
20180509,mlb,380509125,WSH,1,SD,2,SD,Final
20180509,mlb,400983430,ARI,3,LAD,6,LAD,Final
20180510,mlb,380510122,SF,3,PHI,6,PHI,Final
20180510,mlb,380510101,KC,6,BAL,11,BAL,Final
20180510,mlb,380510110,BOS,5,NYY,4,BOS,Final
20180510,mlb,380510114,SEA,9,TOR,3,SEA,Final
20180510,mlb,380510128,ATL,9,MIA,2,ATL,Final
20180510,mlb,400983447,MIL,5,COL,2,MIL,Final
20180510,mlb,380510129,WSH,2,ARI,1,WSH,Final/11
20180510,mlb,380510103,MIN,4,LAA,7,LAA,Final
20180510,mlb,380510119,CIN,4,LAD,1,CIN,Final
20180510,mlb,380510125,STL,2,SD,1,STL,Final
20180511,mlb,380511116,CHW,2,CHC,11,CHC,Final
20180511,mlb,380511122,NYM,3,PHI,1,NYM,Final
20180511,mlb,380511123,SF,2,PIT,11,PIT,Final
20180511,mlb,400983465,TB,4,BAL,9,BAL,Final
20180511,mlb,380511114,BOS,3,TOR,5,TOR,Final/12
20180511,mlb,380511105,KC,10,CLE,9,KC,Final
20180511,mlb,380511128,ATL,3,MIA,6,MIA,Final
20180511,mlb,380511118,TEX,1,HOU,0,TEX,Final
20180511,mlb,380511127,MIL,11,COL,10,MIL,Final/10
20180511,mlb,380511129,WSH,3,ARI,1,WSH,Final
20180511,mlb,380511103,MIN,5,LAA,4,MIN,Final
20180511,mlb,380511125,STL,9,SD,5,STL,Final
20180511,mlb,400983456,CIN,6,LAD,2,CIN,Final
20180512,mlb,380512116,CHW,4,CHC,8,CHC,Final
20180512,mlb,400983480,TB,3,BAL,6,BAL,Final
20180512,mlb,380512129,WSH,2,ARI,1,WSH,Final
20180512,mlb,380512114,BOS,5,TOR,2,BOS,Final
20180512,mlb,380512105,KC,2,CLE,6,CLE,Final
20180512,mlb,400983477,SEA,3,DET,4,DET,Final
20180512,mlb,380512301,TB,10,BAL,3,TB,Final
20180512,mlb,380512123,SF,5,PIT,6,PIT,Final
20180512,mlb,380512118,TEX,1,HOU,6,HOU,Final
20180512,mlb,380512128,ATL,10,MIA,5,ATL,Final
20180512,mlb,380512306,SEA,9,DET,5,SEA,Final
20180512,mlb,380512127,MIL,0,COL,4,COL,Final
20180512,mlb,380512125,STL,1,SD,2,SD,Final/13
20180512,mlb,380512103,MIN,5,LAA,3,MIN,Final/12
20180512,mlb,380512119,CIN,5,LAD,3,CIN,Final
20180513,mlb,380513101,TB,1,BAL,17,BAL,Final
20180513,mlb,380513114,BOS,5,TOR,3,BOS,Final
20180513,mlb,380513105,KC,2,CLE,11,CLE,Final
20180513,mlb,380513106,SEA,4,DET,5,DET,Final
20180513,mlb,380513128,ATL,4,MIA,3,ATL,Final
20180513,mlb,380513122,NYM,2,PHI,4,PHI,Final
20180513,mlb,380513123,SF,5,PIT,0,SF,Final
20180513,mlb,380513118,TEX,1,HOU,6,HOU,Final
20180513,mlb,380513116,CHW,5,CHC,3,CHW,Final
20180513,mlb,380513127,MIL,7,COL,3,MIL,Final
20180513,mlb,380513103,MIN,1,LAA,2,LAA,Final
20180513,mlb,380513125,STL,3,SD,5,SD,Final
20180513,mlb,400983486,CIN,5,LAD,3,CIN,Final
20180513,mlb,380513129,WSH,6,ARI,4,WSH,Final
20180514,mlb,380514116,ATL,6,CHC,5,ATL,Final
20180514,mlb,380514107,TB,2,KC,1,TB,Final
20180514,mlb,380514106,CLE,3,DET,6,DET,Final
20180514,mlb,380514109,SEA,1,MIN,0,SEA,Final
20180514,mlb,380514129,MIL,7,ARI,2,MIL,Final
20180514,mlb,380514103,HOU,1,LAA,2,LAA,Final
20180514,mlb,380514125,COL,6,SD,4,COL,Final
20180514,mlb,380514126,CIN,7,SF,10,SF,Final
20180515,mlb,380515125,COL,0,SD,4,SD,Final
20180515,mlb,380515123,CHW,0,PIT,7,PIT,Final
20180515,mlb,400983513,NYY,3,WSH,5,WSH,Final
20180515,mlb,380515106,CLE,8,DET,9,DET,Final
20180515,mlb,380515128,LAD,2,MIA,4,MIA,Final
20180515,mlb,400983519,TOR,2,NYM,12,NYM,Final
20180515,mlb,380515115,CHC,3,ATL,2,CHC,Final
20180515,mlb,380515109,STL,1,MIN,4,MIN,Final
20180515,mlb,380515107,TB,6,KC,5,TB,Final
20180515,mlb,380515129,MIL,1,ARI,2,ARI,Final
20180515,mlb,380515103,HOU,5,LAA,3,HOU,Final
20180515,mlb,380515112,TEX,8,SEA,9,SEA,Final/11
20180515,mlb,380515126,CIN,3,SF,5,SF,Final
20180516,mlb,380516101,PHI,4,BAL,1,PHI,Final
20180516,mlb,380516123,CHW,2,PIT,3,PIT,Final
20180516,mlb,380516106,CLE,6,DET,0,CLE,Final
20180516,mlb,380516109,STL,7,MIN,5,STL,Final
20180516,mlb,380516121,TOR,12,NYM,1,TOR,Final
20180516,mlb,380516107,TB,5,KC,3,TB,Final
20180516,mlb,380516112,TEX,5,SEA,1,TEX,Final
20180516,mlb,380516129,MIL,8,ARI,2,MIL,Final
20180516,mlb,380516126,CIN,6,SF,3,CIN,Final
20180516,mlb,380516128,LAD,5,MIA,6,MIA,Final
20180516,mlb,380516115,CHC,1,ATL,4,ATL,Final
20180516,mlb,380516103,HOU,2,LAA,0,HOU,Final
20180517,mlb,380517128,LAD,7,MIA,0,LAD,Final
20180517,mlb,380517123,SD,4,PIT,5,PIT,Final
20180517,mlb,380517102,BAL,2,BOS,6,BOS,Final
20180517,mlb,400983539,PHI,6,STL,2,PHI,Final
20180517,mlb,380517104,TEX,2,CHW,4,CHW,Final
20180517,mlb,380517103,TB,7,LAA,1,TB,Final
20180517,mlb,380517112,DET,3,SEA,2,DET,Final
20180517,mlb,380517126,COL,5,SF,3,COL,Final/12
20180518,mlb,380518123,SD,3,PIT,2,SD,Final
20180518,mlb,380518102,BAL,7,BOS,4,BAL,Final
20180518,mlb,380518117,CHC,8,CIN,1,CHC,Final
20180518,mlb,380518121,ARI,1,NYM,3,NYM,Final
20180518,mlb,380518115,MIA,2,ATL,0,MIA,Final
20180518,mlb,380518104,TEX,12,CHW,5,TEX,Final
20180518,mlb,380518109,MIL,8,MIN,3,MIL,Final
20180518,mlb,380518118,CLE,1,HOU,4,HOU,Final
20180518,mlb,380518107,NYY,2,KC,5,KC,Final
20180518,mlb,380518124,PHI,4,STL,12,STL,Final
20180518,mlb,380518103,TB,8,LAA,3,TB,Final
20180518,mlb,380518112,DET,4,SEA,5,SEA,Final
20180518,mlb,380518126,COL,6,SF,1,COL,Final
20180519,mlb,380519217,CHC,4,CIN,5,CIN,Final/11
20180519,mlb,380519220,LAD,4,WSH,1,LAD,Final
20180519,mlb,380519124,PHI,7,STL,6,PHI,Final
20180519,mlb,380519126,COL,4,SF,9,SF,Final
20180519,mlb,380519118,CLE,5,HOU,4,CLE,Final
20180519,mlb,380519123,SD,6,PIT,2,SD,Final
20180519,mlb,380519102,BAL,3,BOS,6,BOS,Final
20180519,mlb,380519104,TEX,3,CHW,5,CHW,Final
20180519,mlb,380519109,MIL,5,MIN,4,MIL,Final
20180519,mlb,380519115,MIA,1,ATL,8,ATL,Final
20180519,mlb,380519121,ARI,4,NYM,5,NYM,Final
20180519,mlb,380519317,CHC,10,CIN,0,CHC,Final
20180519,mlb,380519107,NYY,8,KC,3,NYY,Final
20180519,mlb,380519320,LAD,5,WSH,4,LAD,Final
20180519,mlb,380519103,TB,5,LAA,3,TB,Final
20180519,mlb,380519112,DET,2,SEA,7,SEA,Final
20180520,mlb,380520102,BAL,0,BOS,5,BOS,Final
20180520,mlb,380520117,CHC,6,CIN,1,CHC,Final
20180520,mlb,380520121,ARI,1,NYM,4,NYM,Final
20180520,mlb,380520115,MIA,9,ATL,10,ATL,Final
20180520,mlb,380520120,LAD,7,WSH,2,LAD,Final
20180520,mlb,380520123,SD,8,PIT,5,SD,Final
20180520,mlb,380520104,TEX,0,CHW,3,CHW,Final
20180520,mlb,380520109,MIL,1,MIN,3,MIN,Final
20180520,mlb,380520107,NYY,10,KC,1,NYY,Final
20180520,mlb,380520124,PHI,1,STL,5,STL,Final
20180520,mlb,380520126,COL,5,SF,9,SF,Final
20180520,mlb,380520103,TB,2,LAA,5,LAA,Final
20180520,mlb,380520112,DET,2,SEA,3,SEA,Final/11
20180520,mlb,400983576,CLE,1,HOU,3,HOU,Final
20180521,mlb,380521120,SD,2,WSH,10,WSH,Final
20180521,mlb,380521122,ATL,0,PHI,3,PHI,Final
20180521,mlb,380521121,MIA,0,NYM,2,NYM,Final
20180521,mlb,380521108,ARI,2,MIL,4,MIL,Final
20180521,mlb,380521113,NYY,10,TEX,5,NYY,Final
20180521,mlb,380521104,BAL,3,CHW,2,BAL,Final
20180521,mlb,380521109,DET,2,MIN,4,MIN,Final
20180521,mlb,380521124,KC,0,STL,6,STL,Final
20180521,mlb,380521119,COL,2,LAD,1,COL,Final
20180522,mlb,400983602,CLE,10,CHC,1,CLE,Final
20180522,mlb,380522120,SD,1,WSH,2,WSH,Final
20180522,mlb,380522122,ATL,3,PHI,1,ATL,Final
20180522,mlb,380522114,LAA,3,TOR,5,TOR,Final
20180522,mlb,380522117,PIT,2,CIN,7,CIN,Final
20180522,mlb,380522121,MIA,5,NYM,1,MIA,Final
20180522,mlb,380522130,BOS,4,TB,2,BOS,Final
20180522,mlb,380522108,ARI,0,MIL,1,MIL,Final
20180522,mlb,380522113,NYY,4,TEX,6,TEX,Final
20180522,mlb,380522104,BAL,2,CHW,3,CHW,Final
20180522,mlb,380522109,DET,0,MIN,6,MIN,Final
20180522,mlb,380522118,SF,2,HOU,11,HOU,Final
20180522,mlb,380522124,KC,5,STL,1,KC,Final
20180522,mlb,380522119,COL,3,LAD,5,LAD,Final
20180523,mlb,380523108,ARI,2,MIL,9,MIL,Final
20180523,mlb,380523109,DET,4,MIN,1,DET,Final
20180523,mlb,380523124,KC,5,STL,2,KC,Final/10
20180523,mlb,380523118,SF,1,HOU,4,HOU,Final
20180523,mlb,380523120,SD,3,WSH,1,SD,Final
20180523,mlb,380523122,ATL,0,PHI,4,PHI,Final
20180523,mlb,400983622,NYY,10,TEX,12,TEX,Final
20180523,mlb,380523114,LAA,5,TOR,4,LAA,Final
20180523,mlb,380523117,PIT,5,CIN,4,PIT,Final/12
20180523,mlb,380523121,MIA,2,NYM,1,MIA,Final
20180523,mlb,380523130,BOS,4,TB,1,BOS,Final
20180523,mlb,380523116,CLE,1,CHC,0,CLE,Final
20180523,mlb,380523104,BAL,1,CHW,11,CHW,Final
20180523,mlb,380523119,COL,0,LAD,3,LAD,Final
20180524,mlb,380524117,PIT,4,CIN,5,CIN,Final
20180524,mlb,380524114,LAA,8,TOR,1,LAA,Final
20180524,mlb,380524104,BAL,9,CHW,3,BAL,Final
20180524,mlb,380524105,HOU,8,CLE,2,HOU,Final
20180524,mlb,400983629,BOS,3,TB,6,TB,Final
20180524,mlb,380524113,KC,8,TEX,2,KC,Final
20180524,mlb,380524108,NYM,5,MIL,0,NYM,Final
20180525,mlb,380525116,SF,2,CHC,6,CHC,Final
20180525,mlb,380525110,LAA,1,NYY,2,NYY,Final
20180525,mlb,380525122,TOR,6,PHI,5,TOR,Final
20180525,mlb,380525123,STL,1,PIT,8,PIT,Final
20180525,mlb,380525102,ATL,2,BOS,6,BOS,Final
20180525,mlb,380525105,HOU,11,CLE,2,HOU,Final
20180525,mlb,380525106,CHW,4,DET,5,DET,Final
20180525,mlb,380525128,WSH,9,MIA,5,WSH,Final
20180525,mlb,380525130,BAL,2,TB,0,BAL,Final
20180525,mlb,380525113,KC,4,TEX,8,TEX,Final
20180525,mlb,380525108,NYM,3,MIL,4,MIL,Final/10
20180525,mlb,400983640,CIN,4,COL,5,COL,Final
20180525,mlb,380525112,MIN,1,SEA,2,SEA,Final
20180525,mlb,380525119,SD,1,LAD,4,LAD,Final
20180526,mlb,380526102,ATL,6,BOS,8,BOS,Final
20180526,mlb,380526113,KC,3,TEX,4,TEX,Final/10
20180526,mlb,380526122,TOR,1,PHI,2,PHI,Final
20180526,mlb,380526123,STL,4,PIT,1,STL,Final
20180526,mlb,380526106,CHW,8,DET,4,CHW,Final
20180526,mlb,380526108,NYM,6,MIL,17,MIL,Final
20180526,mlb,380526128,WSH,4,MIA,1,WSH,Final
20180526,mlb,380526130,BAL,1,TB,5,TB,Final
20180526,mlb,380526105,HOU,6,CLE,8,CLE,Final
20180526,mlb,380526110,LAA,11,NYY,4,LAA,Final
20180526,mlb,380526116,SF,5,CHC,4,SF,Final
20180526,mlb,380526127,CIN,6,COL,5,CIN,Final
20180526,mlb,380526112,MIN,3,SEA,4,SEA,Final/12
20180526,mlb,380526119,SD,7,LAD,5,SD,Final
20180527,mlb,380527102,ATL,7,BOS,1,ATL,Final
20180527,mlb,380527110,LAA,1,NYY,3,NYY,Final
20180527,mlb,380527105,HOU,9,CLE,10,CLE,Final/14
20180527,mlb,380527106,CHW,2,DET,3,DET,Final
20180527,mlb,380527128,WSH,5,MIA,2,WSH,Final
20180527,mlb,380527130,BAL,3,TB,8,TB,Final
20180527,mlb,380527122,TOR,5,PHI,3,TOR,Final
20180527,mlb,380527123,STL,6,PIT,4,STL,Final
20180527,mlb,380527108,NYM,7,MIL,8,MIL,Final
20180527,mlb,380527113,KC,5,TEX,3,KC,Final
20180527,mlb,400983670,CIN,2,COL,8,COL,Final
20180527,mlb,380527112,MIN,1,SEA,3,SEA,Final
20180527,mlb,380527119,SD,1,LAD,6,LAD,Final
20180527,mlb,380527116,SF,3,CHC,8,CHC,Final
20180528,mlb,380528110,HOU,5,NYY,1,HOU,Final
20180528,mlb,380528101,WSH,6,BAL,0,WSH,Final
20180528,mlb,380528102,TOR,3,BOS,8,BOS,Final
20180528,mlb,380528106,LAA,3,DET,9,DET,Final
20180528,mlb,380528215,NYM,3,ATL,4,ATL,Final
20180528,mlb,380528123,CHC,7,PIT,0,CHC,Final
20180528,mlb,380528108,STL,3,MIL,8,MIL,Final
20180528,mlb,380528105,CHW,6,CLE,9,CLE,Final
20180528,mlb,380528112,TEX,1,SEA,2,SEA,Final
20180528,mlb,380528125,MIA,7,SD,2,MIA,Final
20180528,mlb,380528129,CIN,5,ARI,12,ARI,Final
20180528,mlb,380528127,SF,5,COL,6,COL,Final/10
20180528,mlb,380528315,NYM,8,ATL,5,NYM,Final
20180528,mlb,380528107,MIN,8,KC,5,MIN,Final
20180528,mlb,380528119,PHI,4,LAD,5,LAD,Final
20180529,mlb,380529105,CHW,3,CLE,7,CLE,Final
20180529,mlb,380529101,WSH,3,BAL,2,WSH,Final
20180529,mlb,380529110,HOU,5,NYY,6,NYY,Final/10
20180529,mlb,380529123,CHC,8,PIT,6,CHC,Final
20180529,mlb,380529102,TOR,3,BOS,8,BOS,Final
20180529,mlb,380529106,LAA,9,DET,2,LAA,Final
20180529,mlb,380529115,NYM,6,ATL,7,ATL,Final
20180529,mlb,400983705,STL,6,MIL,1,STL,Final
20180529,mlb,380529107,MIN,1,KC,2,KC,Final/14
20180529,mlb,380529127,SF,4,COL,11,COL,Final
20180529,mlb,380529129,CIN,2,ARI,5,ARI,Final
20180529,mlb,380529112,TEX,9,SEA,5,TEX,Final
20180529,mlb,380529119,PHI,6,LAD,1,PHI,Final
20180529,mlb,380529125,MIA,5,SD,9,SD,Final
20180530,mlb,380530102,TOR,4,BOS,6,BOS,Final
20180530,mlb,380530105,CHW,1,CLE,9,CLE,Final
20180530,mlb,380530108,STL,2,MIL,3,MIL,Final
20180530,mlb,380530129,CIN,7,ARI,4,CIN,Final
20180530,mlb,380530110,HOU,3,NYY,5,NYY,Final
20180530,mlb,380530101,WSH,2,BAL,0,WSH,Final
20180530,mlb,380530123,CHC,1,PIT,2,PIT,Final
20180530,mlb,380530106,LAA,1,DET,6,DET,Final
20180530,mlb,380530115,NYM,4,ATL,1,NYM,Final
20180530,mlb,380530107,MIN,8,KC,11,KC,Final
20180530,mlb,400983719,SF,7,COL,4,SF,Final
20180530,mlb,380530112,TEX,7,SEA,6,TEX,Final
20180530,mlb,380530119,PHI,2,LAD,8,LAD,Final
20180530,mlb,380530125,MIA,2,SD,3,SD,Final
20180531,mlb,380531106,LAA,2,DET,6,DET,Final
20180531,mlb,380531121,CHC,5,NYM,1,CHC,Final
20180531,mlb,380531124,PIT,8,STL,10,STL,Final
20180531,mlb,380531115,WSH,2,ATL,4,ATL,Final
20180531,mlb,380531119,PHI,2,LAD,1,PHI,Final
20180531,mlb,380531109,CLE,9,MIN,8,CLE,Final
20180531,mlb,380531118,BOS,2,HOU,4,HOU,Final
20180531,mlb,380531125,MIA,3,SD,8,SD,Final
20180531,mlb,380531112,TEX,1,SEA,6,SEA,Final
20180601,mlb,380601101,NYY,4,BAL,1,NYY,Final
20180601,mlb,380601106,TOR,2,DET,5,DET,Final
20180601,mlb,380601121,CHC,7,NYM,4,CHC,Final
20180601,mlb,380601115,WSH,0,ATL,4,ATL,Final
20180601,mlb,380601104,MIL,3,CHW,8,CHW,Final
20180601,mlb,380601109,CLE,4,MIN,7,MIN,Final
20180601,mlb,380601118,BOS,3,HOU,7,HOU,Final
20180601,mlb,380601124,PIT,4,STL,0,PIT,Final
20180601,mlb,380601127,LAD,11,COL,8,LAD,Final
20180601,mlb,380601129,MIA,1,ARI,9,ARI,Final
20180601,mlb,380601103,TEX,0,LAA,6,LAA,Final
20180601,mlb,380601112,TB,3,SEA,4,SEA,Final/13
20180601,mlb,380601125,CIN,7,SD,2,CIN,Final
20180601,mlb,380601126,PHI,0,SF,4,SF,Final
20180602,mlb,380602104,MIL,5,CHW,0,MIL,Final
20180602,mlb,380602124,PIT,2,STL,3,STL,Final
20180602,mlb,380602101,NYY,8,BAL,5,NYY,Final
20180602,mlb,380602106,TOR,4,DET,7,DET,Final
20180602,mlb,380602109,CLE,1,MIN,7,MIN,Final
20180602,mlb,380602115,WSH,5,ATL,3,WSH,Final/14
20180602,mlb,380602118,BOS,5,HOU,4,BOS,Final
20180602,mlb,380602121,CHC,7,NYM,1,CHC,Final/14
20180602,mlb,400983755,LAD,12,COL,4,LAD,Final
20180602,mlb,380602125,CIN,2,SD,8,SD,Final
20180602,mlb,380602103,TEX,3,LAA,2,TEX,Final/10
20180602,mlb,380602126,PHI,0,SF,2,SF,Final
20180602,mlb,380602112,TB,1,SEA,3,SEA,Final
20180602,mlb,380602129,MIA,2,ARI,6,ARI,Final
20180603,mlb,380603106,TOR,8,DET,4,TOR,Final
20180603,mlb,380603121,CHC,2,NYM,0,CHC,Final
20180603,mlb,380603115,WSH,2,ATL,4,ATL,Final
20180603,mlb,380603104,MIL,1,CHW,6,CHW,Final
20180603,mlb,380603109,CLE,5,MIN,7,MIN,Final
20180603,mlb,380603124,PIT,0,STL,5,STL,Final
20180603,mlb,380603127,LAD,10,COL,7,LAD,Final
20180603,mlb,380603126,PHI,1,SF,6,SF,Final
20180603,mlb,380603103,TEX,1,LAA,3,LAA,Final
20180603,mlb,380603112,TB,1,SEA,2,SEA,Final
20180603,mlb,380603129,MIA,1,ARI,6,ARI,Final
20180603,mlb,380603125,CIN,3,SD,6,SD,Final
20180603,mlb,380603118,BOS,9,HOU,3,BOS,Final
20180604,mlb,380604210,NYY,7,DET,4,NYY,Final
20180604,mlb,380604310,NYY,2,DET,4,DET,Final
20180604,mlb,380604126,ARI,3,SF,10,SF,Final
20180604,mlb,380604103,KC,6,LAA,9,LAA,Final
20180604,mlb,380604125,ATL,4,SD,11,SD,Final
20180605,mlb,401029790,CHW,2,MIN,4,MIN,Final
20180605,mlb,380605120,TB,2,WSH,4,WSH,Final
20180605,mlb,380605123,LAD,5,PIT,0,LAD,Final
20180605,mlb,380605114,NYY,7,TOR,2,NYY,Final
20180605,mlb,380605102,DET,0,BOS,6,BOS,Final
20180605,mlb,380605105,MIL,2,CLE,3,CLE,Final
20180605,mlb,380605121,BAL,2,NYM,1,BAL,Final
20180605,mlb,400983788,COL,9,CIN,6,COL,Final
20180605,mlb,380605309,CHW,6,MIN,3,CHW,Final
20180605,mlb,380605116,PHI,6,CHC,1,PHI,Final
20180605,mlb,380605118,SEA,7,HOU,1,SEA,Final
20180605,mlb,380605124,MIA,7,STL,4,MIA,Final
20180605,mlb,380605103,KC,0,LAA,1,LAA,Final
20180605,mlb,380605125,ATL,14,SD,1,ATL,Final
20180605,mlb,380605126,ARI,3,SF,2,ARI,Final
20180606,mlb,380606120,TB,2,WSH,11,WSH,Final
20180606,mlb,380606105,MIL,1,CLE,3,CLE,Final
20180606,mlb,380606121,BAL,1,NYM,0,BAL,Final
20180606,mlb,380606125,ATL,1,SD,3,SD,Final
20180606,mlb,380606126,ARI,4,SF,5,SF,Final/10
20180606,mlb,380606123,LAD,9,PIT,11,PIT,Final
20180606,mlb,380606114,NYY,3,TOR,0,NYY,Final/13
20180606,mlb,380606102,DET,1,BOS,7,BOS,Final
20180606,mlb,380606117,COL,6,CIN,3,COL,Final
20180606,mlb,380606116,PHI,5,CHC,7,CHC,Final
20180606,mlb,380606109,CHW,5,MIN,2,CHW,Final
20180606,mlb,380606118,SEA,5,HOU,7,HOU,Final
20180606,mlb,380606124,MIA,11,STL,3,MIA,Final
20180606,mlb,380606103,KC,3,LAA,4,LAA,Final
20180607,mlb,380607123,LAD,8,PIT,7,LAD,Final
20180607,mlb,400983816,COL,5,CIN,7,CIN,Final/13
20180607,mlb,380607109,CHW,2,MIN,7,MIN,Final
20180607,mlb,380607124,MIA,1,STL,4,STL,Final
20180607,mlb,400983822,PHI,3,CHC,4,CHC,Final
20180607,mlb,380607102,DET,7,BOS,2,DET,Final
20180607,mlb,380607114,BAL,4,TOR,5,TOR,Final/10
20180607,mlb,380607130,SEA,5,TB,4,SEA,Final
20180607,mlb,380607113,HOU,5,TEX,2,HOU,Final
20180608,mlb,380608116,PIT,1,CHC,3,CHC,Final
20180608,mlb,380608120,SF,9,WSH,5,SF,Final
20180608,mlb,380608122,MIL,12,PHI,4,MIL,Final
20180608,mlb,380608114,BAL,1,TOR,5,TOR,Final
20180608,mlb,380608102,CHW,1,BOS,0,CHW,Final
20180608,mlb,380608106,CLE,4,DET,1,CLE,Final
20180608,mlb,380608117,STL,7,CIN,6,STL,Final/10
20180608,mlb,380608121,NYY,4,NYM,1,NYY,Final
20180608,mlb,380608128,SD,0,MIA,4,MIA,Final
20180608,mlb,380608130,SEA,4,TB,3,SEA,Final
20180608,mlb,380608113,HOU,7,TEX,3,HOU,Final
20180608,mlb,380608109,LAA,4,MIN,2,LAA,Final
20180608,mlb,380608127,ARI,9,COL,4,ARI,Final
20180608,mlb,380608119,ATL,3,LAD,7,LAD,Final
20180609,mlb,380609120,SF,5,WSH,7,WSH,Final
20180609,mlb,380609122,MIL,12,PHI,3,MIL,Final
20180609,mlb,380609114,BAL,3,TOR,4,TOR,Final/10
20180609,mlb,380609109,LAA,2,MIN,1,LAA,Final
20180609,mlb,380609116,PIT,0,CHC,2,CHC,Final
20180609,mlb,380609102,CHW,2,BOS,4,BOS,Final
20180609,mlb,380609106,CLE,2,DET,4,DET,Final/12
20180609,mlb,380609117,STL,6,CIN,4,STL,Final
20180609,mlb,380609128,SD,5,MIA,4,SD,Final
20180609,mlb,380609130,SEA,3,TB,7,TB,Final
20180609,mlb,380609113,HOU,4,TEX,3,HOU,Final
20180609,mlb,380609121,NYY,4,NYM,3,NYY,Final
20180609,mlb,380609127,ARI,12,COL,7,ARI,Final
20180609,mlb,380609119,ATL,5,LAD,3,ATL,Final
20180610,mlb,380610102,CHW,5,BOS,2,CHW,Final
20180610,mlb,380610114,BAL,3,TOR,13,TOR,Final
20180610,mlb,380610106,CLE,9,DET,2,CLE,Final
20180610,mlb,380610117,STL,3,CIN,6,CIN,Final
20180610,mlb,380610128,SD,3,MIA,1,SD,Final
20180610,mlb,380610130,SEA,5,TB,4,SEA,Final
20180610,mlb,380610122,MIL,3,PHI,4,PHI,Final
20180610,mlb,380610109,LAA,5,MIN,7,MIN,Final
20180610,mlb,380610116,PIT,7,CHC,1,PIT,Final
20180610,mlb,380610113,HOU,8,TEX,7,HOU,Final
20180610,mlb,380610127,ARI,8,COL,3,ARI,Final
20180610,mlb,380610120,SF,2,WSH,0,SF,Final
20180610,mlb,380610119,ATL,2,LAD,7,LAD,Final
20180610,mlb,380610121,NYY,0,NYM,2,NYM,Final
20180611,mlb,380611101,BOS,2,BAL,0,BOS,Final/12
20180611,mlb,380611128,SF,5,MIA,7,MIA,Final
20180611,mlb,380611130,TOR,4,TB,8,TB,Final
20180611,mlb,380611104,CLE,4,CHW,0,CLE,Final
20180611,mlb,380611108,CHC,7,MIL,2,CHC,Final/11
20180611,mlb,380611124,SD,2,STL,5,STL,Final
20180611,mlb,380611129,PIT,5,ARI,9,ARI,Final
20180611,mlb,380611112,LAA,3,SEA,5,SEA,Final
20180612,mlb,380612101,BOS,6,BAL,4,BOS,Final
20180612,mlb,380612110,WSH,0,NYY,3,NYY,Final
20180612,mlb,380612122,COL,4,PHI,5,PHI,Final
20180612,mlb,380612106,MIN,6,DET,4,MIN,Final
20180612,mlb,380612128,SF,1,MIA,3,MIA,Final
20180612,mlb,380612130,TOR,1,TB,4,TB,Final
20180612,mlb,380612115,NYM,2,ATL,8,ATL,Final
20180612,mlb,380612104,CLE,1,CHW,5,CHW,Final
20180612,mlb,380612108,CHC,0,MIL,4,MIL,Final
20180612,mlb,380612107,CIN,5,KC,1,CIN,Final/10
20180612,mlb,380612124,SD,4,STL,2,SD,Final
20180612,mlb,380612129,PIT,8,ARI,13,ARI,Final
20180612,mlb,380612119,TEX,5,LAD,12,LAD,Final
20180612,mlb,400983877,LAA,3,SEA,6,SEA,Final
20180613,mlb,380613115,NYM,0,ATL,2,ATL,Final
20180613,mlb,380613130,TOR,0,TB,1,TB,Final
20180613,mlb,380613108,CHC,0,MIL,1,MIL,Final
20180613,mlb,380613101,BOS,5,BAL,1,BOS,Final
20180613,mlb,380613129,PIT,5,ARI,4,PIT,Final
20180613,mlb,400983901,PIT,5,ARI,4,PIT,Final
20180613,mlb,380613112,LAA,6,SEA,8,SEA,Final
20180613,mlb,380613110,WSH,5,NYY,4,WSH,Final
20180613,mlb,380613122,COL,7,PHI,2,COL,Final
20180613,mlb,380613106,MIN,2,DET,5,DET,Final
20180613,mlb,380613128,SF,4,MIA,5,MIA,Final
20180613,mlb,380613104,CLE,2,CHW,3,CHW,Final
20180613,mlb,380613107,CIN,7,KC,0,CIN,Final
20180613,mlb,380613124,SD,4,STL,2,SD,Final
20180613,mlb,380613119,TEX,2,LAD,3,LAD,Final/11
20180614,mlb,380614128,SF,6,MIA,3,SF,Final/16
20180614,mlb,380614122,COL,3,PHI,9,PHI,Final
20180614,mlb,380614106,MIN,1,DET,3,DET,Final
20180614,mlb,380614104,CLE,5,CHW,2,CLE,Final
20180614,mlb,380614110,TB,3,NYY,4,NYY,Final
20180614,mlb,380614115,SD,2,ATL,4,ATL,Final
20180614,mlb,380614129,NYM,3,ARI,6,ARI,Final
20180614,mlb,380614112,BOS,2,SEA,1,BOS,Final
20180615,mlb,380615101,MIA,2,BAL,0,MIA,Final
20180615,mlb,380615110,TB,0,NYY,5,NYY,Final
20180615,mlb,380615123,CIN,2,PIT,3,PIT,Final
20180615,mlb,380615114,WSH,5,TOR,6,TOR,Final
20180615,mlb,380615105,MIN,6,CLE,3,MIN,Final
20180615,mlb,380615115,SD,9,ATL,3,SD,Final
20180615,mlb,380615113,COL,9,TEX,5,COL,Final
20180615,mlb,380615104,DET,4,CHW,3,DET,Final
20180615,mlb,380615108,PHI,2,MIL,13,MIL,Final
20180615,mlb,380615107,HOU,7,KC,3,HOU,Final
20180615,mlb,380615124,CHC,13,STL,5,CHC,Final
20180615,mlb,380615129,NYM,3,ARI,7,ARI,Final
20180615,mlb,380615112,BOS,6,SEA,7,SEA,Final
20180615,mlb,380615119,SF,2,LAD,3,LAD,Final
20180616,mlb,380616110,TB,1,NYY,4,NYY,Final
20180616,mlb,380616104,DET,7,CHW,5,DET,Final
20180616,mlb,380616107,HOU,10,KC,2,HOU,Final
20180616,mlb,380616101,MIA,5,BAL,4,MIA,Final
20180616,mlb,380616113,COL,2,TEX,5,TEX,Final
20180616,mlb,380616123,CIN,2,PIT,6,PIT,Final
20180616,mlb,380616114,WSH,0,TOR,2,TOR,Final
20180616,mlb,380616105,MIN,9,CLE,3,MIN,Final
20180616,mlb,380616108,PHI,4,MIL,1,PHI,Final
20180616,mlb,380616115,SD,0,ATL,1,ATL,Final
20180616,mlb,380616112,BOS,0,SEA,1,SEA,Final
20180616,mlb,380616119,SF,1,LAD,3,LAD,Final
20180616,mlb,380616124,CHC,6,STL,3,CHC,Final
20180616,mlb,380616129,NYM,5,ARI,1,NYM,Final
20180617,mlb,380617101,MIA,4,BAL,10,BAL,Final
20180617,mlb,380617114,WSH,6,TOR,8,TOR,Final
20180617,mlb,380617105,MIN,1,CLE,4,CLE,Final
20180617,mlb,380617115,SD,1,ATL,4,ATL,Final
20180617,mlb,380617123,CIN,8,PIT,6,CIN,Final
20180617,mlb,380617110,TB,3,NYY,1,TB,Final
20180617,mlb,380617104,DET,3,CHW,1,DET,Final
20180617,mlb,380617108,PHI,10,MIL,9,PHI,Final
20180617,mlb,380617107,HOU,7,KC,4,HOU,Final
20180617,mlb,380617113,COL,12,TEX,13,TEX,Final
20180617,mlb,380617112,BOS,9,SEA,3,BOS,Final
20180617,mlb,380617119,SF,4,LAD,1,SF,Final
20180617,mlb,380617129,NYM,5,ARI,3,NYM,Final
20180617,mlb,380617124,CHC,0,STL,5,STL,Final
20180618,mlb,401033911,NYY,4,WSH,2,NYY,Final
20180618,mlb,380618122,STL,5,PHI,6,PHI,Final/10
20180618,mlb,380618123,MIL,0,PIT,1,PIT,Final
20180618,mlb,380618105,CHW,2,CLE,6,CLE,Final
20180618,mlb,380618118,TB,4,HOU,5,HOU,Final
20180618,mlb,380618107,TEX,6,KC,3,TEX,Final
20180618,mlb,380618127,NYM,12,COL,2,NYM,Final
20180618,mlb,380618103,ARI,7,LAA,4,ARI,Final
20180618,mlb,380618126,MIA,5,SF,4,MIA,Final
20180619,mlb,380619216,LAD,4,CHC,3,LAD,Final
20180619,mlb,380619110,SEA,2,NYY,7,NYY,Final
20180619,mlb,380619120,BAL,7,WSH,9,WSH,Final
20180619,mlb,380619122,STL,7,PHI,6,STL,Final
20180619,mlb,380619123,MIL,3,PIT,2,MIL,Final
20180619,mlb,380619114,ATL,11,TOR,4,ATL,Final
20180619,mlb,380619105,CHW,3,CLE,6,CLE,Final
20180619,mlb,380619117,DET,5,CIN,9,CIN,Final
20180619,mlb,380619316,LAD,1,CHC,2,CHC,Final/10
20180619,mlb,380619109,BOS,2,MIN,6,MIN,Final
20180619,mlb,380619118,TB,2,HOU,1,TB,Final
20180619,mlb,380619107,TEX,4,KC,1,TEX,Final
20180619,mlb,380619127,NYM,8,COL,10,COL,Final
20180619,mlb,400983970,ARI,4,LAA,5,LAA,Final
20180619,mlb,380619126,MIA,3,SF,6,SF,Final
20180620,mlb,380620117,DET,3,CIN,5,CIN,Final
20180620,mlb,380620114,ATL,4,TOR,5,TOR,Final
20180620,mlb,380620122,STL,3,PHI,4,PHI,Final
20180620,mlb,380620105,CHW,0,CLE,12,CLE,Final
20180620,mlb,380620116,LAD,0,CHC,4,CHC,Final
20180620,mlb,380620126,MIA,5,SF,6,SF,Final
20180620,mlb,380620110,SEA,5,NYY,7,NYY,Final
20180620,mlb,380620120,BAL,3,WSH,0,BAL,Final
20180620,mlb,380620109,BOS,1,MIN,4,MIN,Final
20180620,mlb,380620118,TB,1,HOU,5,HOU,Final
20180620,mlb,380620107,TEX,3,KC,2,TEX,Final
20180620,mlb,380620127,NYM,8,COL,10,COL,Final
20180621,mlb,380621110,SEA,3,NYY,4,NYY,Final
20180621,mlb,380621109,BOS,9,MIN,2,BOS,Final
20180621,mlb,380621127,NYM,4,COL,6,COL,Final
20180621,mlb,380621120,BAL,2,WSH,4,WSH,Final
20180621,mlb,380621123,ARI,9,PIT,3,ARI,Final
20180621,mlb,380621117,CHC,2,CIN,6,CIN,Final
20180621,mlb,380621108,STL,3,MIL,11,MIL,Final
20180621,mlb,380621103,TOR,5,LAA,8,LAA,Final
20180621,mlb,380621126,SD,0,SF,3,SF,Final
20180622,mlb,380622120,PHI,12,WSH,2,PHI,Final
20180622,mlb,380622123,ARI,2,PIT,1,ARI,Final/13
20180622,mlb,380622102,SEA,10,BOS,14,BOS,Final
20180622,mlb,380622105,DET,0,CLE,10,CLE,Final
20180622,mlb,380622117,CHC,3,CIN,6,CIN,Final
20180622,mlb,380622121,LAD,5,NYM,2,LAD,Final
20180622,mlb,380622130,NYY,1,TB,2,TB,Final
20180622,mlb,380622115,BAL,10,ATL,7,BAL,Final/15
20180622,mlb,380622108,STL,1,MIL,2,MIL,Final
20180622,mlb,380622109,TEX,8,MIN,1,TEX,Final
20180622,mlb,380622118,KC,1,HOU,0,KC,Final
20180622,mlb,380622127,MIA,3,COL,11,COL,Final
20180622,mlb,380622103,TOR,1,LAA,2,LAA,Final
20180622,mlb,380622126,SD,6,SF,2,SD,Final
20180623,mlb,380623109,TEX,9,MIN,6,TEX,Final
20180623,mlb,380623127,MIA,6,COL,2,MIA,Final
20180623,mlb,380623120,PHI,5,WSH,3,PHI,Final
20180623,mlb,380623123,ARI,7,PIT,2,ARI,Final
20180623,mlb,380623126,SD,3,SF,5,SF,Final
20180623,mlb,380623108,STL,3,MIL,2,STL,Final
20180623,mlb,380623115,BAL,7,ATL,5,BAL,Final
20180623,mlb,380623117,CHC,2,CIN,11,CIN,Final
20180623,mlb,380623130,NYY,0,TB,4,TB,Final
20180623,mlb,380623105,DET,1,CLE,4,CLE,Final
20180623,mlb,380623102,SEA,7,BOS,2,SEA,Final
20180623,mlb,380623118,KC,3,HOU,4,HOU,Final/12
20180623,mlb,380623121,LAD,8,NYM,3,LAD,Final
20180623,mlb,400984038,TOR,4,LAA,1,TOR,Final
20180624,mlb,380624102,SEA,0,BOS,5,BOS,Final
20180624,mlb,380624105,DET,2,CLE,12,CLE,Final
20180624,mlb,380624117,CHC,6,CIN,8,CIN,Final
20180624,mlb,380624121,LAD,8,NYM,7,LAD,Final/11
20180624,mlb,380624130,NYY,6,TB,7,TB,Final/12
20180624,mlb,380624115,BAL,3,ATL,7,ATL,Final
20180624,mlb,380624123,ARI,3,PIT,0,ARI,Final
20180624,mlb,380624108,STL,8,MIL,2,STL,Final
20180624,mlb,380624109,TEX,0,MIN,2,MIN,Final
20180624,mlb,380624118,KC,3,HOU,11,HOU,Final
20180624,mlb,380624127,MIA,8,COL,5,MIA,Final
20180624,mlb,380624126,SD,2,SF,3,SF,Final/11
20180624,mlb,380624103,TOR,7,LAA,6,TOR,Final/10
20180624,mlb,380624120,PHI,6,WSH,8,WSH,Final
20180625,mlb,380625107,LAA,0,KC,2,KC,Final
20180625,mlb,380625101,SEA,5,BAL,3,SEA,Final
20180625,mlb,380625122,NYY,4,PHI,2,NYY,Final
20180625,mlb,380625121,PIT,6,NYM,4,PIT,Final
20180625,mlb,380625128,ARI,5,MIA,9,MIA,Final
20180625,mlb,380625130,WSH,0,TB,11,TB,Final
20180625,mlb,380625115,CIN,4,ATL,5,ATL,Final/11
20180625,mlb,380625113,SD,4,TEX,7,TEX,Final
20180625,mlb,380625118,TOR,6,HOU,3,TOR,Final
20180625,mlb,380625124,CLE,0,STL,4,STL,Final
20180625,mlb,380625119,CHC,1,LAD,2,LAD,Final
20180626,mlb,380626130,WSH,0,TB,1,TB,Final
20180626,mlb,380626101,SEA,3,BAL,2,SEA,Final
20180626,mlb,380626122,NYY,6,PHI,0,NYY,Final
20180626,mlb,380626102,LAA,1,BOS,9,BOS,Final
20180626,mlb,380626121,PIT,3,NYM,4,NYM,Final/10
20180626,mlb,380626128,ARI,5,MIA,3,ARI,Final
20180626,mlb,380626115,CIN,5,ATL,3,CIN,Final
20180626,mlb,380626113,SD,3,TEX,2,SD,Final
20180626,mlb,380626104,MIN,4,CHW,8,CHW,Final
20180626,mlb,380626108,KC,1,MIL,5,MIL,Final
20180626,mlb,380626118,TOR,0,HOU,7,HOU,Final
20180626,mlb,380626124,CLE,2,STL,11,STL,Final
20180626,mlb,380626119,CHC,9,LAD,4,CHC,Final
20180626,mlb,380626126,COL,2,SF,3,SF,Final
20180627,mlb,380627115,CIN,6,ATL,5,CIN,Final
20180627,mlb,380627108,KC,5,MIL,4,KC,Final
20180627,mlb,400984093,TOR,6,HOU,7,HOU,Final
20180627,mlb,380627101,SEA,8,BAL,7,SEA,Final/11
20180627,mlb,380627122,NYY,0,PHI,3,PHI,Final
20180627,mlb,380627102,LAA,6,BOS,9,BOS,Final
20180627,mlb,380627121,PIT,5,NYM,3,PIT,Final
20180627,mlb,380627128,ARI,2,MIA,1,ARI,Final
20180627,mlb,380627113,SD,2,TEX,5,TEX,Final
20180627,mlb,380627104,MIN,1,CHW,6,CHW,Final
20180627,mlb,380627124,CLE,5,STL,1,CLE,Final
20180627,mlb,380627119,CHC,5,LAD,7,LAD,Final
20180627,mlb,380627126,COL,0,SF,1,SF,Final
20180628,mlb,380628128,ARI,4,MIA,0,ARI,Final
20180628,mlb,380628104,MIN,2,CHW,1,MIN,Final/13
20180628,mlb,380628101,SEA,4,BAL,2,SEA,Final/10
20180628,mlb,380628119,CHC,11,LAD,5,CHC,Final
20180628,mlb,380628126,COL,9,SF,8,COL,Final
20180628,mlb,380628102,LAA,2,BOS,4,BOS,Final
20180628,mlb,380628122,WSH,3,PHI,4,PHI,Final
20180628,mlb,380628117,MIL,6,CIN,4,MIL,Final
20180628,mlb,380628130,HOU,1,TB,0,HOU,Final
20180629,mlb,380629116,MIN,6,CHC,10,CHC,Final
20180629,mlb,380629101,LAA,7,BAL,1,LAA,Final
20180629,mlb,380629110,BOS,1,NYY,8,NYY,Final
20180629,mlb,380629122,WSH,17,PHI,7,WSH,Final
20180629,mlb,380629114,DET,2,TOR,3,TOR,Final
20180629,mlb,380629117,MIL,8,CIN,2,MIL,Final
20180629,mlb,380629128,NYM,2,MIA,8,MIA,Final
20180629,mlb,380629130,HOU,2,TB,3,TB,Final
20180629,mlb,380629113,CHW,3,TEX,11,TEX,Final
20180629,mlb,380629124,ATL,5,STL,1,ATL,Final
20180629,mlb,380629129,SF,2,ARI,1,SF,Final
20180629,mlb,380629112,KC,1,SEA,4,SEA,Final
20180629,mlb,380629119,COL,3,LAD,1,COL,Final
20180629,mlb,380629125,PIT,6,SD,3,PIT,Final
20180630,mlb,380630114,DET,3,TOR,4,TOR,Final
20180630,mlb,380630116,MIN,9,CHC,14,CHC,Final
20180630,mlb,380630101,LAA,6,BAL,2,LAA,Final
20180630,mlb,380630117,MIL,3,CIN,12,CIN,Final
20180630,mlb,380630128,NYM,2,MIA,5,MIA,Final
20180630,mlb,380630130,HOU,2,TB,5,TB,Final
20180630,mlb,380630122,WSH,2,PHI,3,PHI,Final
20180630,mlb,380630110,BOS,11,NYY,0,BOS,Final
20180630,mlb,380630119,COL,3,LAD,1,COL,Final
20180630,mlb,380630124,ATL,11,STL,4,ATL,Final
20180630,mlb,380630113,CHW,4,TEX,13,TEX,Final
20180630,mlb,380630112,KC,4,SEA,6,SEA,Final
20180630,mlb,380630125,PIT,3,SD,4,SD,Final
20180630,mlb,380630129,SF,7,ARI,0,SF,Final
20180701,mlb,380701101,LAA,2,BAL,8,BAL,Final
20180701,mlb,380701114,DET,9,TOR,1,DET,Final
20180701,mlb,380701117,MIL,2,CIN,8,CIN,Final
20180701,mlb,380701128,NYM,5,MIA,2,NYM,Final
20180701,mlb,380701130,HOU,2,TB,3,TB,Final
20180701,mlb,380701122,WSH,3,PHI,4,PHI,Final/13
20180701,mlb,380701124,ATL,6,STL,5,ATL,Final
20180701,mlb,380701116,MIN,10,CHC,11,CHC,Final
20180701,mlb,380701113,CHW,10,TEX,5,CHW,Final
20180701,mlb,380701112,KC,0,SEA,1,SEA,Final
20180701,mlb,380701119,COL,4,LAD,6,LAD,Final
20180701,mlb,380701125,PIT,7,SD,5,PIT,Final
20180701,mlb,380701129,SF,9,ARI,6,SF,Final
20180701,mlb,380701110,BOS,1,NYY,11,NYY,Final
20180702,mlb,380702114,DET,3,TOR,2,DET,Final/10
20180702,mlb,380702120,BOS,4,WSH,3,BOS,Final
20180702,mlb,380702110,ATL,5,NYY,3,ATL,Final/11
20180702,mlb,380702117,CHW,3,CIN,5,CIN,Final
20180702,mlb,380702128,TB,2,MIA,3,MIA,Final/10
20180702,mlb,380702108,MIN,5,MIL,6,MIL,Final/10
20180702,mlb,380702107,CLE,9,KC,3,CLE,Final
20180702,mlb,380702127,SF,2,COL,5,COL,Final
20180702,mlb,380702129,STL,6,ARI,3,STL,Final
20180702,mlb,380702119,PIT,1,LAD,17,LAD,Final
20180703,mlb,380703116,DET,3,CHC,5,CHC,Final
20180703,mlb,380703108,MIN,0,MIL,2,MIL,Final
20180703,mlb,380703120,BOS,11,WSH,4,BOS,Final
20180703,mlb,380703110,ATL,5,NYY,8,NYY,Final
20180703,mlb,380703122,BAL,2,PHI,3,PHI,Final
20180703,mlb,380703114,NYM,6,TOR,8,TOR,Final
20180703,mlb,380703117,CHW,12,CIN,8,CHW,Final/12
20180703,mlb,380703128,TB,9,MIA,6,TB,Final/16
20180703,mlb,380703113,HOU,5,TEX,3,HOU,Final
20180703,mlb,380703127,SF,1,COL,8,COL,Final
20180703,mlb,380703107,CLE,6,KC,4,CLE,Final
20180703,mlb,380703129,STL,2,ARI,4,ARI,Final
20180703,mlb,380703112,LAA,1,SEA,4,SEA,Final
20180703,mlb,380703119,PIT,3,LAD,8,LAD,Final
20180704,mlb,380704120,BOS,3,WSH,0,BOS,Final
20180704,mlb,380704110,ATL,2,NYY,6,NYY,Final
20180704,mlb,380704128,TB,0,MIA,3,MIA,Final
20180704,mlb,380704116,DET,2,CHC,5,CHC,Final
20180704,mlb,380704122,BAL,1,PHI,4,PHI,Final
20180704,mlb,380704108,MIN,2,MIL,3,MIL,Final
20180704,mlb,380704112,LAA,7,SEA,4,LAA,Final
20180704,mlb,380704117,CHW,4,CIN,7,CIN,Final
20180704,mlb,380704113,HOU,5,TEX,4,HOU,Final/10
20180704,mlb,380704114,NYM,6,TOR,3,NYM,Final
20180704,mlb,380704107,CLE,3,KC,2,CLE,Final
20180704,mlb,380704119,PIT,4,LAD,6,LAD,Final
20180704,mlb,380704127,SF,0,COL,1,COL,Final
20180704,mlb,380704129,STL,8,ARI,4,STL,Final
20180705,mlb,380705120,MIA,12,WSH,14,WSH,Final
20180705,mlb,380705106,TEX,7,DET,5,TEX,Final
20180705,mlb,380705108,ATL,2,MIL,7,MIL,Final
20180705,mlb,380705109,BAL,2,MIN,5,MIN,Final
20180705,mlb,380705118,CHW,3,HOU,4,HOU,Final
20180705,mlb,380705129,SD,6,ARI,3,SD,Final
20180705,mlb,380705112,LAA,1,SEA,4,SEA,Final
20180705,mlb,380705126,STL,11,SF,2,STL,Final
20180706,mlb,380706116,CIN,3,CHC,2,CIN,Final
20180706,mlb,380706106,TEX,1,DET,3,DET,Final
20180706,mlb,380706120,MIA,2,WSH,3,WSH,Final
20180706,mlb,380706123,PHI,17,PIT,5,PHI,Final
20180706,mlb,380706114,NYY,2,TOR,6,TOR,Final
20180706,mlb,380706121,TB,1,NYM,5,NYM,Final
20180706,mlb,380706108,ATL,4,MIL,5,MIL,Final
20180706,mlb,380706109,BAL,2,MIN,6,MIN,Final
20180706,mlb,380706118,CHW,4,HOU,11,HOU,Final
20180706,mlb,380706107,BOS,10,KC,5,BOS,Final
20180706,mlb,380706129,SD,1,ARI,3,ARI,Final
20180706,mlb,380706103,LAD,2,LAA,3,LAA,Final
20180706,mlb,380706112,COL,7,SEA,1,COL,Final
20180706,mlb,380706126,STL,2,SF,3,SF,Final
20180707,mlb,380707109,BAL,4,MIN,5,MIN,Final
20180707,mlb,380707116,CIN,7,CHC,8,CHC,Final
20180707,mlb,380707123,PHI,3,PIT,2,PHI,Final
20180707,mlb,380707126,STL,3,SF,2,STL,Final
20180707,mlb,380707114,NYY,8,TOR,5,NYY,Final
20180707,mlb,380707106,TEX,2,DET,7,DET,Final
20180707,mlb,380707108,ATL,5,MIL,1,ATL,Final
20180707,mlb,380707112,COL,5,SEA,1,COL,Final
20180707,mlb,380707118,CHW,6,HOU,12,HOU,Final
20180707,mlb,380707121,TB,3,NYM,0,TB,Final
20180707,mlb,380707103,LAD,3,LAA,1,LAD,Final
20180707,mlb,380707107,BOS,15,KC,4,BOS,Final
20180707,mlb,380707120,MIA,4,WSH,18,WSH,Final
20180707,mlb,380707129,SD,5,ARI,20,ARI,Final
20180708,mlb,380708114,NYY,2,TOR,1,NYY,Final/10
20180708,mlb,380708106,TEX,3,DET,0,TEX,Final
20180708,mlb,380708121,TB,9,NYM,0,TB,Final
20180708,mlb,380708120,MIA,10,WSH,2,MIA,Final
20180708,mlb,380708123,PHI,1,PIT,4,PIT,Final
20180708,mlb,380708108,ATL,3,MIL,10,MIL,Final
20180708,mlb,380708109,BAL,1,MIN,10,MIN,Final
20180708,mlb,380708118,CHW,1,HOU,2,HOU,Final
20180708,mlb,380708107,BOS,7,KC,4,BOS,Final
20180708,mlb,380708116,CIN,5,CHC,6,CHC,Final/10
20180708,mlb,380708126,STL,8,SF,13,SF,Final
20180708,mlb,380708112,COL,4,SEA,6,SEA,Final
20180708,mlb,380708129,SD,4,ARI,3,SD,Final/16
20180708,mlb,380708103,LAD,3,LAA,4,LAA,Final
20180709,mlb,401035257,NYY,4,BAL,5,BAL,Final
20180709,mlb,401028774,PHI,3,NYM,4,NYM,Final/10
20180709,mlb,380709123,WSH,3,PIT,6,PIT,Final
20180709,mlb,380709102,TEX,0,BOS,5,BOS,Final
20180709,mlb,380709105,CIN,7,CLE,5,CIN,Final
20180709,mlb,380709128,MIL,3,MIA,4,MIA,Final/10
20180709,mlb,380709130,DET,9,TB,10,TB,Final/10
20180709,mlb,380709321,PHI,3,NYM,1,PHI,Final
20180709,mlb,380709301,NYY,10,BAL,2,NYY,Final
20180709,mlb,380709109,KC,1,MIN,3,MIN,Final
20180709,mlb,380709125,LAD,8,SD,2,LAD,Final
20180709,mlb,380709126,CHC,1,SF,2,SF,Final/11
20180710,mlb,380710101,NYY,5,BAL,6,BAL,Final
20180710,mlb,380710123,WSH,5,PIT,1,WSH,Final
20180710,mlb,380710102,TEX,4,BOS,8,BOS,Final
20180710,mlb,380710105,CIN,7,CLE,4,CIN,Final
20180710,mlb,380710121,PHI,7,NYM,3,PHI,Final
20180710,mlb,380710128,MIL,8,MIA,4,MIL,Final
20180710,mlb,380710130,DET,2,TB,5,TB,Final
20180710,mlb,380710115,TOR,6,ATL,2,TOR,Final
20180710,mlb,380710104,STL,14,CHW,2,STL,Final
20180710,mlb,380710109,KC,9,MIN,4,KC,Final
20180710,mlb,380710127,ARI,5,COL,3,ARI,Final
20180710,mlb,380710126,CHC,2,SF,0,CHC,Final
20180710,mlb,380710103,SEA,3,LAA,9,LAA,Final
20180710,mlb,380710125,LAD,1,SD,4,SD,Final
20180711,mlb,380711130,DET,2,TB,4,TB,Final
20180711,mlb,380711123,WSH,0,PIT,2,PIT,Final
20180711,mlb,380711109,KC,5,MIN,8,MIN,Final
20180711,mlb,380711126,CHC,4,SF,5,SF,Final/13
20180711,mlb,380711102,TEX,2,BOS,4,BOS,Final
20180711,mlb,380711101,NYY,9,BAL,0,NYY,Final
20180711,mlb,380711105,CIN,4,CLE,19,CLE,Final
20180711,mlb,380711121,PHI,0,NYM,3,NYM,Final/10
20180711,mlb,380711128,MIL,4,MIA,5,MIA,Final/12
20180711,mlb,380711115,TOR,5,ATL,9,ATL,Final
20180711,mlb,380711104,STL,0,CHW,4,CHW,Final
20180711,mlb,380711127,ARI,2,COL,19,COL,Final
20180711,mlb,380711103,SEA,3,LAA,0,SEA,Final
20180711,mlb,380711125,LAD,4,SD,2,LAD,Final
20180712,mlb,380712127,ARI,1,COL,5,COL,Final
20180712,mlb,380712101,PHI,5,BAL,4,PHI,Final
20180712,mlb,380712123,MIL,3,PIT,6,PIT,Final
20180712,mlb,380712102,TOR,4,BOS,6,BOS,Final
20180712,mlb,380712105,NYY,7,CLE,4,NYY,Final
20180712,mlb,380712121,WSH,5,NYM,4,WSH,Final
20180712,mlb,380712109,TB,1,MIN,5,MIN,Final
20180712,mlb,380712125,LAD,3,SD,2,LAD,Final
20180712,mlb,380712103,SEA,2,LAA,11,LAA,Final
20180713,mlb,380713101,TEX,5,BAL,4,TEX,Final
20180713,mlb,380713123,MIL,3,PIT,7,PIT,Final
20180713,mlb,380713102,TOR,13,BOS,7,TOR,Final
20180713,mlb,380713105,NYY,5,CLE,6,CLE,Final
20180713,mlb,380713121,WSH,2,NYM,4,NYM,Final
20180713,mlb,380713128,PHI,2,MIA,0,PHI,Final
20180713,mlb,380713115,ARI,2,ATL,1,ARI,Final
20180713,mlb,380713104,KC,6,CHW,9,CHW,Final
20180713,mlb,380713109,TB,8,MIN,11,MIN,Final
20180713,mlb,380713118,DET,0,HOU,3,HOU,Final
20180713,mlb,380713124,CIN,9,STL,1,CIN,Final
20180713,mlb,380713127,SEA,7,COL,10,COL,Final
20180713,mlb,380713125,CHC,5,SD,4,CHC,Final/10
20180713,mlb,380713119,LAA,2,LAD,3,LAD,Final
20180714,mlb,401042634,MIL,1,PIT,2,PIT,Final
20180714,mlb,380714102,TOR,2,BOS,6,BOS,Final/10
20180714,mlb,380714104,KC,5,CHW,0,KC,Final
20180714,mlb,380714109,TB,19,MIN,6,TB,Final
20180714,mlb,380714323,MIL,2,PIT,6,PIT,Final
20180714,mlb,380714115,ARI,3,ATL,0,ARI,Final
20180714,mlb,380714118,DET,1,HOU,9,HOU,Final
20180714,mlb,380714121,WSH,4,NYM,7,NYM,Final
20180714,mlb,380714124,CIN,8,STL,2,CIN,Final
20180714,mlb,380714128,PHI,0,MIA,2,MIA,Final
20180714,mlb,380714101,TEX,0,BAL,1,BAL,Final
20180714,mlb,380714105,NYY,5,CLE,4,NYY,Final
20180714,mlb,380714119,LAA,5,LAD,4,LAA,Final/10
20180714,mlb,380714127,SEA,1,COL,4,COL,Final
20180714,mlb,380714125,CHC,11,SD,6,CHC,Final
20180715,mlb,380715101,TEX,5,BAL,6,BAL,Final
20180715,mlb,380715102,TOR,2,BOS,5,BOS,Final
20180715,mlb,380715105,NYY,2,CLE,5,CLE,Final
20180715,mlb,380715121,WSH,6,NYM,1,WSH,Final
20180715,mlb,380715128,PHI,5,MIA,10,MIA,Final
20180715,mlb,380715115,ARI,1,ATL,5,ATL,Final
20180715,mlb,380715123,MIL,6,PIT,7,PIT,Final/10
20180715,mlb,380715104,KC,1,CHW,10,CHW,Final
20180715,mlb,380715109,TB,7,MIN,11,MIN,Final/10
20180715,mlb,380715118,DET,6,HOU,3,DET,Final
20180715,mlb,380715124,CIN,4,STL,6,STL,Final
20180715,mlb,380715127,SEA,3,COL,4,COL,Final
20180715,mlb,380715119,LAA,3,LAD,5,LAD,Final
20180715,mlb,380715125,CHC,7,SD,4,CHC,Final
20180719,mlb,380719116,STL,6,CHC,9,CHC,Final
20180720,mlb,380720116,STL,18,CHC,5,STL,Final
20180720,mlb,380720110,NYM,7,NYY,5,NYM,Final
20180720,mlb,380720120,ATL,8,WSH,5,ATL,Final
20180720,mlb,380720122,SD,5,PHI,11,PHI,Final
20180720,mlb,380720114,BAL,7,TOR,8,TOR,Final/10
20180720,mlb,380720106,BOS,1,DET,0,BOS,Final
20180720,mlb,380720117,PIT,12,CIN,1,PIT,Final
20180720,mlb,380720130,MIA,6,TB,5,MIA,Final
20180720,mlb,380720113,CLE,9,TEX,8,CLE,Final/11
20180720,mlb,380720108,LAD,6,MIL,4,LAD,Final
20180720,mlb,380720107,MIN,5,KC,6,KC,Final
20180720,mlb,380720129,COL,11,ARI,10,COL,Final
20180720,mlb,380720112,CHW,1,SEA,3,SEA,Final
20180720,mlb,380720103,HOU,3,LAA,1,HOU,Final
20180721,mlb,380721110,NYM,6,NYY,7,NYY,Final
20180721,mlb,380721216,STL,2,CHC,7,CHC,Final
20180721,mlb,380721114,BAL,1,TOR,4,TOR,Final
20180721,mlb,380721106,BOS,0,DET,5,DET,Final
20180721,mlb,380721130,MIA,3,TB,2,MIA,Final
20180721,mlb,380721108,LAD,2,MIL,4,MIL,Final
20180721,mlb,380721117,PIT,6,CIN,2,PIT,Final
20180721,mlb,380721103,HOU,7,LAA,0,HOU,Final
20180721,mlb,380721107,MIN,2,KC,4,KC,Final
20180721,mlb,380721316,STL,6,CHC,3,STL,Final
20180721,mlb,380721113,CLE,16,TEX,3,CLE,Final
20180721,mlb,380721129,COL,6,ARI,5,COL,Final
20180721,mlb,380721112,CHW,5,SEA,0,CHW,Final
20180722,mlb,380722222,SD,10,PHI,2,SD,Final
20180722,mlb,380722114,BAL,4,TOR,5,TOR,Final
20180722,mlb,380722106,BOS,9,DET,1,BOS,Final
20180722,mlb,380722117,PIT,9,CIN,2,PIT,Final
20180722,mlb,380722130,MIA,4,TB,6,TB,Final
20180722,mlb,380722120,ATL,2,WSH,6,WSH,Final
20180722,mlb,380722108,LAD,11,MIL,2,LAD,Final
20180722,mlb,380722107,MIN,3,KC,5,KC,Final
20180722,mlb,380722116,STL,2,CHC,7,CHC,Final
20180722,mlb,380722113,CLE,0,TEX,5,TEX,Final
20180722,mlb,380722103,HOU,5,LAA,14,LAA,Final
20180722,mlb,380722112,CHW,2,SEA,8,SEA,Final
20180722,mlb,380722129,COL,1,ARI,6,ARI,Final
20180722,mlb,380722322,SD,0,PHI,5,PHI,Final
20180723,mlb,380723101,BOS,5,BAL,3,BOS,Final
20180723,mlb,380723122,LAD,7,PHI,6,LAD,Final
20180723,mlb,380723114,MIN,8,TOR,3,MIN,Final
20180723,mlb,380723105,PIT,7,CLE,0,PIT,Final/6
20180723,mlb,380723117,STL,1,CIN,2,CIN,Final
20180723,mlb,380723121,SD,3,NYM,2,SD,Final
20180723,mlb,380723128,ATL,12,MIA,1,ATL,Final
20180723,mlb,380723130,NYY,6,TB,7,TB,Final
20180723,mlb,380723116,ARI,7,CHC,1,ARI,Final
20180723,mlb,380723107,DET,5,KC,4,DET,Final
20180723,mlb,380723108,WSH,1,MIL,6,MIL,Final
20180723,mlb,380723103,CHW,5,LAA,3,CHW,Final
20180724,mlb,380724128,ATL,3,MIA,9,MIA,Final
20180724,mlb,380724117,STL,4,CIN,2,STL,Final/11
20180724,mlb,380724101,BOS,6,BAL,7,BAL,Final
20180724,mlb,380724122,LAD,4,PHI,7,PHI,Final/16
20180724,mlb,380724114,MIN,5,TOR,0,MIN,Final
20180724,mlb,380724105,PIT,9,CLE,4,PIT,Final
20180724,mlb,380724121,SD,3,NYM,6,NYM,Final
20180724,mlb,380724130,NYY,4,TB,0,NYY,Final
20180724,mlb,380724116,ARI,5,CHC,1,ARI,Final
20180724,mlb,380724108,WSH,4,MIL,5,MIL,Final/10
20180724,mlb,380724107,DET,4,KC,5,KC,Final
20180724,mlb,380724127,HOU,8,COL,2,HOU,Final/10
20180724,mlb,380724103,CHW,4,LAA,2,CHW,Final
20180724,mlb,380724112,SF,4,SEA,3,SF,Final
20180725,mlb,380725121,SD,4,NYM,6,NYM,Final
20180725,mlb,380725130,NYY,2,TB,3,TB,Final
20180725,mlb,380725117,STL,3,CIN,7,CIN,Final
20180725,mlb,380725122,LAD,3,PHI,7,PHI,Final
20180725,mlb,380725105,PIT,0,CLE,4,CLE,Final
20180725,mlb,380725108,WSH,7,MIL,3,WSH,Final
20180725,mlb,380725107,DET,8,KC,4,DET,Final
20180725,mlb,380725116,ARI,1,CHC,2,CHC,Final
20180725,mlb,380725114,MIN,12,TOR,6,MIN,Final/11
20180725,mlb,380725112,SF,2,SEA,3,SEA,Final
20180725,mlb,380725127,HOU,2,COL,3,COL,Final
20180725,mlb,380725103,CHW,3,LAA,11,LAA,Final
20180726,mlb,380726116,ARI,6,CHC,7,CHC,Final
20180726,mlb,380726103,CHW,8,LAA,12,LAA,Final
20180726,mlb,380726117,PHI,9,CIN,4,PHI,Final
20180726,mlb,380726101,TB,4,BAL,3,TB,Final
20180726,mlb,380726110,KC,2,NYY,7,NYY,Final
20180726,mlb,380726123,NYM,12,PIT,6,NYM,Final
20180726,mlb,380726102,MIN,2,BOS,1,MIN,Final
20180726,mlb,380726128,WSH,10,MIA,3,WSH,Final
20180726,mlb,380726115,LAD,8,ATL,2,LAD,Final
20180726,mlb,380726126,MIL,7,SF,5,MIL,Final
20180727,mlb,380727106,CLE,8,DET,3,CLE,Final
20180727,mlb,380727101,TB,5,BAL,15,BAL,Final
20180727,mlb,380727123,NYM,4,PIT,5,PIT,Final
20180727,mlb,380727102,MIN,3,BOS,4,BOS,Final/10
20180727,mlb,380727117,PHI,4,CIN,6,CIN,Final
20180727,mlb,380727128,WSH,9,MIA,1,WSH,Final
20180727,mlb,380727115,LAD,4,ATL,1,LAD,Final
20180727,mlb,380727104,TOR,10,CHW,5,TOR,Final
20180727,mlb,380727118,TEX,11,HOU,2,TEX,Final
20180727,mlb,380727124,CHC,2,STL,5,STL,Final
20180727,mlb,380727103,SEA,3,LAA,4,LAA,Final/10
20180727,mlb,380727125,ARI,6,SD,2,ARI,Final
20180727,mlb,380727126,MIL,3,SF,1,MIL,Final
20180728,mlb,380728210,KC,10,NYY,5,KC,Final
20180728,mlb,380728124,CHC,2,STL,6,STL,Final
20180728,mlb,380728106,CLE,1,DET,2,DET,Final
20180728,mlb,380728117,PHI,2,CIN,6,CIN,Final
20180728,mlb,380728101,TB,2,BAL,11,BAL,Final
20180728,mlb,380728123,NYM,0,PIT,5,PIT,Final
20180728,mlb,380728310,KC,4,NYY,5,NYY,Final
20180728,mlb,380728102,MIN,4,BOS,10,BOS,Final
20180728,mlb,380728104,TOR,5,CHW,9,CHW,Final
20180728,mlb,380728115,LAD,5,ATL,1,LAD,Final
20180728,mlb,380728118,TEX,7,HOU,3,TEX,Final
20180728,mlb,380728128,WSH,1,MIA,2,MIA,Final/10
20180728,mlb,380728125,ARI,9,SD,4,ARI,Final
20180728,mlb,380728126,MIL,7,SF,1,MIL,Final
20180728,mlb,380728103,SEA,5,LAA,11,LAA,Final
20180729,mlb,380729101,TB,5,BAL,11,BAL,Final
20180729,mlb,380729102,MIN,0,BOS,3,BOS,Final
20180729,mlb,380729110,KC,3,NYY,6,NYY,Final
20180729,mlb,380729106,CLE,8,DET,1,CLE,Final
20180729,mlb,380729117,PHI,0,CIN,4,CIN,Final
20180729,mlb,380729128,WSH,0,MIA,5,MIA,Final
20180729,mlb,380729115,LAD,1,ATL,4,ATL,Final
20180729,mlb,380729123,NYM,1,PIT,0,NYM,Final
20180729,mlb,380729104,TOR,7,CHW,4,TOR,Final
20180729,mlb,380729118,TEX,4,HOU,3,TEX,Final
20180729,mlb,380729103,SEA,8,LAA,5,SEA,Final
20180729,mlb,380729126,MIL,5,SF,8,SF,Final
20180729,mlb,380729125,ARI,5,SD,4,ARI,Final
20180729,mlb,380729124,CHC,5,STL,2,CHC,Final
20180730,mlb,380730102,PHI,1,BOS,2,BOS,Final/13
20180730,mlb,380730115,MIA,3,ATL,5,ATL,Final
20180730,mlb,380730109,CLE,4,MIN,5,MIN,Final
20180730,mlb,380730124,COL,4,STL,5,STL,Final/10
20180730,mlb,380730129,TEX,9,ARI,5,TEX,Final
20180730,mlb,380730119,MIL,5,LAD,2,MIL,Final
20180730,mlb,380730112,HOU,0,SEA,2,SEA,Final
20180730,mlb,380730125,SF,5,SD,3,SF,Final/12
20180731,mlb,380731125,SF,3,SD,2,SF,Final/10
20180731,mlb,380731102,PHI,3,BOS,1,PHI,Final
20180731,mlb,380731110,BAL,3,NYY,6,NYY,Final
20180731,mlb,380731120,NYM,4,WSH,25,WSH,Final
20180731,mlb,380731123,CHC,4,PIT,5,PIT,Final
20180731,mlb,380731106,CIN,1,DET,2,DET,Final
20180731,mlb,380731130,LAA,6,TB,10,TB,Final
20180731,mlb,380731115,MIA,6,ATL,11,ATL,Final
20180731,mlb,380731104,KC,4,CHW,2,KC,Final
20180731,mlb,380731109,CLE,6,MIN,2,CLE,Final
20180731,mlb,380731124,COL,6,STL,3,COL,Final
20180731,mlb,380731129,TEX,0,ARI,6,ARI,Final
20180731,mlb,380731112,HOU,5,SEA,2,HOU,Final
20180731,mlb,380731119,MIL,1,LAD,0,MIL,Final
20180801,mlb,380801120,NYM,3,WSH,5,WSH,Final
20180801,mlb,380801110,BAL,7,NYY,5,BAL,Final
20180801,mlb,380801106,CIN,4,DET,7,DET,Final
20180801,mlb,380801109,CLE,2,MIN,0,CLE,Final
20180801,mlb,380801112,HOU,8,SEA,3,HOU,Final
20180801,mlb,380801123,CHC,9,PIT,2,CHC,Final
20180801,mlb,380801130,LAA,2,TB,7,TB,Final
20180801,mlb,380801104,KC,10,CHW,5,KC,Final
20180801,mlb,380801124,COL,3,STL,6,STL,Final
20180801,mlb,380801119,MIL,4,LAD,6,LAD,Final/10
20180802,mlb,380802130,LAA,2,TB,4,TB,Final
20180802,mlb,380802124,COL,2,STL,3,STL,Final
20180802,mlb,380802104,KC,4,CHW,6,CHW,Final
20180802,mlb,380802122,MIA,2,PHI,5,PHI,Final
20180802,mlb,380802120,CIN,4,WSH,10,WSH,Final
20180802,mlb,380802102,NYY,7,BOS,15,BOS,Final
20180802,mlb,380802121,ATL,4,NYM,2,ATL,Final
20180802,mlb,380802113,BAL,8,TEX,17,TEX,Final
20180802,mlb,380802116,SD,6,CHC,1,SD,Final
20180802,mlb,380802119,MIL,5,LAD,21,LAD,Final
20180802,mlb,380802129,SF,8,ARI,1,SF,Final
20180802,mlb,380802112,TOR,7,SEA,3,TOR,Final
20180803,mlb,380803116,SD,4,CHC,5,CHC,Final
20180803,mlb,380803122,MIA,1,PHI,5,PHI,Final
20180803,mlb,380803123,STL,6,PIT,7,PIT,Final
20180803,mlb,380803102,NYY,1,BOS,4,BOS,Final
20180803,mlb,380803105,LAA,7,CLE,4,LAA,Final
20180803,mlb,380803121,ATL,2,NYM,1,ATL,Final
20180803,mlb,380803130,CHW,3,TB,2,CHW,Final/10
20180803,mlb,380803113,BAL,3,TEX,11,TEX,Final
20180803,mlb,380803108,COL,3,MIL,5,MIL,Final
20180803,mlb,380803109,KC,4,MIN,6,MIN,Final
20180803,mlb,380803129,SF,3,ARI,6,ARI,Final
20180803,mlb,380803119,HOU,2,LAD,1,HOU,Final
20180803,mlb,380803112,TOR,7,SEA,2,TOR,Final
20180804,mlb,380804220,CIN,7,WSH,1,CIN,Final
20180804,mlb,380804116,SD,4,CHC,5,CHC,Final
20180804,mlb,380804102,NYY,1,BOS,4,BOS,Final
20180804,mlb,380804130,CHW,2,TB,1,CHW,Final
20180804,mlb,380804122,MIA,3,PHI,8,PHI,Final
20180804,mlb,380804123,STL,8,PIT,4,STL,Final
20180804,mlb,380804320,CIN,2,WSH,6,WSH,Final
20180804,mlb,380804105,LAA,0,CLE,3,CLE,Final
20180804,mlb,380804108,COL,4,MIL,8,MIL,Final
20180804,mlb,380804109,KC,2,MIN,8,MIN,Final
20180804,mlb,380804121,ATL,0,NYM,3,NYM,Final
20180804,mlb,380804113,BAL,1,TEX,3,TEX,Final
20180804,mlb,380804129,SF,3,ARI,9,ARI,Final
20180804,mlb,380804119,HOU,14,LAD,0,HOU,Final
20180804,mlb,380804112,TOR,5,SEA,1,TOR,Final
20180805,mlb,380805105,LAA,3,CLE,4,CLE,Final
20180805,mlb,380805121,ATL,5,NYM,4,ATL,Final/10
20180805,mlb,380805130,CHW,8,TB,7,CHW,Final
20180805,mlb,380805120,CIN,1,WSH,2,WSH,Final
20180805,mlb,380805122,MIA,3,PHI,5,PHI,Final
20180805,mlb,380805123,STL,2,PIT,1,STL,Final
20180805,mlb,380805108,COL,5,MIL,4,COL,Final/11
20180805,mlb,380805109,KC,5,MIN,6,MIN,Final
20180805,mlb,400984570,SD,10,CHC,6,SD,Final
20180805,mlb,380805113,BAL,9,TEX,6,BAL,Final
20180805,mlb,380805129,SF,3,ARI,2,SF,Final
20180805,mlb,380805112,TOR,3,SEA,6,SEA,Final
20180805,mlb,380805119,HOU,2,LAD,3,LAD,Final
20180805,mlb,380805102,NYY,4,BOS,5,BOS,Final/10
20180806,mlb,380806105,MIN,0,CLE,10,CLE,Final
20180806,mlb,380806121,CIN,4,NYM,6,NYM,Final
20180806,mlb,400984583,STL,1,MIA,2,MIA,Final
20180806,mlb,380806104,NYY,7,CHW,0,NYY,Final
20180806,mlb,380806113,SEA,4,TEX,3,SEA,Final/12
20180806,mlb,380806107,CHC,3,KC,1,CHC,Final
20180806,mlb,380806127,PIT,0,COL,2,COL,Final
20180806,mlb,380806129,PHI,2,ARI,3,ARI,Final/14
20180806,mlb,380806103,DET,2,LAA,6,LAA,Final
20180806,mlb,380806126,HOU,3,SF,1,HOU,Final
20180807,mlb,380807220,ATL,3,WSH,8,WSH,Final
20180807,mlb,380807126,HOU,2,SF,1,HOU,Final
20180807,mlb,380807114,BOS,10,TOR,7,BOS,Final/10
20180807,mlb,380807320,ATL,3,WSH,1,ATL,Final
20180807,mlb,380807105,MIN,3,CLE,2,MIN,Final
20180807,mlb,380807128,STL,3,MIA,2,STL,Final
20180807,mlb,380807130,BAL,3,TB,4,TB,Final
20180807,mlb,400984588,CIN,6,NYM,1,CIN,Final
20180807,mlb,380807113,SEA,4,TEX,11,TEX,Final
20180807,mlb,380807104,NYY,4,CHW,3,NYY,Final/13
20180807,mlb,380807108,SD,11,MIL,5,SD,Final
20180807,mlb,380807107,CHC,5,KC,0,CHC,Final
20180807,mlb,380807127,PIT,10,COL,2,PIT,Final
20180807,mlb,380807129,PHI,5,ARI,2,PHI,Final
20180807,mlb,380807103,DET,5,LAA,11,LAA,Final
20180808,mlb,380808121,CIN,0,NYM,8,NYM,Final
20180808,mlb,380808113,SEA,7,TEX,11,TEX,Final
20180808,mlb,380808127,PIT,4,COL,3,PIT,Final
20180808,mlb,380808129,PHI,0,ARI,6,ARI,Final
20180808,mlb,380808103,DET,0,LAA,6,LAA,Final
20180808,mlb,380808120,ATL,8,WSH,3,ATL,Final
20180808,mlb,380808130,BAL,5,TB,4,BAL,Final
20180808,mlb,380808114,BOS,10,TOR,5,BOS,Final
20180808,mlb,380808105,MIN,2,CLE,5,CLE,Final
20180808,mlb,380808128,STL,7,MIA,1,STL,Final
20180808,mlb,380808104,NYY,7,CHW,3,NYY,Final
20180808,mlb,380808108,SD,4,MIL,8,MIL,Final
20180808,mlb,380808107,CHC,0,KC,9,KC,Final
20180809,mlb,380809120,ATL,3,WSH,6,WSH,Final
20180809,mlb,380809105,MIN,4,CLE,5,CLE,Final
20180809,mlb,380809108,SD,8,MIL,4,SD,Final
20180809,mlb,380809110,TEX,3,NYY,7,NYY,Final
20180809,mlb,380809114,BOS,5,TOR,8,TOR,Final
20180809,mlb,380809130,BAL,4,TB,5,TB,Final
20180809,mlb,380809118,SEA,8,HOU,6,SEA,Final
20180809,mlb,380809127,LAD,8,COL,5,LAD,Final
20180809,mlb,380809126,PIT,10,SF,5,PIT,Final
20180810,mlb,380810116,WSH,2,CHC,3,CHC,Final
20180810,mlb,380810101,BOS,19,BAL,12,BOS,Final
20180810,mlb,380810110,TEX,12,NYY,7,TEX,Final
20180810,mlb,380810114,TB,7,TOR,0,TB,Final
20180810,mlb,380810106,MIN,3,DET,5,DET,Final
20180810,mlb,380810117,ARI,0,CIN,3,CIN,Final
20180810,mlb,380810128,NYM,6,MIA,2,NYM,Final
20180810,mlb,380810115,MIL,1,ATL,10,ATL,Final
20180810,mlb,380810104,CLE,0,CHW,1,CHW,Final
20180810,mlb,380810118,SEA,5,HOU,2,SEA,Final
20180810,mlb,380810107,STL,7,KC,0,STL,Final
20180810,mlb,380810127,LAD,4,COL,5,COL,Final
20180810,mlb,380810125,PHI,0,SD,2,SD,Final
20180810,mlb,380810126,PIT,10,SF,13,SF,Final
20180811,mlb,380811201,BOS,5,BAL,0,BOS,Final
20180811,mlb,380811110,TEX,3,NYY,5,NYY,Final
20180811,mlb,380811116,WSH,9,CHC,4,WSH,Final
20180811,mlb,380811114,TB,3,TOR,1,TB,Final
20180811,mlb,380811106,MIN,4,DET,3,MIN,Final
20180811,mlb,380811117,ARI,3,CIN,6,CIN,Final
20180811,mlb,380811104,CLE,3,CHW,1,CLE,Final
20180811,mlb,380811115,MIL,4,ATL,2,MIL,Final
20180811,mlb,380811118,SEA,3,HOU,2,SEA,Final
20180811,mlb,380811128,NYM,3,MIA,4,MIA,Final/11
20180811,mlb,380811107,STL,8,KC,3,STL,Final
20180811,mlb,380811301,BOS,6,BAL,4,BOS,Final
20180811,mlb,380811127,LAD,2,COL,3,COL,Final
20180811,mlb,380811125,PHI,5,SD,1,PHI,Final
20180811,mlb,380811126,PIT,4,SF,0,PIT,Final
20180812,mlb,380812101,BOS,4,BAL,1,BOS,Final
20180812,mlb,380812110,TEX,2,NYY,7,NYY,Final
20180812,mlb,380812114,TB,1,TOR,2,TOR,Final
20180812,mlb,380812106,MIN,2,DET,4,DET,Final
20180812,mlb,380812117,ARI,9,CIN,2,ARI,Final
20180812,mlb,380812128,NYM,4,MIA,3,NYM,Final
20180812,mlb,380812115,MIL,7,ATL,8,ATL,Final
20180812,mlb,380812104,CLE,9,CHW,7,CLE,Final
20180812,mlb,380812118,SEA,4,HOU,3,SEA,Final/10
20180812,mlb,380812107,STL,8,KC,2,STL,Final
20180812,mlb,380812127,LAD,3,COL,4,COL,Final
20180812,mlb,380812125,PHI,3,SD,9,SD,Final
20180812,mlb,380812126,PIT,3,SF,4,SF,Final
20180812,mlb,380812116,WSH,3,CHC,4,CHC,Final
20180813,mlb,380813215,MIA,1,ATL,9,ATL,Final
20180813,mlb,380813110,NYM,8,NYY,5,NYM,Final
20180813,mlb,380813106,CHW,5,DET,9,DET,Final
20180813,mlb,380813117,CLE,10,CIN,3,CLE,Final
20180813,mlb,380813315,MIA,1,ATL,6,ATL,Final
20180813,mlb,380813124,WSH,6,STL,7,STL,Final
20180813,mlb,380813113,ARI,3,TEX,5,TEX,Final
20180813,mlb,380813107,TOR,1,KC,3,KC,Final
20180813,mlb,380813119,SF,5,LAD,2,SF,Final
20180813,mlb,380813125,LAA,6,SD,3,LAA,Final/10
20180814,mlb,380814116,MIL,7,CHC,0,MIL,Final
20180814,mlb,380814101,NYM,3,BAL,6,BAL,Final
20180814,mlb,380814110,TB,1,NYY,4,NYY,Final
20180814,mlb,380814122,BOS,2,PHI,1,BOS,Final
20180814,mlb,380814106,CHW,6,DET,3,CHW,Final
20180814,mlb,380814117,CLE,8,CIN,1,CLE,Final
20180814,mlb,380814115,MIA,6,ATL,10,ATL,Final
20180814,mlb,380814113,ARI,6,TEX,4,ARI,Final
20180814,mlb,380814109,PIT,2,MIN,5,MIN,Final
20180814,mlb,380814118,COL,5,HOU,1,COL,Final
20180814,mlb,380814107,TOR,6,KC,5,TOR,Final
20180814,mlb,380814124,WSH,4,STL,6,STL,Final
20180814,mlb,380814119,SF,2,LAD,1,SF,Final
20180814,mlb,380814125,LAA,7,SD,3,LAA,Final
20180815,mlb,380815106,CHW,6,DET,5,CHW,Final
20180815,mlb,380815109,PIT,4,MIN,6,MIN,Final
20180815,mlb,380815116,MIL,4,CHC,8,CHC,Final
20180815,mlb,380815122,BOS,4,PHI,7,PHI,Final
20180815,mlb,380815101,NYM,16,BAL,5,NYM,Final
20180815,mlb,380815110,TB,6,NYY,1,TB,Final
20180815,mlb,380815117,CLE,4,CIN,3,CLE,Final
20180815,mlb,380815115,MIA,2,ATL,5,ATL,Final
20180815,mlb,380815118,COL,1,HOU,12,HOU,Final
20180815,mlb,380815107,TOR,6,KC,5,TOR,Final
20180815,mlb,380815124,WSH,2,STL,4,STL,Final
20180815,mlb,380815125,LAA,3,SD,2,LAA,Final
20180815,mlb,380815119,SF,3,LAD,4,LAD,Final/12
20180816,mlb,380816110,TB,3,NYY,1,TB,Final
20180816,mlb,400984710,NYM,24,PHI,4,NYM,Final
20180816,mlb,380816123,CHC,1,PIT,0,CHC,Final
20180816,mlb,380816124,WSH,5,STL,4,WSH,Final
20180816,mlb,380816115,COL,5,ATL,3,COL,Final
20180816,mlb,380816322,NYM,6,PHI,9,PHI,Final
20180816,mlb,380816113,LAA,6,TEX,8,TEX,Final
20180816,mlb,380816109,DET,8,MIN,15,MIN,Final
20180816,mlb,380816107,TOR,2,KC,6,KC,Final
20180816,mlb,380816125,ARI,5,SD,1,ARI,Final
20180817,mlb,380817122,NYM,2,PHI,4,PHI,Final
20180817,mlb,380817102,TB,3,BOS,7,BOS,Final
20180817,mlb,380817110,TOR,5,NYY,7,NYY,Final/7
20180817,mlb,380817120,MIA,2,WSH,8,WSH,Final
20180817,mlb,380817123,CHC,1,PIT,0,CHC,Final
20180817,mlb,380817105,BAL,1,CLE,2,CLE,Final
20180817,mlb,380817117,SF,1,CIN,2,CIN,Final/11
20180817,mlb,380817115,COL,11,ATL,5,COL,Final
20180817,mlb,380817113,LAA,4,TEX,6,TEX,Final
20180817,mlb,380817104,KC,3,CHW,9,CHW,Final
20180817,mlb,380817109,DET,4,MIN,5,MIN,Final
20180817,mlb,380817124,MIL,2,STL,5,STL,Final
20180817,mlb,380817112,LAD,11,SEA,1,LAD,Final
20180817,mlb,380817125,ARI,9,SD,4,ARI,Final
20180818,mlb,380818110,TOR,6,NYY,11,NYY,Final
20180818,mlb,380818105,BAL,4,CLE,2,BAL,Final
20180818,mlb,380818122,NYM,3,PHI,1,NYM,Final
20180818,mlb,380818120,MIA,7,WSH,5,MIA,Final/10
20180818,mlb,380818123,CHC,1,PIT,3,PIT,Final
20180818,mlb,380818102,TB,2,BOS,5,BOS,Final
20180818,mlb,380818104,KC,3,CHW,1,KC,Final
20180818,mlb,380818109,DET,7,MIN,5,DET,Final
20180818,mlb,380818115,COL,5,ATL,3,COL,Final/10
20180818,mlb,380818117,SF,1,CIN,7,CIN,Final
20180818,mlb,380818124,MIL,2,STL,7,STL,Final
20180818,mlb,380818113,LAA,11,TEX,7,LAA,Final
20180818,mlb,380818125,ARI,6,SD,7,SD,Final
20180818,mlb,380818112,LAD,4,SEA,5,SEA,Final/10
20180819,mlb,380819102,TB,2,BOS,0,TB,Final
20180819,mlb,380819110,TOR,2,NYY,10,NYY,Final
20180819,mlb,380819105,BAL,0,CLE,8,CLE,Final
20180819,mlb,380819117,SF,4,CIN,11,CIN,Final
20180819,mlb,380819115,COL,4,ATL,2,COL,Final
20180819,mlb,380819120,MIA,12,WSH,1,MIA,Final
20180819,mlb,380819123,CHC,1,PIT,2,PIT,Final/11
20180819,mlb,380819104,KC,6,CHW,7,CHW,Final
20180819,mlb,380819109,DET,4,MIN,5,MIN,Final
20180819,mlb,380819124,MIL,2,STL,1,MIL,Final
20180819,mlb,380819113,LAA,2,TEX,4,TEX,Final
20180819,mlb,380819112,LAD,12,SEA,1,LAD,Final
20180819,mlb,380819125,ARI,4,SD,3,ARI,Final
20180819,mlb,400984755,NYM,8,PHI,2,NYM,Final
20180820,mlb,380820114,BAL,3,TOR,5,TOR,Final
20180820,mlb,380820123,ATL,1,PIT,0,ATL,Final
20180820,mlb,380820102,CLE,5,BOS,4,CLE,Final
20180820,mlb,380820109,CHW,8,MIN,5,CHW,Final
20180820,mlb,380820121,SF,2,NYM,1,SF,Final/13
20180820,mlb,380820130,KC,0,TB,1,TB,Final
20180820,mlb,380820108,CIN,2,MIL,5,MIL,Final
20180820,mlb,380820112,HOU,4,SEA,7,SEA,Final
20180820,mlb,380820119,STL,5,LAD,3,STL,Final
20180821,mlb,380821120,PHI,4,WSH,10,WSH,Final
20180821,mlb,380821123,ATL,6,PIT,1,ATL,Final
20180821,mlb,380821114,BAL,2,TOR,8,TOR,Final
20180821,mlb,380821102,CLE,6,BOS,3,CLE,Final
20180821,mlb,380821106,CHC,1,DET,2,DET,Final
20180821,mlb,380821121,SF,3,NYM,6,NYM,Final
20180821,mlb,380821128,NYY,2,MIA,1,NYY,Final/12
20180821,mlb,380821130,KC,1,TB,4,TB,Final
20180821,mlb,380821108,CIN,9,MIL,7,CIN,Final
20180821,mlb,380821104,MIN,5,CHW,2,MIN,Final
20180821,mlb,380821127,SD,4,COL,3,SD,Final
20180821,mlb,380821129,LAA,4,ARI,5,ARI,Final
20180821,mlb,380821119,STL,5,LAD,2,STL,Final
20180821,mlb,380821112,HOU,3,SEA,2,HOU,Final
20180822,mlb,380822114,BAL,0,TOR,6,TOR,Final
20180822,mlb,380822104,MIN,3,CHW,7,CHW,Final
20180822,mlb,380822108,CIN,0,MIL,4,MIL,Final
20180822,mlb,380822112,HOU,10,SEA,7,HOU,Final
20180822,mlb,380822120,PHI,7,WSH,8,WSH,Final
20180822,mlb,380822123,ATL,2,PIT,1,ATL,Final
20180822,mlb,380822102,CLE,4,BOS,10,BOS,Final
20180822,mlb,380822106,CHC,8,DET,2,CHC,Final
20180822,mlb,380822121,SF,3,NYM,5,NYM,Final
20180822,mlb,380822128,NYY,3,MIA,9,MIA,Final
20180822,mlb,380822130,KC,3,TB,6,TB,Final
20180822,mlb,380822127,SD,2,COL,6,COL,Final
20180822,mlb,380822129,LAA,1,ARI,5,ARI,Final
20180822,mlb,380822119,STL,3,LAD,1,STL,Final
20180823,mlb,380823120,PHI,2,WSH,0,PHI,Final
20180823,mlb,380823102,CLE,0,BOS,7,BOS,Final
20180823,mlb,380823106,CHW,2,DET,7,DET,Final
20180823,mlb,380823121,SF,3,NYM,1,SF,Final
20180823,mlb,380823127,SD,3,COL,4,COL,Final
20180823,mlb,380823128,ATL,5,MIA,0,ATL,Final
20180823,mlb,380823130,KC,3,TB,4,TB,Final
20180823,mlb,380823116,CIN,1,CHC,7,CHC,Final
20180824,mlb,380824116,CIN,2,CHC,3,CHC,Final/10
20180824,mlb,380824101,NYY,7,BAL,5,NYY,Final/10
20180824,mlb,380824114,PHI,2,TOR,4,TOR,Final
20180824,mlb,380824106,CHW,6,DET,3,CHW,Final
20180824,mlb,380824121,WSH,0,NYM,3,NYM,Final
20180824,mlb,380824128,ATL,0,MIA,1,MIA,Final
20180824,mlb,380824130,BOS,3,TB,10,TB,Final
20180824,mlb,380824108,PIT,6,MIL,7,MIL,Final/15
20180824,mlb,380824107,CLE,4,KC,5,KC,Final
20180824,mlb,380824127,STL,7,COL,5,STL,Final
20180824,mlb,380824129,SEA,6,ARI,3,SEA,Final
20180824,mlb,380824103,HOU,9,LAA,3,HOU,Final
20180824,mlb,380824119,SD,1,LAD,11,LAD,Final
20180824,mlb,380824126,TEX,7,SF,6,TEX,Final/10
20180825,mlb,380825201,NYY,10,BAL,3,NYY,Final
20180825,mlb,380825116,CIN,6,CHC,10,CHC,Final
20180825,mlb,380825121,WSH,0,NYM,3,NYM,Final
20180825,mlb,380825126,TEX,3,SF,5,SF,Final
20180825,mlb,380825114,PHI,6,TOR,8,TOR,Final
20180825,mlb,380825106,CHW,6,DET,1,CHW,Final
20180825,mlb,380825130,BOS,1,TB,5,TB,Final
20180825,mlb,380825301,NYY,5,BAL,1,NYY,Final
20180825,mlb,380825108,PIT,9,MIL,1,PIT,Final
20180825,mlb,380825128,ATL,1,MIA,3,MIA,Final
20180825,mlb,380825107,CLE,1,KC,7,KC,Final
20180825,mlb,380825127,STL,1,COL,9,COL,Final
20180825,mlb,380825129,SEA,4,ARI,3,SEA,Final/10
20180825,mlb,380825103,HOU,8,LAA,3,HOU,Final
20180825,mlb,380825119,SD,4,LAD,5,LAD,Final/12
20180826,mlb,380826114,PHI,8,TOR,3,PHI,Final
20180826,mlb,380826106,CHW,7,DET,2,CHW,Final
20180826,mlb,380826121,WSH,15,NYM,0,WSH,Final
20180826,mlb,380826128,ATL,4,MIA,0,ATL,Final
20180826,mlb,380826130,BOS,1,TB,9,TB,Final
20180826,mlb,380826108,PIT,4,MIL,7,MIL,Final
20180826,mlb,380826107,CLE,12,KC,5,CLE,Final
20180826,mlb,380826116,CIN,0,CHC,9,CHC,Final
20180826,mlb,380826127,STL,12,COL,3,STL,Final
20180826,mlb,380826126,TEX,1,SF,3,SF,Final
20180826,mlb,380826103,HOU,3,LAA,1,HOU,Final
20180826,mlb,380826119,SD,3,LAD,7,LAD,Final
20180826,mlb,380826129,SEA,2,ARI,5,ARI,Final
20180826,mlb,380826101,NYY,5,BAL,3,NYY,Final
20180827,mlb,380827110,CHW,6,NYY,2,CHW,Final
20180827,mlb,380827101,TOR,0,BAL,7,BAL,Final
20180827,mlb,380827122,WSH,5,PHI,3,WSH,Final
20180827,mlb,380827116,NYM,4,CHC,7,CHC,Final
20180827,mlb,380827103,COL,7,LAA,10,LAA,Final
20180827,mlb,380827126,ARI,0,SF,2,SF,Final
20180828,mlb,380828102,MIA,7,BOS,8,BOS,Final
20180828,mlb,380828101,TOR,5,BAL,12,BAL,Final
20180828,mlb,380828110,CHW,4,NYY,5,NYY,Final
20180828,mlb,380828122,WSH,5,PHI,4,WSH,Final
20180828,mlb,380828105,MIN,1,CLE,8,CLE,Final
20180828,mlb,380828117,MIL,7,CIN,9,CIN,Final
20180828,mlb,380828115,TB,5,ATL,9,ATL,Final
20180828,mlb,380828113,LAD,8,TEX,4,LAD,Final
20180828,mlb,380828116,NYM,1,CHC,2,CHC,Final/11
20180828,mlb,380828107,DET,2,KC,6,KC,Final
20180828,mlb,380828124,PIT,2,STL,5,STL,Final
20180828,mlb,380828103,COL,3,LAA,2,COL,Final
20180828,mlb,380828125,SEA,1,SD,2,SD,Final
20180828,mlb,380828126,ARI,0,SF,1,SF,Final
20180829,mlb,380829107,DET,2,KC,9,KC,Final
20180829,mlb,380829116,NYM,10,CHC,3,NYM,Final
20180829,mlb,380829125,SEA,3,SD,8,SD,Final
20180829,mlb,380829102,MIA,6,BOS,14,BOS,Final
20180829,mlb,380829101,TOR,5,BAL,10,BAL,Final
20180829,mlb,380829110,CHW,4,NYY,1,CHW,Final
20180829,mlb,380829122,WSH,6,PHI,8,PHI,Final
20180829,mlb,380829105,MIN,4,CLE,3,MIN,Final
20180829,mlb,380829117,MIL,13,CIN,12,MIL,Final/10
20180829,mlb,380829115,TB,8,ATL,5,TB,Final
20180829,mlb,380829113,LAD,3,TEX,1,LAD,Final
20180829,mlb,380829124,PIT,2,STL,0,PIT,Final
20180829,mlb,380829126,ARI,3,SF,1,ARI,Final
20180830,mlb,380830117,MIL,2,CIN,1,MIL,Final/11
20180830,mlb,380830105,MIN,3,CLE,5,CLE,Final
20180830,mlb,380830110,DET,8,NYY,7,DET,Final
20180830,mlb,380830124,PIT,0,STL,5,STL,Final
20180830,mlb,380830115,CHC,5,ATL,4,CHC,Final
20180830,mlb,380830104,BOS,9,CHW,4,BOS,Final
20180830,mlb,380830118,LAA,5,HOU,2,LAA,Final
20180830,mlb,380830119,ARI,3,LAD,1,ARI,Final
20180830,mlb,380830125,COL,2,SD,3,SD,Final/13
20180831,mlb,380831110,DET,5,NYY,7,NYY,Final
20180831,mlb,380831120,MIL,4,WSH,1,MIL,Final
20180831,mlb,380831122,CHC,1,PHI,2,PHI,Final/10
20180831,mlb,380831105,TB,0,CLE,3,CLE,Final
20180831,mlb,380831128,TOR,6,MIA,5,TOR,Final
20180831,mlb,380831115,PIT,3,ATL,2,PIT,Final
20180831,mlb,380831113,MIN,10,TEX,7,MIN,Final
20180831,mlb,380831104,BOS,1,CHW,6,CHW,Final
20180831,mlb,380831118,LAA,3,HOU,0,LAA,Final
20180831,mlb,380831107,BAL,2,KC,9,KC,Final
20180831,mlb,380831124,CIN,5,STL,12,STL,Final
20180831,mlb,380831119,ARI,2,LAD,3,LAD,Final
20180831,mlb,380831125,COL,0,SD,7,SD,Final
20180831,mlb,380831126,NYM,0,SF,7,SF,Final
20180901,mlb,380901110,DET,1,NYY,2,NYY,Final
20180901,mlb,380901126,NYM,2,SF,1,NYM,Final/11
20180901,mlb,380901120,MIL,4,WSH,5,WSH,Final
20180901,mlb,380901122,CHC,7,PHI,1,CHC,Final
20180901,mlb,380901104,BOS,6,CHW,1,BOS,Final
20180901,mlb,380901105,TB,5,CLE,3,TB,Final
20180901,mlb,380901115,PIT,3,ATL,5,ATL,Final
20180901,mlb,380901118,LAA,3,HOU,7,HOU,Final
20180901,mlb,380901128,TOR,3,MIA,6,MIA,Final
20180901,mlb,380901107,BAL,4,KC,5,KC,Final
20180901,mlb,380901124,CIN,4,STL,0,CIN,Final
20180901,mlb,380901113,MIN,4,TEX,7,TEX,Final
20180901,mlb,380901125,COL,4,SD,2,COL,Final
20180901,mlb,380901119,ARI,2,LAD,3,LAD,Final
20180902,mlb,380902110,DET,11,NYY,7,DET,Final
20180902,mlb,380902128,TOR,6,MIA,1,TOR,Final
20180902,mlb,380902120,MIL,9,WSH,4,MIL,Final
20180902,mlb,380902122,CHC,8,PHI,1,CHC,Final
20180902,mlb,380902104,BOS,0,CHW,8,CHW,Final
20180902,mlb,380902107,BAL,1,KC,9,KC,Final
20180902,mlb,380902124,CIN,6,STL,4,CIN,Final/10
20180902,mlb,380902113,MIN,4,TEX,18,TEX,Final
20180902,mlb,380902126,NYM,4,SF,1,NYM,Final
20180902,mlb,380902105,TB,6,CLE,4,TB,Final
20180902,mlb,380902119,ARI,2,LAD,3,LAD,Final
20180902,mlb,380902125,COL,7,SD,3,COL,Final
20180902,mlb,380902115,PIT,1,ATL,5,ATL,Final
20180902,mlb,380902118,LAA,2,HOU,4,HOU,Final
20180903,mlb,380903115,BOS,8,ATL,2,BOS,Final
20180903,mlb,380903120,STL,3,WSH,4,WSH,Final/10
20180903,mlb,380903128,PHI,1,MIA,3,MIA,Final
20180903,mlb,380903123,CIN,1,PIT,5,PIT,Final
20180903,mlb,380903104,DET,2,CHW,4,CHW,Final
20180903,mlb,380903108,CHC,3,MIL,4,MIL,Final
20180903,mlb,380903118,MIN,1,HOU,4,HOU,Final
20180903,mlb,380903127,SF,8,COL,9,COL,Final
20180903,mlb,380903105,KC,5,CLE,1,KC,Final
20180903,mlb,380903114,TB,7,TOR,1,TB,Final
20180903,mlb,380903113,LAA,3,TEX,1,LAA,Final
20180903,mlb,380903119,NYM,4,LAD,2,NYM,Final
20180903,mlb,380903129,SD,6,ARI,2,SD,Final
20180903,mlb,380903112,BAL,1,SEA,2,SEA,Final
20180904,mlb,380904120,STL,11,WSH,8,STL,Final
20180904,mlb,380904123,CIN,3,PIT,7,PIT,Final
20180904,mlb,380904114,TB,4,TOR,0,TB,Final
20180904,mlb,380904105,KC,3,CLE,9,CLE,Final
20180904,mlb,380904128,PHI,9,MIA,4,PHI,Final
20180904,mlb,380904115,BOS,5,ATL,1,BOS,Final
20180904,mlb,380904113,LAA,2,TEX,4,TEX,Final
20180904,mlb,380904104,DET,8,CHW,3,DET,Final
20180904,mlb,380904108,CHC,1,MIL,11,MIL,Final
20180904,mlb,380904118,MIN,2,HOU,5,HOU,Final
20180904,mlb,380904127,SF,2,COL,6,COL,Final
20180904,mlb,380904129,SD,0,ARI,6,ARI,Final
20180904,mlb,380904112,BAL,5,SEA,3,BAL,Final
20180904,mlb,380904119,NYM,4,LAD,11,LAD,Final
20180905,mlb,380905115,BOS,9,ATL,8,BOS,Final
20180905,mlb,380905105,KC,1,CLE,3,CLE,Final
20180905,mlb,380905120,STL,7,WSH,6,STL,Final
20180905,mlb,380905123,CIN,2,PIT,3,PIT,Final
20180905,mlb,380905114,TB,3,TOR,10,TOR,Final
20180905,mlb,380905128,PHI,1,MIA,2,MIA,Final
20180905,mlb,380905119,NYM,7,LAD,3,NYM,Final
20180905,mlb,380905108,CHC,6,MIL,4,CHC,Final
20180905,mlb,380905113,LAA,9,TEX,3,LAA,Final
20180905,mlb,380905104,DET,10,CHW,2,DET,Final
20180905,mlb,380905118,MIN,1,HOU,9,HOU,Final
20180905,mlb,380905127,SF,3,COL,5,COL,Final
20180905,mlb,380905112,BAL,2,SEA,5,SEA,Final
20180906,mlb,380906117,SD,6,CIN,2,SD,Final
20180906,mlb,380906120,CHC,6,WSH,4,CHC,Final/10
20180906,mlb,380906114,CLE,9,TOR,4,CLE,Final
20180906,mlb,380906129,ATL,7,ARI,6,ATL,Final/10
20180907,mlb,380907117,SD,6,CIN,12,CIN,Final
20180907,mlb,380907114,CLE,2,TOR,3,TOR,Final/11
20180907,mlb,380907123,MIA,3,PIT,5,PIT,Final
20180907,mlb,380907102,HOU,6,BOS,3,HOU,Final
20180907,mlb,380907106,STL,3,DET,5,DET,Final
20180907,mlb,380907121,PHI,4,NYM,3,PHI,Final
20180907,mlb,380907130,BAL,2,TB,14,TB,Final
20180907,mlb,380907104,LAA,5,CHW,2,LAA,Final
20180907,mlb,380907108,SF,2,MIL,4,MIL,Final
20180907,mlb,380907109,KC,6,MIN,10,MIN,Final
20180907,mlb,380907127,LAD,4,COL,2,LAD,Final
20180907,mlb,380907129,ATL,3,ARI,5,ARI,Final
20180907,mlb,380907112,NYY,4,SEA,0,NYY,Final
20180908,mlb,380908123,MIA,1,PIT,5,PIT,Final
20180908,mlb,401081573,CHC,3,WSH,10,WSH,Final
20180908,mlb,380908117,SD,2,CIN,7,CIN,Final/7
20180908,mlb,380908102,HOU,5,BOS,3,HOU,Final
20180908,mlb,380908114,CLE,9,TOR,8,CLE,Final
20180908,mlb,380908106,STL,3,DET,4,DET,Final
20180908,mlb,380908130,BAL,5,TB,10,TB,Final
20180908,mlb,380908320,CHC,5,WSH,6,WSH,Final
20180908,mlb,380908104,LAA,12,CHW,3,LAA,Final
20180908,mlb,380908108,SF,3,MIL,4,MIL,Final
20180908,mlb,380908109,KC,4,MIN,1,KC,Final
20180908,mlb,380908121,PHI,5,NYM,10,NYM,Final
20180908,mlb,380908127,LAD,2,COL,4,COL,Final
20180908,mlb,380908129,ATL,5,ARI,4,ATL,Final/10
20180908,mlb,380908112,NYY,4,SEA,2,NYY,Final
20180909,mlb,380909114,CLE,2,TOR,6,TOR,Final
20180909,mlb,380909106,STL,5,DET,2,STL,Final
20180909,mlb,380909121,PHI,4,NYM,6,NYM,Final
20180909,mlb,380909130,BAL,3,TB,8,TB,Final
20180909,mlb,380909104,LAA,1,CHW,0,LAA,Final
20180909,mlb,380909108,SF,3,MIL,6,MIL,Final
20180909,mlb,380909109,KC,1,MIN,3,MIN,Final
20180909,mlb,380909127,LAD,9,COL,6,LAD,Final
20180909,mlb,380909112,NYY,2,SEA,3,SEA,Final
20180909,mlb,380909117,SD,7,CIN,6,SD,Final
20180909,mlb,400985021,ATL,9,ARI,5,ATL,Final
20180909,mlb,380909102,HOU,5,BOS,6,BOS,Final
20180910,mlb,380910106,HOU,3,DET,2,HOU,Final
20180910,mlb,380910117,LAD,6,CIN,10,CIN,Final
20180910,mlb,380910130,CLE,5,TB,6,TB,Final
20180910,mlb,380910116,MIL,3,CHC,2,MIL,Final
20180910,mlb,380910109,NYY,7,MIN,2,NYY,Final
20180910,mlb,380910107,CHW,3,KC,4,KC,Final/10
20180910,mlb,380910124,PIT,7,STL,8,STL,Final
20180910,mlb,380910127,ARI,2,COL,13,COL,Final
20180910,mlb,380910103,TEX,5,LAA,2,TEX,Final
20180910,mlb,380910126,ATL,4,SF,1,ATL,Final
20180911,mlb,401081799,WSH,3,PHI,1,WSH,Final
20180911,mlb,380911106,HOU,5,DET,4,HOU,Final
20180911,mlb,380911117,LAD,1,CIN,3,CIN,Final
20180911,mlb,380911322,WSH,7,PHI,6,WSH,Final/10
20180911,mlb,380911102,TOR,2,BOS,7,BOS,Final
20180911,mlb,380911121,MIA,5,NYM,3,MIA,Final
20180911,mlb,380911130,CLE,2,TB,0,CLE,Final
20180911,mlb,380911109,NYY,5,MIN,10,MIN,Final
20180911,mlb,380911116,MIL,0,CHC,3,CHC,Final
20180911,mlb,380911107,CHW,3,KC,6,KC,Final
20180911,mlb,380911124,PIT,5,STL,11,STL,Final
20180911,mlb,380911127,ARI,6,COL,3,ARI,Final
20180911,mlb,380911103,TEX,0,LAA,1,LAA,Final
20180911,mlb,380911112,SD,2,SEA,1,SD,Final
20180911,mlb,380911126,ATL,4,SF,1,ATL,Final
20180912,mlb,380912117,LAD,8,CIN,1,LAD,Final
20180912,mlb,380912106,HOU,5,DET,4,HOU,Final
20180912,mlb,380912130,CLE,1,TB,3,TB,Final
20180912,mlb,380912124,PIT,4,STL,3,PIT,Final
20180912,mlb,380912126,ATL,2,SF,1,ATL,Final
20180912,mlb,380912221,MIA,0,NYM,13,NYM,Final
20180912,mlb,380912112,SD,5,SEA,4,SD,Final
20180912,mlb,380912122,WSH,5,PHI,1,WSH,Final
20180912,mlb,380912102,TOR,0,BOS,1,BOS,Final
20180912,mlb,380912116,MIL,5,CHC,1,MIL,Final
20180912,mlb,380912109,NYY,1,MIN,3,MIN,Final
20180912,mlb,380912107,CHW,4,KC,2,CHW,Final/12
20180912,mlb,380912127,ARI,4,COL,5,COL,Final
20180912,mlb,380912103,TEX,1,LAA,8,LAA,Final
20180913,mlb,380913127,ARI,3,COL,10,COL,Final
20180913,mlb,400985079,MIA,3,NYM,4,NYM,Final
20180913,mlb,380913120,CHC,4,WSH,3,CHC,Final/10
20180913,mlb,380913321,MIA,2,NYM,5,NYM,Final
20180913,mlb,380913102,TOR,3,BOS,4,BOS,Final
20180913,mlb,380913124,LAD,9,STL,7,LAD,Final
20180913,mlb,380913107,MIN,4,KC,6,KC,Final
20180913,mlb,380913103,SEA,8,LAA,2,SEA,Final
20180914,mlb,380914101,CHW,8,BAL,6,CHW,Final
20180914,mlb,380914110,TOR,0,NYY,11,NYY,Final
20180914,mlb,380914122,MIA,2,PHI,14,PHI,Final
20180914,mlb,380914102,NYM,8,BOS,0,NYM,Final
20180914,mlb,380914105,DET,5,CLE,4,DET,Final
20180914,mlb,380914115,WSH,5,ATL,10,ATL,Final
20180914,mlb,380914124,LAD,3,STL,0,LAD,Final
20180914,mlb,380914116,CIN,2,CHC,3,CHC,Final
20180914,mlb,380914108,PIT,4,MIL,7,MIL,Final
20180914,mlb,380914118,ARI,4,HOU,2,ARI,Final
20180914,mlb,380914107,MIN,4,KC,8,KC,Final
20180914,mlb,380914103,SEA,5,LAA,0,SEA,Final
20180914,mlb,380914125,TEX,4,SD,0,TEX,Final
20180914,mlb,380914126,COL,0,SF,2,SF,Final
20180915,mlb,380915115,WSH,7,ATL,1,WSH,Final
20180915,mlb,380915124,LAD,17,STL,4,LAD,Final
20180915,mlb,380915105,DET,0,CLE,15,CLE,Final
20180915,mlb,380915110,TOR,8,NYY,7,TOR,Final
20180915,mlb,380915102,NYM,3,BOS,5,BOS,Final
20180915,mlb,380915116,CIN,0,CHC,1,CHC,Final
20180915,mlb,380915101,CHW,2,BAL,0,CHW,Final
20180915,mlb,380915122,MIA,4,PHI,5,PHI,Final
20180915,mlb,380915108,PIT,3,MIL,1,PIT,Final
20180915,mlb,380915118,ARI,4,HOU,10,HOU,Final
20180915,mlb,380915107,MIN,3,KC,10,KC,Final
20180915,mlb,380915125,TEX,6,SD,3,TEX,Final
20180915,mlb,380915126,COL,0,SF,3,SF,Final
20180915,mlb,380915103,SEA,6,LAA,5,SEA,Final
20180916,mlb,380916101,CHW,4,BAL,8,BAL,Final
20180916,mlb,380916102,NYM,3,BOS,4,BOS,Final
20180916,mlb,380916110,TOR,3,NYY,2,TOR,Final
20180916,mlb,380916105,DET,6,CLE,4,DET,Final
20180916,mlb,380916115,WSH,6,ATL,4,WSH,Final
20180916,mlb,380916122,MIA,6,PHI,4,MIA,Final
20180916,mlb,380916108,PIT,3,MIL,2,PIT,Final
20180916,mlb,380916118,ARI,4,HOU,5,HOU,Final
20180916,mlb,380916107,MIN,9,KC,6,MIN,Final
20180916,mlb,380916116,CIN,2,CHC,1,CIN,Final
20180916,mlb,380916126,COL,3,SF,2,COL,Final
20180916,mlb,380916103,SEA,3,LAA,4,LAA,Final
20180916,mlb,380916125,TEX,3,SD,7,SD,Final
20180916,mlb,380916124,LAD,0,STL,5,STL,Final
20180917,mlb,380917101,TOR,5,BAL,0,TOR,Final
20180917,mlb,380917122,NYM,9,PHI,4,NYM,Final
20180917,mlb,380917123,KC,6,PIT,7,PIT,Final
20180917,mlb,380917106,MIN,6,DET,1,MIN,Final
20180917,mlb,380917128,WSH,5,MIA,8,MIA,Final
20180917,mlb,380917115,STL,11,ATL,6,STL,Final
20180917,mlb,380917108,CIN,0,MIL,8,MIL,Final
20180917,mlb,380917113,TB,3,TEX,0,TB,Final
20180917,mlb,380917118,SEA,4,HOU,1,SEA,Final
20180917,mlb,380917129,CHC,5,ARI,1,CHC,Final
20180917,mlb,380917119,COL,2,LAD,8,LAD,Final
20180917,mlb,380917125,SF,4,SD,2,SF,Final
20180918,mlb,380918101,TOR,6,BAL,4,TOR,Final
20180918,mlb,380918110,BOS,2,NYY,3,NYY,Final
20180918,mlb,380918122,NYM,2,PHI,5,PHI,Final
20180918,mlb,380918123,KC,1,PIT,2,PIT,Final/11
20180918,mlb,380918105,CHW,3,CLE,5,CLE,Final
20180918,mlb,380918106,MIN,5,DET,3,MIN,Final
20180918,mlb,380918128,WSH,4,MIA,2,WSH,Final
20180918,mlb,380918115,STL,8,ATL,1,STL,Final
20180918,mlb,380918108,CIN,3,MIL,1,CIN,Final
20180918,mlb,380918113,TB,4,TEX,0,TB,Final
20180918,mlb,380918118,SEA,0,HOU,7,HOU,Final
20180918,mlb,380918129,CHC,9,ARI,1,CHC,Final
20180918,mlb,380918119,COL,2,LAD,3,LAD,Final/10
20180918,mlb,380918125,SF,5,SD,4,SF,Final
20180919,mlb,380919115,STL,3,ATL,7,ATL,Final
20180919,mlb,380919106,MIN,8,DET,2,MIN,Final
20180919,mlb,380919113,TB,9,TEX,3,TB,Final
20180919,mlb,380919122,NYM,0,PHI,4,PHI,Final
20180919,mlb,380919110,BOS,1,NYY,10,NYY,Final
20180919,mlb,380919101,TOR,1,BAL,2,BAL,Final
20180919,mlb,380919123,KC,1,PIT,2,PIT,Final
20180919,mlb,380919105,CHW,1,CLE,4,CLE,Final
20180919,mlb,380919108,CIN,0,MIL,7,MIL,Final
20180919,mlb,380919118,SEA,9,HOU,0,SEA,Final
20180919,mlb,380919125,SF,4,SD,8,SD,Final
20180919,mlb,380919129,CHC,0,ARI,9,ARI,Final
20180919,mlb,380919119,COL,2,LAD,5,LAD,Final
20180920,mlb,380920110,BOS,11,NYY,6,BOS,Final
20180920,mlb,380920120,NYM,5,WSH,4,NYM,Final/12
20180920,mlb,380920114,TB,8,TOR,9,TOR,Final
20180920,mlb,380920105,CHW,5,CLE,4,CHW,Final/11
20180920,mlb,380920106,KC,8,DET,11,DET,Final
20180920,mlb,380920128,CIN,4,MIA,2,CIN,Final
20180920,mlb,380920115,PHI,3,ATL,8,ATL,Final
20180921,mlb,380921104,CHC,4,CHW,10,CHW,Final
20180921,mlb,380921105,BOS,7,CLE,5,BOS,Final
20180921,mlb,380921110,BAL,8,NYY,10,NYY,Final
20180921,mlb,380921120,NYM,4,WSH,2,NYM,Final
20180921,mlb,380921123,MIL,8,PIT,3,MIL,Final
20180921,mlb,380921114,TB,11,TOR,3,TB,Final
20180921,mlb,380921106,KC,4,DET,3,KC,Final
20180921,mlb,380921128,CIN,0,MIA,1,MIA,Final/10
20180921,mlb,380921115,PHI,5,ATL,6,ATL,Final
20180921,mlb,380921113,SEA,3,TEX,8,TEX,Final/7
20180921,mlb,380921118,LAA,3,HOU,11,HOU,Final
20180921,mlb,380921124,SF,3,STL,5,STL,Final
20180921,mlb,380921129,COL,6,ARI,2,COL,Final
20180921,mlb,380921119,SD,5,LAD,3,SD,Final
20180922,mlb,380922115,PHI,3,ATL,5,ATL,Final
20180922,mlb,380922124,SF,4,STL,5,STL,Final/10
20180922,mlb,380922120,NYM,0,WSH,6,WSH,Final
20180922,mlb,380922110,BAL,2,NYY,3,NYY,Final/11
20180922,mlb,380922114,TB,2,TOR,5,TOR,Final
20180922,mlb,380922106,KC,4,DET,5,DET,Final
20180922,mlb,380922123,MIL,0,PIT,3,PIT,Final
20180922,mlb,380922104,CHC,8,CHW,3,CHC,Final
20180922,mlb,380922105,BOS,4,CLE,5,CLE,Final/11
20180922,mlb,380922118,LAA,5,HOU,10,HOU,Final
20180922,mlb,380922128,CIN,1,MIA,5,MIA,Final
20180922,mlb,380922113,SEA,13,TEX,0,SEA,Final
20180922,mlb,380922129,COL,5,ARI,1,COL,Final
20180922,mlb,380922119,SD,2,LAD,7,LAD,Final
20180923,mlb,380923110,BAL,6,NYY,3,BAL,Final
20180923,mlb,380923114,TB,5,TOR,2,TB,Final
20180923,mlb,380923106,KC,3,DET,2,KC,Final
20180923,mlb,380923128,CIN,0,MIA,6,MIA,Final
20180923,mlb,380923115,PHI,1,ATL,2,ATL,Final
20180923,mlb,380923120,NYM,8,WSH,6,NYM,Final
20180923,mlb,380923123,MIL,13,PIT,6,MIL,Final
20180923,mlb,380923104,CHC,6,CHW,1,CHC,Final
20180923,mlb,380923118,LAA,2,HOU,6,HOU,Final
20180923,mlb,380923124,SF,2,STL,9,STL,Final
20180923,mlb,380923113,SEA,1,TEX,6,TEX,Final
20180923,mlb,380923119,SD,0,LAD,14,LAD,Final
20180923,mlb,380923129,COL,2,ARI,0,COL,Final
20180923,mlb,380923105,BOS,3,CLE,4,CLE,Final/11
20180924,mlb,380924130,NYY,4,TB,1,NYY,Final
20180924,mlb,380924120,MIA,3,WSH,7,WSH,Final
20180924,mlb,380924114,HOU,5,TOR,3,HOU,Final
20180924,mlb,380924102,BAL,2,BOS,6,BOS,Final
20180924,mlb,380924116,PIT,5,CHC,1,PIT,Final
20180924,mlb,380924104,CLE,4,CHW,0,CLE,Final
20180924,mlb,380924124,MIL,6,STL,4,MIL,Final
20180924,mlb,380924127,PHI,1,COL,10,COL,Final
20180924,mlb,380924129,LAD,7,ARI,4,LAD,Final
20180924,mlb,380924103,TEX,4,LAA,5,LAA,Final/11
20180924,mlb,380924126,SD,5,SF,0,SD,Final
20180925,mlb,380925117,KC,4,CIN,3,KC,Final
20180925,mlb,380925130,NYY,9,TB,2,NYY,Final
20180925,mlb,380925120,MIA,4,WSH,9,WSH,Final
20180925,mlb,380925114,HOU,4,TOR,1,HOU,Final
20180925,mlb,380925121,ATL,7,NYM,3,ATL,Final
20180925,mlb,380925104,CLE,4,CHW,5,CHW,Final
20180925,mlb,380925124,MIL,12,STL,4,MIL,Final
20180925,mlb,380925116,PIT,6,CHC,0,PIT,Final
20180925,mlb,380925109,DET,4,MIN,2,DET,Final
20180925,mlb,380925127,PHI,3,COL,10,COL,Final
20180925,mlb,380925129,LAD,3,ARI,4,ARI,Final
20180925,mlb,380925103,TEX,1,LAA,4,LAA,Final
20180925,mlb,380925126,SD,4,SF,5,SF,Final/12
20180926,mlb,380926202,BAL,3,BOS,19,BOS,Final
20180926,mlb,400985257,MIA,3,WSH,9,WSH,Final/8
20180926,mlb,380926114,HOU,1,TOR,3,TOR,Final
20180926,mlb,380926117,KC,6,CIN,1,KC,Final
20180926,mlb,380926124,MIL,2,STL,1,MIL,Final
20180926,mlb,380926121,ATL,0,NYM,3,NYM,Final
20180926,mlb,380926130,NYY,7,TB,8,TB,Final
20180926,mlb,380926302,BAL,10,BOS,3,BAL,Final
20180926,mlb,380926116,PIT,6,CHC,7,CHC,Final/10
20180926,mlb,380926104,CLE,10,CHW,2,CLE,Final
20180926,mlb,380926109,DET,4,MIN,11,MIN,Final
20180926,mlb,380926127,PHI,0,COL,14,COL,Final
20180926,mlb,380926129,LAD,2,ARI,7,ARI,Final
20180926,mlb,380926103,TEX,2,LAA,3,LAA,Final
20180926,mlb,380926126,SD,3,SF,2,SD,Final
20180927,mlb,380927130,NYY,12,TB,1,NYY,Final
20180927,mlb,380927127,PHI,3,COL,5,COL,Final
20180927,mlb,380927121,ATL,1,NYM,4,NYM,Final
20180927,mlb,380927107,CLE,1,KC,2,KC,Final/10
20180927,mlb,380927116,PIT,0,CHC,3,CHC,Final
20180927,mlb,380927109,DET,3,MIN,9,MIN,Final
20180927,mlb,380927112,TEX,2,SEA,0,TEX,Final
20180928,mlb,380928209,CHW,1,MIN,2,MIN,Final
20180928,mlb,380928116,STL,4,CHC,8,CHC,Final
20180928,mlb,380928117,PIT,8,CIN,4,PIT,Final
20180928,mlb,380928102,NYY,11,BOS,6,NYY,Final
20180928,mlb,380928101,HOU,2,BAL,1,HOU,Final
20180928,mlb,380928122,ATL,10,PHI,2,ATL,Final
20180928,mlb,380928121,MIA,8,NYM,1,MIA,Final
20180928,mlb,380928130,TOR,7,TB,6,TOR,Final
20180928,mlb,400985276,CLE,14,KC,6,CLE,Final
20180928,mlb,380928108,DET,5,MIL,6,MIL,Final
20180928,mlb,380928127,WSH,2,COL,5,COL,Final
20180928,mlb,380928309,CHW,4,MIN,12,MIN,Final
20180928,mlb,380928112,TEX,6,SEA,12,SEA,Final
20180928,mlb,380928125,ARI,2,SD,3,SD,Final/15
20180928,mlb,380928126,LAD,3,SF,1,LAD,Final
20180929,mlb,380929102,NYY,8,BOS,5,NYY,Final
20180929,mlb,380929116,STL,2,CHC,1,STL,Final
20180929,mlb,380929117,PIT,0,CIN,3,CIN,Final
20180929,mlb,380929126,LAD,10,SF,6,LAD,Final
20180929,mlb,401086602,HOU,4,BAL,3,HOU,Final
20180929,mlb,380929130,TOR,3,TB,4,TB,Final
20180929,mlb,380929122,ATL,0,PHI,3,PHI,Final
20180929,mlb,380929301,HOU,5,BAL,2,HOU,Final
20180929,mlb,380929108,DET,5,MIL,6,MIL,Final
20180929,mlb,380929109,CHW,3,MIN,8,MIN,Final
20180929,mlb,380929121,MIA,0,NYM,1,NYM,Final/13
20180929,mlb,380929107,CLE,4,KC,9,KC,Final
20180929,mlb,380929127,WSH,12,COL,2,WSH,Final
20180929,mlb,380929125,ARI,5,SD,4,ARI,Final
20180929,mlb,380929112,TEX,1,SEA,4,SEA,Final
20180930,mlb,380930101,HOU,0,BAL,4,BAL,Final
20180930,mlb,380930102,NYY,2,BOS,10,BOS,Final
20180930,mlb,380930122,ATL,1,PHI,3,PHI,Final
20180930,mlb,380930126,LAD,15,SF,0,LAD,Final
20180930,mlb,380930108,DET,0,MIL,11,MIL,Final
20180930,mlb,380930109,CHW,4,MIN,5,MIN,Final
20180930,mlb,380930112,TEX,1,SEA,3,SEA,Final
20180930,mlb,380930117,PIT,6,CIN,5,PIT,Final/10
20180930,mlb,380930121,MIA,0,NYM,1,NYM,Final
20180930,mlb,380930125,ARI,3,SD,4,SD,Final/10
20180930,mlb,380930127,WSH,0,COL,12,COL,Final
20180930,mlb,380930130,TOR,4,TB,9,TB,Final
20180930,mlb,380930107,CLE,2,KC,1,CLE,Final
20180930,mlb,380930116,STL,5,CHC,10,CHC,Final
20181001,mlb,381001116,MIL,3,CHC,1,MIL,Final
20181001,mlb,381001119,COL,2,LAD,5,LAD,Final
20181002,mlb,401087833,COL,2,CHC,1,COL,Final/13
20181004,mlb,401088956,COL,2,MIL,3,MIL,Final/10
20181004,mlb,401087834,ATL,0,LAD,6,LAD,Final
20181005,mlb,401085799,CLE,2,HOU,7,HOU,Final
20181005,mlb,401088957,COL,0,MIL,4,MIL,Final
20181005,mlb,401089619,NYY,4,BOS,5,BOS,Final
20181005,mlb,401087835,ATL,0,LAD,3,LAD,Final
20181006,mlb,401085800,CLE,1,HOU,3,HOU,Final
20181006,mlb,401089620,NYY,6,BOS,2,NYY,Final
20181007,mlb,401088958,MIL,6,COL,0,MIL,Final
20181007,mlb,401087836,LAD,5,ATL,6,ATL,Final
20181008,mlb,401085801,HOU,11,CLE,3,HOU,Final
20181008,mlb,401087837,LAD,6,ATL,2,LAD,Final
20181008,mlb,401089621,BOS,16,NYY,1,BOS,Final
20181009,mlb,401089622,BOS,4,NYY,3,BOS,Final
20181012,mlb,401091256,LAD,5,MIL,6,MIL,Final
20181013,mlb,401091257,LAD,4,MIL,3,LAD,Final
20181013,mlb,401091674,HOU,7,BOS,2,HOU,Final
20181014,mlb,401091675,HOU,5,BOS,7,BOS,Final
20181015,mlb,401091258,MIL,4,LAD,0,MIL,Final
20181016,mlb,401091676,BOS,8,HOU,2,BOS,Final
20181016,mlb,401091259,MIL,1,LAD,2,LAD,Final/13
20181017,mlb,401091260,MIL,2,LAD,5,LAD,Final
20181017,mlb,401091677,BOS,8,HOU,6,BOS,Final
20181018,mlb,401091678,BOS,4,HOU,1,BOS,Final
20181019,mlb,401091261,LAD,2,MIL,7,MIL,Final
20181020,mlb,401091262,LAD,5,MIL,1,LAD,Final
20181023,mlb,401097153,LAD,4,BOS,8,BOS,Final
20181024,mlb,401097154,LAD,2,BOS,4,BOS,Final
20181026,mlb,401097155,BOS,2,LAD,3,LAD,Final/18
20181027,mlb,401097156,BOS,9,LAD,6,BOS,Final
20181028,mlb,401097157,BOS,5,LAD,1,BOS,Final
20180329,mlb,380329111,LAA,5,ATH,6,ATH,Final/11
20180330,mlb,380330111,LAA,2,ATH,1,LAA,Final
20180331,mlb,380331111,LAA,8,ATH,3,LAA,Final
20180401,mlb,380401111,LAA,7,ATH,4,LAA,Final
20180402,mlb,380402111,TEX,1,ATH,3,ATH,Final
20180403,mlb,380403111,TEX,4,ATH,1,TEX,Final
20180404,mlb,380404111,TEX,2,ATH,6,ATH,Final
20180405,mlb,380405111,TEX,6,ATH,3,TEX,Final
20180406,mlb,380406103,ATH,9,LAA,13,LAA,Final
20180407,mlb,380407103,ATH,7,LAA,3,ATH,Final
20180408,mlb,380408103,ATH,1,LAA,6,LAA,Final
20180410,mlb,380410119,ATH,0,LAD,4,LAD,Final
20180411,mlb,380411119,ATH,16,LAD,6,ATH,Final
20180413,mlb,380413112,ATH,4,SEA,7,SEA,Final
20180414,mlb,380414112,ATH,8,SEA,10,SEA,Final
20180415,mlb,380415112,ATH,2,SEA,1,ATH,Final
20180416,mlb,380416111,CHW,1,ATH,8,ATH,Final
20180417,mlb,380417111,CHW,2,ATH,10,ATH,Final
20180418,mlb,380418111,CHW,11,ATH,12,ATH,Final/14
20180420,mlb,400983173,BOS,7,ATH,3,BOS,Final
20180421,mlb,380421111,BOS,0,ATH,3,ATH,Final
20180422,mlb,380422111,BOS,1,ATH,4,ATH,Final
20180423,mlb,380423113,ATH,9,TEX,4,ATH,Final
20180424,mlb,380424113,ATH,3,TEX,2,ATH,Final
20180425,mlb,380425113,ATH,2,TEX,4,TEX,Final
20180427,mlb,380427118,ATH,8,HOU,1,ATH,Final
20180428,mlb,380428118,ATH,0,HOU,11,HOU,Final
20180429,mlb,380429118,ATH,4,HOU,8,HOU,Final
20180501,mlb,380501112,ATH,3,SEA,6,SEA,Final
20180502,mlb,380502112,ATH,3,SEA,2,ATH,Final
20180503,mlb,380503112,ATH,1,SEA,4,SEA,Final
20180504,mlb,380504111,BAL,4,ATH,6,ATH,Final
20180505,mlb,380505111,BAL,0,ATH,2,ATH,Final/12
20180506,mlb,380506111,BAL,1,ATH,2,ATH,Final
20180507,mlb,380507111,HOU,16,ATH,2,HOU,Final
20180508,mlb,380508111,HOU,4,ATH,2,HOU,Final
20180509,mlb,380509111,HOU,4,ATH,1,HOU,Final
20180511,mlb,380511110,ATH,10,NYY,5,ATH,Final
20180512,mlb,380512110,ATH,6,NYY,7,NYY,Final/11
20180513,mlb,380513110,ATH,2,NYY,6,NYY,Final
20180514,mlb,400983503,ATH,6,BOS,5,ATH,Final
20180515,mlb,380515102,ATH,5,BOS,3,ATH,Final
20180516,mlb,380516102,ATH,4,BOS,6,BOS,Final
20180517,mlb,380517114,ATH,10,TOR,5,ATH,Final
20180518,mlb,380518114,ATH,3,TOR,1,ATH,Final
20180519,mlb,380519114,ATH,5,TOR,4,ATH,Final
20180520,mlb,380520114,ATH,9,TOR,2,ATH,Final
20180522,mlb,400983610,SEA,3,ATH,2,SEA,Final/10
20180523,mlb,380523111,SEA,1,ATH,0,SEA,Final
20180524,mlb,380524111,SEA,3,ATH,4,ATH,Final
20180525,mlb,380525111,ARI,7,ATH,1,ARI,Final
20180526,mlb,380526111,ARI,0,ATH,3,ATH,Final
20180527,mlb,380527111,ARI,1,ATH,2,ATH,Final
20180528,mlb,380528111,TB,1,ATH,0,TB,Final/13
20180529,mlb,380529111,TB,4,ATH,3,TB,Final
20180530,mlb,380530111,TB,6,ATH,0,TB,Final
20180531,mlb,380531111,TB,3,ATH,7,ATH,Final
20180601,mlb,380601107,ATH,16,KC,0,ATH,Final
20180602,mlb,380602107,ATH,4,KC,5,KC,Final
20180603,mlb,380603107,ATH,5,KC,1,ATH,Final
20180605,mlb,380605113,ATH,4,TEX,7,TEX,Final
20180606,mlb,380606113,ATH,2,TEX,8,TEX,Final
20180607,mlb,380607111,KC,1,ATH,4,ATH,Final
20180608,mlb,380608111,KC,2,ATH,7,ATH,Final
20180609,mlb,380609111,KC,2,ATH,0,KC,Final
20180610,mlb,380610111,KC,2,ATH,3,ATH,Final
20180612,mlb,400983883,HOU,6,ATH,3,HOU,Final
20180613,mlb,380613111,HOU,13,ATH,5,HOU,Final
20180614,mlb,380614111,HOU,7,ATH,3,HOU,Final
20180615,mlb,380615111,LAA,8,ATH,4,LAA,Final
20180616,mlb,380616111,LAA,4,ATH,6,ATH,Final
20180617,mlb,380617111,LAA,5,ATH,6,ATH,Final/11
20180619,mlb,380619125,ATH,4,SD,2,ATH,Final/10
20180620,mlb,380620125,ATH,12,SD,4,ATH,Final
20180622,mlb,401044312,ATH,11,CHW,2,ATH,Final
20180622,mlb,380622304,ATH,4,CHW,6,CHW,Final
20180623,mlb,380623104,ATH,7,CHW,6,ATH,Final
20180624,mlb,380624104,ATH,3,CHW,10,CHW,Final
20180625,mlb,380625106,ATH,5,DET,4,ATH,Final
20180626,mlb,380626106,ATH,9,DET,7,ATH,Final
20180627,mlb,380627106,ATH,3,DET,0,ATH,Final
20180628,mlb,380628106,ATH,4,DET,2,ATH,Final
20180629,mlb,380629111,CLE,1,ATH,3,ATH,Final
20180630,mlb,380630111,CLE,2,ATH,7,ATH,Final
20180701,mlb,380701111,CLE,15,ATH,3,CLE,Final
20180703,mlb,380703111,SD,2,ATH,6,ATH,Final
20180704,mlb,380704111,SD,2,ATH,4,ATH,Final
20180706,mlb,380706105,ATH,4,CLE,10,CLE,Final
20180707,mlb,380707105,ATH,6,CLE,3,ATH,Final/11
20180708,mlb,380708105,ATH,6,CLE,0,ATH,Final
20180709,mlb,380709118,ATH,2,HOU,0,ATH,Final
20180710,mlb,380710118,ATH,5,HOU,6,HOU,Final/11
20180711,mlb,380711118,ATH,8,HOU,3,ATH,Final
20180712,mlb,380712118,ATH,6,HOU,4,ATH,Final
20180713,mlb,380713126,ATH,1,SF,7,SF,Final
20180714,mlb,380714126,ATH,4,SF,3,ATH,Final
20180715,mlb,380715126,ATH,6,SF,2,ATH,Final
20180720,mlb,380720111,SF,5,ATH,1,SF,Final
20180721,mlb,380721111,SF,3,ATH,4,ATH,Final/11
20180722,mlb,380722111,SF,5,ATH,6,ATH,Final/10
20180723,mlb,380723113,ATH,15,TEX,3,ATH,Final
20180724,mlb,380724113,ATH,13,TEX,10,ATH,Final/10
20180725,mlb,380725113,ATH,6,TEX,5,ATH,Final
20180726,mlb,380726113,ATH,7,TEX,6,ATH,Final
20180727,mlb,380727127,ATH,1,COL,3,COL,Final
20180728,mlb,380728127,ATH,1,COL,4,COL,Final
20180729,mlb,380729127,ATH,2,COL,3,COL,Final
20180730,mlb,400984489,TOR,1,ATH,10,ATH,Final
20180731,mlb,380731111,TOR,2,ATH,6,ATH,Final
20180801,mlb,380801111,TOR,3,ATH,8,ATH,Final
20180803,mlb,380803111,DET,0,ATH,1,ATH,Final/13
20180804,mlb,380804111,DET,1,ATH,2,ATH,Final
20180805,mlb,380805111,DET,0,ATH,6,ATH,Final
20180807,mlb,380807111,LAD,4,ATH,2,LAD,Final
20180808,mlb,380808111,LAD,2,ATH,3,ATH,Final
20180810,mlb,380810103,ATH,3,LAA,4,LAA,Final
20180811,mlb,380811103,ATH,7,LAA,0,ATH,Final
20180812,mlb,380812103,ATH,8,LAA,7,ATH,Final
20180813,mlb,380813111,SEA,6,ATH,7,ATH,Final
20180814,mlb,380814111,SEA,2,ATH,3,ATH,Final
20180815,mlb,380815111,SEA,2,ATH,0,SEA,Final/12
20180817,mlb,380817111,HOU,3,ATH,4,ATH,Final/10
20180818,mlb,380818111,HOU,1,ATH,7,ATH,Final
20180819,mlb,380819111,HOU,9,ATH,4,HOU,Final
20180820,mlb,380820111,TEX,0,ATH,9,ATH,Final
20180821,mlb,380821111,TEX,0,ATH,6,ATH,Final
20180822,mlb,380822111,TEX,4,ATH,2,TEX,Final
20180823,mlb,380823109,ATH,4,MIN,6,MIN,Final
20180824,mlb,380824109,ATH,7,MIN,1,ATH,Final
20180825,mlb,380825109,ATH,6,MIN,2,ATH,Final
20180826,mlb,380826109,ATH,6,MIN,2,ATH,Final
20180827,mlb,380827118,ATH,4,HOU,11,HOU,Final
20180828,mlb,380828118,ATH,4,HOU,3,ATH,Final
20180829,mlb,380829118,ATH,4,HOU,5,HOU,Final
20180830,mlb,380830111,SEA,7,ATH,1,SEA,Final
20180831,mlb,380831111,SEA,5,ATH,7,ATH,Final
20180901,mlb,380901111,SEA,8,ATH,7,SEA,Final
20180902,mlb,380902111,SEA,2,ATH,8,ATH,Final
20180903,mlb,380903111,NYY,3,ATH,6,ATH,Final
20180904,mlb,380904111,NYY,5,ATH,1,NYY,Final
20180905,mlb,380905111,NYY,2,ATH,8,ATH,Final
20180907,mlb,380907111,TEX,4,ATH,8,ATH,Final
20180908,mlb,380908111,TEX,6,ATH,8,ATH,Final
20180909,mlb,380909111,TEX,3,ATH,7,ATH,Final
20180911,mlb,380911101,ATH,3,BAL,2,ATH,Final
20180912,mlb,380912101,ATH,10,BAL,0,ATH,Final
20180913,mlb,380913101,ATH,3,BAL,5,BAL,Final
20180914,mlb,380914130,ATH,2,TB,1,ATH,Final/10
20180915,mlb,380915130,ATH,5,TB,7,TB,Final
20180916,mlb,380916130,ATH,4,TB,5,TB,Final
20180918,mlb,380918111,LAA,9,ATH,7,LAA,Final
20180919,mlb,380919111,LAA,0,ATH,10,ATH,Final
20180920,mlb,400985170,LAA,3,ATH,21,ATH,Final
20180921,mlb,380921111,MIN,6,ATH,7,ATH,Final/10
20180922,mlb,380922111,MIN,2,ATH,3,ATH,Final
20180923,mlb,380923111,MIN,5,ATH,1,MIN,Final
20180924,mlb,380924112,ATH,7,SEA,3,ATH,Final
20180925,mlb,380925112,ATH,8,SEA,10,SEA,Final/11
20180926,mlb,380926112,ATH,9,SEA,3,ATH,Final
20180928,mlb,380928103,ATH,5,LAA,8,LAA,Final
20180929,mlb,380929103,ATH,5,LAA,2,ATH,Final
20180930,mlb,380930103,ATH,4,LAA,5,LAA,Final
