date,league,game_id,away_team,away_score,home_team,home_score,winner,status
20210401,mlb,401227066,TOR,3,NYY,2,TOR,Final/10
20210401,mlb,401227056,CLE,2,DET,3,DET,Final
20210401,mlb,401227059,MIN,5,MIL,6,MIL,Final/10
20210401,mlb,401227061,PIT,5,CHC,3,PIT,Final
20210401,mlb,401227053,ATL,2,PHI,3,PHI,Final/10
20210401,mlb,401226952,ARI,7,SD,8,SD,Final
20210401,mlb,401227058,LAD,5,COL,8,COL,Final
20210401,mlb,401227063,STL,11,CIN,6,STL,Final
20210401,mlb,401227064,TB,1,MIA,0,TB,Final
20210401,mlb,401227065,TEX,10,KC,14,KC,Final
20210401,mlb,401227055,CHW,3,LAA,4,LAA,Final
20210401,mlb,401227062,SF,7,SEA,8,SEA,Final/10
20210402,mlb,401317836,BAL,3,BOS,0,BAL,Final
20210402,mlb,401227072,TB,6,MIA,4,TB,Final
20210402,mlb,401227070,LAD,11,COL,6,LAD,Final
20210402,mlb,401227068,CHW,12,LAA,8,CHW,Final
20210402,mlb,401227067,ARI,2,SD,4,SD,Final
20210402,mlb,401227071,SF,6,SEA,3,SF,Final
20210403,mlb,401227087,TOR,3,NYY,5,NYY,Final
20210403,mlb,401227075,BAL,4,BOS,2,BAL,Final
20210403,mlb,401227077,CLE,2,DET,5,DET,Final
20210403,mlb,401227086,TEX,4,KC,11,KC,Final
20210403,mlb,401227082,PIT,1,CHC,5,CHC,Final
20210403,mlb,401227074,ATL,0,PHI,4,PHI,Final
20210403,mlb,401227084,STL,6,CIN,9,CIN,Final
20210403,mlb,401227085,TB,7,MIA,12,MIA,Final
20210403,mlb,401227080,MIN,2,MIL,0,MIN,Final
20210403,mlb,401227079,LAD,6,COL,5,LAD,Final
20210403,mlb,401227073,ARI,0,SD,7,SD,Final
20210403,mlb,401227076,CHW,3,LAA,5,LAA,Final
20210403,mlb,401227083,SF,0,SEA,4,SEA,Final
20210404,mlb,401227089,ATL,1,PHI,2,PHI,Final
20210404,mlb,401227100,TOR,3,NYY,1,TOR,Final
20210404,mlb,401227090,BAL,11,BOS,3,BAL,Final
20210404,mlb,401227092,CLE,9,DET,3,CLE,Final
20210404,mlb,401227098,STL,1,CIN,12,CIN,Final
20210404,mlb,401227095,MIN,8,MIL,2,MIN,Final
20210404,mlb,401227099,TEX,7,KC,3,TEX,Final
20210404,mlb,401227097,PIT,3,CHC,4,CHC,Final
20210404,mlb,401227094,LAD,4,COL,2,LAD,Final
20210404,mlb,401227088,ARI,3,SD,1,ARI,Final
20210404,mlb,401227091,CHW,4,LAA,7,LAA,Final
20210405,mlb,401227108,MIN,15,DET,6,MIN,Final
20210405,mlb,401227114,TOR,6,TEX,2,TOR,Final
20210405,mlb,401227105,KC,3,CLE,0,KC,Final
20210405,mlb,401227102,BAL,0,NYY,7,NYY,Final
20210405,mlb,401227110,PIT,3,CIN,5,CIN,Final
20210405,mlb,401227112,STL,4,MIA,1,STL,Final
20210405,mlb,401227109,NYM,3,PHI,5,PHI,Final
20210405,mlb,401227113,TB,2,BOS,11,BOS,Final
20210405,mlb,401227107,MIL,3,CHC,5,CHC,Final
20210405,mlb,401227104,HOU,6,LAA,7,LAA,Final
20210405,mlb,401227103,CHW,6,SEA,0,CHW,Final
20210405,mlb,401227111,SF,3,SD,2,SF,Final
20210406,mlb,401227122,MIN,3,DET,4,DET,Final/10
20210406,mlb,401227116,ATL,5,WSH,6,WSH,Final
20210406,mlb,401227119,HOU,4,LAA,2,HOU,Final
20210406,mlb,401227117,BAL,2,NYY,7,NYY,Final
20210406,mlb,401227124,PIT,1,CIN,14,CIN,Final
20210406,mlb,401227126,STL,4,MIA,2,STL,Final
20210406,mlb,401227123,NYM,8,PHI,4,NYM,Final
20210406,mlb,401227127,TB,5,BOS,6,BOS,Final/12
20210406,mlb,401227121,MIL,4,CHC,0,MIL,Final
20210406,mlb,401227128,TOR,4,TEX,7,TEX,Final
20210406,mlb,401227115,ARI,10,COL,8,ARI,Final/13
20210406,mlb,401227118,CHW,10,SEA,4,CHW,Final
20210406,mlb,401227125,SF,1,SD,3,SD,Final
20210407,mlb,401227130,ATL,7,WSH,6,ATL,Final/7
20210407,mlb,401227138,PIT,4,CIN,11,CIN,Final
20210407,mlb,401227133,KC,2,CLE,4,CLE,Final
20210407,mlb,401227136,MIN,3,DET,2,MIN,Final
20210407,mlb,401227141,TB,2,BOS,9,BOS,Final
20210407,mlb,401227142,TOR,1,TEX,2,TEX,Final
20210407,mlb,401227135,MIL,4,CHC,2,MIL,Final/10
20210407,mlb,401319028,ATL,2,WSH,0,ATL,Final/7
20210407,mlb,401227137,NYM,2,PHI,8,PHI,Final
20210407,mlb,401227132,CHW,4,SEA,8,SEA,Final
20210407,mlb,401227139,SF,3,SD,2,SF,Final/10
20210407,mlb,401227140,STL,7,MIA,0,STL,Final
20210407,mlb,401227131,BAL,4,NYY,3,BAL,Final/11
20210407,mlb,401227129,ARI,0,COL,8,COL,Final
20210408,mlb,401227148,MIA,2,NYM,3,NYM,Final
20210408,mlb,401227146,CHC,4,PIT,2,CHC,Final
20210408,mlb,401227145,BOS,7,BAL,3,BOS,Final
20210408,mlb,401227144,ARI,3,COL,7,COL,Final
20210408,mlb,401227147,KC,0,CHW,6,CHW,Final
20210408,mlb,401227151,SEA,2,MIN,10,MIN,Final
20210408,mlb,401227149,MIL,1,STL,3,STL,Final
20210408,mlb,401227143,LAA,7,TOR,5,LAA,Final/11
20210409,mlb,401227156,NYY,5,TB,10,TB,Final
20210409,mlb,401227160,WSH,0,LAD,1,LAD,Final
20210409,mlb,401227154,COL,1,SF,3,SF,Final
20210409,mlb,401227152,LAA,7,TOR,1,LAA,Final
20210409,mlb,401227155,DET,1,CLE,4,CLE,Final
20210409,mlb,401227158,PHI,1,ATL,8,ATL,Final
20210409,mlb,401227159,SD,3,TEX,0,SD,Final
20210409,mlb,401227153,CIN,6,ARI,5,CIN,Final/10
20210410,mlb,401227168,MIA,3,NYM,0,MIA,Final
20210410,mlb,401227170,NYY,0,TB,4,TB,Final
20210410,mlb,401227174,SEA,4,MIN,3,SEA,Final/10
20210410,mlb,401227169,MIL,9,STL,5,MIL,Final
20210410,mlb,401227165,COL,3,SF,4,SF,Final
20210410,mlb,401227166,DET,3,CLE,11,CLE,Final
20210410,mlb,401227163,CHC,2,PIT,8,PIT,Final
20210410,mlb,401227162,BOS,6,BAL,4,BOS,Final/10
20210410,mlb,401227173,SD,7,TEX,4,SD,Final
20210410,mlb,401227161,LAA,1,TOR,15,TOR,Final
20210410,mlb,401227172,PHI,4,ATL,5,ATL,Final
20210410,mlb,401227164,CIN,3,ARI,8,ARI,Final
20210410,mlb,401227175,WSH,5,LAD,9,LAD,Final
20210411,mlb,401227177,BOS,14,BAL,9,BOS,Final
20210411,mlb,401227178,CHC,1,PIT,7,PIT,Final
20210411,mlb,401227181,DET,2,CLE,5,CLE,Final
20210411,mlb,401227183,MIA,5,NYM,6,NYM,Final
20210411,mlb,401227185,NYY,8,TB,4,NYY,Final/10
20210411,mlb,401227182,KC,4,CHW,3,KC,Final/10
20210411,mlb,401227188,SEA,8,MIN,6,SEA,Final
20210411,mlb,401227184,MIL,9,STL,3,MIL,Final
20210411,mlb,401227187,SD,2,TEX,0,SD,Final
20210411,mlb,401227180,COL,0,SF,4,SF,Final
20210411,mlb,401227179,CIN,0,ARI,7,ARI,Final
20210411,mlb,401227189,WSH,0,LAD,3,LAD,Final
20210411,mlb,401227186,PHI,7,ATL,6,PHI,Final
20210412,mlb,401227200,SD,6,PIT,2,SD,Final
20210412,mlb,401227197,NYY,3,TOR,1,NYY,Final
20210412,mlb,401227202,TEX,0,TB,1,TB,Final
20210412,mlb,401227196,MIA,5,ATL,3,MIA,Final/10
20210412,mlb,401227192,CHC,3,MIL,6,MIL,Final
20210412,mlb,401227203,WSH,5,STL,2,WSH,Final
20210412,mlb,401227190,LAA,10,KC,3,LAA,Final
20210412,mlb,401227194,CLE,3,CHW,4,CHW,Final
20210412,mlb,401227195,DET,6,HOU,2,DET,Final
20210412,mlb,401227193,CIN,3,SF,0,CIN,Final
20210413,mlb,401227205,BOS,4,MIN,2,BOS,Final
20210413,mlb,401320453,SEA,4,BAL,3,SEA,Final/8
20210413,mlb,401320350,PHI,3,NYM,4,NYM,Final/8
20210413,mlb,401227215,SD,4,PIT,8,PIT,Final
20210413,mlb,401227212,NYY,3,TOR,7,TOR,Final
20210413,mlb,401227217,TEX,8,TB,3,TEX,Final
20210413,mlb,401227216,SEA,6,BAL,7,BAL,Final/7
20210413,mlb,401227211,MIA,14,ATL,8,MIA,Final
20210413,mlb,401227206,CHC,3,MIL,2,CHC,Final
20210413,mlb,401227218,WSH,3,STL,14,STL,Final
20210413,mlb,401227214,PHI,0,NYM,4,NYM,Final/7
20210413,mlb,401227204,LAA,2,KC,3,KC,Final
20210413,mlb,401227208,CLE,2,CHW,0,CLE,Final/10
20210413,mlb,401227210,DET,8,HOU,2,DET,Final
20210413,mlb,401227207,CIN,6,SF,7,SF,Final
20210413,mlb,401227209,COL,0,LAD,7,LAD,Final
20210414,mlb,401227227,NYY,4,TOR,5,TOR,Final
20210414,mlb,401227232,WSH,6,STL,0,WSH,Final
20210414,mlb,401227221,CHC,0,MIL,7,MIL,Final
20210414,mlb,401227219,LAA,1,KC,6,KC,Final
20210414,mlb,401227220,BOS,3,MIN,2,BOS,Final/7
20210414,mlb,401227222,CIN,0,SF,3,SF,Final
20210414,mlb,401320523,BOS,7,MIN,1,BOS,Final/7
20210414,mlb,401227229,SD,1,PIT,5,PIT,Final
20210414,mlb,401227225,DET,6,HOU,4,DET,Final
20210414,mlb,401227228,PHI,1,NYM,5,NYM,Final
20210414,mlb,401227231,TEX,5,TB,1,TEX,Final
20210414,mlb,401227226,MIA,6,ATL,5,MIA,Final/10
20210414,mlb,401227223,CLE,0,CHW,8,CHW,Final
20210414,mlb,401227224,COL,2,LAD,4,LAD,Final
20210415,mlb,401227238,MIA,6,ATL,7,ATL,Final
20210415,mlb,401227240,SD,8,PIT,3,SD,Final
20210415,mlb,401227241,SEA,4,BAL,2,SEA,Final/7
20210415,mlb,401227234,BOS,3,MIN,4,MIN,Final
20210415,mlb,401227235,CLE,4,CHW,2,CLE,Final
20210415,mlb,401320813,SEA,2,BAL,1,SEA,Final/7
20210415,mlb,401227233,ARI,11,WSH,6,ARI,Final
20210415,mlb,401227242,TEX,6,TB,4,TEX,Final/10
20210415,mlb,401227243,TOR,5,KC,7,KC,Final
20210415,mlb,401227236,COL,5,LAD,7,LAD,Final
20210416,mlb,401227245,ATL,5,CHC,2,ATL,Final
20210416,mlb,401227244,ARI,0,WSH,1,WSH,Final
20210416,mlb,401227256,STL,2,PHI,9,PHI,Final
20210416,mlb,401227257,TB,8,NYY,2,TB,Final
20210416,mlb,401227248,CLE,3,CIN,10,CIN,Final
20210416,mlb,401227255,SF,1,MIA,4,MIA,Final
20210416,mlb,401227246,BAL,5,TEX,2,BAL,Final
20210416,mlb,401227254,PIT,6,MIL,1,PIT,Final
20210416,mlb,401227252,MIN,3,LAA,10,LAA,Final
20210416,mlb,401227250,HOU,5,SEA,6,SEA,Final
20210416,mlb,401227251,LAD,11,SD,6,LAD,Final/12
20210417,mlb,401227259,ARI,2,WSH,6,WSH,Final
20210417,mlb,401227272,TB,6,NYY,3,TB,Final
20210417,mlb,401227273,TOR,5,KC,1,TOR,Final/7
20210417,mlb,401227260,ATL,4,CHC,13,CHC,Final
20210417,mlb,401227262,CHW,4,BOS,7,BOS,Final
20210417,mlb,401227271,STL,9,PHI,4,STL,Final
20210417,mlb,401227263,CLE,2,CIN,3,CIN,Final/10
20210417,mlb,401321163,NYM,4,COL,3,NYM,Final/7
20210417,mlb,401227270,SF,6,MIA,7,MIA,Final/10
20210417,mlb,401321165,TOR,2,KC,3,KC,Final/7
20210417,mlb,401227261,BAL,6,TEX,1,BAL,Final
20210417,mlb,401227269,PIT,1,MIL,7,MIL,Final
20210417,mlb,401227268,NYM,2,COL,7,COL,Final/7
20210417,mlb,401227266,LAD,2,SD,0,LAD,Final
20210417,mlb,401227265,HOU,1,SEA,0,HOU,Final
20210418,mlb,401227274,ARI,5,WSH,2,ARI,Final
20210418,mlb,401227286,STL,0,PHI,2,PHI,Final
20210418,mlb,401227287,TB,4,NYY,2,TB,Final
20210418,mlb,401227277,CHW,3,BOS,2,CHW,Final/7
20210418,mlb,401227278,CLE,6,CIN,3,CLE,Final
20210418,mlb,401227285,SF,1,MIA,0,SF,Final
20210418,mlb,401227284,PIT,6,MIL,5,PIT,Final/10
20210418,mlb,401227288,TOR,0,KC,2,KC,Final
20210418,mlb,401227276,BAL,0,TEX,1,TEX,Final/10
20210418,mlb,401227283,NYM,2,COL,1,NYM,Final
20210418,mlb,401227280,HOU,2,SEA,7,SEA,Final
20210418,mlb,401227281,LAD,2,SD,5,SD,Final
20210418,mlb,401321164,CHW,5,BOS,1,CHW,Final/7
20210418,mlb,401227275,ATL,13,CHC,4,ATL,Final
20210419,mlb,401227289,CHW,4,BOS,11,BOS,Final
20210419,mlb,401227293,SF,2,PHI,0,SF,Final
20210419,mlb,401227294,STL,12,WSH,5,STL,Final
20210419,mlb,401227295,TB,4,KC,1,TB,Final
20210419,mlb,401227296,TEX,6,LAA,4,TEX,Final
20210419,mlb,401227290,LAD,3,SEA,4,SEA,Final
20210419,mlb,401227291,MIL,3,SD,1,MIL,Final
20210420,mlb,401227302,LAD,1,SEA,0,LAD,Final
20210420,mlb,401227300,CHW,8,CLE,5,CHW,Final
20210420,mlb,401227298,ATL,1,NYY,3,NYY,Final
20210420,mlb,401227297,ARI,5,CIN,4,ARI,Final
20210420,mlb,401227299,BAL,7,MIA,5,BAL,Final
20210420,mlb,401227307,SF,10,PHI,7,SF,Final
20210420,mlb,401227308,STL,2,WSH,3,WSH,Final
20210420,mlb,401227311,TOR,2,BOS,4,BOS,Final
20210420,mlb,401227305,NYM,1,CHC,3,CHC,Final
20210420,mlb,401227309,TB,14,KC,7,TB,Final
20210420,mlb,401227301,HOU,2,COL,6,COL,Final
20210420,mlb,401227310,TEX,2,LAA,6,LAA,Final
20210420,mlb,401227303,MIL,6,SD,0,MIL,Final
20210421,mlb,401227321,SF,5,PHI,6,PHI,Final
20210421,mlb,401227314,BAL,0,MIA,3,MIA,Final
20210421,mlb,401322169,PIT,3,DET,2,PIT,Final/7
20210421,mlb,401227316,HOU,3,COL,6,COL,Final
20210421,mlb,401227322,STL,0,WSH,1,WSH,Final
20210421,mlb,401227324,TEX,7,LAA,4,TEX,Final
20210421,mlb,401227317,MIL,4,SD,2,MIL,Final
20210421,mlb,401227313,ATL,4,NYY,1,ATL,Final
20210421,mlb,401227320,PIT,2,DET,5,DET,Final/7
20210421,mlb,401227312,ARI,8,CIN,5,ARI,Final/10
20210421,mlb,401227325,TOR,6,BOS,3,TOR,Final
20210421,mlb,401227319,NYM,4,CHC,16,CHC,Final
20210421,mlb,401227323,TB,8,KC,9,KC,Final
20210422,mlb,401227327,ARI,14,CIN,11,ARI,Final/10
20210422,mlb,401227331,PIT,4,DET,2,PIT,Final
20210422,mlb,401227329,NYY,6,CLE,3,NYY,Final
20210422,mlb,401227333,SEA,7,BOS,3,SEA,Final/10
20210422,mlb,401227330,NYM,3,CHC,4,CHC,Final/10
20210422,mlb,401227326,LAA,2,HOU,8,HOU,Final
20210422,mlb,401227328,MIA,0,SF,3,SF,Final
20210422,mlb,401227332,SD,3,LAD,2,SD,Final
20210423,mlb,401227339,MIL,2,CHC,15,CHC,Final
20210423,mlb,401227337,KC,6,DET,2,KC,Final
20210423,mlb,401227340,NYY,5,CLE,3,NYY,Final
20210423,mlb,401227345,SEA,5,BOS,6,BOS,Final
20210423,mlb,401227347,TOR,5,TB,3,TOR,Final
20210423,mlb,401227348,WSH,0,NYM,6,NYM,Final
20210423,mlb,401227335,ARI,4,ATL,5,ATL,Final
20210423,mlb,401227334,LAA,4,HOU,5,HOU,Final/10
20210423,mlb,401227343,PIT,0,MIN,2,MIN,Final
20210423,mlb,401227346,TEX,7,CHW,9,CHW,Final
20210423,mlb,401227336,CIN,4,STL,5,STL,Final
20210423,mlb,401227342,PHI,4,COL,5,COL,Final
20210423,mlb,401227338,MIA,3,SF,5,SF,Final
20210423,mlb,401227344,SD,6,LAD,1,SD,Final
20210424,mlb,401227352,KC,2,DET,1,KC,Final
20210424,mlb,401227360,SEA,8,BOS,2,SEA,Final
20210424,mlb,401227358,PIT,6,MIN,2,PIT,Final
20210424,mlb,401227351,CIN,0,STL,2,STL,Final
20210424,mlb,401227354,MIL,4,CHC,3,MIL,Final
20210424,mlb,401227363,WSH,7,NYM,1,WSH,Final
20210424,mlb,401227349,LAA,2,HOU,16,HOU,Final
20210424,mlb,401227355,NYY,2,CLE,1,NYY,Final
20210424,mlb,401227362,TOR,3,TB,5,TB,Final
20210424,mlb,401227361,TEX,1,CHW,2,CHW,Final
20210424,mlb,401227357,PHI,7,COL,5,PHI,Final
20210424,mlb,401227353,MIA,5,SF,2,MIA,Final
20210424,mlb,401227359,SD,4,LAD,5,LAD,Final
20210425,mlb,401227367,KC,4,DET,0,KC,Final
20210425,mlb,401227370,NYY,3,CLE,7,CLE,Final
20210425,mlb,401227375,SEA,3,BOS,5,BOS,Final
20210425,mlb,401227377,TOR,1,TB,0,TOR,Final
20210425,mlb,401227378,WSH,0,NYM,4,NYM,Final
20210425,mlb,401227365,ARI,5,ATL,0,ARI,Final/7
20210425,mlb,401227364,LAA,4,HOU,2,LAA,Final
20210425,mlb,401227373,PIT,6,MIN,2,PIT,Final
20210425,mlb,401227376,TEX,4,CHW,8,CHW,Final
20210425,mlb,401227366,CIN,2,STL,5,STL,Final
20210425,mlb,401227369,MIL,6,CHC,0,MIL,Final
20210425,mlb,401227372,PHI,2,COL,12,COL,Final
20210425,mlb,401322534,ARI,7,ATL,0,ARI,Final/7
20210425,mlb,401227368,MIA,3,SF,4,SF,Final
20210425,mlb,401227374,SD,8,LAD,7,SD,Final/11
20210426,mlb,401227383,KC,3,DET,2,KC,Final
20210426,mlb,401227385,MIN,3,CLE,5,CLE,Final/10
20210426,mlb,401227380,CHC,7,ATL,8,ATL,Final
20210426,mlb,401227386,NYY,2,BAL,4,BAL,Final
20210426,mlb,401227384,MIA,8,MIL,0,MIA,Final
20210426,mlb,401227388,PHI,2,STL,1,PHI,Final
20210426,mlb,401227379,LAA,9,TEX,4,LAA,Final
20210426,mlb,401227389,SEA,2,HOU,5,HOU,Final
20210426,mlb,401227382,COL,0,SF,12,SF,Final
20210426,mlb,401227381,CIN,5,LAD,3,CIN,Final/10
20210427,mlb,401227398,MIN,4,CLE,7,CLE,Final
20210427,mlb,401227396,KC,1,PIT,2,PIT,Final
20210427,mlb,401227399,NYY,5,BAL,1,NYY,Final
20210427,mlb,401227404,WSH,5,TOR,9,TOR,Final
20210427,mlb,401227391,BOS,2,NYM,1,BOS,Final
20210427,mlb,401227392,CHC,0,ATL,5,ATL,Final
20210427,mlb,401227397,MIA,4,MIL,5,MIL,Final
20210427,mlb,401227401,PHI,2,STL,5,STL,Final
20210427,mlb,401227390,LAA,1,TEX,6,TEX,Final
20210427,mlb,401227395,DET,5,CHW,2,DET,Final
20210427,mlb,401227403,SEA,0,HOU,2,HOU,Final
20210427,mlb,401227402,SD,1,ARI,5,ARI,Final
20210427,mlb,401227394,COL,7,SF,5,COL,Final/10
20210427,mlb,401227393,CIN,6,LAD,5,CIN,Final
20210428,mlb,401227413,MIN,10,CLE,2,MIN,Final
20210428,mlb,401227412,MIA,6,MIL,2,MIA,Final
20210428,mlb,401227408,CIN,0,LAD,8,LAD,Final
20210428,mlb,401227411,KC,9,PIT,6,KC,Final
20210428,mlb,401227406,BOS,1,NYM,0,BOS,Final
20210428,mlb,401227414,NYY,7,BAL,0,NYY,Final
20210428,mlb,401227419,WSH,8,TOR,2,WSH,Final
20210428,mlb,401227407,CHC,0,ATL,10,ATL,Final
20210428,mlb,401227416,PHI,5,STL,3,PHI,Final
20210428,mlb,401227405,LAA,4,TEX,3,LAA,Final
20210428,mlb,401227418,SEA,5,HOU,7,HOU,Final
20210428,mlb,401227417,SD,12,ARI,3,SD,Final
20210428,mlb,401227409,COL,3,SF,7,SF,Final
20210429,mlb,401227425,NYY,3,BAL,4,BAL,Final/10
20210429,mlb,401227427,PHI,3,STL,4,STL,Final/10
20210429,mlb,401227428,SEA,1,HOU,0,SEA,Final
20210429,mlb,401227423,DET,1,CHW,3,CHW,Final/7
20210429,mlb,401227421,CHC,9,ATL,3,CHC,Final
20210429,mlb,401227424,LAD,1,MIL,2,MIL,Final
20210429,mlb,401227420,BOS,1,TEX,4,TEX,Final
20210429,mlb,401323533,DET,0,CHW,11,CHW,Final/7
20210429,mlb,401227422,COL,3,ARI,5,ARI,Final
20210430,mlb,401227443,STL,7,PIT,3,STL,Final
20210430,mlb,401227436,DET,0,NYY,10,NYY,Final
20210430,mlb,401227440,MIA,1,WSH,2,WSH,Final/10
20210430,mlb,401227441,NYM,1,PHI,2,PHI,Final
20210430,mlb,401227433,CHC,6,CIN,8,CIN,Final
20210430,mlb,401227437,HOU,9,TB,2,HOU,Final
20210430,mlb,401227430,ATL,5,TOR,13,TOR,Final
20210430,mlb,401227432,BOS,6,TEX,1,BOS,Final
20210430,mlb,401227434,CLE,5,CHW,3,CLE,Final
20210430,mlb,401227438,KC,1,MIN,9,MIN,Final
20210430,mlb,401227439,LAD,1,MIL,3,MIL,Final
20210430,mlb,401227435,COL,2,ARI,7,ARI,Final
20210430,mlb,401227429,LAA,4,SEA,7,SEA,Final
20210430,mlb,401227442,SF,2,SD,3,SD,Final
20210501,mlb,401227451,DET,4,NYY,6,NYY,Final
20210501,mlb,401227455,MIA,2,WSH,7,WSH,Final
20210501,mlb,401227453,KC,11,MIN,3,KC,Final
20210501,mlb,401227449,CLE,3,CHW,7,CHW,Final
20210501,mlb,401227448,CHC,3,CIN,2,CHC,Final
20210501,mlb,401227452,HOU,3,TB,1,HOU,Final
20210501,mlb,401227456,NYM,5,PHI,4,NYM,Final
20210501,mlb,401227458,STL,12,PIT,5,STL,Final
20210501,mlb,401227447,BOS,6,TEX,8,TEX,Final
20210501,mlb,401227454,LAD,5,MIL,6,MIL,Final/11
20210501,mlb,401227445,ATL,5,TOR,6,TOR,Final/10
20210501,mlb,401227450,COL,14,ARI,6,COL,Final
20210501,mlb,401227457,SF,2,SD,6,SD,Final
20210501,mlb,401227444,LAA,10,SEA,5,LAA,Final
20210502,mlb,401227466,DET,0,NYY,2,NYY,Final
20210502,mlb,401227470,MIA,1,WSH,3,WSH,Final
20210502,mlb,401227473,STL,3,PIT,0,STL,Final
20210502,mlb,401227460,ATL,2,TOR,7,TOR,Final
20210502,mlb,401227463,CHC,12,CIN,13,CIN,Final/10
20210502,mlb,401227467,HOU,4,TB,5,TB,Final
20210502,mlb,401227464,CLE,5,CHW,0,CLE,Final
20210502,mlb,401227468,KC,4,MIN,13,MIN,Final
20210502,mlb,401227469,LAD,16,MIL,4,LAD,Final
20210502,mlb,401227462,BOS,3,TEX,5,TEX,Final
20210502,mlb,401227459,LAA,0,SEA,2,SEA,Final
20210502,mlb,401227465,COL,4,ARI,8,ARI,Final
20210502,mlb,401227472,SF,7,SD,1,SF,Final
20210502,mlb,401227471,NYM,8,PHI,7,NYM,Final
20210503,mlb,401227477,MIL,3,PHI,4,PHI,Final
20210503,mlb,401227482,TEX,5,MIN,6,MIN,Final
20210503,mlb,401227478,NYM,5,STL,6,STL,Final
20210503,mlb,401227475,CLE,8,KC,6,CLE,Final
20210503,mlb,401227481,TB,7,LAA,3,TB,Final
20210503,mlb,401227474,BAL,5,SEA,3,BAL,Final
20210503,mlb,401227479,PIT,0,SD,2,SD,Final
20210504,mlb,401324215,LAD,1,CHC,7,CHC,Final/7
20210504,mlb,401227495,SF,12,COL,4,SF,Final/7
20210504,mlb,401227484,ARI,3,MIA,9,MIA,Final
20210504,mlb,401227487,CHW,9,CIN,0,CHW,Final
20210504,mlb,401227490,HOU,3,NYY,7,NYY,Final
20210504,mlb,401227485,ATL,6,WSH,1,ATL,Final
20210504,mlb,401227492,MIL,5,PHI,6,PHI,Final
20210504,mlb,401227489,DET,7,BOS,11,BOS,Final
20210504,mlb,401227491,LAD,3,CHC,4,CHC,Final/9
20210504,mlb,401227497,TEX,6,MIN,3,TEX,Final/10
20210504,mlb,401227488,CLE,7,KC,3,CLE,Final
20210504,mlb,401324214,SF,6,COL,8,COL,Final/7
20210504,mlb,401227496,TB,8,LAA,3,TB,Final
20210504,mlb,401227486,BAL,2,SEA,5,SEA,Final
20210504,mlb,401227494,PIT,2,SD,1,PIT,Final
20210505,mlb,401227502,CHW,0,CIN,1,CIN,Final/10
20210505,mlb,401227510,SF,5,COL,6,COL,Final
20210505,mlb,401227501,BAL,6,SEA,0,BAL,Final
20210505,mlb,401324576,NYM,1,STL,4,STL,Final/7
20210505,mlb,401227499,ARI,0,MIA,8,MIA,Final
20210505,mlb,401227500,ATL,5,WSH,3,ATL,Final
20210505,mlb,401227505,HOU,3,NYY,6,NYY,Final
20210505,mlb,401227507,MIL,4,PHI,5,PHI,Final
20210505,mlb,401227504,DET,6,BOS,5,DET,Final/10
20210505,mlb,401227506,LAD,5,CHC,6,CHC,Final/11
20210505,mlb,401227512,TEX,3,MIN,1,TEX,Final
20210505,mlb,401227503,CLE,5,KC,4,CLE,Final
20210505,mlb,401227509,PIT,2,SD,4,SD,Final
20210505,mlb,401227508,NYM,7,STL,2,NYM,Final/7
20210505,mlb,401227511,TB,3,LAA,1,TB,Final
20210506,mlb,401227518,HOU,7,NYY,4,HOU,Final
20210506,mlb,401227519,MIL,0,PHI,2,PHI,Final
20210506,mlb,401227517,DET,9,BOS,12,BOS,Final
20210506,mlb,401227522,TEX,4,MIN,3,TEX,Final/10
20210506,mlb,401227520,NYM,4,STL,1,NYM,Final
20210506,mlb,401227516,CLE,4,KC,0,CLE,Final
20210506,mlb,401227515,ATL,3,WSH,2,ATL,Final
20210506,mlb,401227514,ARI,1,MIA,3,MIA,Final
20210506,mlb,401227521,TB,8,LAA,3,TB,Final
20210507,mlb,401227533,PIT,2,CHC,3,CHC,Final
20210507,mlb,401227525,BOS,6,BAL,2,BOS,Final
20210507,mlb,401227538,WSH,11,NYY,4,WSH,Final
20210507,mlb,401227524,ARI,4,NYM,5,NYM,Final/10
20210507,mlb,401227527,CIN,3,CLE,0,CIN,Final
20210507,mlb,401227530,MIL,1,MIA,6,MIA,Final
20210507,mlb,401227531,MIN,7,DET,3,MIN,Final
20210507,mlb,401227532,PHI,12,ATL,2,PHI,Final
20210507,mlb,401227535,SEA,5,TEX,4,SEA,Final
20210507,mlb,401227526,CHW,3,KC,0,CHW,Final
20210507,mlb,401227537,TOR,4,HOU,10,HOU,Final
20210507,mlb,401227528,COL,0,STL,5,STL,Final
20210507,mlb,401227529,LAD,2,LAA,9,LAA,Final
20210507,mlb,401227534,SD,4,SF,5,SF,Final
20210508,mlb,401227553,WSH,3,NYY,4,NYY,Final/11
20210508,mlb,401227543,COL,8,STL,9,STL,Final
20210508,mlb,401227548,PIT,2,CHC,3,CHC,Final
20210508,mlb,401227549,SD,1,SF,7,SF,Final
20210508,mlb,401227546,MIN,3,DET,7,DET,Final
20210508,mlb,401227542,CIN,2,CLE,9,CLE,Final
20210508,mlb,401227545,MIL,6,MIA,2,MIL,Final
20210508,mlb,401227540,BOS,11,BAL,6,BOS,Final
20210508,mlb,401227550,SEA,8,TEX,9,TEX,Final
20210508,mlb,401227539,ARI,2,NYM,4,NYM,Final
20210508,mlb,401227541,CHW,9,KC,1,CHW,Final
20210508,mlb,401227552,TOR,8,HOU,4,TOR,Final
20210508,mlb,401227547,PHI,7,ATL,8,ATL,Final/12
20210508,mlb,401227544,LAD,14,LAA,11,LAD,Final
20210509,mlb,401227555,BOS,4,BAL,3,BOS,Final
20210509,mlb,401227568,WSH,2,NYY,3,NYY,Final
20210509,mlb,401227554,ARI,2,NYM,4,NYM,Final
20210509,mlb,401227560,MIL,2,MIA,1,MIL,Final/10
20210509,mlb,401227556,CHW,9,KC,3,CHW,Final
20210509,mlb,401227567,TOR,4,HOU,7,HOU,Final
20210509,mlb,401227558,COL,0,STL,2,STL,Final
20210509,mlb,401227563,PIT,6,CHC,5,PIT,Final
20210509,mlb,401227565,SEA,2,TEX,10,TEX,Final
20210509,mlb,401227564,SD,11,SF,1,SD,Final
20210509,mlb,401227559,LAD,1,LAA,2,LAA,Final
20210509,mlb,401227562,PHI,1,ATL,6,ATL,Final
20210510,mlb,401227571,CIN,14,PIT,1,CIN,Final
20210510,mlb,401227570,BOS,1,BAL,4,BAL,Final
20210510,mlb,401227569,LAA,5,HOU,4,LAA,Final
20210510,mlb,401227572,MIA,2,ARI,5,ARI,Final
20210510,mlb,401227574,TEX,1,SF,3,SF,Final
20210511,mlb,401227588,TEX,2,SF,4,SF,Final
20210511,mlb,401227577,CHC,2,CLE,3,CLE,Final
20210511,mlb,401227578,CIN,2,PIT,7,PIT,Final
20210511,mlb,401227582,NYY,3,TB,1,NYY,Final
20210511,mlb,401227584,PHI,6,WSH,2,PHI,Final
20210511,mlb,401227576,BAL,2,NYM,3,NYM,Final
20210511,mlb,401227579,KC,7,DET,8,DET,Final
20210511,mlb,401227589,TOR,5,ATL,3,TOR,Final
20210511,mlb,401227587,STL,6,MIL,1,STL,Final/11
20210511,mlb,401227575,LAA,1,HOU,5,HOU,Final
20210511,mlb,401227581,MIN,3,CHW,9,CHW,Final
20210511,mlb,401227585,SD,8,COL,1,SD,Final
20210511,mlb,401227580,MIA,3,ARI,11,ARI,Final
20210511,mlb,401227586,SEA,4,LAD,6,LAD,Final
20210512,mlb,401227591,BAL,1,NYM,7,NYM,Final
20210512,mlb,401227593,CIN,5,PIT,1,CIN,Final/10
20210512,mlb,401227592,CHC,1,CLE,2,CLE,Final/10
20210512,mlb,401227600,SD,5,COL,3,SD,Final/7
20210512,mlb,401227599,PHI,5,WSH,2,PHI,Final/10
20210512,mlb,401326002,SD,2,COL,3,COL,Final/8
20210512,mlb,401227594,KC,2,DET,4,DET,Final
20210512,mlb,401227597,NYY,1,TB,0,NYY,Final
20210512,mlb,401227603,TOR,4,ATL,1,TOR,Final
20210512,mlb,401227602,STL,1,MIL,4,MIL,Final
20210512,mlb,401227590,LAA,1,HOU,9,HOU,Final
20210512,mlb,401227596,MIN,8,CHW,13,CHW,Final
20210512,mlb,401227595,MIA,3,ARI,2,MIA,Final
20210512,mlb,401227601,SEA,1,LAD,7,LAD,Final
20210513,mlb,401227615,TOR,8,ATL,4,TOR,Final
20210513,mlb,401227611,PHI,1,WSH,5,WSH,Final
20210513,mlb,401227606,KC,3,DET,4,DET,Final
20210513,mlb,401227613,STL,2,MIL,0,STL,Final
20210513,mlb,401227608,MIN,2,CHW,4,CHW,Final
20210513,mlb,401227612,SF,3,PIT,1,SF,Final
20210513,mlb,401227609,NYY,1,TB,9,TB,Final
20210513,mlb,401227614,TEX,3,HOU,4,HOU,Final/11
20210513,mlb,401227604,CIN,8,COL,13,COL,Final
20210513,mlb,401227607,MIA,5,ARI,1,MIA,Final
20210513,mlb,401227605,CLE,4,SEA,2,CLE,Final
20210514,mlb,401319996,KC,6,CHW,2,KC,Final/7
20210514,mlb,401227627,SF,2,PIT,3,PIT,Final/11
20210514,mlb,401227623,NYY,5,BAL,4,NYY,Final
20210514,mlb,401227616,LAA,3,BOS,4,BOS,Final
20210514,mlb,401227618,CHC,4,DET,2,CHC,Final
20210514,mlb,401227624,NYM,2,TB,3,TB,Final
20210514,mlb,401227626,PHI,5,TOR,1,PHI,Final
20210514,mlb,401227617,ATL,6,MIL,3,ATL,Final
20210514,mlb,401227621,KC,1,CHW,3,CHW,Final/7
20210514,mlb,401227629,TEX,4,HOU,10,HOU,Final
20210514,mlb,401227619,CIN,6,COL,9,COL,Final
20210514,mlb,401227630,WSH,17,ARI,2,WSH,Final
20210514,mlb,401227620,CLE,3,SEA,7,SEA,Final
20210514,mlb,401227622,MIA,6,LAD,9,LAD,Final
20210514,mlb,401227628,STL,4,SD,5,SD,Final
20210515,mlb,401227639,NYM,5,TB,12,TB,Final
20210515,mlb,401227631,LAA,0,BOS,9,BOS,Final
20210515,mlb,401227633,CHC,8,DET,9,DET,Final/10
20210515,mlb,401227642,SF,6,PIT,8,PIT,Final
20210515,mlb,401227638,NYY,8,BAL,2,NYY,Final
20210515,mlb,401227632,ATL,5,MIL,1,ATL,Final
20210515,mlb,401227636,KC,5,CHW,1,KC,Final
20210515,mlb,401227644,TEX,5,HOU,6,HOU,Final
20210515,mlb,401227641,PHI,0,TOR,4,TOR,Final
20210515,mlb,401227634,CIN,6,COL,5,CIN,Final/12
20210515,mlb,401227645,WSH,4,ARI,11,ARI,Final
20210515,mlb,401227643,STL,3,SD,13,SD,Final
20210515,mlb,401227635,CLE,3,SEA,7,SEA,Final
20210515,mlb,401227637,MIA,0,LAD,7,LAD,Final
20210516,mlb,401227653,NYY,6,BAL,10,BAL,Final
20210516,mlb,401227657,SF,4,PIT,1,SF,Final
20210516,mlb,401227656,PHI,8,TOR,10,TOR,Final
20210516,mlb,401227646,LAA,6,BOS,5,LAA,Final
20210516,mlb,401227648,CHC,5,DET,1,CHC,Final
20210516,mlb,401227654,NYM,1,TB,7,TB,Final
20210516,mlb,401227647,ATL,9,MIL,10,MIL,Final
20210516,mlb,401227651,KC,3,CHW,4,CHW,Final
20210516,mlb,401227659,TEX,2,HOU,6,HOU,Final
20210516,mlb,401227649,CIN,7,COL,6,CIN,Final
20210516,mlb,401227650,CLE,2,SEA,3,SEA,Final
20210516,mlb,401227652,MIA,3,LAD,2,MIA,Final
20210516,mlb,401227660,WSH,3,ARI,0,WSH,Final
20210516,mlb,401227658,STL,3,SD,5,SD,Final
20210517,mlb,401227668,SF,6,CIN,3,SF,Final
20210517,mlb,401227667,NYM,3,ATL,1,NYM,Final
20210517,mlb,401227662,CHW,16,MIN,4,CHW,Final
20210517,mlb,401227669,WSH,3,CHC,7,CHC,Final
20210517,mlb,401227666,NYY,2,TEX,5,TEX,Final
20210517,mlb,401227663,CLE,4,LAA,7,LAA,Final
20210517,mlb,401227661,ARI,1,LAD,3,LAD,Final
20210517,mlb,401227664,COL,0,SD,7,SD,Final
20210517,mlb,401227665,DET,4,SEA,1,DET,Final
20210518,mlb,401227682,SF,4,CIN,2,SF,Final
20210518,mlb,401227677,MIA,3,PHI,8,PHI,Final
20210518,mlb,401227683,TB,13,BAL,6,TB,Final
20210518,mlb,401227680,NYM,4,ATL,3,NYM,Final
20210518,mlb,401227671,BOS,0,TOR,8,TOR,Final
20210518,mlb,401227672,CHW,4,MIN,5,MIN,Final
20210518,mlb,401227684,WSH,3,CHC,6,CHC,Final
20210518,mlb,401227681,PIT,2,STL,5,STL,Final
20210518,mlb,401227679,NYY,7,TEX,4,NYY,Final
20210518,mlb,401227678,MIL,0,KC,2,KC,Final
20210518,mlb,401227673,CLE,6,LAA,5,CLE,Final
20210518,mlb,401227670,ARI,1,LAD,9,LAD,Final
20210518,mlb,401227674,COL,1,SD,2,SD,Final/10
20210518,mlb,401227675,DET,5,SEA,0,DET,Final
20210519,mlb,401227687,CHW,2,MIN,1,CHW,Final
20210519,mlb,401227689,COL,0,SD,3,SD,Final
20210519,mlb,401227697,SF,4,CIN,0,SF,Final
20210519,mlb,401227692,MIA,3,PHI,1,MIA,Final
20210519,mlb,401227698,TB,9,BAL,7,TB,Final
20210519,mlb,401227695,NYM,4,ATL,5,ATL,Final
20210519,mlb,401227686,BOS,7,TOR,3,BOS,Final
20210519,mlb,401227699,WSH,4,CHC,3,WSH,Final
20210519,mlb,401227696,PIT,5,STL,8,STL,Final
20210519,mlb,401227694,NYY,2,TEX,0,NYY,Final
20210519,mlb,401227688,CLE,3,LAA,2,CLE,Final
20210519,mlb,401227693,MIL,4,KC,6,KC,Final
20210519,mlb,401227685,ARI,2,LAD,4,LAD,Final
20210519,mlb,401227690,DET,6,SEA,2,DET,Final
20210520,mlb,401227706,SF,19,CIN,4,SF,Final
20210520,mlb,401227707,TB,10,BAL,1,TB,Final
20210520,mlb,401227704,NYY,2,TEX,0,NYY,Final
20210520,mlb,401227708,WSH,2,CHC,5,CHC,Final
20210520,mlb,401322957,MIN,1,LAA,7,LAA,Final/7
20210520,mlb,401227703,MIA,6,PHI,0,MIA,Final
20210520,mlb,401322958,MIN,6,LAA,3,MIN,Final/7
20210520,mlb,401227705,PIT,6,ATL,4,PIT,Final/10
20210520,mlb,401227701,BOS,8,TOR,7,BOS,Final
20210520,mlb,401227700,ARI,2,LAD,3,LAD,Final
20210521,mlb,401227710,BAL,2,WSH,4,WSH,Final
20210521,mlb,401227711,BOS,11,PHI,3,BOS,Final
20210521,mlb,401227712,CHW,1,NYY,2,NYY,Final
20210521,mlb,401227717,MIL,4,CIN,9,CIN,Final
20210521,mlb,401227718,MIN,10,CLE,0,MIN,Final
20210521,mlb,401227719,NYM,6,MIA,5,NYM,Final/12
20210521,mlb,401227721,PIT,1,ATL,20,ATL,Final
20210521,mlb,401227723,TB,9,TOR,7,TB,Final/12
20210521,mlb,401227715,HOU,5,TEX,7,TEX,Final/10
20210521,mlb,401227714,DET,7,KC,5,DET,Final
20210521,mlb,401227713,CHC,12,STL,3,CHC,Final
20210521,mlb,401227709,ARI,1,COL,7,COL,Final
20210521,mlb,401227716,LAD,2,SF,1,LAD,Final
20210521,mlb,401227722,SEA,1,SD,16,SD,Final
20210522,mlb,401227727,CHW,0,NYY,7,NYY,Final
20210522,mlb,401227724,ARI,6,COL,7,COL,Final
20210522,mlb,401227725,BAL,9,WSH,12,WSH,Final
20210522,mlb,401227730,HOU,4,TEX,8,TEX,Final
20210522,mlb,401227729,DET,5,KC,7,KC,Final
20210522,mlb,401227732,MIL,4,CIN,3,MIL,Final
20210522,mlb,401227733,MIN,3,CLE,5,CLE,Final/10
20210522,mlb,401227734,NYM,1,MIA,3,MIA,Final
20210522,mlb,401227736,PIT,1,ATL,6,ATL,Final
20210522,mlb,401227726,BOS,4,PHI,3,BOS,Final
20210522,mlb,401227728,CHC,1,STL,2,STL,Final
20210522,mlb,401227731,LAD,6,SF,3,LAD,Final
20210522,mlb,401227738,TB,3,TOR,1,TB,Final
20210522,mlb,401227737,SEA,4,SD,6,SD,Final
20210523,mlb,401227740,BAL,5,WSH,6,WSH,Final
20210523,mlb,401227741,BOS,2,PHI,6,PHI,Final
20210523,mlb,401227742,CHW,4,NYY,5,NYY,Final
20210523,mlb,401227753,TB,6,TOR,4,TB,Final
20210523,mlb,401227747,MIL,9,CIN,4,MIL,Final
20210523,mlb,401227748,MIN,8,CLE,5,MIN,Final/10
20210523,mlb,401227749,NYM,1,MIA,5,MIA,Final
20210523,mlb,401227751,PIT,1,ATL,7,ATL,Final
20210523,mlb,401227744,DET,2,KC,3,KC,Final
20210523,mlb,401227745,HOU,2,TEX,3,TEX,Final/10
20210523,mlb,401227739,ARI,3,COL,4,COL,Final
20210523,mlb,401227746,LAD,11,SF,5,LAD,Final
20210523,mlb,401227752,SEA,2,SD,9,SD,Final
20210523,mlb,401227743,CHC,2,STL,1,CHC,Final/10
20210524,mlb,401227761,TB,14,TOR,8,TB,Final/11
20210524,mlb,401227757,PHI,6,MIA,9,MIA,Final
20210524,mlb,401227755,CLE,6,DET,5,CLE,Final
20210524,mlb,401227756,COL,3,NYM,2,COL,Final
20210524,mlb,401227754,BAL,3,MIN,8,MIN,Final
20210524,mlb,401227758,SD,3,MIL,5,MIL,Final
20210524,mlb,401227760,STL,1,CHW,5,CHW,Final
20210525,mlb,401227764,CHC,4,PIT,3,CHC,Final
20210525,mlb,401227770,PHI,2,MIA,0,PHI,Final
20210525,mlb,401227765,CIN,2,WSH,1,CIN,Final
20210525,mlb,401227776,TOR,6,NYY,2,TOR,Final
20210525,mlb,401227762,ATL,3,BOS,1,ATL,Final
20210525,mlb,401227766,CLE,4,DET,1,CLE,Final
20210525,mlb,401227767,COL,1,NYM,3,NYM,Final
20210525,mlb,401227768,KC,2,TB,1,KC,Final
20210525,mlb,401227763,BAL,4,MIN,7,MIN,Final
20210525,mlb,401227771,SD,7,MIL,1,SD,Final
20210525,mlb,401227769,LAD,9,HOU,2,LAD,Final
20210525,mlb,401227774,STL,3,CHW,8,CHW,Final
20210525,mlb,401227775,TEX,5,LAA,11,LAA,Final
20210525,mlb,401227773,SF,8,ARI,0,SF,Final
20210526,mlb,401227778,BAL,2,MIN,3,MIN,Final
20210526,mlb,401227789,STL,4,CHW,0,STL,Final
20210526,mlb,401227790,TEX,8,LAA,9,LAA,Final
20210526,mlb,401227779,CHC,4,PIT,1,CHC,Final
20210526,mlb,401227785,PHI,2,MIA,4,MIA,Final
20210526,mlb,401227780,CIN,3,WSH,5,WSH,Final
20210526,mlb,401227777,ATL,5,BOS,9,BOS,Final
20210526,mlb,401227781,CLE,0,DET,1,DET,Final
20210526,mlb,401227783,KC,1,TB,2,TB,Final/10
20210526,mlb,401227784,LAD,2,HOU,5,HOU,Final
20210526,mlb,401227786,SD,2,MIL,1,SD,Final/10
20210526,mlb,401227788,SF,5,ARI,4,SF,Final
20210527,mlb,401227797,COL,0,NYM,1,NYM,Final/7
20210527,mlb,401227799,PHI,3,MIA,2,PHI,Final
20210527,mlb,401227794,CHC,5,PIT,3,CHC,Final
20210527,mlb,401227796,CLE,5,DET,2,CLE,Final
20210527,mlb,401227800,SD,5,MIL,6,MIL,Final/10
20210527,mlb,401330950,COL,2,NYM,4,NYM,Final/7
20210527,mlb,401227798,KC,2,TB,7,TB,Final
20210527,mlb,401330913,TOR,2,NYY,0,TOR,Final/7
20210527,mlb,401227795,CIN,3,WSH,0,CIN,Final/7
20210527,mlb,401227804,TOR,3,NYY,5,NYY,Final/7
20210527,mlb,401227793,BAL,1,CHW,5,CHW,Final
20210527,mlb,401227802,STL,5,ARI,4,STL,Final/10
20210527,mlb,401227801,SF,3,LAD,4,LAD,Final
20210527,mlb,401227803,TEX,0,SEA,5,SEA,Final
20210528,mlb,401227808,CIN,0,CHC,1,CHC,Final
20210528,mlb,401227811,MIA,2,BOS,5,BOS,Final/6
20210528,mlb,401227813,NYY,2,DET,3,DET,Final/10
20210528,mlb,401227818,TOR,11,CLE,2,TOR,Final/7
20210528,mlb,401227810,KC,8,MIN,3,KC,Final
20210528,mlb,401227814,SD,10,HOU,3,SD,Final/11
20210528,mlb,401227816,STL,8,ARI,6,STL,Final
20210528,mlb,401227815,SF,8,LAD,5,SF,Final/10
20210528,mlb,401227817,TEX,2,SEA,3,SEA,Final
20210529,mlb,401331656,COL,0,PIT,7,PIT,Final/7
20210529,mlb,401227828,PHI,3,TB,5,TB,Final
20210529,mlb,401331655,MIL,4,WSH,1,MIL,Final/7
20210529,mlb,401227821,BAL,4,CHW,7,CHW,Final/7
20210529,mlb,401227824,KC,5,MIN,6,MIN,Final
20210529,mlb,401227822,CIN,2,CHC,10,CHC,Final
20210529,mlb,401227823,COL,0,PIT,4,PIT,Final/7
20210529,mlb,401227825,MIA,1,BOS,3,BOS,Final
20210529,mlb,401227827,NYY,1,DET,6,DET,Final
20210529,mlb,401227829,SD,11,HOU,8,SD,Final/12
20210529,mlb,401331675,BAL,1,CHW,3,CHW,Final/7
20210529,mlb,401227820,ATL,2,NYM,13,NYM,Final
20210529,mlb,401227826,MIL,6,WSH,2,MIL,Final/7
20210529,mlb,401227830,SF,11,LAD,6,SF,Final
20210529,mlb,401227831,STL,7,ARI,4,STL,Final
20210529,mlb,401227832,TEX,2,SEA,3,SEA,Final
20210530,mlb,401227838,COL,4,PIT,3,COL,Final
20210530,mlb,401227841,MIL,3,WSH,0,MIL,Final
20210530,mlb,401227842,NYY,2,DET,6,DET,Final
20210530,mlb,401227843,PHI,2,TB,6,TB,Final
20210530,mlb,401227848,TOR,4,CLE,1,TOR,Final/7
20210530,mlb,401227836,BAL,1,CHW,3,CHW,Final
20210530,mlb,401227839,KC,6,MIN,3,KC,Final
20210530,mlb,401227844,SD,4,HOU,7,HOU,Final
20210530,mlb,401227837,CIN,5,CHC,1,CIN,Final
20210530,mlb,401331686,TOR,5,CLE,6,CLE,Final/7
20210530,mlb,401227845,SF,5,LAD,4,SF,Final
20210530,mlb,401227846,STL,2,ARI,9,ARI,Final
20210530,mlb,401227847,TEX,2,SEA,4,SEA,Final
20210531,mlb,401227853,MIN,3,BAL,2,MIN,Final/10
20210531,mlb,401227860,TB,3,NYY,1,TB,Final
20210531,mlb,401227852,DET,2,MIL,3,MIL,Final/10
20210531,mlb,401227856,PHI,1,CIN,11,CIN,Final
20210531,mlb,401227858,SD,2,CHC,7,CHC,Final
20210531,mlb,401227851,CHW,8,CLE,6,CHW,Final/8
20210531,mlb,401227850,BOS,2,HOU,11,HOU,Final
20210531,mlb,401227849,LAA,1,SF,6,SF,Final
20210531,mlb,401227861,WSH,3,ATL,5,ATL,Final
20210531,mlb,401322280,CHW,1,CLE,3,CLE,Final/7
20210531,mlb,401227857,PIT,3,KC,7,KC,Final
20210531,mlb,401227859,STL,4,LAD,9,LAD,Final
20210531,mlb,401227854,NYM,6,ARI,2,NYM,Final
20210601,mlb,401227864,CHW,5,CLE,6,CLE,Final
20210601,mlb,401227874,TB,3,NYY,5,NYY,Final/11
20210601,mlb,401227867,MIN,4,BAL,7,BAL,Final
20210601,mlb,401227866,MIA,1,TOR,5,TOR,Final
20210601,mlb,401227870,PHI,17,CIN,3,PHI,Final
20210601,mlb,401227876,WSH,11,ATL,6,WSH,Final
20210601,mlb,401227865,DET,10,MIL,7,DET,Final
20210601,mlb,401227872,SD,3,CHC,4,CHC,Final
20210601,mlb,401227863,BOS,1,HOU,5,HOU,Final
20210601,mlb,401227871,PIT,5,KC,10,KC,Final
20210601,mlb,401227875,TEX,2,COL,3,COL,Final/11
20210601,mlb,401227868,NYM,5,ARI,6,ARI,Final/10
20210601,mlb,401227862,LAA,8,SF,1,LAA,Final
20210601,mlb,401227873,STL,3,LAD,2,STL,Final
20210602,mlb,401227884,SD,1,CHC,6,CHC,Final
20210602,mlb,401227881,NYM,7,ARI,6,NYM,Final
20210602,mlb,401227880,MIN,3,BAL,6,BAL,Final
20210602,mlb,401227886,TB,3,NYY,4,NYY,Final
20210602,mlb,401227879,MIA,5,TOR,6,TOR,Final
20210602,mlb,401227888,WSH,5,ATL,3,WSH,Final
20210602,mlb,401227877,BOS,1,HOU,2,HOU,Final
20210602,mlb,401227887,TEX,3,COL,6,COL,Final
20210602,mlb,401227885,STL,3,LAD,14,LAD,Final
20210603,mlb,401227900,WSH,1,ATL,5,ATL,Final
20210603,mlb,401227898,TB,9,NYY,2,TB,Final
20210603,mlb,401227890,BOS,5,HOU,1,BOS,Final
20210603,mlb,401227899,TEX,6,COL,11,COL,Final
20210603,mlb,401227894,MIA,3,PIT,5,PIT,Final
20210603,mlb,401227889,ARI,4,MIL,7,MIL,Final
20210603,mlb,401227893,DET,1,CHW,4,CHW,Final
20210603,mlb,401227895,MIN,5,KC,6,KC,Final
20210603,mlb,401227892,CIN,4,STL,2,CIN,Final
20210603,mlb,401227897,SEA,6,LAA,2,SEA,Final
20210603,mlb,401227891,CHC,2,SF,7,SF,Final
20210603,mlb,401227896,NYM,3,SD,4,SD,Final
20210604,mlb,401227902,BOS,5,NYY,2,BOS,Final
20210604,mlb,401227905,CLE,1,BAL,3,BAL,Final
20210604,mlb,401227909,MIA,2,PIT,9,PIT,Final
20210604,mlb,401227915,WSH,2,PHI,1,WSH,Final
20210604,mlb,401227907,HOU,13,TOR,1,HOU,Final
20210604,mlb,401227908,LAD,9,ATL,5,LAD,Final
20210604,mlb,401227914,TB,4,TEX,5,TEX,Final
20210604,mlb,401227901,ARI,1,MIL,5,MIL,Final
20210604,mlb,401227906,DET,8,CHW,9,CHW,Final
20210604,mlb,401227910,MIN,5,KC,14,KC,Final
20210604,mlb,401227904,CIN,6,STL,4,CIN,Final
20210604,mlb,401227913,SEA,2,LAA,3,LAA,Final
20210604,mlb,401227903,CHC,5,SF,8,SF,Final
20210604,mlb,401227911,NYM,0,SD,2,SD,Final
20210605,mlb,401227921,DET,4,CHW,3,DET,Final
20210605,mlb,401227919,CIN,5,STL,2,CIN,Final
20210605,mlb,401227922,HOU,2,TOR,6,TOR,Final
20210605,mlb,401227920,CLE,10,BAL,4,CLE,Final
20210605,mlb,401227924,MIA,7,PIT,8,PIT,Final/12
20210605,mlb,401227929,TB,3,TEX,0,TB,Final
20210605,mlb,401227930,WSH,2,PHI,5,PHI,Final
20210605,mlb,401227916,ARI,5,MIL,7,MIL,Final
20210605,mlb,401227925,MIN,5,KC,4,MIN,Final
20210605,mlb,401227917,BOS,7,NYY,3,BOS,Final
20210605,mlb,401227918,CHC,3,SF,4,SF,Final
20210605,mlb,401227923,LAD,4,ATL,6,ATL,Final
20210605,mlb,401227928,SEA,5,LAA,12,LAA,Final
20210605,mlb,401227926,NYM,4,SD,0,NYM,Final
20210606,mlb,401227935,CLE,5,BAL,18,BAL,Final
20210606,mlb,401227939,MIA,3,PIT,1,MIA,Final
20210606,mlb,401227945,WSH,6,PHI,12,PHI,Final
20210606,mlb,401227937,HOU,6,TOR,3,HOU,Final
20210606,mlb,401227938,LAD,2,ATL,4,ATL,Final
20210606,mlb,401227931,ARI,0,MIL,2,MIL,Final
20210606,mlb,401227936,DET,0,CHW,3,CHW,Final
20210606,mlb,401227940,MIN,2,KC,1,MIN,Final
20210606,mlb,401227934,CIN,8,STL,7,CIN,Final
20210606,mlb,401227944,TB,7,TEX,1,TB,Final
20210606,mlb,401227933,CHC,4,SF,3,CHC,Final
20210606,mlb,401227943,SEA,9,LAA,5,SEA,Final
20210606,mlb,401227941,NYM,6,SD,2,NYM,Final
20210606,mlb,401227932,BOS,6,NYY,5,BOS,Final/10
20210607,mlb,401331792,MIA,3,BOS,5,BOS,Final
20210607,mlb,401227947,KC,3,LAA,8,LAA,Final
20210607,mlb,401227946,CHC,4,SD,9,SD,Final
20210608,mlb,401227949,ATL,9,PHI,5,ATL,Final
20210608,mlb,401227955,LAD,5,PIT,3,LAD,Final
20210608,mlb,401227958,NYM,3,BAL,10,BAL,Final
20210608,mlb,401227952,COL,2,MIA,6,MIA,Final
20210608,mlb,401227953,HOU,7,BOS,1,HOU,Final
20210608,mlb,401227956,MIL,5,CIN,1,MIL,Final
20210608,mlb,401227959,SEA,3,DET,5,DET,Final
20210608,mlb,401227962,WSH,1,TB,3,TB,Final
20210608,mlb,401227960,SF,9,TEX,4,SF,Final
20210608,mlb,401227957,NYY,8,MIN,4,NYY,Final
20210608,mlb,401227961,TOR,1,CHW,6,CHW,Final
20210608,mlb,401227951,CLE,10,STL,1,CLE,Final
20210608,mlb,401227954,KC,1,LAA,8,LAA,Final
20210608,mlb,401227950,CHC,7,SD,1,CHC,Final
20210609,mlb,401227975,SF,3,TEX,4,TEX,Final/11
20210609,mlb,401227965,CHC,3,SD,1,CHC,Final
20210609,mlb,401227964,ATL,1,PHI,2,PHI,Final
20210609,mlb,401227970,LAD,2,PIT,1,LAD,Final
20210609,mlb,401227973,NYM,14,BAL,1,NYM,Final
20210609,mlb,401227967,COL,4,MIA,3,COL,Final
20210609,mlb,401227968,HOU,8,BOS,3,HOU,Final
20210609,mlb,401227971,MIL,3,CIN,7,CIN,Final
20210609,mlb,401227974,SEA,9,DET,6,SEA,Final/11
20210609,mlb,401227977,WSH,9,TB,7,WSH,Final/11
20210609,mlb,401227972,NYY,9,MIN,6,NYY,Final
20210609,mlb,401227976,TOR,6,CHW,2,TOR,Final
20210609,mlb,401227966,CLE,2,STL,8,STL,Final
20210609,mlb,401227969,KC,1,LAA,6,LAA,Final
20210610,mlb,401227982,LAD,6,PIT,3,LAD,Final/8
20210610,mlb,401227983,MIL,7,CIN,2,MIL,Final
20210610,mlb,401227978,ATL,3,PHI,4,PHI,Final/10
20210610,mlb,401227985,SEA,3,DET,8,DET,Final
20210610,mlb,401227979,COL,4,MIA,11,MIA,Final
20210610,mlb,401227980,HOU,8,BOS,12,BOS,Final
20210610,mlb,401227987,TOR,2,CHW,5,CHW,Final
20210610,mlb,401227984,NYY,5,MIN,7,MIN,Final
20210611,mlb,401227999,STL,5,CHC,8,CHC,Final
20210611,mlb,401227998,SF,1,WSH,0,SF,Final
20210611,mlb,401227989,ATL,3,MIA,4,MIA,Final
20210611,mlb,401227990,BAL,2,TB,4,TB,Final
20210611,mlb,401227991,CHW,5,DET,4,CHW,Final/10
20210611,mlb,401227992,COL,5,CIN,11,CIN,Final
20210611,mlb,401227996,SD,2,NYM,3,NYM,Final
20210611,mlb,401227997,SEA,0,CLE,7,CLE,Final
20210611,mlb,401228001,TOR,5,BOS,6,BOS,Final
20210611,mlb,401227993,HOU,6,MIN,4,HOU,Final
20210611,mlb,401227995,PIT,4,MIL,7,MIL,Final
20210611,mlb,401227988,LAA,6,ARI,5,LAA,Final/10
20210611,mlb,401228000,TEX,1,LAD,12,LAD,Final
20210612,mlb,401334713,SF,0,WSH,2,WSH,Final/7
20210612,mlb,401228009,NYY,7,PHI,8,PHI,Final/10
20210612,mlb,401228002,LAA,8,ARI,7,LAA,Final
20210612,mlb,401228003,ATL,2,MIA,4,MIA,Final
20210612,mlb,401228004,BAL,4,TB,5,TB,Final
20210612,mlb,401228005,CHW,15,DET,2,CHW,Final
20210612,mlb,401228010,PIT,4,MIL,7,MIL,Final
20210612,mlb,401228011,SD,1,NYM,4,NYM,Final
20210612,mlb,401228012,SEA,4,CLE,5,CLE,Final/10
20210612,mlb,401228016,TOR,7,BOS,2,TOR,Final
20210612,mlb,401228006,COL,3,CIN,10,CIN,Final
20210612,mlb,401228007,HOU,2,MIN,5,MIN,Final
20210612,mlb,401228013,SF,2,WSH,1,SF,Final/8
20210612,mlb,401228014,STL,2,CHC,7,CHC,Final
20210612,mlb,401228015,TEX,12,LAD,1,TEX,Final
20210613,mlb,401228024,NYY,0,PHI,7,PHI,Final
20210613,mlb,401228028,SF,0,WSH,5,WSH,Final
20210613,mlb,401228018,ATL,6,MIA,4,ATL,Final
20210613,mlb,401228019,BAL,1,TB,7,TB,Final
20210613,mlb,401228020,CHW,4,DET,1,CHW,Final
20210613,mlb,401228021,COL,2,CIN,6,CIN,Final
20210613,mlb,401228026,SD,7,NYM,3,SD,Final
20210613,mlb,401228027,SEA,6,CLE,2,SEA,Final
20210613,mlb,401228031,TOR,18,BOS,4,TOR,Final
20210613,mlb,401228022,HOU,14,MIN,3,HOU,Final
20210613,mlb,401228025,PIT,2,MIL,5,MIL,Final
20210613,mlb,401228017,LAA,10,ARI,3,LAA,Final
20210613,mlb,401228030,TEX,3,LAD,5,LAD,Final
20210613,mlb,401228029,STL,0,CHC,2,CHC,Final
20210614,mlb,401228035,CHC,2,NYM,5,NYM,Final
20210614,mlb,401228041,PIT,2,WSH,3,WSH,Final
20210614,mlb,401228034,BAL,3,CLE,4,CLE,Final
20210614,mlb,401228044,TOR,1,BOS,2,BOS,Final
20210614,mlb,401228036,CIN,10,MIL,2,CIN,Final
20210614,mlb,401228037,DET,10,KC,3,DET,Final
20210614,mlb,401228043,TB,5,CHW,2,TB,Final
20210614,mlb,401228038,MIA,2,STL,4,STL,Final
20210614,mlb,401228042,SD,2,COL,3,COL,Final
20210614,mlb,401228033,ARI,2,SF,5,SF,Final
20210614,mlb,401228039,MIN,3,SEA,4,SEA,Final
20210614,mlb,401228040,PHI,1,LAD,3,LAD,Final
20210615,mlb,401228049,CHC,2,NYM,3,NYM,Final
20210615,mlb,401228056,PIT,1,WSH,8,WSH,Final
20210615,mlb,401228054,NYY,6,TOR,5,NYY,Final
20210615,mlb,401228047,BAL,2,CLE,7,CLE,Final
20210615,mlb,401228048,BOS,10,ATL,8,BOS,Final
20210615,mlb,401228050,CIN,2,MIL,1,CIN,Final/10
20210615,mlb,401228051,DET,4,KC,3,DET,Final
20210615,mlb,401228058,TB,0,CHW,3,CHW,Final
20210615,mlb,401228059,TEX,3,HOU,6,HOU,Final/10
20210615,mlb,401228052,MIA,1,STL,2,STL,Final
20210615,mlb,401228057,SD,4,COL,8,COL,Final
20210615,mlb,401228046,ARI,8,SF,9,SF,Final
20210615,mlb,401228053,MIN,0,SEA,10,SEA,Final
20210615,mlb,401228055,PHI,3,LAD,5,LAD,Final
20210616,mlb,401228067,MIA,0,STL,1,STL,Final
20210616,mlb,401228065,CIN,2,MIL,1,CIN,Final
20210616,mlb,401228066,DET,6,KC,5,DET,Final
20210616,mlb,401228073,TB,7,CHW,8,CHW,Final/10
20210616,mlb,401228072,SD,7,COL,8,COL,Final
20210616,mlb,401228071,PIT,1,WSH,3,WSH,Final
20210616,mlb,401228063,BOS,10,ATL,8,BOS,Final
20210616,mlb,401228069,NYY,3,TOR,2,NYY,Final
20210616,mlb,401228062,BAL,7,CLE,8,CLE,Final
20210616,mlb,401228064,CHC,3,NYM,6,NYM,Final
20210616,mlb,401228074,TEX,4,HOU,8,HOU,Final
20210616,mlb,401228061,ARI,7,SF,13,SF,Final
20210616,mlb,401228068,MIN,7,SEA,2,MIN,Final
20210616,mlb,401228070,PHI,2,LAD,0,PHI,Final
20210617,mlb,401228076,BAL,3,CLE,10,CLE,Final
20210617,mlb,401228075,ARI,3,SF,10,SF,Final
20210617,mlb,401228082,NYY,8,TOR,4,NYY,Final
20210617,mlb,401228078,CHC,2,NYM,0,CHC,Final
20210617,mlb,401228083,STL,0,ATL,4,ATL,Final
20210617,mlb,401228077,CHW,2,HOU,10,HOU,Final
20210617,mlb,401228079,CIN,4,SD,6,SD,Final
20210617,mlb,401228081,MIL,3,COL,7,COL,Final
20210617,mlb,401228080,DET,5,LAA,7,LAA,Final
20210617,mlb,401228084,TB,5,SEA,6,SEA,Final
20210618,mlb,401228088,CLE,10,PIT,11,PIT,Final
20210618,mlb,401228094,NYM,0,WSH,1,WSH,Final
20210618,mlb,401228099,TOR,1,BAL,7,BAL,Final
20210618,mlb,401228097,STL,1,ATL,9,ATL,Final
20210618,mlb,401228091,MIA,10,CHC,2,MIA,Final
20210618,mlb,401228093,MIN,7,TEX,5,MIN,Final/10
20210618,mlb,401228085,BOS,3,KC,5,KC,Final
20210618,mlb,401228086,CHW,1,HOU,2,HOU,Final
20210618,mlb,401228092,MIL,5,COL,6,COL,Final/10
20210618,mlb,401228089,DET,3,LAA,11,LAA,Final
20210618,mlb,401228090,LAD,3,ARI,0,LAD,Final
20210618,mlb,401228096,PHI,3,SF,5,SF,Final
20210618,mlb,401228087,CIN,2,SD,8,SD,Final
20210618,mlb,401228098,TB,1,SEA,5,SEA,Final
20210619,mlb,401319234,NYM,5,WSH,1,NYM,Final/7
20210619,mlb,401228106,MIA,11,CHC,1,MIA,Final
20210619,mlb,401228103,CLE,3,PIT,6,PIT,Final
20210619,mlb,401228108,MIN,3,TEX,2,MIN,Final
20210619,mlb,401228111,PHI,13,SF,6,PHI,Final
20210619,mlb,401228114,TOR,10,BAL,7,TOR,Final
20210619,mlb,401228100,BOS,7,KC,1,BOS,Final
20210619,mlb,401228109,NYM,2,WSH,6,WSH,Final/7
20210619,mlb,401228101,CHW,3,HOU,7,HOU,Final
20210619,mlb,401228102,CIN,5,SD,7,SD,Final
20210619,mlb,401228107,MIL,6,COL,5,MIL,Final
20210619,mlb,401228104,DET,3,LAA,8,LAA,Final
20210619,mlb,401228105,LAD,9,ARI,3,LAD,Final
20210619,mlb,401228113,TB,5,SEA,6,SEA,Final/10
20210620,mlb,401228118,CLE,2,PIT,1,CLE,Final
20210620,mlb,401228124,NYM,2,WSH,5,WSH,Final
20210620,mlb,401228129,TOR,7,BAL,4,TOR,Final
20210620,mlb,401228115,BOS,3,KC,7,KC,Final
20210620,mlb,401228116,CHW,2,HOU,8,HOU,Final
20210620,mlb,401337348,STL,9,ATL,1,STL,Final/7
20210620,mlb,401228121,MIA,0,CHC,2,CHC,Final
20210620,mlb,401228123,MIN,4,TEX,2,MIN,Final
20210620,mlb,401228122,MIL,7,COL,6,MIL,Final
20210620,mlb,401228126,PHI,2,SF,11,SF,Final
20210620,mlb,401228119,DET,5,LAA,3,DET,Final/10
20210620,mlb,401228117,CIN,2,SD,3,SD,Final
20210620,mlb,401228120,LAD,9,ARI,8,LAD,Final
20210620,mlb,401228128,TB,2,SEA,6,SEA,Final/10
20210620,mlb,401228127,STL,0,ATL,1,ATL,Final/7
20210621,mlb,401331817,ATL,2,NYM,4,NYM,Final/7
20210621,mlb,401228133,HOU,10,BAL,2,HOU,Final
20210621,mlb,401228132,CLE,4,CHC,0,CLE,Final
20210621,mlb,401228130,ATL,1,NYM,0,ATL,Final/7
20210621,mlb,401228131,CIN,5,MIN,7,MIN,Final/12
20210621,mlb,401228135,MIL,1,ARI,5,ARI,Final
20210621,mlb,401228134,LAD,2,SD,6,SD,Final
20210622,mlb,401228140,CIN,10,MIN,7,CIN,Final
20210622,mlb,401228139,CHW,3,PIT,6,PIT,Final
20210622,mlb,401228143,HOU,3,BAL,1,HOU,Final
20210622,mlb,401228144,KC,6,NYY,5,KC,Final
20210622,mlb,401228151,WSH,3,PHI,2,WSH,Final
20210622,mlb,401228137,ATL,3,NYM,0,ATL,Final
20210622,mlb,401228138,BOS,9,TB,5,BOS,Final/11
20210622,mlb,401228149,STL,2,DET,8,DET,Final
20210622,mlb,401228150,TOR,2,MIA,1,TOR,Final
20210622,mlb,401228141,CLE,1,CHC,7,CHC,Final
20210622,mlb,401228148,SF,5,LAA,0,SF,Final
20210622,mlb,401228146,MIL,5,ARI,0,MIL,Final
20210622,mlb,401228145,LAD,2,SD,3,SD,Final
20210622,mlb,401228142,COL,1,SEA,2,SEA,Final
20210623,mlb,401228154,CHW,4,PIT,3,CHW,Final
20210623,mlb,401228164,WSH,13,PHI,12,WSH,Final
20210623,mlb,401228162,STL,2,DET,6,DET,Final
20210623,mlb,401228159,MIL,3,ARI,2,MIL,Final
20210623,mlb,401228161,SF,9,LAA,3,SF,Final/13
20210623,mlb,401228155,COL,5,SEA,2,COL,Final
20210623,mlb,401228156,HOU,13,BAL,0,HOU,Final
20210623,mlb,401228157,KC,5,NYY,6,NYY,Final
20210623,mlb,401228152,ATL,3,NYM,7,NYM,Final
20210623,mlb,401228153,BOS,2,TB,8,TB,Final
20210623,mlb,401228163,TOR,3,MIA,1,TOR,Final
20210623,mlb,401228158,LAD,3,SD,5,SD,Final
20210624,mlb,401228171,KC,1,NYY,8,NYY,Final
20210624,mlb,401228166,BAL,0,TOR,9,TOR,Final
20210624,mlb,401228165,ATL,3,CIN,5,CIN,Final
20210624,mlb,401228167,BOS,0,TB,1,TB,Final
20210624,mlb,401228170,HOU,12,DET,3,HOU,Final
20210624,mlb,401228174,WSH,7,MIA,3,WSH,Final
20210624,mlb,401228169,CLE,4,MIN,1,CLE,Final
20210624,mlb,401228173,PIT,8,STL,2,PIT,Final
20210624,mlb,401228168,CHC,4,LAD,0,CHC,Final
20210625,mlb,401228181,COL,4,MIL,5,MIL,Final/11
20210625,mlb,401320853,PHI,1,NYM,2,NYM,Final/8
20210625,mlb,401228178,BAL,6,TOR,5,BAL,Final/10
20210625,mlb,401228175,LAA,3,TB,4,TB,Final
20210625,mlb,401228177,ATL,3,CIN,2,ATL,Final
20210625,mlb,401228184,NYY,3,BOS,5,BOS,Final
20210625,mlb,401228189,WSH,2,MIA,11,MIA,Final
20210625,mlb,401228186,PHI,2,NYM,1,PHI,Final/8
20210625,mlb,401228183,KC,4,TEX,9,TEX,Final
20210625,mlb,401228180,CLE,7,MIN,8,MIN,Final
20210625,mlb,401228188,SEA,9,CHW,3,SEA,Final
20210625,mlb,401228187,PIT,5,STL,4,PIT,Final
20210625,mlb,401228176,ARI,5,SD,11,SD,Final
20210625,mlb,401228179,CHC,2,LAD,6,LAD,Final
20210626,mlb,401341478,HOU,1,DET,3,DET,Final/7
20210626,mlb,401228203,SEA,3,CHW,2,SEA,Final
20210626,mlb,401228202,PIT,1,STL,3,STL,Final
20210626,mlb,401228193,BAL,4,TOR,12,TOR,Final
20210626,mlb,401228198,KC,0,TEX,8,TEX,Final
20210626,mlb,401228190,LAA,3,TB,13,TB,Final
20210626,mlb,401228192,ATL,1,CIN,4,CIN,Final
20210626,mlb,401228196,COL,4,MIL,10,MIL,Final
20210626,mlb,401228201,PHI,3,NYM,4,NYM,Final
20210626,mlb,401228204,WSH,2,MIA,3,MIA,Final
20210626,mlb,401228197,HOU,3,DET,2,HOU,Final/7
20210626,mlb,401228194,CHC,2,LAD,3,LAD,Final
20210626,mlb,401228199,NYY,2,BOS,4,BOS,Final
20210626,mlb,401228191,ARI,10,SD,1,ARI,Final
20210627,mlb,401228208,BAL,2,TOR,5,TOR,Final
20210627,mlb,401228205,LAA,6,TB,4,LAA,Final
20210627,mlb,401228207,ATL,4,CIN,0,ATL,Final
20210627,mlb,401228212,HOU,1,DET,2,DET,Final/10
20210627,mlb,401228214,NYY,2,BOS,9,BOS,Final
20210627,mlb,401228216,PHI,4,NYM,2,PHI,Final
20210627,mlb,401228219,WSH,5,MIA,1,WSH,Final
20210627,mlb,401228210,CLE,2,MIN,8,MIN,Final
20210627,mlb,401228211,COL,0,MIL,5,MIL,Final
20210627,mlb,401228217,PIT,7,STL,2,PIT,Final
20210627,mlb,401228213,KC,1,TEX,4,TEX,Final
20210627,mlb,401228206,ARI,4,SD,5,SD,Final
20210627,mlb,401228218,SEA,5,CHW,7,CHW,Final/7
20210627,mlb,401228209,CHC,1,LAD,7,LAD,Final
20210628,mlb,401228227,PIT,0,COL,2,COL,Final
20210628,mlb,401332361,PHI,4,CIN,12,CIN,Final
20210628,mlb,401228220,LAA,5,NYY,3,LAA,Final
20210628,mlb,401319235,NYM,4,WSH,8,WSH,Final
20210628,mlb,401228224,DET,5,CLE,13,CLE,Final
20210628,mlb,401228225,KC,5,BOS,6,BOS,Final
20210628,mlb,401228222,BAL,9,HOU,7,BAL,Final
20210628,mlb,401228223,CHC,4,MIL,14,MIL,Final
20210628,mlb,401228221,ARI,1,STL,7,STL,Final
20210628,mlb,401228228,SF,2,LAD,3,LAD,Final
20210629,mlb,401228229,LAA,5,NYY,11,NYY,Final
20210629,mlb,401228235,MIA,3,PHI,4,PHI,Final
20210629,mlb,401228242,TB,3,WSH,4,WSH,Final
20210629,mlb,401228240,SEA,3,TOR,9,TOR,Final
20210629,mlb,401228234,KC,6,BOS,7,BOS,Final
20210629,mlb,401228239,SD,5,CIN,4,SD,Final
20210629,mlb,401228237,NYM,4,ATL,3,NYM,Final
20210629,mlb,401228231,BAL,13,HOU,3,BAL,Final
20210629,mlb,401228232,CHC,1,MIL,2,MIL,Final
20210629,mlb,401228236,MIN,6,CHW,7,CHW,Final
20210629,mlb,401228230,ARI,2,STL,3,STL,Final
20210629,mlb,401228238,PIT,0,COL,8,COL,Final
20210629,mlb,401228241,SF,1,LAD,3,LAD,Final
20210630,mlb,401228245,ARI,4,STL,7,STL,Final
20210630,mlb,401228247,CHC,7,MIL,15,MIL,Final
20210630,mlb,401228253,PIT,2,COL,6,COL,Final
20210630,mlb,401228256,TB,6,WSH,15,WSH,Final
20210630,mlb,401228248,DET,9,CLE,4,DET,Final/7
20210630,mlb,401228244,LAA,11,NYY,8,LAA,Final
20210630,mlb,401228250,MIA,11,PHI,6,MIA,Final
20210630,mlb,401228255,SEA,9,TOR,7,SEA,Final/10
20210630,mlb,401228249,KC,2,BOS,6,BOS,Final
20210630,mlb,401228254,SD,7,CIN,5,SD,Final/6
20210630,mlb,401228252,NYM,2,ATL,20,ATL,Final
20210630,mlb,401228246,BAL,5,HOU,2,BAL,Final
20210630,mlb,401228251,MIN,3,CHW,13,CHW,Final
20210630,mlb,401341953,DET,7,CLE,1,DET,Final/7
20210701,mlb,401228267,SEA,7,TOR,2,SEA,Final
20210701,mlb,401228260,KC,1,BOS,15,BOS,Final
20210701,mlb,401228264,MIN,5,CHW,8,CHW,Final
20210701,mlb,401228261,LAD,6,WSH,2,LAD,Final/5
20210701,mlb,401228263,MIL,7,PIT,2,MIL,Final
20210701,mlb,401228259,HOU,7,CLE,2,HOU,Final
20210701,mlb,401228266,SD,4,CIN,5,CIN,Final
20210701,mlb,401228265,NYM,3,ATL,4,ATL,Final
20210701,mlb,401228269,STL,2,COL,5,COL,Final
20210701,mlb,401228268,SF,3,ARI,5,ARI,Final
20210702,mlb,401228281,SD,3,PHI,4,PHI,Final/10
20210702,mlb,401228276,LAD,10,WSH,5,LAD,Final
20210702,mlb,401228278,MIL,7,PIT,2,MIL,Final
20210702,mlb,401228284,TB,1,TOR,11,TOR,Final
20210702,mlb,401228273,CHW,8,DET,2,CHW,Final
20210702,mlb,401228274,CHC,1,CIN,2,CIN,Final
20210702,mlb,401228275,HOU,6,CLE,3,HOU,Final
20210702,mlb,401228277,MIA,0,ATL,1,ATL,Final
20210702,mlb,401228279,MIN,4,KC,7,KC,Final
20210702,mlb,401228283,STL,9,COL,3,STL,Final/10
20210702,mlb,401228271,BAL,7,LAA,8,LAA,Final
20210702,mlb,401228282,SF,11,ARI,4,SF,Final
20210702,mlb,401228285,TEX,4,SEA,5,SEA,Final/10
20210703,mlb,401228295,NYM,8,NYY,3,NYM,Final
20210703,mlb,401228299,TB,3,TOR,6,TOR,Final
20210703,mlb,401228293,MIL,11,PIT,2,MIL,Final
20210703,mlb,401228296,SD,2,PHI,4,PHI,Final
20210703,mlb,401228288,CHW,5,DET,11,DET,Final
20210703,mlb,401228289,CHC,2,CIN,3,CIN,Final
20210703,mlb,401228292,MIA,3,ATL,2,MIA,Final
20210703,mlb,401228294,MIN,3,KC,6,KC,Final
20210703,mlb,401228290,HOU,3,CLE,2,HOU,Final
20210703,mlb,401228291,LAD,5,WSH,3,LAD,Final
20210703,mlb,401228298,STL,2,COL,3,COL,Final
20210703,mlb,401228286,BAL,1,LAA,4,LAA,Final
20210703,mlb,401228297,SF,6,ARI,5,SF,Final
20210703,mlb,401228300,TEX,7,SEA,3,TEX,Final
20210704,mlb,401228306,LAD,5,WSH,1,LAD,Final
20210704,mlb,401228308,MIL,0,PIT,2,PIT,Final
20210704,mlb,401228311,SD,11,PHI,1,SD,Final
20210704,mlb,401228314,TB,5,TOR,1,TB,Final
20210704,mlb,401228303,CHW,5,DET,6,DET,Final
20210704,mlb,401228304,CHC,2,CIN,3,CIN,Final
20210704,mlb,401228305,HOU,4,CLE,3,HOU,Final/10
20210704,mlb,401228307,MIA,7,ATL,8,ATL,Final/10
20210704,mlb,401343977,NYM,10,NYY,5,NYM,Final/7
20210704,mlb,401228309,MIN,6,KC,2,MIN,Final
20210704,mlb,401228313,STL,2,COL,3,COL,Final
20210704,mlb,401228301,BAL,5,LAA,6,LAA,Final
20210704,mlb,401228315,TEX,1,SEA,4,SEA,Final
20210704,mlb,401343904,NYM,2,NYY,4,NYY,Final/7
20210704,mlb,401228312,SF,5,ARI,2,SF,Final
20210705,mlb,401228325,STL,5,SF,3,STL,Final
20210705,mlb,401228322,LAD,4,MIA,5,MIA,Final
20210705,mlb,401228318,CHW,5,MIN,8,MIN,Final
20210705,mlb,401228316,ATL,1,PIT,11,PIT,Final
20210705,mlb,401228320,CLE,8,TB,9,TB,Final
20210705,mlb,401228323,MIL,2,NYM,4,NYM,Final
20210705,mlb,401228321,DET,7,TEX,3,DET,Final
20210705,mlb,401228324,PHI,13,CHC,3,PHI,Final
20210705,mlb,401228319,CIN,6,KC,2,CIN,Final
20210705,mlb,401228317,BOS,5,LAA,4,BOS,Final
20210705,mlb,401228326,WSH,7,SD,5,WSH,Final
20210706,mlb,401228327,ATL,1,PIT,2,PIT,Final
20210706,mlb,401228340,TOR,5,BAL,7,BAL,Final
20210706,mlb,401228334,LAD,1,MIA,2,MIA,Final/10
20210706,mlb,401228333,DET,5,TEX,10,TEX,Final
20210706,mlb,401228338,PHI,15,CHC,10,PHI,Final
20210706,mlb,401228329,CHW,4,MIN,1,CHW,Final
20210706,mlb,401228330,CIN,6,KC,7,KC,Final
20210706,mlb,401228328,BOS,3,LAA,5,LAA,Final
20210706,mlb,401228332,COL,3,ARI,4,ARI,Final
20210706,mlb,401228339,STL,6,SF,5,STL,Final
20210706,mlb,401228336,NYY,12,SEA,1,NYY,Final
20210706,mlb,401228341,WSH,4,SD,7,SD,Final
20210707,mlb,401344255,CLE,1,TB,8,TB,Final/7
20210707,mlb,401228342,ATL,14,PIT,3,ATL,Final
20210707,mlb,401228344,CHW,6,MIN,1,CHW,Final
20210707,mlb,401228348,DET,5,TEX,3,DET,Final
20210707,mlb,401228345,CIN,5,KC,2,CIN,Final
20210707,mlb,401344473,MIL,3,NYM,4,NYM,Final/8
20210707,mlb,401228346,CLE,0,TB,4,TB,Final/7
20210707,mlb,401228343,BOS,4,LAA,5,LAA,Final
20210707,mlb,401228349,LAD,6,MIA,9,MIA,Final
20210707,mlb,401228355,TOR,10,BAL,2,TOR,Final
20210707,mlb,401228350,MIL,5,NYM,0,MIL,Final/7
20210707,mlb,401228353,PHI,3,CHC,8,CHC,Final
20210707,mlb,401228347,COL,4,ARI,6,ARI,Final
20210707,mlb,401228354,STL,2,SF,5,SF,Final
20210707,mlb,401228351,NYY,5,SEA,4,NYY,Final
20210707,mlb,401228356,WSH,15,SD,5,WSH,Final
20210708,mlb,401228361,LAD,6,MIA,1,LAD,Final
20210708,mlb,401228358,COL,9,ARI,3,COL,Final
20210708,mlb,401228362,NYY,0,SEA,4,SEA,Final
20210708,mlb,401228360,KC,4,CLE,7,CLE,Final
20210708,mlb,401228364,PHI,8,CHC,0,PHI,Final
20210708,mlb,401228357,CIN,3,MIL,5,MIL,Final
20210708,mlb,401228359,DET,3,MIN,5,MIN,Final
20210708,mlb,401228367,WSH,8,SD,9,SD,Final
20210709,mlb,401228380,STL,5,CHC,10,CHC,Final
20210709,mlb,401228371,CHW,12,BAL,1,CHW,Final
20210709,mlb,401228370,ATL,5,MIA,0,ATL,Final
20210709,mlb,401228375,KC,1,CLE,2,CLE,Final
20210709,mlb,401228378,PHI,5,BOS,11,BOS,Final
20210709,mlb,401228379,PIT,4,NYM,13,NYM,Final
20210709,mlb,401228381,TOR,1,TB,7,TB,Final
20210709,mlb,401228372,CIN,2,MIL,0,CIN,Final
20210709,mlb,401228374,DET,2,MIN,4,MIN,Final
20210709,mlb,401228376,NYY,4,HOU,0,NYY,Final
20210709,mlb,401228382,WSH,3,SF,5,SF,Final
20210709,mlb,401228368,LAA,3,SEA,7,SEA,Final
20210709,mlb,401228369,ARI,5,LAD,2,ARI,Final
20210709,mlb,401228373,COL,2,SD,4,SD,Final
20210710,mlb,401228396,TOR,2,TB,5,TB,Final
20210710,mlb,401228389,DET,4,MIN,9,MIN,Final
20210710,mlb,401228386,CHW,8,BAL,3,CHW,Final
20210710,mlb,401228397,WSH,4,SF,10,SF,Final
20210710,mlb,401228385,ATL,5,MIA,4,ATL,Final
20210710,mlb,401228393,PHI,11,BOS,2,PHI,Final
20210710,mlb,401228394,PIT,6,NYM,2,PIT,Final/7
20210710,mlb,401228390,KC,6,CLE,14,CLE,Final
20210710,mlb,401345794,PIT,2,NYM,4,NYM,Final/7
20210710,mlb,401228387,CIN,4,MIL,3,CIN,Final
20210710,mlb,401228391,NYY,1,HOU,0,NYY,Final
20210710,mlb,401228395,STL,6,CHC,0,STL,Final
20210710,mlb,401228383,LAA,0,SEA,2,SEA,Final
20210710,mlb,401228384,ARI,1,LAD,22,LAD,Final
20210710,mlb,401228388,COL,3,SD,0,COL,Final
20210711,mlb,401228401,CHW,7,BAL,5,CHW,Final/10
20210711,mlb,401228400,ATL,4,MIA,7,MIA,Final
20210711,mlb,401228408,PHI,5,BOS,4,PHI,Final
20210711,mlb,401228409,PIT,6,NYM,5,PIT,Final
20210711,mlb,401228411,TOR,3,TB,1,TOR,Final
20210711,mlb,401228402,CIN,3,MIL,1,CIN,Final
20210711,mlb,401228404,DET,9,MIN,12,MIN,Final/10
20210711,mlb,401228406,NYY,7,HOU,8,HOU,Final
20210711,mlb,401228412,WSH,1,SF,3,SF,Final
20210711,mlb,401228398,LAA,7,SEA,1,LAA,Final
20210711,mlb,401228399,ARI,4,LAD,7,LAD,Final
20210711,mlb,401228403,COL,3,SD,1,COL,Final
20210716,mlb,401343177,MIA,2,PHI,5,PHI,Final/7
20210716,mlb,401228415,BOS,4,NYY,0,BOS,Final
20210716,mlb,401228423,NYM,1,PIT,4,PIT,Final
20210716,mlb,401228424,SD,24,WSH,8,SD,Final
20210716,mlb,401228428,TEX,2,TOR,10,TOR,Final
20210716,mlb,401228421,MIL,11,CIN,6,MIL,Final
20210716,mlb,401228427,TB,7,ATL,6,TB,Final/10
20210716,mlb,401228420,MIA,7,PHI,0,MIA,Final/7
20210716,mlb,401228414,BAL,2,KC,9,KC,Final
20210716,mlb,401228418,HOU,7,CHW,1,HOU,Final
20210716,mlb,401228426,SF,7,STL,2,SF,Final
20210716,mlb,401228419,LAD,10,COL,4,LAD,Final
20210716,mlb,401228425,SEA,6,LAA,5,SEA,Final
20210716,mlb,401228416,CHC,5,ARI,1,CHC,Final
20210717,mlb,401347953,MIN,0,DET,1,DET,Final/7
20210717,mlb,401228431,CHC,4,ARI,2,CHC,Final
20210717,mlb,401228435,MIA,2,PHI,4,PHI,Final/10
20210717,mlb,401228437,MIN,4,DET,5,DET,Final/8
20210717,mlb,401228438,NYM,7,PIT,9,PIT,Final
20210717,mlb,401228439,SD,10,WSH,4,SD,Final
20210717,mlb,401228429,BAL,8,KC,4,BAL,Final
20210717,mlb,401228436,MIL,7,CIN,4,MIL,Final/11
20210717,mlb,401228430,BOS,1,NYY,3,NYY,Final/6
20210717,mlb,401228433,HOU,1,CHW,10,CHW,Final
20210717,mlb,401228441,SF,1,STL,3,STL,Final
20210717,mlb,401228442,TB,0,ATL,9,ATL,Final
20210717,mlb,401228434,LAD,9,COL,2,LAD,Final
20210717,mlb,401228440,SEA,4,LAA,9,LAA,Final
20210718,mlb,401228453,NYM,7,PIT,6,NYM,Final
20210718,mlb,401228458,TEX,0,TOR,5,TOR,Final/7
20210718,mlb,401228451,MIL,8,CIN,0,MIL,Final
20210718,mlb,401228452,MIN,0,DET,7,DET,Final
20210718,mlb,401228457,TB,7,ATL,5,TB,Final
20210718,mlb,401228450,MIA,4,PHI,7,PHI,Final
20210718,mlb,401228444,BAL,5,KC,0,BAL,Final
20210718,mlb,401228448,HOU,0,CHW,4,CHW,Final
20210718,mlb,401228456,SF,1,STL,2,STL,Final
20210718,mlb,401228454,SD,7,WSH,8,WSH,Final
20210718,mlb,401228449,LAD,5,COL,6,COL,Final/10
20210718,mlb,401348133,TEX,0,TOR,10,TOR,Final/7
20210718,mlb,401228455,SEA,7,LAA,4,SEA,Final
20210718,mlb,401228446,CHC,4,ARI,6,ARI,Final
20210718,mlb,401228445,BOS,1,NYY,9,NYY,Final
20210719,mlb,401341573,MIN,3,CHW,2,MIN,Final/8
20210719,mlb,401228464,MIA,1,WSH,18,WSH,Final
20210719,mlb,401228461,BOS,13,TOR,4,BOS,Final
20210719,mlb,401228460,BAL,6,TB,1,BAL,Final
20210719,mlb,401228466,NYM,15,CIN,11,NYM,Final/11
20210719,mlb,401228470,TEX,0,DET,14,DET,Final
20210719,mlb,401228462,CHC,3,STL,8,STL,Final
20210719,mlb,401228463,CLE,3,HOU,4,HOU,Final
20210719,mlb,401228465,MIN,3,CHW,5,CHW,Final/7
20210719,mlb,401228467,PIT,2,ARI,4,ARI,Final
20210719,mlb,401228469,SF,7,LAD,2,SF,Final
20210720,mlb,401228476,KC,5,MIL,2,KC,Final
20210720,mlb,401228477,MIA,3,WSH,6,WSH,Final
20210720,mlb,401228480,PHI,4,NYY,6,NYY,Final
20210720,mlb,401228472,BAL,3,TB,9,TB,Final
20210720,mlb,401228479,NYM,3,CIN,4,CIN,Final
20210720,mlb,401228485,TEX,1,DET,4,DET,Final
20210720,mlb,401228482,SD,1,ATL,2,ATL,Final
20210720,mlb,401228475,CLE,3,HOU,9,HOU,Final
20210720,mlb,401228478,MIN,5,CHW,9,CHW,Final
20210720,mlb,401228474,CHC,7,STL,6,CHC,Final
20210720,mlb,401228483,SEA,6,COL,4,SEA,Final
20210720,mlb,401228481,PIT,6,ARI,11,ARI,Final
20210720,mlb,401228484,SF,6,LAD,8,LAD,Final
20210721,mlb,401228486,BAL,4,TB,5,TB,Final
20210721,mlb,401228496,SD,3,ATL,2,SD,Final/7
20210721,mlb,401228493,NYM,7,CIN,0,NYM,Final
20210721,mlb,401228490,KC,6,MIL,3,KC,Final
20210721,mlb,401228497,SEA,3,COL,6,COL,Final
20210721,mlb,401228495,PIT,4,ARI,6,ARI,Final
20210721,mlb,401348713,SD,6,ATL,5,SD,Final/7
20210721,mlb,401228491,MIA,3,WSH,1,MIA,Final/10
20210721,mlb,401228494,PHI,5,NYY,6,NYY,Final/10
20210721,mlb,401228487,BOS,7,TOR,4,BOS,Final
20210721,mlb,401228499,TEX,2,DET,4,DET,Final
20210721,mlb,401228488,CHC,2,STL,3,STL,Final/10
20210721,mlb,401228489,CLE,5,HOU,4,CLE,Final
20210721,mlb,401228492,MIN,7,CHW,2,MIN,Final
20210721,mlb,401228498,SF,4,LAD,2,SF,Final
20210722,mlb,401228508,TEX,5,DET,7,DET,Final
20210722,mlb,401228501,ATL,7,PHI,2,ATL,Final
20210722,mlb,401228503,NYY,4,BOS,5,BOS,Final/10
20210722,mlb,401228505,SD,3,MIA,2,SD,Final
20210722,mlb,401228507,TB,5,CLE,4,TB,Final/10
20210722,mlb,401228502,CHC,2,STL,3,STL,Final
20210722,mlb,401228500,LAA,3,MIN,2,LAA,Final
20210722,mlb,401228506,SF,5,LAD,3,SF,Final
20210723,mlb,401228510,ARI,3,CHC,8,CHC,Final
20210723,mlb,401228511,ATL,1,PHI,5,PHI,Final
20210723,mlb,401228523,WSH,1,BAL,6,BAL,Final
20210723,mlb,401228515,NYY,2,BOS,6,BOS,Final
20210723,mlb,401228518,SD,5,MIA,2,SD,Final
20210723,mlb,401228519,STL,5,CIN,6,CIN,Final
20210723,mlb,401228520,TB,10,CLE,5,TB,Final
20210723,mlb,401228522,TOR,0,NYM,3,NYM,Final
20210723,mlb,401228509,LAA,4,MIN,5,MIN,Final
20210723,mlb,401228512,CHW,1,MIL,7,MIL,Final
20210723,mlb,401228514,DET,3,KC,5,KC,Final
20210723,mlb,401228521,TEX,3,HOU,7,HOU,Final
20210723,mlb,401228517,PIT,6,SF,4,PIT,Final
20210723,mlb,401228513,COL,9,LAD,6,COL,Final/10
20210724,mlb,401228525,ARI,7,CHC,3,ARI,Final
20210724,mlb,401228530,NYY,4,BOS,3,NYY,Final
20210724,mlb,401228526,ATL,15,PHI,3,ATL,Final
20210724,mlb,401228533,SD,2,MIA,3,MIA,Final
20210724,mlb,401228538,WSH,3,BAL,5,BAL,Final
20210724,mlb,401228524,LAA,2,MIN,1,LAA,Final
20210724,mlb,401228527,CHW,1,MIL,6,MIL,Final
20210724,mlb,401228529,DET,8,KC,9,KC,Final
20210724,mlb,401228534,STL,3,CIN,5,CIN,Final
20210724,mlb,401228535,TB,8,CLE,2,TB,Final
20210724,mlb,401228536,TEX,1,HOU,4,HOU,Final
20210724,mlb,401228537,TOR,10,NYM,3,TOR,Final
20210724,mlb,401228532,PIT,10,SF,2,PIT,Final
20210724,mlb,401228528,COL,0,LAD,1,LAD,Final
20210725,mlb,401228541,ATL,1,PHI,2,PHI,Final
20210725,mlb,401228553,WSH,4,BAL,5,BAL,Final
20210725,mlb,401228545,NYY,4,BOS,5,BOS,Final
20210725,mlb,401228548,SD,3,MIA,9,MIA,Final
20210725,mlb,401228549,STL,10,CIN,6,STL,Final
20210725,mlb,401228550,TB,2,CLE,3,CLE,Final
20210725,mlb,401228552,TOR,4,NYM,5,NYM,Final
20210725,mlb,401228539,LAA,6,MIN,2,LAA,Final
20210725,mlb,401228544,DET,1,KC,6,KC,Final
20210725,mlb,401228551,TEX,1,HOU,3,HOU,Final
20210725,mlb,401228540,ARI,1,CHC,5,CHC,Final
20210725,mlb,401228547,PIT,1,SF,6,SF,Final
20210725,mlb,401228543,COL,2,LAD,3,LAD,Final
20210725,mlb,401228542,CHW,3,MIL,1,CHW,Final
20210726,mlb,401331816,ATL,2,NYM,0,ATL,Final/7
20210726,mlb,401228560,TOR,4,BOS,5,BOS,Final
20210726,mlb,401228561,WSH,5,PHI,6,PHI,Final
20210726,mlb,401228556,CIN,5,CHC,6,CHC,Final
20210726,mlb,401228554,ATL,0,NYM,1,NYM,Final/7
20210726,mlb,401228555,CHW,3,KC,4,KC,Final
20210726,mlb,401228558,DET,5,MIN,6,MIN,Final/10
20210726,mlb,401228557,COL,2,LAA,6,LAA,Final
20210726,mlb,401228559,HOU,8,SEA,11,SEA,Final
20210727,mlb,401228570,MIA,7,BAL,3,MIA,Final
20210727,mlb,401228571,MIL,9,PIT,0,MIL,Final
20210727,mlb,401228576,WSH,6,PHI,4,WSH,Final
20210727,mlb,401228563,ATL,12,NYM,5,ATL,Final
20210727,mlb,401228572,NYY,4,TB,3,NYY,Final
20210727,mlb,401228574,STL,4,CLE,2,STL,Final
20210727,mlb,401228562,ARI,4,TEX,5,TEX,Final
20210727,mlb,401228565,CIN,7,CHC,4,CIN,Final
20210727,mlb,401228564,CHW,5,KC,3,CHW,Final
20210727,mlb,401228567,DET,6,MIN,5,DET,Final/11
20210727,mlb,401228566,COL,12,LAA,3,COL,Final
20210727,mlb,401228569,LAD,1,SF,2,SF,Final
20210727,mlb,401228568,HOU,8,SEA,6,HOU,Final
20210728,mlb,401228582,DET,17,MIN,14,DET,Final
20210728,mlb,401228589,STL,2,CLE,7,CLE,Final
20210728,mlb,401352053,TOR,4,BOS,1,TOR,Final/7
20210728,mlb,401228583,HOU,11,SEA,4,HOU,Final
20210728,mlb,401228587,NYY,3,TB,1,NYY,Final/10
20210728,mlb,401228585,MIA,7,BAL,8,BAL,Final
20210728,mlb,401228586,MIL,7,PIT,3,MIL,Final
20210728,mlb,401228578,ATL,1,NYM,2,NYM,Final
20210728,mlb,401228590,TOR,1,BOS,4,BOS,Final/7
20210728,mlb,401228577,ARI,3,TEX,2,ARI,Final
20210728,mlb,401228580,CIN,8,CHC,2,CIN,Final
20210728,mlb,401228579,CHW,2,KC,3,KC,Final/10
20210728,mlb,401228581,COL,7,LAA,8,LAA,Final
20210728,mlb,401228584,LAD,8,SF,0,LAD,Final
20210729,mlb,401352333,WSH,3,PHI,1,WSH,Final/7
20210729,mlb,401228592,ATL,6,NYM,3,ATL,Final
20210729,mlb,401228599,NYY,0,TB,14,TB,Final
20210729,mlb,401228594,CHW,0,KC,5,KC,Final
20210729,mlb,401228595,CIN,7,CHC,4,CIN,Final
20210729,mlb,401228602,WSH,8,PHI,11,PHI,Final/8
20210729,mlb,401228597,LAD,0,SF,5,SF,Final
20210729,mlb,401228598,MIL,12,PIT,0,MIL,Final
20210729,mlb,401228593,BAL,2,DET,6,DET,Final
20210729,mlb,401228601,TOR,13,BOS,1,TOR,Final
20210729,mlb,401228596,COL,0,SD,3,SD,Final
20210730,mlb,401228605,CHC,3,WSH,4,WSH,Final
20210730,mlb,401228616,PHI,0,PIT,7,PIT,Final
20210730,mlb,401228610,KC,4,TOR,6,TOR,Final
20210730,mlb,401228603,BAL,4,DET,3,BAL,Final
20210730,mlb,401228604,BOS,3,TB,7,TB,Final
20210730,mlb,401228606,CIN,6,NYM,2,CIN,Final
20210730,mlb,401228614,NYY,3,MIA,1,NYY,Final
20210730,mlb,401228612,MIL,9,ATL,5,MIL,Final
20210730,mlb,401228617,SEA,9,TEX,5,SEA,Final
20210730,mlb,401228607,CLE,4,CHW,6,CHW,Final
20210730,mlb,401228613,MIN,1,STL,5,STL,Final
20210730,mlb,401228611,LAD,5,ARI,6,ARI,Final/10
20210730,mlb,401228609,HOU,9,SF,6,HOU,Final
20210730,mlb,401228608,COL,9,SD,4,COL,Final
20210731,mlb,401228625,KC,0,TOR,4,TOR,Final
20210731,mlb,401228624,HOU,6,SF,8,SF,Final
20210731,mlb,401228618,BAL,5,DET,2,BAL,Final
20210731,mlb,401228619,BOS,5,TB,9,TB,Final
20210731,mlb,401228629,NYY,4,MIA,2,NYY,Final
20210731,mlb,401228620,CHC,6,WSH,3,CHC,Final
20210731,mlb,401228631,PHI,2,PIT,3,PIT,Final
20210731,mlb,401228632,SEA,4,TEX,5,TEX,Final/10
20210731,mlb,401228621,CIN,4,NYM,5,NYM,Final/10
20210731,mlb,401228622,CLE,12,CHW,11,CLE,Final
20210731,mlb,401228628,MIN,8,STL,1,MIN,Final
20210731,mlb,401228627,MIL,1,ATL,8,ATL,Final
20210731,mlb,401228626,LAD,8,ARI,3,LAD,Final
20210731,mlb,401228623,COL,5,SD,3,COL,Final
20210801,mlb,401228635,CHC,5,WSH,6,WSH,Final
20210801,mlb,401228646,PHI,15,PIT,4,PHI,Final
20210801,mlb,401228640,KC,1,TOR,5,TOR,Final
20210801,mlb,401228633,BAL,2,DET,6,DET,Final
20210801,mlb,401228636,CIN,7,NYM,1,CIN,Final
20210801,mlb,401228644,NYY,3,MIA,1,NYY,Final
20210801,mlb,401228642,MIL,2,ATL,1,MIL,Final
20210801,mlb,401228637,CLE,1,CHW,2,CHW,Final
20210801,mlb,401228643,MIN,3,STL,7,STL,Final
20210801,mlb,401228647,SEA,3,TEX,4,TEX,Final
20210801,mlb,401228639,HOU,3,SF,5,SF,Final
20210801,mlb,401228638,COL,1,SD,8,SD,Final
20210801,mlb,401228641,LAD,13,ARI,0,LAD,Final
20210801,mlb,401228634,BOS,2,TB,3,TB,Final
20210802,mlb,401228650,CLE,5,TOR,2,CLE,Final/10
20210802,mlb,401228652,PHI,7,WSH,5,PHI,Final
20210802,mlb,401228649,BAL,7,NYY,1,BAL,Final
20210802,mlb,401228651,NYM,3,MIA,6,MIA,Final
20210802,mlb,401228654,SEA,8,TB,2,SEA,Final
20210802,mlb,401228648,LAA,1,TEX,4,TEX,Final
20210802,mlb,401228653,PIT,2,MIL,6,MIL,Final
20210802,mlb,401228655,SF,11,ARI,8,SF,Final/10
20210803,mlb,401228658,BAL,1,NYY,13,NYY,Final
20210803,mlb,401228666,PHI,5,WSH,4,PHI,Final
20210803,mlb,401228661,CLE,2,TOR,7,TOR,Final
20210803,mlb,401228659,BOS,2,DET,4,DET,Final
20210803,mlb,401228664,MIN,7,CIN,5,MIN,Final
20210803,mlb,401228665,NYM,4,MIA,5,MIA,Final
20210803,mlb,401228669,SEA,4,TB,2,SEA,Final
20210803,mlb,401228656,LAA,11,TEX,3,LAA,Final
20210803,mlb,401228663,KC,1,CHW,7,CHW,Final
20210803,mlb,401228667,PIT,8,MIL,5,PIT,Final/10
20210803,mlb,401228657,ATL,6,STL,1,ATL,Final
20210803,mlb,401228660,CHC,6,COL,13,COL,Final
20210803,mlb,401228670,SF,1,ARI,3,ARI,Final
20210803,mlb,401228662,HOU,3,LAD,0,HOU,Final
20210804,mlb,401228679,MIN,5,CIN,6,CIN,Final
20210804,mlb,401228684,SEA,3,TB,4,TB,Final
20210804,mlb,401228682,PIT,2,MIL,4,MIL,Final
20210804,mlb,401228673,BAL,3,NYY,10,NYY,Final
20210804,mlb,401228681,PHI,9,WSH,5,PHI,Final
20210804,mlb,401228676,CLE,6,TOR,8,TOR,Final
20210804,mlb,401228674,BOS,4,DET,1,BOS,Final
20210804,mlb,401228680,NYM,5,MIA,3,NYM,Final
20210804,mlb,401228672,ATL,7,STL,4,ATL,Final
20210804,mlb,401228671,LAA,2,TEX,1,LAA,Final
20210804,mlb,401228678,KC,9,CHW,1,KC,Final
20210804,mlb,401228675,CHC,3,COL,2,CHC,Final
20210804,mlb,401228677,HOU,5,LAD,7,LAD,Final
20210804,mlb,401228685,SF,7,ARI,1,SF,Final
20210805,mlb,401228693,NYM,2,MIA,4,MIA,Final
20210805,mlb,401228688,BOS,1,DET,8,DET,Final
20210805,mlb,401228686,LAA,5,TEX,0,LAA,Final
20210805,mlb,401228689,CHC,5,COL,6,COL,Final
20210805,mlb,401228697,SF,5,ARI,4,SF,Final/10
20210805,mlb,401228694,PHI,7,WSH,6,PHI,Final
20210805,mlb,401228696,SEA,3,NYY,5,NYY,Final
20210805,mlb,401228690,CLE,0,TOR,3,TOR,Final
20210805,mlb,401228695,PIT,4,CIN,7,CIN,Final
20210805,mlb,401228691,KC,3,CHW,2,KC,Final
20210805,mlb,401228692,MIN,5,HOU,3,MIN,Final
20210805,mlb,401228687,ATL,8,STL,4,ATL,Final
20210806,mlb,401228701,CHW,8,CHC,6,CHW,Final/10
20210806,mlb,401228706,NYM,2,PHI,4,PHI,Final
20210806,mlb,401228708,SEA,2,NYY,3,NYY,Final/11
20210806,mlb,401228710,TB,10,BAL,6,TB,Final
20210806,mlb,401228700,BOS,4,TOR,12,TOR,Final
20210806,mlb,401228702,DET,1,CLE,6,CLE,Final
20210806,mlb,401228707,PIT,0,CIN,10,CIN,Final
20210806,mlb,401228712,WSH,4,ATL,8,ATL,Final
20210806,mlb,401228705,MIN,5,HOU,4,MIN,Final/11
20210806,mlb,401228709,SF,1,MIL,2,MIL,Final/10
20210806,mlb,401228703,KC,2,STL,4,STL,Final
20210806,mlb,401228704,MIA,2,COL,14,COL,Final
20210806,mlb,401228698,LAA,4,LAD,3,LAA,Final/10
20210806,mlb,401228699,ARI,8,SD,5,ARI,Final
20210807,mlb,401228723,SEA,4,NYY,5,NYY,Final
20210807,mlb,401228716,CHW,4,CHC,0,CHW,Final
20210807,mlb,401228715,BOS,0,TOR,1,TOR,Final/7
20210807,mlb,401228721,NYM,3,PHI,5,PHI,Final
20210807,mlb,401228725,TB,12,BAL,3,TB,Final
20210807,mlb,401348934,BOS,2,TOR,1,BOS,Final/8
20210807,mlb,401228717,DET,2,CLE,1,DET,Final
20210807,mlb,401228720,MIN,0,HOU,4,HOU,Final
20210807,mlb,401228722,PIT,3,CIN,11,CIN,Final
20210807,mlb,401228724,SF,9,MIL,6,SF,Final/11
20210807,mlb,401228718,KC,2,STL,5,STL,Final
20210807,mlb,401228727,WSH,3,ATL,2,WSH,Final
20210807,mlb,401228719,MIA,4,COL,7,COL,Final
20210807,mlb,401228714,ARI,2,SD,6,SD,Final
20210807,mlb,401228713,LAA,3,LAD,5,LAD,Final
20210808,mlb,401228736,NYM,0,PHI,3,PHI,Final
20210808,mlb,401228738,SEA,2,NYY,0,SEA,Final
20210808,mlb,401228740,TB,9,BAL,6,TB,Final
20210808,mlb,401228730,BOS,8,TOR,9,TOR,Final
20210808,mlb,401228732,DET,5,CLE,7,CLE,Final
20210808,mlb,401228737,PIT,2,CIN,3,CIN,Final
20210808,mlb,401228742,WSH,4,ATL,5,ATL,Final
20210808,mlb,401228735,MIN,7,HOU,5,MIN,Final
20210808,mlb,401228739,SF,5,MIL,4,SF,Final
20210808,mlb,401228733,KC,6,STL,5,KC,Final
20210808,mlb,401228734,MIA,8,COL,13,COL,Final
20210808,mlb,401228728,LAA,2,LAD,8,LAD,Final
20210808,mlb,401228729,ARI,0,SD,2,SD,Final
20210808,mlb,401228731,CHW,9,CHC,3,CHW,Final
20210809,mlb,401325779,CIN,3,CLE,9,CLE,Final
20210809,mlb,401228743,CHW,11,MIN,1,CHW,Final
20210809,mlb,401228746,NYY,8,KC,6,NYY,Final/11
20210809,mlb,401228744,MIA,3,SD,8,SD,Final
20210810,mlb,401357667,MIL,4,CHC,2,MIL,Final/7
20210810,mlb,401320173,LAA,6,TOR,3,LAA,Final/7
20210810,mlb,401228751,DET,9,BAL,4,DET,Final
20210810,mlb,401228752,LAD,5,PHI,0,LAD,Final
20210810,mlb,401228757,STL,4,PIT,1,STL,Final
20210810,mlb,401228758,TB,8,BOS,4,TB,Final
20210810,mlb,401228761,WSH,7,NYM,8,NYM,Final
20210810,mlb,401228749,CIN,2,ATL,3,ATL,Final
20210810,mlb,401228754,MIL,6,CHC,3,MIL,Final/7
20210810,mlb,401228748,CHW,3,MIN,4,MIN,Final
20210810,mlb,401228750,COL,0,HOU,5,HOU,Final
20210810,mlb,401228755,NYY,4,KC,8,KC,Final
20210810,mlb,401228747,ARI,7,SF,8,SF,Final
20210810,mlb,401228760,TOR,4,LAA,0,TOR,Final/7
20210810,mlb,401228753,MIA,5,SD,6,SD,Final
20210810,mlb,401228759,TEX,5,SEA,4,TEX,Final/10
20210811,mlb,401228763,CHW,0,MIN,1,MIN,Final
20210811,mlb,401228765,COL,1,HOU,5,HOU,Final
20210811,mlb,401228770,NYY,5,KC,2,NYY,Final
20210811,mlb,401228768,MIA,7,SD,0,MIA,Final
20210811,mlb,401228767,LAD,8,PHI,2,LAD,Final
20210811,mlb,401228766,DET,5,BAL,2,DET,Final
20210811,mlb,401228772,STL,4,PIT,0,STL,Final
20210811,mlb,401228773,TB,8,BOS,20,BOS,Final
20210811,mlb,401228764,CIN,6,ATL,8,ATL,Final/11
20210811,mlb,401228769,MIL,10,CHC,0,MIL,Final
20210811,mlb,401228775,TOR,10,LAA,2,TOR,Final
20210811,mlb,401228762,ARI,2,SF,7,SF,Final
20210811,mlb,401228774,TEX,1,SEA,2,SEA,Final
20210812,mlb,401357934,WSH,1,NYM,4,NYM,Final/7
20210812,mlb,401228784,STL,7,PIT,6,STL,Final
20210812,mlb,401228780,LAD,1,PHI,2,PHI,Final
20210812,mlb,401228781,MIL,17,CHC,4,MIL,Final
20210812,mlb,401228788,WSH,4,NYM,5,NYM,Final/7
20210812,mlb,401228779,DET,6,BAL,4,DET,Final
20210812,mlb,401228785,TB,8,BOS,1,TB,Final
20210812,mlb,401228786,TEX,1,SEA,3,SEA,Final
20210812,mlb,401228777,CIN,12,ATL,3,CIN,Final
20210812,mlb,401264942,NYY,8,CHW,9,CHW,Final
20210812,mlb,401228787,TOR,3,LAA,6,LAA,Final
20210812,mlb,401228783,SD,3,ARI,12,ARI,Final
20210812,mlb,401228778,COL,0,SF,7,SF,Final
20210813,mlb,401228789,ATL,4,WSH,2,ATL,Final
20210813,mlb,401228792,CIN,6,PHI,1,CIN,Final
20210813,mlb,401228790,BAL,1,BOS,8,BOS,Final
20210813,mlb,401228791,CHC,10,MIA,14,MIA,Final
20210813,mlb,401228793,CLE,7,DET,4,CLE,Final
20210813,mlb,401228796,LAD,6,NYM,5,LAD,Final/10
20210813,mlb,401228801,STL,6,KC,0,STL,Final
20210813,mlb,401228802,TB,10,MIN,4,TB,Final
20210813,mlb,401228795,HOU,4,LAA,1,HOU,Final
20210813,mlb,401228800,SD,2,ARI,3,ARI,Final
20210813,mlb,401228794,COL,4,SF,5,SF,Final
20210813,mlb,401228803,TOR,2,SEA,3,SEA,Final
20210814,mlb,401358393,MIL,4,PIT,14,PIT,Final/7
20210814,mlb,401228807,CIN,1,PHI,6,PHI,Final
20210814,mlb,401228805,BAL,2,BOS,16,BOS,Final
20210814,mlb,401228804,ATL,12,WSH,2,ATL,Final
20210814,mlb,401228806,CHC,4,MIA,5,MIA,Final
20210814,mlb,401228808,CLE,4,DET,6,DET,Final
20210814,mlb,401228812,MIL,6,PIT,0,MIL,Final/7
20210814,mlb,401228811,LAD,2,NYM,1,LAD,Final/10
20210814,mlb,401228813,NYY,7,CHW,5,NYY,Final/10
20210814,mlb,401228816,STL,9,KC,4,STL,Final
20210814,mlb,401228817,TB,0,MIN,12,MIN,Final
20210814,mlb,401228815,SD,0,ARI,7,ARI,Final
20210814,mlb,401228809,COL,4,SF,1,COL,Final
20210814,mlb,401228810,HOU,8,LAA,2,HOU,Final
20210814,mlb,401228818,TOR,3,SEA,9,SEA,Final
20210815,mlb,401228819,ATL,6,WSH,5,ATL,Final
20210815,mlb,401228822,CIN,7,PHI,4,CIN,Final
20210815,mlb,401228827,MIL,2,PIT,1,MIL,Final
20210815,mlb,401228820,BAL,2,BOS,6,BOS,Final
20210815,mlb,401228821,CHC,1,MIA,4,MIA,Final
20210815,mlb,401228823,CLE,11,DET,0,CLE,Final
20210815,mlb,401228828,NYY,5,CHW,3,NYY,Final
20210815,mlb,401228831,STL,7,KC,2,STL,Final
20210815,mlb,401228832,TB,4,MIN,5,MIN,Final
20210815,mlb,401228824,COL,2,SF,5,SF,Final
20210815,mlb,401228825,HOU,1,LAA,3,LAA,Final
20210815,mlb,401228830,SD,8,ARI,2,SD,Final
20210815,mlb,401228833,TOR,8,SEA,3,TOR,Final
20210815,mlb,401228826,LAD,14,NYM,4,LAD,Final
20210816,mlb,401343034,LAA,1,NYY,2,NYY,Final
20210816,mlb,401228834,ATL,12,MIA,2,ATL,Final
20210816,mlb,401228835,BAL,2,TB,9,TB,Final
20210816,mlb,401228836,CHC,5,CIN,14,CIN,Final
20210816,mlb,401228837,CLE,4,MIN,5,MIN,Final/10
20210816,mlb,401228838,HOU,6,KC,7,KC,Final
20210816,mlb,401289753,SD,5,COL,6,COL,Final
20210816,mlb,401228839,NYM,5,SF,7,SF,Final
20210816,mlb,401228841,PIT,1,LAD,2,LAD,Final
20210817,mlb,401347957,BOS,3,NYY,5,NYY,Final/7
20210817,mlb,401228845,BOS,0,NYY,2,NYY,Final/7
20210817,mlb,401228856,TOR,6,WSH,12,WSH,Final
20210817,mlb,401228842,LAA,8,DET,2,LAA,Final
20210817,mlb,401228843,ATL,2,MIA,0,ATL,Final
20210817,mlb,401228844,BAL,0,TB,10,TB,Final
20210817,mlb,401228846,CHC,2,CIN,1,CHC,Final
20210817,mlb,401228849,MIL,2,STL,0,MIL,Final
20210817,mlb,401228855,SEA,3,TEX,1,SEA,Final
20210817,mlb,401228847,CLE,3,MIN,1,CLE,Final
20210817,mlb,401228848,HOU,1,KC,3,KC,Final
20210817,mlb,401228854,SD,3,COL,7,COL,Final
20210817,mlb,401228852,PHI,2,ARI,3,ARI,Final
20210817,mlb,401228850,NYM,2,SF,3,SF,Final
20210817,mlb,401228853,PIT,3,LAD,4,LAD,Final
20210818,mlb,401228861,CHC,7,CIN,1,CHC,Final
20210818,mlb,401228862,CLE,7,MIN,8,MIN,Final/11
20210818,mlb,401228869,SD,5,COL,7,COL,Final
20210818,mlb,401228865,NYM,6,SF,2,NYM,Final/12
20210818,mlb,401228871,TOR,5,WSH,8,WSH,Final
20210818,mlb,401228860,BOS,2,NYY,5,NYY,Final
20210818,mlb,401228857,LAA,3,DET,1,LAA,Final
20210818,mlb,401228858,ATL,11,MIA,9,ATL,Final
20210818,mlb,401228859,BAL,4,TB,8,TB,Final
20210818,mlb,401228864,MIL,6,STL,4,MIL,Final/10
20210818,mlb,401228870,SEA,3,TEX,1,SEA,Final
20210818,mlb,401228863,HOU,2,KC,3,KC,Final
20210818,mlb,401228867,PHI,2,ARI,4,ARI,Final
20210818,mlb,401228868,PIT,0,LAD,9,LAD,Final
20210819,mlb,401228872,LAA,13,DET,10,LAA,Final
20210819,mlb,401228873,BAL,2,TB,7,TB,Final
20210819,mlb,401228882,SEA,9,TEX,8,SEA,Final/11
20210819,mlb,401228874,HOU,6,KC,3,HOU,Final/10
20210819,mlb,401228880,PHI,2,ARI,6,ARI,Final
20210819,mlb,401228877,MIN,5,NYY,7,NYY,Final
20210819,mlb,401228875,MIA,1,CIN,6,CIN,Final
20210819,mlb,401228876,MIL,4,STL,8,STL,Final
20210819,mlb,401228878,NYM,1,LAD,4,LAD,Final
20210820,mlb,401228888,KC,6,CHC,2,KC,Final
20210820,mlb,401228885,ATL,3,BAL,0,ATL,Final
20210820,mlb,401228890,MIN,2,NYY,10,NYY,Final
20210820,mlb,401228887,DET,4,TOR,1,DET,Final/10
20210820,mlb,401228883,LAA,1,CLE,9,CLE,Final
20210820,mlb,401228886,CHW,7,TB,5,CHW,Final/11
20210820,mlb,401228889,MIA,3,CIN,5,CIN,Final
20210820,mlb,401228896,TEX,0,BOS,6,BOS,Final
20210820,mlb,401228894,SEA,3,HOU,12,HOU,Final
20210820,mlb,401228897,WSH,4,MIL,1,WSH,Final
20210820,mlb,401228893,PIT,4,STL,0,PIT,Final
20210820,mlb,401228884,ARI,4,COL,9,COL,Final
20210820,mlb,401228891,NYM,2,LAD,3,LAD,Final
20210820,mlb,401228892,PHI,4,SD,3,PHI,Final
20210821,mlb,401228905,MIN,1,NYY,7,NYY,Final
20210821,mlb,401228901,CHW,4,TB,8,TB,Final
20210821,mlb,401228903,KC,4,CHC,2,KC,Final
20210821,mlb,401228902,DET,0,TOR,3,TOR,Final
20210821,mlb,401228906,NYM,3,LAD,4,LAD,Final
20210821,mlb,401228912,WSH,6,MIL,9,MIL,Final
20210821,mlb,401228898,LAA,1,CLE,5,CLE,Final
20210821,mlb,401228909,SEA,1,HOU,15,HOU,Final
20210821,mlb,401228904,MIA,4,CIN,7,CIN,Final
20210821,mlb,401228900,ATL,5,BAL,4,ATL,Final
20210821,mlb,401228911,TEX,10,BOS,1,TEX,Final
20210821,mlb,401228908,PIT,5,STL,4,PIT,Final
20210821,mlb,401228899,ARI,2,COL,5,COL,Final
20210821,mlb,401228907,PHI,3,SD,4,SD,Final/10
20210822,mlb,401228915,ATL,3,BAL,1,ATL,Final
20210822,mlb,401228917,DET,5,TOR,3,DET,Final/11
20210822,mlb,401228916,CHW,0,TB,9,TB,Final
20210822,mlb,401228919,MIA,1,CIN,3,CIN,Final
20210822,mlb,401228924,SEA,6,HOU,3,SEA,Final/11
20210822,mlb,401228927,WSH,3,MIL,7,MIL,Final
20210822,mlb,401228923,PIT,0,STL,3,STL,Final
20210822,mlb,401228918,KC,9,CHC,1,KC,Final
20210822,mlb,401228914,ARI,8,COL,4,ARI,Final
20210822,mlb,401228922,PHI,7,SD,4,PHI,Final
20210822,mlb,401228921,NYM,7,LAD,2,NYM,Final
20210822,mlb,401228913,LAA,0,CLE,3,CLE,Final
20210823,mlb,401361178,TEX,4,BOS,8,BOS,Final/11
20210823,mlb,401228928,ARI,5,PIT,6,PIT,Final
20210823,mlb,401228929,CHW,1,TOR,2,TOR,Final
20210823,mlb,401228932,NYY,5,ATL,1,NYY,Final
20210823,mlb,401228930,COL,4,CHC,6,CHC,Final
20210823,mlb,401228931,KC,7,HOU,1,KC,Final
20210824,mlb,401228934,LAA,14,BAL,8,LAA,Final
20210824,mlb,401228935,ARI,2,PIT,4,PIT,Final
20210824,mlb,401228946,TB,3,PHI,1,TB,Final
20210824,mlb,401228936,CHW,5,TOR,2,CHW,Final
20210824,mlb,401228942,MIN,9,BOS,11,BOS,Final
20210824,mlb,401228945,SF,8,NYM,0,SF,Final
20210824,mlb,401228947,TEX,7,CLE,3,TEX,Final
20210824,mlb,401228948,WSH,5,MIA,1,WSH,Final
20210824,mlb,401228943,NYY,5,ATL,4,NYY,Final
20210824,mlb,401228939,DET,4,STL,3,DET,Final
20210824,mlb,401228937,CIN,4,MIL,7,MIL,Final
20210824,mlb,401228940,KC,0,HOU,4,HOU,Final
20210824,mlb,401228941,LAD,5,SD,2,LAD,Final
20210825,mlb,401228954,DET,2,STL,3,STL,Final/10
20210825,mlb,401228955,KC,5,HOU,6,HOU,Final/10
20210825,mlb,401228953,COL,2,CHC,5,CHC,Final/7
20210825,mlb,401361417,COL,13,CHC,10,COL,Final/10
20210825,mlb,401228949,LAA,6,BAL,10,BAL,Final
20210825,mlb,401228950,ARI,5,PIT,2,ARI,Final
20210825,mlb,401228959,TB,7,PHI,4,TB,Final
20210825,mlb,401228951,CHW,1,TOR,3,TOR,Final
20210825,mlb,401228957,MIN,9,BOS,6,MIN,Final/10
20210825,mlb,401228958,SF,3,NYM,2,SF,Final
20210825,mlb,401228960,TEX,2,CLE,7,CLE,Final
20210825,mlb,401228961,WSH,3,MIA,4,MIA,Final/10
20210825,mlb,401228952,CIN,1,MIL,4,MIL,Final
20210825,mlb,401228956,LAD,5,SD,3,LAD,Final/16
20210826,mlb,401228962,LAA,1,BAL,13,BAL,Final
20210826,mlb,401228965,CIN,5,MIL,1,CIN,Final
20210826,mlb,401228964,CHW,10,TOR,7,CHW,Final
20210826,mlb,401228963,ARI,8,PHI,7,ARI,Final
20210826,mlb,401228971,STL,7,PIT,11,PIT,Final
20210826,mlb,401228968,MIN,2,BOS,12,BOS,Final
20210826,mlb,401228970,SF,3,NYM,2,SF,Final
20210826,mlb,401228972,TEX,6,CLE,10,CLE,Final
20210826,mlb,401228973,WSH,5,MIA,7,MIA,Final
20210826,mlb,401228967,LAD,4,SD,0,LAD,Final
20210826,mlb,401228966,KC,6,SEA,4,KC,Final
20210827,mlb,401228974,ARI,6,PHI,7,PHI,Final/11
20210827,mlb,401228985,STL,4,PIT,3,STL,Final
20210827,mlb,401228986,TB,6,BAL,3,TB,Final
20210827,mlb,401228975,BOS,4,CLE,3,BOS,Final
20210827,mlb,401228977,CIN,6,MIA,0,CIN,Final
20210827,mlb,401228987,TOR,1,DET,2,DET,Final
20210827,mlb,401228988,WSH,2,NYM,1,WSH,Final
20210827,mlb,401228984,SF,5,ATL,6,ATL,Final
20210827,mlb,401228979,HOU,5,TEX,4,HOU,Final
20210827,mlb,401228976,CHC,13,CHW,17,CHW,Final
20210827,mlb,401228981,MIL,0,MIN,2,MIN,Final
20210827,mlb,401228983,SD,5,LAA,0,SD,Final
20210827,mlb,401228978,COL,4,LAD,2,COL,Final
20210827,mlb,401228980,KC,8,SEA,7,KC,Final/12
20210828,mlb,401228990,BOS,5,CLE,3,BOS,Final/10
20210828,mlb,401228995,KC,4,SEA,2,KC,Final
20210828,mlb,401228989,ARI,0,PHI,7,PHI,Final
20210828,mlb,401228992,CIN,1,MIA,6,MIA,Final
20210828,mlb,401229002,TOR,3,DET,2,TOR,Final/10
20210828,mlb,401228994,HOU,5,TEX,2,HOU,Final
20210828,mlb,401229000,STL,13,PIT,0,STL,Final
20210828,mlb,401229001,TB,4,BAL,3,TB,Final
20210828,mlb,401228991,CHC,7,CHW,0,CHC,Final
20210828,mlb,401228996,MIL,4,MIN,6,MIN,Final
20210828,mlb,401229003,WSH,3,NYM,5,NYM,Final
20210828,mlb,401228999,SF,5,ATL,0,SF,Final
20210828,mlb,401228998,SD,2,LAA,10,LAA,Final
20210828,mlb,401228993,COL,2,LAD,5,LAD,Final
20210829,mlb,401229004,ARI,4,PHI,7,PHI,Final
20210829,mlb,401229014,STL,3,PIT,4,PIT,Final
20210829,mlb,401229015,TB,12,BAL,8,TB,Final
20210829,mlb,401229005,BOS,5,CLE,7,CLE,Final
20210829,mlb,401229007,CIN,1,MIA,2,MIA,Final
20210829,mlb,401229016,TOR,2,DET,1,TOR,Final
20210829,mlb,401229017,WSH,4,NYM,9,NYM,Final
20210829,mlb,401229013,SF,0,ATL,9,ATL,Final
20210829,mlb,401229006,CHC,1,CHW,13,CHW,Final
20210829,mlb,401229011,MIL,6,MIN,2,MIL,Final
20210829,mlb,401229009,HOU,2,TEX,13,TEX,Final
20210829,mlb,401229008,COL,5,LAD,0,COL,Final
20210829,mlb,401229010,KC,3,SEA,4,SEA,Final
20210830,mlb,401347954,MIN,3,DET,2,MIN,Final
20210830,mlb,401229027,STL,3,CIN,1,STL,Final
20210830,mlb,401229025,PHI,7,WSH,4,PHI,Final
20210830,mlb,401229019,BAL,3,TOR,7,TOR,Final
20210830,mlb,401229020,BOS,1,TB,6,TB,Final
20210830,mlb,401229021,COL,3,TEX,4,TEX,Final
20210830,mlb,401229024,NYY,7,LAA,8,LAA,Final
20210830,mlb,401229026,SD,7,ARI,5,SD,Final
20210830,mlb,401229023,MIL,3,SF,1,MIL,Final
20210830,mlb,401229018,ATL,3,LAD,5,LAD,Final
20210830,mlb,401229022,HOU,4,SEA,3,HOU,Final
20210831,mlb,401229039,PHI,12,WSH,6,PHI,Final
20210831,mlb,401229029,BAL,4,TOR,2,BAL,Final
20210831,mlb,401229030,BOS,5,TB,8,TB,Final
20210831,mlb,401229035,MIA,1,NYM,3,NYM,Final/7
20210831,mlb,401229033,COL,3,TEX,4,TEX,Final
20210831,mlb,401229031,CHC,3,MIN,1,CHC,Final
20210831,mlb,401229032,CLE,7,KC,2,CLE,Final
20210831,mlb,401229040,PIT,2,CHW,4,CHW,Final
20210831,mlb,401229037,NYY,4,LAA,6,LAA,Final
20210831,mlb,401229041,SD,3,ARI,0,SD,Final
20210831,mlb,401229036,MIL,6,SF,2,MIL,Final
20210831,mlb,401229028,ATL,2,LAD,3,LAD,Final
20210831,mlb,401229034,HOU,0,SEA,4,SEA,Final
20210901,mlb,401362333,STL,5,CIN,4,STL,Final/7
20210901,mlb,401229048,COL,9,TEX,5,COL,Final
20210901,mlb,401229056,SD,3,ARI,8,ARI,Final
20210901,mlb,401229049,HOU,0,SEA,1,SEA,Final
20210901,mlb,401229057,STL,2,CIN,12,CIN,Final/7
20210901,mlb,401229044,BAL,4,TOR,5,TOR,Final
20210901,mlb,401229052,NYY,4,LAA,1,NYY,Final
20210901,mlb,401229045,BOS,3,TB,2,BOS,Final
20210901,mlb,401229046,CHC,3,MIN,0,CHC,Final
20210901,mlb,401229047,CLE,5,KC,3,CLE,Final/11
20210901,mlb,401229055,PIT,3,CHW,6,CHW,Final
20210901,mlb,401229051,MIL,5,SF,2,MIL,Final
20210901,mlb,401229043,ATL,3,LAD,4,LAD,Final
20210902,mlb,401362410,PHI,7,WSH,6,PHI,Final
20210902,mlb,401229062,MIL,1,SF,5,SF,Final
20210902,mlb,401229059,BOS,4,TB,0,BOS,Final
20210902,mlb,401229061,MIA,3,NYM,4,NYM,Final
20210902,mlb,401229064,PIT,5,CHC,6,CHC,Final/11
20210902,mlb,401229060,CLE,4,KC,2,CLE,Final
20210902,mlb,401229058,ATL,6,COL,5,ATL,Final
20210903,mlb,401229076,PIT,5,CHC,6,CHC,Final
20210903,mlb,401229066,BAL,3,NYY,4,NYY,Final/11
20210903,mlb,401229073,NYM,6,WSH,2,NYM,Final/10
20210903,mlb,401229068,CLE,5,BOS,8,BOS,Final
20210903,mlb,401229069,DET,15,CIN,5,DET,Final
20210903,mlb,401229072,MIN,3,TB,5,TB,Final
20210903,mlb,401229075,PHI,3,MIA,10,MIA,Final
20210903,mlb,401229067,CHW,2,KC,7,KC,Final
20210903,mlb,401229078,STL,15,MIL,4,STL,Final
20210903,mlb,401229065,ATL,3,COL,4,COL,Final
20210903,mlb,401229079,TEX,2,LAA,3,LAA,Final
20210903,mlb,401229077,SEA,6,ARI,5,SEA,Final/10
20210903,mlb,401229071,LAD,2,SF,3,SF,Final/11
20210903,mlb,401229070,HOU,6,SD,3,HOU,Final
20210904,mlb,401229081,BAL,4,NYY,3,BAL,Final
20210904,mlb,401319236,NYM,11,WSH,9,NYM,Final/9
20210904,mlb,401229091,PIT,6,CHC,7,CHC,Final
20210904,mlb,401229083,CLE,3,BOS,4,BOS,Final
20210904,mlb,401229087,MIN,4,TB,11,TB,Final
20210904,mlb,401229088,NYM,3,WSH,4,WSH,Final/7
20210904,mlb,401229090,PHI,2,MIA,3,MIA,Final
20210904,mlb,401229082,CHW,10,KC,7,CHW,Final
20210904,mlb,401229084,DET,4,CIN,7,CIN,Final
20210904,mlb,401229093,STL,0,MIL,4,MIL,Final
20210904,mlb,401229080,ATL,6,COL,7,COL,Final
20210904,mlb,401229092,SEA,8,ARI,5,SEA,Final
20210904,mlb,401229085,HOU,2,SD,10,SD,Final
20210904,mlb,401229086,LAD,6,SF,1,LAD,Final
20210904,mlb,401229094,TEX,1,LAA,4,LAA,Final
20210905,mlb,401229096,BAL,8,NYY,7,BAL,Final
20210905,mlb,401229103,NYM,13,WSH,6,NYM,Final
20210905,mlb,401229098,CLE,11,BOS,5,CLE,Final
20210905,mlb,401229099,DET,4,CIN,1,DET,Final
20210905,mlb,401229102,MIN,6,TB,5,MIN,Final
20210905,mlb,401229105,PHI,4,MIA,3,PHI,Final/10
20210905,mlb,401229097,CHW,0,KC,6,KC,Final
20210905,mlb,401229108,STL,5,MIL,6,MIL,Final
20210905,mlb,401229106,PIT,8,CHC,11,CHC,Final
20210905,mlb,401229095,ATL,9,COL,2,ATL,Final
20210905,mlb,401229109,TEX,7,LAA,3,TEX,Final
20210905,mlb,401229100,HOU,3,SD,4,SD,Final
20210905,mlb,401229107,SEA,10,ARI,4,SEA,Final/11
20210905,mlb,401229101,LAD,4,SF,6,SF,Final
20210906,mlb,401229119,TB,11,BOS,10,TB,Final/10
20210906,mlb,401229112,KC,3,BAL,2,KC,Final
20210906,mlb,401229115,NYM,3,WSH,4,WSH,Final
20210906,mlb,401229121,TOR,8,NYY,0,TOR,Final
20210906,mlb,401229111,DET,3,PIT,6,PIT,Final
20210906,mlb,401229116,PHI,12,MIL,0,PHI,Final
20210906,mlb,401229110,CIN,3,CHC,4,CHC,Final
20210906,mlb,401229118,SF,10,COL,5,SF,Final
20210906,mlb,401229113,LAD,5,STL,1,LAD,Final
20210906,mlb,401229114,MIN,5,CLE,2,MIN,Final
20210906,mlb,401229117,SEA,2,HOU,11,HOU,Final
20210906,mlb,401229120,TEX,4,LAA,0,TEX,Final
20210907,mlb,401229128,MIN,3,CLE,0,MIN,Final
20210907,mlb,401229125,DET,2,PIT,3,PIT,Final
20210907,mlb,401229129,NYM,9,MIA,4,NYM,Final
20210907,mlb,401229126,KC,3,BAL,7,BAL,Final
20210907,mlb,401229135,TOR,5,NYY,1,TOR,Final
20210907,mlb,401229133,TB,12,BOS,7,TB,Final
20210907,mlb,401229136,WSH,5,ATL,8,ATL,Final
20210907,mlb,401229124,CIN,4,CHC,3,CIN,Final
20210907,mlb,401229130,PHI,0,MIL,10,MIL,Final
20210907,mlb,401229127,LAD,7,STL,2,LAD,Final
20210907,mlb,401229131,SEA,4,HOU,5,HOU,Final/10
20210907,mlb,401229132,SF,12,COL,3,SF,Final
20210907,mlb,401229134,TEX,3,ARI,1,TEX,Final
20210907,mlb,401229122,LAA,4,SD,0,LAA,Final
20210908,mlb,401229146,SEA,8,HOU,5,SEA,Final
20210908,mlb,401229147,SF,7,COL,4,SF,Final
20210908,mlb,401229149,TEX,8,ARI,5,TEX,Final
20210908,mlb,401229143,MIN,3,CLE,0,MIN,Final
20210908,mlb,401229140,DET,5,PIT,1,DET,Final
20210908,mlb,401229144,NYM,1,MIA,2,MIA,Final/10
20210908,mlb,401229141,KC,8,BAL,9,BAL,Final
20210908,mlb,401229150,TOR,6,NYY,3,TOR,Final
20210908,mlb,401229148,TB,1,BOS,2,BOS,Final
20210908,mlb,401229151,WSH,4,ATL,2,WSH,Final
20210908,mlb,401229139,CIN,1,CHC,4,CHC,Final/10
20210908,mlb,401229145,PHI,3,MIL,4,MIL,Final
20210908,mlb,401229142,LAD,4,STL,5,STL,Final
20210908,mlb,401229137,LAA,5,SD,8,SD,Final
20210909,mlb,401229155,LAD,1,STL,2,STL,Final
20210909,mlb,401229156,MIN,1,CLE,4,CLE,Final
20210909,mlb,401229157,NYM,2,MIA,3,MIA,Final
20210909,mlb,401229153,COL,4,PHI,3,COL,Final
20210909,mlb,401229154,KC,6,BAL,0,KC,Final
20210909,mlb,401229158,TOR,6,NYY,4,TOR,Final
20210909,mlb,401229159,WSH,6,ATL,7,ATL,Final/10
20210910,mlb,401229170,SF,6,CHC,1,SF,Final
20210910,mlb,401229174,WSH,3,PIT,4,PIT,Final
20210910,mlb,401229164,COL,11,PHI,2,COL,Final
20210910,mlb,401229173,TOR,3,BAL,6,BAL,Final
20210910,mlb,401229167,MIL,10,CLE,3,MIL,Final
20210910,mlb,401229168,NYY,3,NYM,10,NYM,Final
20210910,mlb,401229171,TB,4,DET,10,DET,Final
20210910,mlb,401229166,MIA,2,ATL,6,ATL,Final
20210910,mlb,401229160,LAA,5,HOU,10,HOU,Final
20210910,mlb,401229162,BOS,3,CHW,4,CHW,Final
20210910,mlb,401229165,KC,6,MIN,4,KC,Final/11
20210910,mlb,401229163,CIN,4,STL,2,CIN,Final
20210910,mlb,401229161,ARI,4,SEA,5,SEA,Final
20210910,mlb,401229169,SD,0,LAD,3,LAD,Final
20210911,mlb,401229185,SF,15,CHC,4,SF,Final
20210911,mlb,401229188,TOR,11,BAL,10,TOR,Final/7
20210911,mlb,401229179,COL,1,PHI,6,PHI,Final
20210911,mlb,401229182,MIL,3,CLE,0,MIL,Final
20210911,mlb,401229186,TB,7,DET,2,TB,Final
20210911,mlb,401229189,WSH,7,PIT,10,PIT,Final
20210911,mlb,401229175,LAA,4,HOU,2,LAA,Final
20210911,mlb,401229177,BOS,9,CHW,8,BOS,Final/10
20210911,mlb,401229180,KC,2,MIN,9,MIN,Final
20210911,mlb,401229178,CIN,4,STL,6,STL,Final
20210911,mlb,401229181,MIA,6,ATL,4,MIA,Final
20210911,mlb,401229183,NYY,8,NYM,7,NYY,Final
20210911,mlb,401345793,TOR,11,BAL,2,TOR,Final/7
20210911,mlb,401229176,ARI,7,SEA,3,ARI,Final
20210911,mlb,401229184,SD,4,LAD,5,LAD,Final
20210912,mlb,401229201,TB,7,DET,8,DET,Final/11
20210912,mlb,401229194,COL,5,PHI,4,COL,Final
20210912,mlb,401229203,TOR,22,BAL,7,TOR,Final
20210912,mlb,401229204,WSH,6,PIT,2,WSH,Final
20210912,mlb,401229197,MIL,11,CLE,1,MIL,Final
20210912,mlb,401229196,MIA,3,ATL,5,ATL,Final
20210912,mlb,401229190,LAA,1,HOU,3,HOU,Final
20210912,mlb,401229192,BOS,1,CHW,2,CHW,Final
20210912,mlb,401229195,KC,5,MIN,3,KC,Final
20210912,mlb,401229193,CIN,0,STL,2,STL,Final
20210912,mlb,401229200,SF,6,CHC,5,SF,Final
20210912,mlb,401229191,ARI,5,SEA,4,ARI,Final
20210912,mlb,401229199,SD,0,LAD,8,LAD,Final
20210912,mlb,401229198,NYY,6,NYM,7,NYM,Final
20210913,mlb,401361113,MIN,5,NYY,6,NYY,Final/10
20210913,mlb,401229208,MIA,3,WSH,0,MIA,Final
20210913,mlb,401229210,TB,1,TOR,8,TOR,Final
20210913,mlb,401229250,STL,7,NYM,0,STL,Final
20210913,mlb,401229207,HOU,15,TEX,1,HOU,Final
20210913,mlb,401229209,SD,1,SF,9,SF,Final
20210913,mlb,401229205,ARI,1,LAD,5,LAD,Final
20210913,mlb,401229206,BOS,4,SEA,5,SEA,Final
20210914,mlb,401340058,CLE,3,MIN,1,CLE,Final/7
20210914,mlb,401229215,CIN,5,PIT,6,PIT,Final
20210914,mlb,401229220,MIL,0,DET,1,DET,Final/11
20210914,mlb,401229214,CHC,6,PHI,3,CHC,Final
20210914,mlb,401229219,MIA,2,WSH,8,WSH,Final
20210914,mlb,401229221,NYY,7,BAL,2,NYY,Final
20210914,mlb,401229225,TB,2,TOR,0,TB,Final
20210914,mlb,401229224,STL,7,NYM,6,STL,Final/11
20210914,mlb,401229217,COL,5,ATL,4,COL,Final
20210914,mlb,401229216,CLE,3,MIN,6,MIN,Final/7
20210914,mlb,401229218,HOU,1,TEX,8,TEX,Final
20210914,mlb,401229211,LAA,3,CHW,9,CHW,Final
20210914,mlb,401229223,SD,1,SF,6,SF,Final
20210914,mlb,401229212,ARI,4,LAD,8,LAD,Final
20210914,mlb,401229213,BOS,8,SEA,4,BOS,Final
20210915,mlb,401229234,MIA,8,WSH,6,MIA,Final
20210915,mlb,401229235,MIL,1,DET,4,DET,Final
20210915,mlb,401229240,TB,3,TOR,6,TOR,Final
20210915,mlb,401229228,BOS,9,SEA,4,BOS,Final/10
20210915,mlb,401229230,CIN,4,PIT,5,PIT,Final
20210915,mlb,401229229,CHC,5,PHI,6,PHI,Final
20210915,mlb,401229236,NYY,4,BAL,3,NYY,Final
20210915,mlb,401229239,STL,11,NYM,4,STL,Final
20210915,mlb,401229232,COL,3,ATL,2,COL,Final/10
20210915,mlb,401229231,CLE,12,MIN,3,CLE,Final
20210915,mlb,401229233,HOU,7,TEX,2,HOU,Final
20210915,mlb,401229226,LAA,3,CHW,2,LAA,Final
20210915,mlb,401229238,SD,9,SF,6,SD,Final
20210915,mlb,401229227,ARI,3,LAD,5,LAD,Final
20210916,mlb,401229243,CIN,1,PIT,0,CIN,Final
20210916,mlb,401229241,LAA,9,CHW,3,LAA,Final
20210916,mlb,401229249,SD,7,SF,4,SD,Final
20210916,mlb,401229247,NYY,2,BAL,3,BAL,Final/10
20210916,mlb,401229242,CHC,8,PHI,17,PHI,Final
20210916,mlb,401229245,DET,2,TB,5,TB,Final
20210916,mlb,401229246,HOU,12,TEX,1,HOU,Final
20210917,mlb,401229256,CLE,0,NYY,8,NYY,Final
20210917,mlb,401229257,COL,9,WSH,8,COL,Final
20210917,mlb,401229260,MIN,7,TOR,3,MIN,Final
20210917,mlb,401229253,BAL,1,BOS,7,BOS,Final
20210917,mlb,401229258,DET,4,TB,7,TB,Final/10
20210917,mlb,401229259,LAD,1,CIN,3,CIN,Final
20210917,mlb,401229262,PHI,4,NYM,3,PHI,Final
20210917,mlb,401229263,PIT,2,MIA,1,PIT,Final
20210917,mlb,401229254,CHW,8,TEX,0,CHW,Final
20210917,mlb,401229251,ARI,3,HOU,4,HOU,Final/10
20210917,mlb,401229255,CHC,5,MIL,8,MIL,Final
20210917,mlb,401229265,SEA,6,KC,2,SEA,Final
20210917,mlb,401229264,SD,2,STL,8,STL,Final
20210917,mlb,401229252,ATL,5,SF,6,SF,Final/11
20210918,mlb,401229271,CLE,11,NYY,3,CLE,Final
20210918,mlb,401229268,BAL,3,BOS,9,BOS,Final
20210918,mlb,401229274,LAD,5,CIN,1,LAD,Final
20210918,mlb,401229275,MIN,2,TOR,6,TOR,Final
20210918,mlb,401229272,COL,6,WSH,0,COL,Final
20210918,mlb,401229273,DET,4,TB,3,DET,Final
20210918,mlb,401229278,PIT,6,MIA,3,PIT,Final
20210918,mlb,401229269,CHW,1,TEX,2,TEX,Final
20210918,mlb,401229266,ARI,6,HOU,4,ARI,Final/10
20210918,mlb,401229280,SEA,1,KC,8,KC,Final
20210918,mlb,401229270,CHC,4,MIL,6,MIL,Final
20210918,mlb,401229277,PHI,5,NYM,3,PHI,Final
20210918,mlb,401229279,SD,2,STL,3,STL,Final
20210918,mlb,401229267,ATL,0,SF,2,SF,Final
20210919,mlb,401229286,CLE,11,NYY,1,CLE,Final
20210919,mlb,401229287,COL,0,WSH,3,WSH,Final
20210919,mlb,401229290,MIN,3,TOR,5,TOR,Final
20210919,mlb,401229283,BAL,6,BOS,8,BOS,Final
20210919,mlb,401229288,DET,2,TB,0,DET,Final
20210919,mlb,401229289,LAD,8,CIN,5,LAD,Final
20210919,mlb,401229293,PIT,5,MIA,6,MIA,Final/10
20210919,mlb,401229281,ARI,6,HOU,7,HOU,Final
20210919,mlb,401229285,CHC,6,MIL,4,CHC,Final
20210919,mlb,401229295,SEA,7,KC,1,SEA,Final
20210919,mlb,401229294,SD,7,STL,8,STL,Final
20210919,mlb,401229284,CHW,7,TEX,2,CHW,Final
20210919,mlb,401229282,ATL,3,SF,0,ATL,Final
20210919,mlb,401229292,PHI,2,NYM,3,NYM,Final
20210920,mlb,401229300,KC,7,CLE,2,KC,Final/7
20210920,mlb,401229298,CHW,3,DET,4,DET,Final
20210920,mlb,401229301,PIT,5,CIN,9,CIN,Final
20210920,mlb,401229306,WSH,7,MIA,8,MIA,Final/10
20210920,mlb,401229297,BAL,2,PHI,0,BAL,Final
20210920,mlb,401229304,TEX,3,NYY,4,NYY,Final
20210920,mlb,401346453,KC,4,CLE,2,KC,Final/7
20210920,mlb,401229305,TOR,4,TB,6,TB,Final
20210920,mlb,401229303,STL,5,MIL,2,STL,Final
20210920,mlb,401229299,HOU,10,LAA,0,HOU,Final
20210920,mlb,401229296,ATL,11,ARI,4,ATL,Final
20210921,mlb,401229309,CHW,3,DET,5,DET,Final
20210921,mlb,401229311,KC,1,CLE,4,CLE,Final
20210921,mlb,401229315,PIT,6,CIN,2,PIT,Final
20210921,mlb,401229321,WSH,7,MIA,1,WSH,Final
20210921,mlb,401229308,BAL,2,PHI,3,PHI,Final/10
20210921,mlb,401229319,TEX,1,NYY,7,NYY,Final
20210921,mlb,401229314,NYM,3,BOS,6,BOS,Final
20210921,mlb,401229320,TOR,4,TB,2,TOR,Final
20210921,mlb,401229313,MIN,9,CHC,5,MIN,Final
20210921,mlb,401229318,STL,2,MIL,1,STL,Final
20210921,mlb,401229312,LAD,5,COL,4,LAD,Final/10
20210921,mlb,401229310,HOU,10,LAA,5,HOU,Final
20210921,mlb,401229307,ATL,6,ARI,1,ATL,Final
20210921,mlb,401229317,SF,6,SD,5,SF,Final
20210922,mlb,401229335,TOR,1,TB,7,TB,Final
20210922,mlb,401229336,WSH,7,MIA,5,WSH,Final
20210922,mlb,401229323,BAL,3,PHI,4,PHI,Final
20210922,mlb,401229334,TEX,3,NYY,7,NYY,Final
20210922,mlb,401229329,NYM,5,BOS,12,BOS,Final
20210922,mlb,401229328,MIN,5,CHC,4,MIN,Final
20210922,mlb,401229333,STL,10,MIL,2,STL,Final
20210922,mlb,401229327,LAD,5,COL,10,COL,Final
20210922,mlb,401229325,HOU,9,LAA,5,HOU,Final/12
20210922,mlb,401229322,ATL,9,ARI,2,ATL,Final
20210922,mlb,401229332,SF,8,SD,6,SF,Final
20210923,mlb,401332362,CHW,7,CLE,2,CHW,Final/7
20210923,mlb,401229344,STL,8,MIL,5,STL,Final
20210923,mlb,401229340,LAD,7,COL,5,LAD,Final/10
20210923,mlb,401229337,ATL,4,ARI,6,ARI,Final
20210923,mlb,401229343,SF,6,SD,7,SD,Final/10
20210923,mlb,401229338,CHW,3,CLE,5,CLE,Final/7
20210923,mlb,401229347,WSH,3,CIN,2,WSH,Final
20210923,mlb,401229341,PIT,6,PHI,12,PHI,Final
20210923,mlb,401229345,TEX,0,BAL,3,BAL,Final
20210923,mlb,401229346,TOR,2,MIN,7,MIN,Final
20210923,mlb,401229339,HOU,2,LAA,3,LAA,Final
20210924,mlb,401229359,STL,8,CHC,5,STL,Final/7
20210924,mlb,401229354,NYY,8,BOS,3,NYY,Final
20210924,mlb,401229356,PIT,6,PHI,8,PHI,Final
20210924,mlb,401229360,TEX,8,BAL,5,TEX,Final
20210924,mlb,401229349,CHW,1,CLE,0,CHW,Final
20210924,mlb,401229351,KC,3,DET,1,KC,Final
20210924,mlb,401229353,MIA,0,TB,8,TB,Final
20210924,mlb,401229362,WSH,7,CIN,8,CIN,Final/11
20210924,mlb,401346454,STL,12,CHC,4,STL,Final/7
20210924,mlb,401229355,NYM,1,MIL,5,MIL,Final
20210924,mlb,401229358,SF,7,COL,2,SF,Final
20210924,mlb,401229361,TOR,1,MIN,3,MIN,Final
20210924,mlb,401229357,SEA,6,LAA,5,SEA,Final
20210924,mlb,401229352,LAD,4,ARI,2,LAD,Final
20210924,mlb,401229348,ATL,4,SD,0,ATL,Final
20210925,mlb,401229374,STL,8,CHC,5,STL,Final
20210925,mlb,401229371,PIT,0,PHI,3,PHI,Final
20210925,mlb,401229369,NYY,5,BOS,3,NYY,Final
20210925,mlb,401229366,KC,1,DET,5,DET,Final
20210925,mlb,401229368,MIA,3,TB,7,TB,Final
20210925,mlb,401229375,TEX,2,BAL,3,BAL,Final
20210925,mlb,401229370,NYM,1,MIL,2,MIL,Final
20210925,mlb,401229376,TOR,6,MIN,1,TOR,Final
20210925,mlb,401229377,WSH,6,CIN,7,CIN,Final
20210925,mlb,401229363,ATL,10,SD,8,ATL,Final/10
20210925,mlb,401229364,CHW,0,CLE,6,CLE,Final
20210925,mlb,401229367,LAD,2,ARI,7,ARI,Final
20210925,mlb,401229373,SF,7,COL,2,SF,Final
20210925,mlb,401229372,SEA,1,LAA,14,LAA,Final
20210926,mlb,401229381,KC,2,DET,1,KC,Final
20210926,mlb,401229386,PIT,6,PHI,0,PIT,Final
20210926,mlb,401229390,TEX,7,BAL,4,TEX,Final
20210926,mlb,401229379,CHW,5,CLE,2,CHW,Final
20210926,mlb,401229383,MIA,2,TB,3,TB,Final
20210926,mlb,401229392,WSH,2,CIN,9,CIN,Final
20210926,mlb,401229385,NYM,4,MIL,8,MIL,Final
20210926,mlb,401229391,TOR,5,MIN,2,TOR,Final
20210926,mlb,401229389,STL,4,CHC,2,STL,Final
20210926,mlb,401229388,SF,6,COL,2,SF,Final
20210926,mlb,401229387,SEA,5,LAA,1,SEA,Final
20210926,mlb,401229378,ATL,4,SD,3,ATL,Final
20210926,mlb,401229382,LAD,3,ARI,0,LAD,Final
20210926,mlb,401229384,NYY,6,BOS,3,NYY,Final
20210927,mlb,401373110,CHW,8,DET,7,CHW,Final
20210927,mlb,401373188,PIT,1,CIN,13,CIN,Final
20210927,mlb,401373189,KC,3,CLE,8,CLE,Final
20210927,mlb,401229394,WSH,5,COL,4,WSH,Final
20210928,mlb,401362373,MIA,2,NYM,5,NYM,Final/7
20210928,mlb,401229398,CHC,6,PIT,8,PIT,Final
20210928,mlb,401229397,BOS,2,BAL,4,BAL,Final
20210928,mlb,401229404,NYY,7,TOR,2,NYY,Final
20210928,mlb,401229402,MIA,1,NYM,2,NYM,Final/9
20210928,mlb,401229406,PHI,1,ATL,2,ATL,Final
20210928,mlb,401229401,DET,2,MIN,3,MIN,Final
20210928,mlb,401229403,MIL,2,STL,6,STL,Final
20210928,mlb,401229395,LAA,2,TEX,5,TEX,Final
20210928,mlb,401229399,CIN,1,CHW,7,CHW,Final
20210928,mlb,401229400,CLE,4,KC,6,KC,Final
20210928,mlb,401229408,TB,3,HOU,4,HOU,Final
20210928,mlb,401229409,WSH,1,COL,3,COL,Final
20210928,mlb,401229396,ARI,4,SF,6,SF,Final
20210928,mlb,401229407,SD,1,LAD,2,LAD,Final
20210929,mlb,401229424,WSH,5,COL,10,COL,Final
20210929,mlb,401229413,CHC,3,PIT,2,CHC,Final
20210929,mlb,401229419,NYY,5,TOR,6,TOR,Final
20210929,mlb,401229412,BOS,6,BAL,0,BOS,Final
20210929,mlb,401229417,MIA,3,NYM,2,MIA,Final
20210929,mlb,401229421,PHI,2,ATL,7,ATL,Final
20210929,mlb,401229416,DET,2,MIN,5,MIN,Final
20210929,mlb,401229418,MIL,4,STL,0,MIL,Final
20210929,mlb,401229410,LAA,7,TEX,2,LAA,Final
20210929,mlb,401229414,CIN,1,CHW,6,CHW,Final
20210929,mlb,401229415,CLE,5,KC,10,KC,Final
20210929,mlb,401229423,TB,7,HOU,0,TB,Final
20210929,mlb,401229411,ARI,0,SF,1,SF,Final
20210929,mlb,401229422,SD,9,LAD,11,LAD,Final
20210930,mlb,401229432,MIL,3,STL,4,STL,Final
20210930,mlb,401229425,LAA,6,TEX,7,TEX,Final
20210930,mlb,401229428,CHC,9,PIT,0,CHC,Final
20210930,mlb,401229427,BOS,2,BAL,6,BAL,Final
20210930,mlb,401229433,NYY,6,TOR,2,NYY,Final
20210930,mlb,401229431,MIA,3,NYM,12,NYM,Final
20210930,mlb,401229436,TB,2,HOU,3,HOU,Final
20210930,mlb,401229434,PHI,3,ATL,5,ATL,Final
20210930,mlb,401229430,DET,10,MIN,7,DET,Final
20210930,mlb,401229429,CLE,6,KC,1,CLE,Final
20210930,mlb,401229426,ARI,4,SF,5,SF,Final
20210930,mlb,401229435,SD,3,LAD,8,LAD,Final
20211001,mlb,401229441,CIN,2,PIT,9,PIT,Final
20211001,mlb,401229439,BOS,4,WSH,2,BOS,Final
20211001,mlb,401229451,TB,4,NYY,3,TB,Final
20211001,mlb,401229438,BAL,4,TOR,6,TOR,Final
20211001,mlb,401229449,PHI,5,MIA,0,PHI,Final
20211001,mlb,401229447,NYM,4,ATL,3,NYM,Final
20211001,mlb,401229442,CLE,9,TEX,6,CLE,Final
20211001,mlb,401229444,DET,1,CHW,8,CHW,Final
20211001,mlb,401229446,MIN,6,KC,11,KC,Final
20211001,mlb,401229440,CHC,3,STL,4,STL,Final
20211001,mlb,401229443,COL,9,ARI,7,COL,Final
20211001,mlb,401229450,SD,0,SF,3,SF,Final
20211001,mlb,401229437,LAA,2,SEA,1,LAA,Final
20211001,mlb,401229445,MIL,6,LAD,8,LAD,Final
20211002,mlb,401229466,TB,12,NYY,2,TB,Final
20211002,mlb,401229453,BAL,1,TOR,10,TOR,Final
20211002,mlb,401229454,BOS,5,WSH,3,BOS,Final
20211002,mlb,401229465,SD,3,SF,2,SD,Final/10
20211002,mlb,401229464,PHI,1,MIA,3,MIA,Final
20211002,mlb,401229456,CIN,6,PIT,8,PIT,Final
20211002,mlb,401229457,CLE,2,TEX,7,TEX,Final
20211002,mlb,401229459,DET,4,CHW,5,CHW,Final
20211002,mlb,401229461,MIN,4,KC,0,MIN,Final
20211002,mlb,401229455,CHC,6,STL,5,CHC,Final
20211002,mlb,401229462,NYM,5,ATL,6,ATL,Final
20211002,mlb,401229458,COL,2,ARI,11,ARI,Final
20211002,mlb,401229452,LAA,4,SEA,6,SEA,Final
20211002,mlb,401229460,MIL,3,LAD,8,LAD,Final
20211003,mlb,401229469,BOS,7,WSH,5,BOS,Final
20211003,mlb,401229471,CIN,6,PIT,3,CIN,Final
20211003,mlb,401229472,CLE,6,TEX,0,CLE,Final
20211003,mlb,401229480,SD,4,SF,11,SF,Final
20211003,mlb,401229481,TB,0,NYY,1,NYY,Final
20211003,mlb,401229468,BAL,4,TOR,12,TOR,Final
20211003,mlb,401229467,LAA,7,SEA,3,LAA,Final
20211003,mlb,401229473,COL,4,ARI,5,ARI,Final
20211003,mlb,401229474,DET,5,CHW,2,DET,Final
20211003,mlb,401229475,MIL,3,LAD,10,LAD,Final
20211003,mlb,401229476,MIN,7,KC,3,MIN,Final
20211003,mlb,401229479,PHI,4,MIA,5,MIA,Final
20211003,mlb,401229470,CHC,3,STL,2,CHC,Final/8
20211003,mlb,401229477,NYM,0,ATL,5,ATL,Final
20211005,mlb,401361933,NYY,2,BOS,6,BOS,Final
20211006,mlb,401361934,STL,1,LAD,3,LAD,Final
20211007,mlb,401361941,CHW,1,HOU,6,HOU,Final
20211007,mlb,401361942,BOS,0,TB,5,TB,Final
20211008,mlb,401361943,CHW,4,HOU,9,HOU,Final
20211008,mlb,401361946,ATL,1,MIL,2,MIL,Final
20211008,mlb,401361944,BOS,14,TB,6,BOS,Final
20211008,mlb,401361945,LAD,0,SF,4,SF,Final
20211009,mlb,401361948,ATL,3,MIL,0,ATL,Final
20211009,mlb,401361947,LAD,9,SF,2,LAD,Final
20211010,mlb,401361950,TB,4,BOS,6,BOS,Final/13
20211010,mlb,401361949,HOU,6,CHW,12,CHW,Final
20211011,mlb,401361954,MIL,0,ATL,3,ATL,Final
20211011,mlb,401361952,TB,5,BOS,6,BOS,Final
20211011,mlb,401361953,SF,1,LAD,0,SF,Final
20211012,mlb,401382030,HOU,10,CHW,1,HOU,Final
20211012,mlb,401361957,MIL,4,ATL,5,ATL,Final
20211012,mlb,401361955,SF,2,LAD,7,LAD,Final
20211014,mlb,401361960,LAD,2,SF,1,LAD,Final
20211015,mlb,401361962,BOS,4,HOU,5,HOU,Final
20211016,mlb,401361963,BOS,9,HOU,5,BOS,Final
20211016,mlb,401361964,LAD,2,ATL,3,ATL,Final
20211017,mlb,401361965,LAD,4,ATL,5,ATL,Final
20211018,mlb,401361966,HOU,3,BOS,12,BOS,Final
20211019,mlb,401361968,ATL,5,LAD,6,LAD,Final
20211019,mlb,401361967,HOU,9,BOS,2,HOU,Final
20211020,mlb,401361971,HOU,9,BOS,1,HOU,Final
20211020,mlb,401361969,ATL,9,LAD,2,ATL,Final
20211021,mlb,401361970,ATL,2,LAD,11,LAD,Final
20211022,mlb,401361972,BOS,0,HOU,5,HOU,Final
20211023,mlb,401361973,LAD,2,ATL,4,ATL,Final
20211026,mlb,401361976,ATL,6,HOU,2,ATL,Final
20211027,mlb,401361977,ATL,2,HOU,7,HOU,Final
20211029,mlb,401361978,HOU,0,ATL,2,ATL,Final
20211030,mlb,401361979,HOU,2,ATL,3,ATL,Final
20211031,mlb,401361980,HOU,9,ATL,5,HOU,Final
20211102,mlb,401361981,ATL,7,HOU,0,ATL,Final
20210401,mlb,401227057,HOU,8,ATH,1,HOU,Final
20210402,mlb,401227069,HOU,9,ATH,5,HOU,Final
20210403,mlb,401227078,HOU,9,ATH,1,HOU,Final
20210404,mlb,401227093,HOU,9,ATH,2,HOU,Final
20210405,mlb,401227106,LAD,10,ATH,3,LAD,Final
20210406,mlb,401227120,LAD,5,ATH,1,LAD,Final
20210407,mlb,401227134,LAD,3,ATH,4,ATH,Final/10
20210408,mlb,401227150,ATH,2,HOU,6,HOU,Final
20210409,mlb,401227157,ATH,6,HOU,2,ATH,Final
20210410,mlb,401227171,ATH,7,HOU,3,ATH,Final
20210412,mlb,401227198,ATH,9,ARI,5,ATH,Final
20210413,mlb,401227213,ATH,7,ARI,5,ATH,Final
20210415,mlb,401227237,DET,4,ATH,8,ATH,Final
20210416,mlb,401227249,DET,0,ATH,3,ATH,Final
20210417,mlb,401227264,DET,0,ATH,7,ATH,Final
20210418,mlb,401227279,DET,2,ATH,3,ATH,Final
20210420,mlb,401321807,MIN,0,ATH,7,ATH,Final/7
20210420,mlb,401227304,MIN,0,ATH,1,ATH,Final/7
20210421,mlb,401227318,MIN,12,ATH,13,ATH,Final/10
20210423,mlb,401227341,ATH,3,BAL,1,ATH,Final
20210424,mlb,401227356,ATH,7,BAL,2,ATH,Final
20210425,mlb,401227371,ATH,1,BAL,8,BAL,Final
20210426,mlb,401227387,ATH,2,TB,1,ATH,Final
20210427,mlb,401227400,ATH,3,TB,4,TB,Final
20210428,mlb,401227415,ATH,0,TB,2,TB,Final
20210429,mlb,401227426,ATH,3,TB,2,ATH,Final
20210430,mlb,401227431,BAL,3,ATH,2,BAL,Final
20210501,mlb,401227446,BAL,8,ATH,4,BAL,Final
20210502,mlb,401227461,BAL,5,ATH,7,ATH,Final
20210503,mlb,401227483,TOR,4,ATH,5,ATH,Final
20210504,mlb,401227498,TOR,1,ATH,4,ATH,Final
20210505,mlb,401227513,TOR,9,ATH,4,TOR,Final
20210506,mlb,401227523,TOR,10,ATH,4,TOR,Final
20210507,mlb,401227536,TB,1,ATH,2,ATH,Final
20210508,mlb,401227551,TB,3,ATH,6,ATH,Final
20210509,mlb,401227566,TB,4,ATH,3,TB,Final
20210511,mlb,401227583,ATH,3,BOS,2,ATH,Final
20210512,mlb,401227598,ATH,4,BOS,1,ATH,Final
20210513,mlb,401227610,ATH,1,BOS,8,BOS,Final
20210514,mlb,401227625,ATH,6,MIN,1,ATH,Final
20210515,mlb,401227640,ATH,4,MIN,5,MIN,Final
20210516,mlb,401227655,ATH,7,MIN,6,ATH,Final
20210518,mlb,401227676,HOU,5,ATH,6,ATH,Final
20210519,mlb,401227691,HOU,8,ATH,1,HOU,Final
20210520,mlb,401227702,HOU,8,ATH,4,HOU,Final
20210521,mlb,401227720,ATH,8,LAA,4,ATH,Final
20210522,mlb,401227735,ATH,6,LAA,2,ATH,Final
20210523,mlb,401227750,ATH,5,LAA,6,LAA,Final
20210524,mlb,401227759,SEA,4,ATH,2,SEA,Final
20210525,mlb,401227772,SEA,4,ATH,3,SEA,Final
20210526,mlb,401227787,SEA,3,ATH,6,ATH,Final
20210527,mlb,401227792,LAA,0,ATH,5,ATH,Final
20210528,mlb,401227805,LAA,1,ATH,3,ATH,Final
20210529,mlb,401227819,LAA,4,ATH,0,LAA,Final
20210530,mlb,401227834,LAA,4,ATH,2,LAA,Final
20210531,mlb,401227855,ATH,5,SEA,6,SEA,Final/10
20210601,mlb,401227869,ATH,12,SEA,6,ATH,Final
20210602,mlb,401227882,ATH,6,SEA,0,ATH,Final
20210604,mlb,401227912,ATH,9,COL,5,ATH,Final
20210605,mlb,401227927,ATH,6,COL,3,ATH,Final
20210606,mlb,401227942,ATH,1,COL,3,COL,Final
20210608,mlb,401227948,ARI,2,ATH,5,ATH,Final
20210609,mlb,401227963,ARI,0,ATH,4,ATH,Final
20210610,mlb,401227981,KC,6,ATH,1,KC,Final
20210611,mlb,401227994,KC,3,ATH,4,ATH,Final
20210612,mlb,401228008,KC,2,ATH,11,ATH,Final
20210613,mlb,401228023,KC,3,ATH,6,ATH,Final
20210614,mlb,401228032,LAA,5,ATH,8,ATH,Final
20210615,mlb,401228045,LAA,4,ATH,6,ATH,Final
20210616,mlb,401228060,LAA,4,ATH,8,ATH,Final
20210618,mlb,401228095,ATH,5,NYY,3,ATH,Final
20210619,mlb,401228110,ATH,5,NYY,7,NYY,Final
20210620,mlb,401228125,ATH,1,NYY,2,NYY,Final
20210621,mlb,401228136,ATH,3,TEX,8,TEX,Final
20210622,mlb,401228147,ATH,13,TEX,6,ATH,Final
20210623,mlb,401228160,ATH,3,TEX,5,TEX,Final
20210624,mlb,401228172,ATH,5,TEX,1,ATH,Final
20210625,mlb,401228185,ATH,0,SF,2,SF,Final
20210626,mlb,401228200,ATH,5,SF,6,SF,Final/10
20210627,mlb,401228215,ATH,6,SF,2,ATH,Final
20210629,mlb,401228243,TEX,5,ATH,4,TEX,Final
20210630,mlb,401228257,TEX,1,ATH,3,ATH,Final
20210701,mlb,401228270,TEX,8,ATH,3,TEX,Final
20210702,mlb,401228272,BOS,3,ATH,2,BOS,Final/10
20210703,mlb,401228287,BOS,6,ATH,7,ATH,Final/12
20210704,mlb,401228302,BOS,1,ATH,0,BOS,Final
20210706,mlb,401228337,ATH,6,HOU,9,HOU,Final
20210707,mlb,401228352,ATH,3,HOU,4,HOU,Final
20210708,mlb,401228363,ATH,2,HOU,1,ATH,Final
20210709,mlb,401228377,ATH,2,TEX,3,TEX,Final
20210710,mlb,401228392,ATH,8,TEX,4,ATH,Final/11
20210711,mlb,401228407,ATH,4,TEX,1,ATH,Final
20210716,mlb,401228417,CLE,4,ATH,5,ATH,Final
20210717,mlb,401228432,CLE,3,ATH,2,CLE,Final
20210718,mlb,401228447,CLE,4,ATH,2,CLE,Final
20210719,mlb,401228459,LAA,1,ATH,4,ATH,Final
20210720,mlb,401228471,LAA,0,ATH,6,ATH,Final
20210722,mlb,401228504,ATH,4,SEA,1,ATH,Final
20210723,mlb,401228516,ATH,3,SEA,4,SEA,Final
20210724,mlb,401228531,ATH,4,SEA,5,SEA,Final
20210725,mlb,401228546,ATH,3,SEA,4,SEA,Final
20210727,mlb,401228573,ATH,4,SD,7,SD,Final
20210728,mlb,401228588,ATH,10,SD,4,ATH,Final
20210729,mlb,401228600,ATH,4,LAA,0,ATH,Final
20210730,mlb,401228615,ATH,2,LAA,0,ATH,Final
20210731,mlb,401228630,ATH,0,LAA,1,LAA,Final
20210801,mlb,401228645,ATH,8,LAA,3,ATH,Final
20210803,mlb,401228668,SD,8,ATH,1,SD,Final
20210804,mlb,401228683,SD,4,ATH,5,ATH,Final/10
20210806,mlb,401228711,TEX,1,ATH,4,ATH,Final/11
20210807,mlb,401228726,TEX,3,ATH,12,ATH,Final
20210808,mlb,401228741,TEX,3,ATH,6,ATH,Final
20210810,mlb,401228756,ATH,4,CLE,3,ATH,Final/10
20210811,mlb,401228771,ATH,6,CLE,3,ATH,Final
20210812,mlb,401228782,ATH,17,CLE,0,ATH,Final
20210813,mlb,401228799,ATH,6,TEX,8,TEX,Final
20210814,mlb,401228814,ATH,8,TEX,3,ATH,Final
20210815,mlb,401228829,ATH,4,TEX,7,TEX,Final
20210816,mlb,401228840,ATH,2,CHW,5,CHW,Final
20210817,mlb,401228851,ATH,0,CHW,9,CHW,Final
20210818,mlb,401228866,ATH,2,CHW,3,CHW,Final
20210819,mlb,401228879,ATH,5,CHW,4,ATH,Final
20210820,mlb,401228895,SF,1,ATH,4,ATH,Final
20210821,mlb,401228910,SF,6,ATH,5,SF,Final
20210822,mlb,401228925,SF,2,ATH,1,SF,Final
20210823,mlb,401228933,SEA,5,ATH,3,SEA,Final
20210824,mlb,401228944,SEA,5,ATH,1,SEA,Final
20210826,mlb,401228969,NYY,7,ATH,6,NYY,Final
20210827,mlb,401228982,NYY,8,ATH,2,NYY,Final
20210828,mlb,401228997,NYY,2,ATH,3,ATH,Final
20210829,mlb,401229012,NYY,1,ATH,3,ATH,Final
20210831,mlb,401229038,ATH,9,DET,3,ATH,Final
20210901,mlb,401229053,ATH,6,DET,8,DET,Final
20210902,mlb,401229063,ATH,8,DET,6,ATH,Final
20210903,mlb,401229074,ATH,10,TOR,11,TOR,Final
20210904,mlb,401229089,ATH,8,TOR,10,TOR,Final
20210905,mlb,401229104,ATH,0,TOR,8,TOR,Final
20210907,mlb,401229123,CHW,6,ATH,3,CHW,Final
20210908,mlb,401229138,CHW,1,ATH,5,ATH,Final
20210909,mlb,401229152,CHW,1,ATH,3,ATH,Final
20210910,mlb,401229172,TEX,5,ATH,10,ATH,Final
20210911,mlb,401229187,TEX,8,ATH,6,TEX,Final
20210912,mlb,401229202,TEX,4,ATH,3,TEX,Final
20210914,mlb,401229222,ATH,7,KC,10,KC,Final
20210915,mlb,401229237,ATH,12,KC,10,ATH,Final
20210916,mlb,401229248,ATH,7,KC,2,ATH,Final
20210917,mlb,401229261,ATH,5,LAA,4,ATH,Final
20210918,mlb,401229276,ATH,3,LAA,1,ATH,Final
20210919,mlb,401229291,ATH,3,LAA,2,ATH,Final/10
20210920,mlb,401229302,SEA,4,ATH,2,SEA,Final
20210921,mlb,401229316,SEA,5,ATH,2,SEA,Final
20210922,mlb,401229331,SEA,4,ATH,1,SEA,Final
20210923,mlb,401229342,SEA,6,ATH,5,SEA,Final
20210924,mlb,401229350,HOU,2,ATH,14,ATH,Final
20210925,mlb,401229365,HOU,1,ATH,2,ATH,Final
20210926,mlb,401229380,HOU,3,ATH,4,ATH,Final
20210927,mlb,401229393,ATH,4,SEA,13,SEA,Final
20210928,mlb,401229405,ATH,2,SEA,4,SEA,Final
20210929,mlb,401229420,ATH,2,SEA,4,SEA,Final
20211001,mlb,401229448,ATH,8,HOU,6,ATH,Final
20211002,mlb,401229463,ATH,4,HOU,10,HOU,Final
20211003,mlb,401229478,ATH,6,HOU,7,HOU,Final
