date,league,game_id,away_team,away_score,home_team,home_score,winner,status
20220407,mlb,401421335,MIL,4,CHC,5,CHC,Final
20220407,mlb,401423754,CLE,1,KC,3,KC,Final
20220407,mlb,401421332,PIT,0,STL,9,STL,Final
20220407,mlb,401421333,NYM,5,WSH,1,NYM,Final
20220407,mlb,401421334,CIN,6,ATL,3,CIN,Final
20220407,mlb,401421336,HOU,3,LAA,1,HOU,Final
20220407,mlb,401421337,SD,2,ARI,4,ARI,Final
20220408,mlb,401427970,BOS,5,NYY,6,NYY,Final/11
20220408,mlb,401354253,CHW,4,DET,5,DET,Final
20220408,mlb,401354261,ATH,5,PHI,9,PHI,Final
20220408,mlb,401354252,BAL,1,TB,2,TB,Final
20220408,mlb,401354257,LAD,5,COL,3,LAD,Final
20220408,mlb,401427971,SEA,2,MIN,1,SEA,Final
20220408,mlb,401354258,MIA,5,SF,6,SF,Final/10
20220408,mlb,401354260,NYM,7,WSH,3,NYM,Final
20220408,mlb,401354263,TEX,8,TOR,10,TOR,Final
20220408,mlb,401354254,CIN,6,ATL,7,ATL,Final
20220408,mlb,401354256,HOU,13,LAA,6,HOU,Final
20220408,mlb,401354262,SD,3,ARI,0,SD,Final
20220409,mlb,401354264,BAL,3,TB,5,TB,Final
20220409,mlb,401354266,CHW,5,DET,2,CHW,Final
20220409,mlb,401354277,SEA,4,MIN,3,SEA,Final
20220409,mlb,401354275,PIT,2,STL,6,STL,Final
20220409,mlb,401354272,MIL,0,CHC,9,CHC,Final
20220409,mlb,401354278,TEX,3,TOR,4,TOR,Final
20220409,mlb,401354265,BOS,2,NYY,4,NYY,Final
20220409,mlb,401354271,MIA,2,SF,1,MIA,Final
20220409,mlb,401354274,ATH,2,PHI,4,PHI,Final
20220409,mlb,401354268,CLE,0,KC,1,KC,Final/10
20220409,mlb,401354273,NYM,5,WSH,0,NYM,Final
20220409,mlb,401354267,CIN,1,ATL,2,ATL,Final
20220409,mlb,401354270,LAD,2,COL,3,COL,Final
20220409,mlb,401354276,SD,5,ARI,2,SD,Final
20220409,mlb,401354269,HOU,0,LAA,2,LAA,Final
20220410,mlb,401354289,ATH,4,PHI,1,ATH,Final
20220410,mlb,401354279,BAL,0,TB,8,TB,Final
20220410,mlb,401354281,CHW,10,DET,1,CHW,Final
20220410,mlb,401354282,CIN,6,ATL,3,CIN,Final
20220410,mlb,401354288,NYM,2,WSH,4,WSH,Final
20220410,mlb,401354293,TEX,12,TOR,6,TEX,Final
20220410,mlb,401354283,CLE,17,KC,3,CLE,Final
20220410,mlb,401354292,SEA,4,MIN,10,MIN,Final
20220410,mlb,401354290,PIT,9,STL,4,PIT,Final
20220410,mlb,401354287,MIL,5,CHC,4,MIL,Final
20220410,mlb,401354285,LAD,4,COL,9,COL,Final
20220410,mlb,401354286,MIA,2,SF,3,SF,Final
20220410,mlb,401354284,HOU,4,LAA,1,HOU,Final
20220410,mlb,401354291,SD,10,ARI,5,SD,Final
20220410,mlb,401354280,BOS,4,NYY,3,BOS,Final
20220411,mlb,401354295,CLE,10,KC,7,CLE,Final
20220411,mlb,401354298,MIL,0,BAL,2,BAL,Final
20220411,mlb,401354296,COL,6,TEX,4,COL,Final/10
20220411,mlb,401354294,BOS,1,DET,3,DET,Final
20220411,mlb,401354300,ATH,13,TB,2,ATH,Final
20220411,mlb,401354299,NYM,4,PHI,5,PHI,Final
20220411,mlb,401354304,TOR,3,NYY,0,TOR,Final
20220411,mlb,401354305,WSH,11,ATL,2,WSH,Final
20220411,mlb,401354303,SEA,0,MIN,4,MIN,Final
20220411,mlb,401354297,MIA,2,LAA,6,LAA,Final
20220411,mlb,401354302,SD,4,SF,2,SD,Final
20220412,mlb,401354306,BOS,5,DET,3,BOS,Final
20220412,mlb,401354308,CLE,10,CIN,5,CLE,Final
20220412,mlb,401354318,SEA,2,CHW,3,CHW,Final
20220412,mlb,401354307,CHC,2,PIT,1,CHC,Final
20220412,mlb,401354316,ATH,8,TB,9,TB,Final/10
20220412,mlb,401354315,NYM,2,PHI,0,NYM,Final
20220412,mlb,401354314,MIL,5,BAL,4,MIL,Final
20220412,mlb,401354319,TOR,0,NYY,4,NYY,Final
20220412,mlb,401354313,MIA,3,LAA,4,LAA,Final
20220412,mlb,401354320,WSH,4,ATL,16,ATL,Final
20220412,mlb,401354312,LAD,7,MIN,2,LAD,Final
20220412,mlb,401354311,KC,5,STL,6,STL,Final
20220412,mlb,401354309,COL,4,TEX,1,COL,Final
20220412,mlb,401354310,HOU,2,ARI,1,HOU,Final
20220412,mlb,401354317,SD,2,SF,13,SF,Final
20220413,mlb,401354333,WSH,3,ATL,1,WSH,Final
20220413,mlb,401354322,CHC,2,PIT,6,PIT,Final
20220413,mlb,401354323,CLE,7,CIN,3,CLE,Final
20220413,mlb,401354328,NYM,9,PHI,6,NYM,Final
20220413,mlb,401354321,BOS,9,DET,7,BOS,Final
20220413,mlb,401354326,LAD,7,MIN,0,LAD,Final
20220413,mlb,401354324,HOU,2,ARI,3,ARI,Final/10
20220413,mlb,401354330,SD,1,SF,2,SF,Final
20220413,mlb,401354329,ATH,4,TB,2,ATH,Final
20220413,mlb,401354327,MIL,4,BAL,2,MIL,Final
20220413,mlb,401354332,TOR,6,NYY,4,TOR,Final
20220413,mlb,401354331,SEA,4,CHW,6,CHW,Final
20220414,mlb,401354339,ATH,6,TB,3,ATH,Final
20220414,mlb,401354341,SEA,5,CHW,1,SEA,Final
20220414,mlb,401354342,STL,1,MIL,5,MIL,Final
20220414,mlb,401354344,WSH,4,PIT,9,PIT,Final
20220414,mlb,401354340,PHI,3,MIA,4,MIA,Final
20220414,mlb,401354343,TOR,0,NYY,3,NYY,Final
20220414,mlb,401354334,LAA,5,TEX,10,TEX,Final
20220414,mlb,401354335,ATL,1,SD,12,SD,Final
20220414,mlb,401354338,DET,4,KC,2,DET,Final
20220414,mlb,401354336,CHC,5,COL,2,CHC,Final
20220414,mlb,401354337,CIN,3,LAD,9,LAD,Final
20220415,mlb,401354346,ARI,3,NYM,10,NYM,Final
20220415,mlb,401354352,MIN,8,BOS,4,MIN,Final
20220415,mlb,401354359,WSH,7,PIT,2,WSH,Final
20220415,mlb,401354355,PHI,1,MIA,7,MIA,Final
20220415,mlb,401354353,NYY,1,BAL,2,BAL,Final/11
20220415,mlb,401354354,ATH,1,TOR,4,TOR,Final
20220415,mlb,401354356,SF,4,CLE,1,SF,Final
20220415,mlb,401354358,TB,2,CHW,3,CHW,Final
20220415,mlb,401354345,LAA,9,TEX,6,LAA,Final
20220415,mlb,401354350,DET,2,KC,1,DET,Final
20220415,mlb,401354357,STL,10,MIL,1,STL,Final
20220415,mlb,401354348,CHC,5,COL,6,COL,Final
20220415,mlb,401354347,ATL,5,SD,2,ATL,Final
20220415,mlb,401354351,HOU,1,SEA,11,SEA,Final
20220415,mlb,401354349,CIN,1,LAD,3,LAD,Final
20220416,mlb,401354361,ARI,3,NYM,2,ARI,Final
20220416,mlb,401354373,TB,2,CHW,3,CHW,Final
20220416,mlb,401354369,ATH,7,TOR,5,ATH,Final
20220416,mlb,401354362,ATL,5,SD,2,ATL,Final
20220416,mlb,401354365,DET,1,KC,3,KC,Final
20220416,mlb,401354367,MIN,0,BOS,4,BOS,Final
20220416,mlb,401354370,PHI,10,MIA,3,PHI,Final
20220416,mlb,401354371,SF,4,CLE,2,SF,Final
20220416,mlb,401354374,WSH,4,PIT,6,PIT,Final
20220416,mlb,401354360,LAA,7,TEX,2,LAA,Final
20220416,mlb,401354368,NYY,5,BAL,2,NYY,Final
20220416,mlb,401354372,STL,2,MIL,1,STL,Final
20220416,mlb,401354363,CHC,6,COL,9,COL,Final
20220416,mlb,401354366,HOU,4,SEA,0,HOU,Final
20220416,mlb,401354364,CIN,2,LAD,5,LAD,Final
20220417,mlb,401354383,NYY,0,BAL,5,BAL,Final
20220417,mlb,401354382,MIN,1,BOS,8,BOS,Final
20220417,mlb,401354389,WSH,3,PIT,5,PIT,Final
20220417,mlb,401354384,ATH,3,TOR,4,TOR,Final
20220417,mlb,401354376,ARI,0,NYM,5,NYM,Final
20220417,mlb,401354385,PHI,3,MIA,11,MIA,Final
20220417,mlb,401354386,SF,8,CLE,1,SF,Final
20220417,mlb,401354387,STL,5,MIL,6,MIL,Final
20220417,mlb,401354388,TB,9,CHW,3,TB,Final
20220417,mlb,401354375,LAA,8,TEX,3,LAA,Final
20220417,mlb,401354378,CHC,6,COL,4,CHC,Final
20220417,mlb,401354379,CIN,1,LAD,9,LAD,Final
20220417,mlb,401354381,HOU,2,SEA,7,SEA,Final
20220417,mlb,401354377,ATL,1,SD,2,SD,Final
20220418,mlb,401354396,MIN,8,BOS,3,MIN,Final
20220418,mlb,401354398,PIT,1,MIL,6,MIL,Final
20220418,mlb,401354400,TB,2,CHC,4,CHC,Final
20220418,mlb,401354390,LAA,3,HOU,8,HOU,Final
20220418,mlb,401354397,PHI,1,COL,4,COL,Final
20220418,mlb,401354393,BAL,1,ATH,5,ATH,Final
20220418,mlb,401354395,CIN,1,SD,4,SD,Final
20220418,mlb,401354392,ATL,4,LAD,7,LAD,Final
20220419,mlb,401430916,ARI,1,WSH,6,WSH,Final
20220419,mlb,401430918,SF,4,NYM,5,NYM,Final/10
20220419,mlb,401354408,NYY,4,DET,2,NYY,Final
20220419,mlb,401354412,STL,5,MIA,1,STL,Final
20220419,mlb,401354402,ARI,0,WSH,1,WSH,Final
20220419,mlb,401354415,TOR,1,BOS,2,BOS,Final
20220419,mlb,401354411,SF,1,NYM,3,NYM,Final
20220419,mlb,401354410,PIT,2,MIL,5,MIL,Final
20220419,mlb,401354413,TB,6,CHC,5,TB,Final
20220419,mlb,401354401,LAA,7,HOU,2,LAA,Final
20220419,mlb,401354407,MIN,3,KC,4,KC,Final
20220419,mlb,401354409,PHI,5,COL,6,COL,Final
20220419,mlb,401354404,BAL,1,ATH,2,ATH,Final
20220419,mlb,401354406,CIN,2,SD,6,SD,Final
20220419,mlb,401354414,TEX,2,SEA,6,SEA,Final
20220419,mlb,401354403,ATL,3,LAD,1,ATL,Final
20220420,mlb,401354425,PIT,2,MIL,4,MIL,Final
20220420,mlb,401431516,CHW,1,CLE,11,CLE,Final
20220420,mlb,401354418,ATL,1,LAD,5,LAD,Final
20220420,mlb,401354424,PHI,9,COL,6,PHI,Final
20220420,mlb,401354421,CIN,0,SD,6,SD,Final
20220420,mlb,401354420,CHW,1,CLE,2,CLE,Final
20220420,mlb,401354419,BAL,1,ATH,0,BAL,Final
20220420,mlb,401354428,TB,8,CHC,2,TB,Final/6
20220420,mlb,401354416,LAA,6,HOU,0,LAA,Final
20220420,mlb,401354423,NYY,5,DET,3,NYY,Final
20220420,mlb,401354427,STL,2,MIA,0,STL,Final
20220420,mlb,401354417,ARI,11,WSH,2,ARI,Final
20220420,mlb,401354426,SF,5,NYM,2,SF,Final
20220420,mlb,401354430,TOR,6,BOS,1,TOR,Final
20220420,mlb,401354422,MIN,0,KC,2,KC,Final
20220420,mlb,401354429,TEX,2,SEA,4,SEA,Final
20220421,mlb,401354433,CHW,3,CLE,6,CLE,Final
20220421,mlb,401354435,NYY,0,DET,3,DET,Final
20220421,mlb,401354437,SF,2,NYM,6,NYM,Final
20220421,mlb,401354440,TOR,3,BOS,2,TOR,Final
20220421,mlb,401354434,MIN,1,KC,0,MIN,Final
20220421,mlb,401354432,BAL,4,ATH,6,ATH,Final
20220421,mlb,401354431,ARI,4,WSH,3,ARI,Final
20220421,mlb,401354438,STL,0,MIA,5,MIA,Final
20220421,mlb,401354436,PIT,4,CHC,3,PIT,Final
20220421,mlb,401354439,TEX,8,SEA,6,TEX,Final
20220422,mlb,401354453,STL,4,CIN,2,STL,Final
20220422,mlb,401354444,CLE,1,NYY,4,NYY,Final
20220422,mlb,401354449,MIL,2,PHI,4,PHI,Final
20220422,mlb,401354452,SF,7,WSH,1,SF,Final
20220422,mlb,401354442,BOS,4,TB,3,BOS,Final
20220422,mlb,401354448,MIA,0,ATL,3,ATL,Final
20220422,mlb,401354451,PIT,4,CHC,2,PIT,Final
20220422,mlb,401354443,CHW,1,MIN,2,MIN,Final
20220422,mlb,401354455,TOR,4,HOU,3,TOR,Final
20220422,mlb,401354441,BAL,5,LAA,3,BAL,Final
20220422,mlb,401354446,KC,1,SEA,4,SEA,Final
20220422,mlb,401354447,LAD,6,SD,1,LAD,Final
20220422,mlb,401354450,NYM,6,ARI,5,NYM,Final/10
20220422,mlb,401354454,TEX,8,ATH,1,TEX,Final
20220423,mlb,401354459,CLE,4,NYY,5,NYY,Final
20220423,mlb,401354467,SF,5,WSH,2,SF,Final
20220423,mlb,401354460,COL,0,DET,13,DET,Final
20220423,mlb,401354466,PIT,0,CHC,21,CHC,Final
20220423,mlb,401354458,CHW,2,MIN,9,MIN,Final
20220423,mlb,401354464,MIL,5,PHI,3,MIL,Final
20220423,mlb,401354469,TEX,2,ATH,0,TEX,Final
20220423,mlb,401354468,STL,5,CIN,0,STL,Final
20220423,mlb,401354470,TOR,3,HOU,2,TOR,Final
20220423,mlb,401354457,BOS,2,TB,3,TB,Final/10
20220423,mlb,401432250,COL,3,DET,2,COL,Final
20220423,mlb,401354463,MIA,9,ATL,7,MIA,Final
20220423,mlb,401354465,NYM,2,ARI,5,ARI,Final
20220423,mlb,401354462,LAD,2,SD,3,SD,Final/10
20220423,mlb,401354456,BAL,5,LAA,4,BAL,Final
20220423,mlb,401354461,KC,7,SEA,13,SEA,Final
20220424,mlb,401354472,BOS,2,TB,5,TB,Final
20220424,mlb,401354475,COL,6,DET,2,COL,Final
20220424,mlb,401354474,CLE,2,NYY,10,NYY,Final
20220424,mlb,401354478,MIA,5,ATL,4,MIA,Final
20220424,mlb,401354482,SF,12,WSH,3,SF,Final
20220424,mlb,401354483,STL,1,CIN,4,CIN,Final
20220424,mlb,401354473,CHW,4,MIN,6,MIN,Final/10
20220424,mlb,401354485,TOR,7,HOU,8,HOU,Final/10
20220424,mlb,401354481,PIT,4,CHC,3,PIT,Final
20220424,mlb,401354471,BAL,6,LAA,7,LAA,Final
20220424,mlb,401354484,TEX,0,ATH,2,ATH,Final
20220424,mlb,401354476,KC,4,SEA,5,SEA,Final/12
20220424,mlb,401354477,LAD,10,SD,2,LAD,Final
20220424,mlb,401354480,NYM,6,ARI,2,NYM,Final
20220424,mlb,401354479,MIL,1,PHI,0,MIL,Final
20220425,mlb,401423170,SF,4,MIL,2,SF,Final
20220425,mlb,401354488,COL,2,PHI,8,PHI,Final
20220425,mlb,401354486,BOS,2,TOR,6,TOR,Final
20220425,mlb,401354491,NYM,5,STL,2,NYM,Final
20220425,mlb,401354489,HOU,2,TEX,6,TEX,Final
20220425,mlb,401354487,CLE,0,LAA,3,LAA,Final
20220425,mlb,401354490,LAD,4,ARI,0,LAD,Final
20220426,mlb,401354502,MIL,12,PIT,8,MIL,Final
20220426,mlb,401354505,SD,9,CIN,6,SD,Final
20220426,mlb,401354506,SEA,8,TB,4,SEA,Final
20220426,mlb,401354496,COL,3,PHI,10,PHI,Final
20220426,mlb,401354492,BAL,8,NYY,12,NYY,Final
20220426,mlb,401354501,MIA,5,WSH,2,MIA,Final
20220426,mlb,401354493,BOS,5,TOR,6,TOR,Final/10
20220426,mlb,401354499,KC,6,CHW,0,KC,Final
20220426,mlb,401354494,CHC,1,ATL,3,ATL,Final
20220426,mlb,401354497,DET,4,MIN,5,MIN,Final
20220426,mlb,401354503,NYM,3,STL,0,NYM,Final
20220426,mlb,401354498,HOU,5,TEX,1,HOU,Final
20220426,mlb,401354495,CLE,1,LAA,4,LAA,Final
20220426,mlb,401354500,LAD,3,ARI,5,ARI,Final
20220426,mlb,401354504,ATH,2,SF,8,SF,Final
20220427,mlb,401354518,NYM,5,STL,10,STL,Final
20220427,mlb,401354514,KC,3,CHW,7,CHW,Final
20220427,mlb,401354515,LAD,1,ARI,3,ARI,Final
20220427,mlb,401354517,MIL,3,PIT,1,MIL,Final
20220427,mlb,401354520,SD,8,CIN,5,SD,Final
20220427,mlb,401354521,SEA,2,TB,3,TB,Final
20220427,mlb,401354511,COL,3,PHI,7,PHI,Final
20220427,mlb,401354507,BAL,2,NYY,5,NYY,Final
20220427,mlb,401354516,MIA,2,WSH,1,MIA,Final
20220427,mlb,401354508,BOS,7,TOR,1,BOS,Final
20220427,mlb,401354509,CHC,6,ATL,3,CHC,Final/10
20220427,mlb,401354512,DET,0,MIN,5,MIN,Final
20220427,mlb,401354513,HOU,4,TEX,3,HOU,Final
20220427,mlb,401354510,CLE,5,LAA,9,LAA,Final
20220427,mlb,401354519,ATH,1,SF,0,ATH,Final
20220428,mlb,401354532,MIL,3,PIT,2,MIL,Final
20220428,mlb,401354533,SD,7,CIN,5,SD,Final
20220428,mlb,401354523,BAL,5,NYY,10,NYY,Final
20220428,mlb,401354527,COL,1,PHI,7,PHI,Final
20220428,mlb,401354531,MIA,3,WSH,2,MIA,Final
20220428,mlb,401354528,DET,1,MIN,7,MIN,Final
20220428,mlb,401354534,SEA,1,TB,2,TB,Final
20220428,mlb,401354529,HOU,3,TEX,2,HOU,Final
20220428,mlb,401354530,KC,5,CHW,2,KC,Final/10
20220428,mlb,401354524,BOS,0,TOR,1,TOR,Final
20220428,mlb,401354526,CLE,1,LAA,4,LAA,Final
20220428,mlb,401354525,CHC,1,ATL,5,ATL,Final
20220428,mlb,401354522,ARI,3,STL,8,STL,Final
20220429,mlb,401354547,SD,7,PIT,3,SD,Final
20220429,mlb,401354548,SEA,6,MIA,8,MIA,Final
20220429,mlb,401354538,BOS,3,BAL,1,BOS,Final
20220429,mlb,401354543,HOU,11,TOR,7,HOU,Final
20220429,mlb,401354535,LAA,5,CHW,1,LAA,Final
20220429,mlb,401354544,MIN,1,TB,6,TB,Final
20220429,mlb,401354546,PHI,0,NYM,3,NYM,Final
20220429,mlb,401354537,ATL,6,TEX,3,ATL,Final
20220429,mlb,401354539,CHC,1,MIL,11,MIL,Final
20220429,mlb,401354545,NYY,12,KC,2,NYY,Final/8
20220429,mlb,401354536,ARI,6,STL,2,ARI,Final
20220429,mlb,401354540,CIN,4,COL,10,COL,Final
20220429,mlb,401354541,CLE,9,ATH,8,CLE,Final
20220429,mlb,401354542,DET,1,LAD,5,LAD,Final
20220429,mlb,401354549,WSH,14,SF,4,WSH,Final
20220430,mlb,401354551,ARI,2,STL,0,ARI,Final
20220430,mlb,401354558,HOU,1,TOR,2,TOR,Final
20220430,mlb,401354550,LAA,0,CHW,4,CHW,Final
20220430,mlb,401354564,WSH,3,SF,9,SF,Final
20220430,mlb,401354556,CLE,3,ATH,1,CLE,Final
20220430,mlb,401354559,MIN,9,TB,1,MIN,Final
20220430,mlb,401354563,SEA,1,MIA,3,MIA,Final
20220430,mlb,401354562,SD,6,PIT,7,PIT,Final/10
20220430,mlb,401354552,ATL,1,TEX,3,TEX,Final
20220430,mlb,401354553,BOS,1,BAL,2,BAL,Final/10
20220430,mlb,401354554,CHC,1,MIL,9,MIL,Final
20220430,mlb,401354560,NYY,3,KC,0,NYY,Final
20220430,mlb,401354561,PHI,4,NYM,1,PHI,Final
20220430,mlb,401354555,CIN,3,COL,4,COL,Final
20220430,mlb,401354557,DET,5,LAD,1,DET,Final
20220501,mlb,401354568,BOS,5,BAL,9,BAL,Final
20220501,mlb,401354574,MIN,9,TB,3,MIN,Final
20220501,mlb,401354577,SD,5,PIT,2,SD,Final
20220501,mlb,401354573,HOU,2,TOR,3,TOR,Final
20220501,mlb,401354578,SEA,7,MIA,3,SEA,Final
20220501,mlb,401354565,LAA,6,CHW,5,LAA,Final
20220501,mlb,401354569,CHC,2,MIL,0,CHC,Final
20220501,mlb,401354575,NYY,6,KC,4,NYY,Final
20220501,mlb,401354566,ARI,5,STL,7,STL,Final
20220501,mlb,401354567,ATL,3,TEX,7,TEX,Final
20220501,mlb,401354570,CIN,1,COL,10,COL,Final
20220501,mlb,401354579,WSH,11,SF,5,WSH,Final
20220501,mlb,401354571,CLE,7,ATH,3,CLE,Final
20220501,mlb,401354572,DET,3,LAD,6,LAD,Final
20220501,mlb,401354576,PHI,6,NYM,10,NYM,Final
20220502,mlb,401430260,KC,0,STL,1,STL,Final
20220502,mlb,401354580,LAA,0,CHW,3,CHW,Final
20220502,mlb,401354581,ARI,5,MIA,4,ARI,Final
20220502,mlb,401354583,MIN,2,BAL,1,MIN,Final
20220502,mlb,401354584,NYY,3,TOR,2,NYY,Final
20220502,mlb,401354582,ATL,5,NYM,2,ATL,Final
20220502,mlb,401354585,SEA,0,HOU,3,HOU,Final
20220502,mlb,401354586,TB,6,ATH,1,TB,Final
20220503,mlb,401354589,ATL,4,NYM,5,NYM,Final
20220503,mlb,401354588,ARI,5,MIA,4,ARI,Final
20220503,mlb,401354600,TEX,6,PHI,4,TEX,Final
20220503,mlb,401423171,ATL,0,NYM,3,NYM,Final
20220503,mlb,401354592,MIN,7,BAL,2,MIN,Final
20220503,mlb,401354593,NYY,9,TOR,1,NYY,Final
20220503,mlb,401354587,LAA,0,BOS,4,BOS,Final
20220503,mlb,401354590,CHW,3,CHC,1,CHW,Final
20220503,mlb,401354591,CIN,3,MIL,6,MIL,Final
20220503,mlb,401354596,SEA,0,HOU,4,HOU,Final
20220503,mlb,401354598,STL,1,KC,7,KC,Final
20220503,mlb,401354601,WSH,10,COL,2,WSH,Final
20220503,mlb,401354599,TB,10,ATH,7,TB,Final/10
20220503,mlb,401354597,SF,1,LAD,3,LAD,Final
20220504,mlb,401354603,ARI,8,MIA,7,ARI,Final
20220504,mlb,401354604,ATL,9,NYM,2,ATL,Final
20220504,mlb,401354609,PIT,2,DET,3,DET,Final
20220504,mlb,401354610,SD,5,CLE,4,SD,Final
20220504,mlb,401354613,STL,10,KC,0,STL,Final
20220504,mlb,401354611,SEA,2,HOU,7,HOU,Final
20220504,mlb,401354614,TB,3,ATH,0,TB,Final
20220504,mlb,401435504,PIT,7,DET,2,PIT,Final
20220504,mlb,401435530,SD,5,CLE,6,CLE,Final/10
20220504,mlb,401354615,TEX,2,PHI,1,TEX,Final/10
20220504,mlb,401354607,MIN,4,BAL,9,BAL,Final
20220504,mlb,401354608,NYY,1,TOR,2,TOR,Final
20220504,mlb,401354602,LAA,10,BOS,5,LAA,Final/10
20220504,mlb,401354605,CHW,4,CHC,3,CHW,Final
20220504,mlb,401354606,CIN,4,MIL,18,MIL,Final
20220504,mlb,401354616,WSH,2,COL,5,COL,Final
20220504,mlb,401354612,SF,1,LAD,9,LAD,Final
20220505,mlb,401354617,LAA,8,BOS,0,LAA,Final
20220505,mlb,401354618,CIN,5,MIL,10,MIL,Final
20220505,mlb,401354626,WSH,7,COL,9,COL,Final
20220505,mlb,401354625,TOR,5,CLE,6,CLE,Final
20220505,mlb,401354622,NYM,8,PHI,7,NYM,Final
20220505,mlb,401354621,MIN,3,BAL,5,BAL,Final
20220505,mlb,401354619,DET,2,HOU,3,HOU,Final
20220505,mlb,401354620,MIA,1,SD,2,SD,Final
20220505,mlb,401354624,TB,4,SEA,3,TB,Final
20220505,mlb,401354623,STL,7,SF,1,STL,Final
20220506,mlb,401354627,CHW,4,BOS,2,CHW,Final
20220506,mlb,401354633,MIL,6,ATL,3,MIL,Final
20220506,mlb,401354629,DET,2,HOU,3,HOU,Final
20220506,mlb,401354635,ATH,1,MIN,2,MIN,Final
20220506,mlb,401354641,WSH,0,LAA,3,LAA,Final
20220506,mlb,401354628,COL,1,ARI,4,ARI,Final
20220506,mlb,401354632,MIA,2,SD,3,SD,Final
20220506,mlb,401354638,TB,8,SEA,7,TB,Final
20220506,mlb,401354637,STL,3,SF,2,STL,Final
20220507,mlb,401423172,PIT,2,CIN,9,CIN,Final
20220507,mlb,401354646,LAD,7,CHC,0,LAD,Final
20220507,mlb,401354650,ATH,0,MIN,1,MIN,Final
20220507,mlb,401435890,TOR,8,CLE,3,TOR,Final
20220507,mlb,401354644,DET,2,HOU,3,HOU,Final
20220507,mlb,401354642,CHW,3,BOS,1,CHW,Final/10
20220507,mlb,401354655,TOR,2,CLE,8,CLE,Final
20220507,mlb,401354651,PIT,8,CIN,5,PIT,Final
20220507,mlb,401354652,STL,7,SF,13,SF,Final
20220507,mlb,401354648,MIL,2,ATL,3,ATL,Final
20220507,mlb,401435853,LAD,6,CHC,2,LAD,Final
20220507,mlb,401354643,COL,4,ARI,1,COL,Final
20220507,mlb,401354647,MIA,8,SD,0,MIA,Final
20220507,mlb,401354656,WSH,7,LAA,3,WSH,Final
20220507,mlb,401354653,TB,8,SEA,2,TB,Final
20220508,mlb,401354657,CHW,3,BOS,2,CHW,Final
20220508,mlb,401354664,NYM,2,PHI,3,PHI,Final
20220508,mlb,401354660,KC,6,BAL,4,KC,Final
20220508,mlb,401354663,MIL,2,ATL,9,ATL,Final
20220508,mlb,401354669,TEX,1,NYY,2,NYY,Final
20220508,mlb,401354666,PIT,3,CIN,7,CIN,Final
20220508,mlb,401354670,TOR,3,CLE,4,CLE,Final
20220508,mlb,401354659,DET,0,HOU,5,HOU,Final
20220508,mlb,401354665,ATH,3,MIN,4,MIN,Final
20220508,mlb,401354667,STL,3,SF,4,SF,Final
20220508,mlb,401436130,NYM,6,PHI,1,NYM,Final
20220508,mlb,401354671,WSH,4,LAA,5,LAA,Final
20220508,mlb,401354658,COL,0,ARI,4,ARI,Final
20220508,mlb,401354662,MIA,2,SD,3,SD,Final
20220508,mlb,401354668,TB,1,SEA,2,SEA,Final/10
20220508,mlb,401435854,TEX,4,NYY,2,TEX,Final
20220508,mlb,401435910,KC,2,BAL,4,BAL,Final
20220508,mlb,401354661,LAD,7,CHC,1,LAD,Final
20220509,mlb,401436190,KC,1,BAL,6,BAL,Final
20220509,mlb,401436056,TEX,0,NYY,1,NYY,Final
20220509,mlb,401354675,LAD,1,PIT,5,PIT,Final
20220509,mlb,401354677,MIL,5,CIN,10,CIN,Final
20220509,mlb,401354678,ATH,2,DET,0,ATH,Final
20220509,mlb,401354673,CLE,12,CHW,9,CLE,Final/11
20220509,mlb,401354680,TB,3,LAA,11,LAA,Final
20220509,mlb,401354672,CHC,6,SD,0,CHC,Final
20220509,mlb,401354676,MIA,3,ARI,4,ARI,Final
20220509,mlb,401354679,PHI,9,SEA,0,PHI,Final
20220509,mlb,401354674,COL,5,SF,8,SF,Final
20220510,mlb,401423173,DET,6,ATH,0,DET,Final
20220510,mlb,401354692,ATH,4,DET,1,ATH,Final
20220510,mlb,401354688,LAD,11,PIT,1,LAD,Final
20220510,mlb,401354690,MIL,5,CIN,4,MIL,Final
20220510,mlb,401354691,NYM,4,WSH,2,NYM,Final
20220510,mlb,401354695,TOR,5,NYY,6,NYY,Final
20220510,mlb,401354682,BOS,9,ATL,4,BOS,Final
20220510,mlb,401354686,HOU,5,MIN,0,HOU,Final
20220510,mlb,401354681,BAL,5,STL,3,BAL,Final
20220510,mlb,401354687,KC,4,TEX,6,TEX,Final
20220510,mlb,401354684,CLE,1,CHW,4,CHW,Final
20220510,mlb,401354694,TB,0,LAA,12,LAA,Final
20220510,mlb,401354683,CHC,4,SD,5,SD,Final
20220510,mlb,401354689,MIA,3,ARI,9,ARI,Final
20220510,mlb,401354693,PHI,4,SEA,5,SEA,Final
20220510,mlb,401354685,COL,2,SF,9,SF,Final
20220511,mlb,401354703,LAD,3,PIT,5,PIT,Final
20220511,mlb,401354705,MIL,11,CIN,14,CIN,Final
20220511,mlb,401354710,TOR,3,NYY,5,NYY,Final
20220511,mlb,401354704,MIA,11,ARI,3,MIA,Final
20220511,mlb,401354708,PHI,4,SEA,2,PHI,Final
20220511,mlb,401354700,COL,1,SF,7,SF,Final
20220511,mlb,401354698,CHC,7,SD,5,CHC,Final
20220511,mlb,401354706,NYM,3,WSH,8,WSH,Final
20220511,mlb,401354709,TB,4,LAA,2,TB,Final/10
20220511,mlb,401354707,ATH,9,DET,0,ATH,Final
20220511,mlb,401354697,BOS,3,ATL,5,ATL,Final
20220511,mlb,401354701,HOU,11,MIN,3,HOU,Final
20220511,mlb,401354696,BAL,1,STL,10,STL,Final
20220511,mlb,401354702,KC,8,TEX,2,KC,Final
20220512,mlb,401354716,NYM,4,WSH,1,NYM,Final
20220512,mlb,401354717,ATH,5,DET,3,ATH,Final
20220512,mlb,401354711,BAL,3,STL,2,BAL,Final
20220512,mlb,401354713,HOU,5,MIN,0,HOU,Final
20220512,mlb,401354712,CIN,4,PIT,0,CIN,Final
20220512,mlb,401354714,KC,1,TEX,3,TEX,Final
20220512,mlb,401354715,NYY,15,CHW,7,NYY,Final
20220512,mlb,401354718,PHI,9,LAD,7,PHI,Final
20220513,mlb,401354723,CIN,8,PIT,2,CIN,Final
20220513,mlb,401354727,MIL,2,MIA,1,MIL,Final
20220513,mlb,401354725,HOU,6,WSH,1,HOU,Final
20220513,mlb,401354720,BAL,2,DET,4,DET,Final
20220513,mlb,401354731,SEA,2,NYM,1,SEA,Final
20220513,mlb,401354733,TOR,2,TB,5,TB,Final
20220513,mlb,401354730,SD,11,ATL,6,SD,Final
20220513,mlb,401354721,BOS,7,TEX,1,BOS,Final
20220513,mlb,401354724,CLE,8,MIN,12,MIN,Final
20220513,mlb,401354728,NYY,10,CHW,4,NYY,Final
20220513,mlb,401354732,SF,8,STL,2,SF,Final
20220513,mlb,401354726,KC,14,COL,10,KC,Final
20220513,mlb,401354719,LAA,2,ATH,0,LAA,Final
20220513,mlb,401354722,CHC,3,ARI,4,ARI,Final
20220513,mlb,401354729,PHI,12,LAD,10,PHI,Final/10
20220514,mlb,401354747,SF,0,STL,4,STL,Final
20220514,mlb,401354745,SD,5,ATL,6,ATL,Final
20220514,mlb,401354734,LAA,3,ATH,4,ATH,Final
20220514,mlb,401354735,BAL,0,DET,3,DET,Final
20220514,mlb,401354742,MIL,3,MIA,9,MIA,Final
20220514,mlb,401354748,TOR,5,TB,1,TOR,Final
20220514,mlb,401354738,CIN,1,PIT,3,PIT,Final
20220514,mlb,401354736,BOS,11,TEX,3,BOS,Final
20220514,mlb,401354740,HOU,6,WSH,13,WSH,Final
20220514,mlb,401354739,CLE,3,MIN,2,CLE,Final/10
20220514,mlb,401354743,NYY,2,CHW,3,CHW,Final
20220514,mlb,401354746,SEA,4,NYM,5,NYM,Final
20220514,mlb,401354737,CHC,4,ARI,2,CHC,Final
20220514,mlb,401354741,KC,4,COL,10,COL,Final
20220514,mlb,401423174,LAA,9,ATH,1,LAA,Final
20220514,mlb,401354744,PHI,8,LAD,3,PHI,Final
20220515,mlb,401354760,SD,7,ATL,3,SD,Final/11
20220515,mlb,401354753,CIN,0,PIT,1,PIT,Final
20220515,mlb,401354755,HOU,8,WSH,0,HOU,Final
20220515,mlb,401354750,BAL,1,DET,5,DET,Final
20220515,mlb,401354757,MIL,7,MIA,3,MIL,Final
20220515,mlb,401354761,SEA,8,NYM,7,SEA,Final
20220515,mlb,401354763,TOR,0,TB,3,TB,Final
20220515,mlb,401354754,CLE,1,MIN,3,MIN,Final
20220515,mlb,401354758,NYY,5,CHW,1,NYY,Final
20220515,mlb,401354751,BOS,1,TEX,7,TEX,Final
20220515,mlb,401354756,KC,8,COL,7,KC,Final
20220515,mlb,401354749,LAA,4,ATH,1,LAA,Final
20220515,mlb,401354752,CHC,3,ARI,2,CHC,Final
20220515,mlb,401354759,PHI,4,LAD,5,LAD,Final
20220515,mlb,401354762,SF,6,STL,15,STL,Final
20220516,mlb,401354768,DET,3,TB,2,DET,Final
20220516,mlb,401354776,WSH,2,MIA,8,MIA,Final
20220516,mlb,401354771,NYY,6,BAL,2,NYY,Final
20220516,mlb,401354773,SEA,2,TOR,6,TOR,Final
20220516,mlb,401354769,HOU,3,BOS,6,BOS,Final
20220516,mlb,401354766,ATL,0,MIL,1,MIL,Final
20220516,mlb,401354772,PIT,0,CHC,9,CHC,Final
20220516,mlb,401354764,LAA,4,TEX,7,TEX,Final
20220516,mlb,401354767,CHW,5,KC,3,CHW,Final/10
20220516,mlb,401354774,SF,7,COL,6,SF,Final
20220516,mlb,401354770,MIN,3,ATH,1,MIN,Final
20220516,mlb,401354765,ARI,4,LAD,5,LAD,Final
20220517,mlb,401423176,CHW,3,KC,0,CHW,Final
20220517,mlb,401423175,ARI,6,LAD,7,LAD,Final
20220517,mlb,401439177,STL,1,NYM,3,NYM,Final
20220517,mlb,401354781,CIN,5,CLE,4,CIN,Final/10
20220517,mlb,401354782,DET,1,TB,8,TB,Final
20220517,mlb,401354791,WSH,1,MIA,5,MIA,Final
20220517,mlb,401354787,SD,3,PHI,0,SD,Final
20220517,mlb,401354790,STL,4,NYM,3,STL,Final
20220517,mlb,401354785,NYY,5,BAL,4,NYY,Final
20220517,mlb,401354788,SEA,0,TOR,3,TOR,Final
20220517,mlb,401354780,CHW,1,KC,2,KC,Final
20220517,mlb,401354783,HOU,13,BOS,4,HOU,Final
20220517,mlb,401354779,ATL,3,MIL,0,ATL,Final
20220517,mlb,401354786,PIT,0,CHC,7,CHC,Final
20220517,mlb,401354777,LAA,5,TEX,10,TEX,Final
20220517,mlb,401354789,SF,10,COL,7,SF,Final
20220517,mlb,401354784,MIN,2,ATH,5,ATH,Final
20220517,mlb,401354778,ARI,3,LAD,12,LAD,Final
20220518,mlb,401354794,ATL,6,MIL,7,MIL,Final/11
20220518,mlb,401354797,DET,1,TB,6,TB,Final
20220518,mlb,401354804,SF,3,COL,5,COL,Final
20220518,mlb,401354799,MIN,14,ATH,4,MIN,Final
20220518,mlb,401354793,ARI,3,LAD,5,LAD,Final
20220518,mlb,401354798,HOU,1,BOS,5,BOS,Final
20220518,mlb,401354806,WSH,5,MIA,4,WSH,Final/10
20220518,mlb,401354802,SD,0,PHI,3,PHI,Final
20220518,mlb,401354800,NYY,3,BAL,2,NYY,Final
20220518,mlb,401354803,SEA,5,TOR,1,SEA,Final
20220518,mlb,401354805,STL,4,NYM,11,NYM,Final
20220518,mlb,401354801,PIT,3,CHC,2,PIT,Final
20220518,mlb,401354792,LAA,5,TEX,6,TEX,Final/10
20220518,mlb,401354795,CHW,2,KC,6,KC,Final
20220519,mlb,401354809,NYY,6,BAL,9,BAL,Final
20220519,mlb,401354810,SD,2,PHI,0,SD,Final
20220519,mlb,401354812,STL,6,NYM,7,NYM,Final/10
20220519,mlb,401439510,CIN,4,CLE,2,CIN,Final
20220519,mlb,401354808,CHW,7,KC,4,CHW,Final
20220519,mlb,401354811,SEA,6,BOS,12,BOS,Final
20220519,mlb,401354807,ARI,3,CHC,1,ARI,Final
20220519,mlb,401354813,TEX,1,HOU,5,HOU,Final
20220520,mlb,401354814,ARI,10,CHC,6,ARI,Final
20220520,mlb,401354825,STL,5,PIT,3,STL,Final
20220520,mlb,401354815,ATL,5,MIA,3,ATL,Final
20220520,mlb,401354819,LAD,4,PHI,1,LAD,Final
20220520,mlb,401354826,TB,6,BAL,8,BAL,Final/13
20220520,mlb,401354817,CIN,1,TOR,2,TOR,Final
20220520,mlb,401354818,DET,1,CLE,6,CLE,Final
20220520,mlb,401354824,SEA,3,BOS,7,BOS,Final
20220520,mlb,401354820,MIN,6,KC,4,MIN,Final
20220520,mlb,401354827,TEX,3,HOU,0,TEX,Final
20220520,mlb,401354828,WSH,0,MIL,7,MIL,Final
20220520,mlb,401354822,ATH,4,LAA,2,ATH,Final
20220520,mlb,401354823,SD,8,SF,7,SD,Final/10
20220521,mlb,401354831,CHW,5,NYY,7,NYY,Final
20220521,mlb,401354829,ARI,7,CHC,6,ARI,Final/10
20220521,mlb,401354832,CIN,1,TOR,3,TOR,Final
20220521,mlb,401439775,NYM,5,COL,1,NYM,Final
20220521,mlb,401354838,SD,2,SF,1,SD,Final
20220521,mlb,401354839,SEA,5,BOS,6,BOS,Final
20220521,mlb,401354834,LAD,7,PHI,4,LAD,Final
20220521,mlb,401354830,ATL,4,MIA,3,ATL,Final
20220521,mlb,401354840,STL,5,PIT,4,STL,Final
20220521,mlb,401354841,TB,6,BAL,1,TB,Final
20220521,mlb,401354835,MIN,9,KC,2,MIN,Final
20220521,mlb,401354842,TEX,1,HOU,2,HOU,Final
20220521,mlb,401354843,WSH,1,MIL,5,MIL,Final
20220521,mlb,401354836,NYM,3,COL,11,COL,Final
20220521,mlb,401354837,ATH,3,LAA,5,LAA,Final
20220522,mlb,401354855,STL,18,PIT,4,STL,Final
20220522,mlb,401354849,LAD,3,PHI,4,PHI,Final/10
20220522,mlb,401354854,SEA,4,BOS,8,BOS,Final/10
20220522,mlb,401354856,TB,6,BAL,7,BAL,Final/11
20220522,mlb,401354847,CIN,3,TOR,2,CIN,Final
20220522,mlb,401354845,ATL,3,MIA,4,MIA,Final
20220522,mlb,401354848,DET,4,CLE,2,DET,Final
20220522,mlb,401354850,MIN,7,KC,6,MIN,Final
20220522,mlb,401354857,TEX,2,HOU,5,HOU,Final
20220522,mlb,401354858,WSH,8,MIL,2,WSH,Final
20220522,mlb,401354844,ARI,4,CHC,5,CHC,Final
20220522,mlb,401439776,CHW,3,NYY,1,CHW,Final
20220522,mlb,401354851,NYM,2,COL,0,NYM,Final
20220522,mlb,401354853,SD,10,SF,1,SD,Final
20220522,mlb,401354852,ATH,1,LAA,4,LAA,Final
20220522,mlb,401354846,CHW,5,NYY,0,CHW,Final
20220523,mlb,401354862,COL,1,PIT,2,PIT,Final
20220523,mlb,401354860,CHC,7,CIN,4,CHC,Final
20220523,mlb,401354859,BAL,6,NYY,4,BAL,Final
20220523,mlb,401354865,LAD,10,WSH,1,LAD,Final
20220523,mlb,401354869,PHI,7,ATL,3,PHI,Final
20220523,mlb,401354863,DET,4,MIN,5,MIN,Final
20220523,mlb,401354870,TOR,3,STL,7,STL,Final/10
20220523,mlb,401354861,CLE,6,HOU,1,CLE,Final
20220523,mlb,401354864,KC,5,ARI,9,ARI,Final
20220523,mlb,401354866,MIL,2,SD,3,SD,Final/10
20220523,mlb,401354868,ATH,6,SEA,7,SEA,Final
20220523,mlb,401354867,NYM,13,SF,3,NYM,Final
20220524,mlb,401354875,COL,2,PIT,1,COL,Final/10
20220524,mlb,401354873,CHC,11,CIN,4,CHC,Final
20220524,mlb,401354879,MIA,0,TB,4,TB,Final
20220524,mlb,401354871,BAL,6,NYY,7,NYY,Final/11
20220524,mlb,401354878,LAD,9,WSH,4,LAD,Final
20220524,mlb,401354883,PHI,5,ATL,6,ATL,Final
20220524,mlb,401354876,DET,0,MIN,2,MIN,Final
20220524,mlb,401354885,TOR,8,STL,1,TOR,Final
20220524,mlb,401354872,BOS,16,CHW,3,BOS,Final
20220524,mlb,401354874,CLE,3,HOU,7,HOU,Final
20220524,mlb,401354884,TEX,3,LAA,5,LAA,Final
20220524,mlb,401354877,KC,6,ARI,8,ARI,Final
20220524,mlb,401354880,MIL,4,SD,1,MIL,Final
20220524,mlb,401354882,ATH,7,SEA,5,ATH,Final
20220524,mlb,401354881,NYM,12,SF,13,SF,Final
20220525,mlb,401354890,COL,5,PIT,10,PIT,Final
20220525,mlb,401354891,DET,4,MIN,2,DET,Final/10
20220525,mlb,401354895,NYM,3,SF,9,SF,Final
20220525,mlb,401354892,LAD,0,WSH,1,WSH,Final
20220525,mlb,401354894,MIL,2,SD,1,MIL,Final
20220525,mlb,401354896,ATH,4,SEA,2,ATH,Final
20220525,mlb,401354888,CHC,3,CIN,4,CIN,Final
20220525,mlb,401354893,MIA,4,TB,5,TB,Final
20220525,mlb,401354886,BAL,0,NYY,2,NYY,Final
20220525,mlb,401354897,PHI,4,ATL,8,ATL,Final
20220525,mlb,401354887,BOS,1,CHW,3,CHW,Final
20220525,mlb,401354889,CLE,1,HOU,2,HOU,Final
20220525,mlb,401354898,TEX,7,LAA,2,TEX,Final
20220526,mlb,401354900,CHC,5,CIN,20,CIN,Final
20220526,mlb,401354906,NYY,7,TB,2,NYY,Final
20220526,mlb,401354902,COL,3,WSH,7,WSH,Final
20220526,mlb,401354901,CLE,3,DET,4,DET,Final
20220526,mlb,401354907,PHI,4,ATL,1,PHI,Final
20220526,mlb,401354903,KC,3,MIN,2,KC,Final
20220526,mlb,401354905,MIL,4,STL,3,MIL,Final
20220526,mlb,401354899,BOS,16,CHW,7,BOS,Final
20220526,mlb,401354909,TOR,6,LAA,3,TOR,Final
20220526,mlb,401354904,LAD,14,ARI,1,LAD,Final
20220526,mlb,401354908,TEX,4,ATH,1,TEX,Final
20220527,mlb,401354921,SF,1,CIN,5,CIN,Final
20220527,mlb,401354910,BAL,12,BOS,8,BAL,Final
20220527,mlb,401354918,NYY,2,TB,0,NYY,Final
20220527,mlb,401354919,PHI,6,NYM,8,NYM,Final
20220527,mlb,401354916,MIA,4,ATL,6,ATL,Final
20220527,mlb,401354914,KC,7,MIN,10,MIN,Final
20220527,mlb,401354917,MIL,2,STL,4,STL,Final
20220527,mlb,401354923,TOR,4,LAA,3,TOR,Final
20220527,mlb,401354913,HOU,1,SEA,6,SEA,Final
20220527,mlb,401354915,LAD,6,ARI,4,LAD,Final
20220527,mlb,401354920,PIT,3,SD,4,SD,Final
20220527,mlb,401354922,TEX,8,ATH,5,TEX,Final
20220528,mlb,401442639,COL,7,WSH,13,WSH,Final
20220528,mlb,401423224,BAL,3,BOS,5,BOS,Final
20220528,mlb,401354929,KC,7,MIN,3,KC,Final
20220528,mlb,401354932,MIL,3,STL,8,STL,Final
20220528,mlb,401354937,TEX,11,ATH,4,TEX,Final
20220528,mlb,401354926,CLE,8,DET,1,CLE,Final
20220528,mlb,401354931,MIA,4,ATL,1,MIA,Final
20220528,mlb,401354933,NYY,1,TB,3,TB,Final
20220528,mlb,401354936,SF,2,CIN,3,CIN,Final
20220528,mlb,401354927,COL,3,WSH,2,COL,Final
20220528,mlb,401354924,BAL,4,BOS,2,BAL,Final
20220528,mlb,401354925,CHC,5,CHW,1,CHC,Final
20220528,mlb,401354930,LAD,3,ARI,2,LAD,Final
20220528,mlb,401354934,PHI,2,NYM,8,NYM,Final
20220528,mlb,401354938,TOR,6,LAA,5,TOR,Final
20220528,mlb,401354928,HOU,0,SEA,6,SEA,Final
20220528,mlb,401354935,PIT,4,SD,2,PIT,Final
20220529,mlb,401354951,SF,6,CIN,4,SF,Final
20220529,mlb,401354939,BAL,2,BOS,12,BOS,Final
20220529,mlb,401354942,COL,5,WSH,6,WSH,Final
20220529,mlb,401354946,MIA,3,ATL,6,ATL,Final
20220529,mlb,401354941,CLE,1,DET,2,DET,Final
20220529,mlb,401354948,NYY,2,TB,4,TB,Final
20220529,mlb,401354940,CHC,4,CHW,5,CHW,Final/12
20220529,mlb,401354944,KC,3,MIN,7,MIN,Final
20220529,mlb,401354947,MIL,8,STL,0,MIL,Final
20220529,mlb,401354952,TEX,5,ATH,6,ATH,Final
20220529,mlb,401354953,TOR,11,LAA,10,TOR,Final
20220529,mlb,401354943,HOU,2,SEA,1,HOU,Final
20220529,mlb,401354945,LAD,3,ARI,1,LAD,Final
20220529,mlb,401354950,PIT,2,SD,4,SD,Final/10
20220529,mlb,401354949,PHI,4,NYM,5,NYM,Final/10
20220530,mlb,401354959,MIL,7,CHC,6,MIL,Final
20220530,mlb,401354960,MIN,5,DET,7,DET,Final
20220530,mlb,401354962,SD,3,STL,6,STL,Final
20220530,mlb,401354963,SF,5,PHI,4,SF,Final/10
20220530,mlb,401354956,HOU,5,ATH,1,HOU,Final
20220530,mlb,401354958,MIA,1,COL,7,COL,Final
20220530,mlb,401354957,KC,3,CLE,7,CLE,Final
20220530,mlb,401354955,BAL,10,BOS,0,BAL,Final
20220530,mlb,401354965,WSH,5,NYM,13,NYM,Final
20220530,mlb,401428483,MIL,3,CHC,1,MIL,Final
20220530,mlb,401354964,TB,5,TEX,9,TEX,Final
20220530,mlb,401354954,ATL,2,ARI,6,ARI,Final
20220530,mlb,401354961,PIT,6,LAD,5,PIT,Final
20220531,mlb,401355636,MIN,8,DET,2,MIN,Final
20220531,mlb,401354971,KC,3,CLE,8,CLE,Final
20220531,mlb,401354978,SF,7,PHI,4,SF,Final/11
20220531,mlb,401354966,LAA,1,NYY,9,NYY,Final
20220531,mlb,401354977,SEA,10,BAL,0,SEA,Final
20220531,mlb,401354968,CHW,5,TOR,6,TOR,Final
20220531,mlb,401354969,CIN,2,BOS,1,CIN,Final
20220531,mlb,401354974,MIN,0,DET,4,DET,Final
20220531,mlb,401354980,WSH,0,NYM,10,NYM,Final
20220531,mlb,401354976,SD,2,STL,3,STL,Final/10
20220531,mlb,401354973,MIL,7,CHC,8,CHC,Final
20220531,mlb,401354979,TB,0,TEX,3,TEX,Final
20220531,mlb,401354967,ATL,7,ARI,8,ARI,Final/10
20220531,mlb,401354970,HOU,3,ATH,1,HOU,Final
20220531,mlb,401354975,PIT,5,LAD,3,PIT,Final
20220601,mlb,401354986,KC,0,CLE,4,CLE,Final
20220601,mlb,401354995,WSH,0,NYM,5,NYM,Final
20220601,mlb,401354991,SD,2,STL,5,STL,Final
20220601,mlb,401354987,MIA,14,COL,1,MIA,Final
20220601,mlb,401354985,HOU,5,ATH,4,HOU,Final
20220601,mlb,401354982,ATL,6,ARI,0,ATL,Final
20220601,mlb,401354993,SF,5,PHI,6,PHI,Final
20220601,mlb,401443574,MIA,12,COL,13,COL,Final/10
20220601,mlb,401354992,SEA,2,BAL,9,BAL,Final
20220601,mlb,401354983,CHW,3,TOR,7,TOR,Final
20220601,mlb,401354984,CIN,1,BOS,7,BOS,Final
20220601,mlb,401354989,MIN,0,DET,5,DET,Final
20220601,mlb,401354988,MIL,3,CHC,4,CHC,Final/10
20220601,mlb,401354994,TB,4,TEX,3,TB,Final/11
20220601,mlb,401354990,PIT,8,LAD,4,PIT,Final
20220602,mlb,401443623,LAA,1,NYY,6,NYY,Final
20220602,mlb,401354999,MIN,2,DET,3,DET,Final
20220602,mlb,401355005,TB,3,TEX,1,TB,Final
20220602,mlb,401354998,CHW,3,TOR,8,TOR,Final
20220602,mlb,401355003,SF,0,MIA,3,MIA,Final
20220602,mlb,401355006,WSH,1,CIN,8,CIN,Final
20220602,mlb,401354996,LAA,1,NYY,2,NYY,Final
20220602,mlb,401355002,SEA,7,BAL,6,SEA,Final/10
20220602,mlb,401355001,SD,4,MIL,5,MIL,Final
20220602,mlb,401355004,STL,5,CHC,7,CHC,Final
20220602,mlb,401354997,ATL,13,COL,6,ATL,Final
20220602,mlb,401355000,NYM,0,LAD,2,LAD,Final
20220603,mlb,401355020,STL,14,CHC,5,STL,Final
20220603,mlb,401355019,SF,15,MIA,6,SF,Final
20220603,mlb,401355021,WSH,8,CIN,5,WSH,Final
20220603,mlb,401355007,LAA,0,PHI,10,PHI,Final
20220603,mlb,401355008,ARI,8,PIT,6,ARI,Final
20220603,mlb,401355012,CLE,6,BAL,3,CLE,Final
20220603,mlb,401355013,DET,0,NYY,13,NYY,Final
20220603,mlb,401355015,MIN,9,TOR,3,MIN,Final
20220603,mlb,401355011,CHW,3,TB,6,TB,Final
20220603,mlb,401355018,SEA,4,TEX,3,SEA,Final
20220603,mlb,401355014,HOU,10,KC,3,HOU,Final
20220603,mlb,401355017,SD,7,MIL,0,SD,Final
20220603,mlb,401355009,ATL,3,COL,1,ATL,Final/10
20220603,mlb,401355010,BOS,7,ATH,2,BOS,Final
20220603,mlb,401355016,NYM,1,LAD,6,LAD,Final
20220604,mlb,401355028,DET,0,NYY,3,NYY,Final
20220604,mlb,401423225,STL,1,CHC,6,CHC,Final
20220604,mlb,401355030,MIN,3,TOR,12,TOR,Final
20220604,mlb,401355023,ARI,1,PIT,2,PIT,Final
20220604,mlb,401355027,CLE,4,BAL,5,BAL,Final
20220604,mlb,401355033,SEA,2,TEX,3,TEX,Final
20220604,mlb,401355025,BOS,8,ATH,0,BOS,Final
20220604,mlb,401355026,CHW,3,TB,2,CHW,Final
20220604,mlb,401355029,HOU,0,KC,6,KC,Final
20220604,mlb,401355032,SD,4,MIL,0,SD,Final
20220604,mlb,401355034,SF,4,MIA,5,MIA,Final
20220604,mlb,401355036,WSH,10,CIN,8,WSH,Final
20220604,mlb,401355022,LAA,2,PHI,7,PHI,Final
20220604,mlb,401355035,STL,7,CHC,4,STL,Final/10
20220604,mlb,401355024,ATL,6,COL,2,ATL,Final/11
20220604,mlb,401355031,NYM,9,LAD,4,NYM,Final
20220605,mlb,401355043,DET,4,NYY,5,NYY,Final/10
20220605,mlb,401355037,LAA,7,PHI,9,PHI,Final
20220605,mlb,401355038,ARI,0,PIT,3,PIT,Final
20220605,mlb,401355042,CLE,3,BAL,2,CLE,Final
20220605,mlb,401355045,MIN,8,TOR,6,MIN,Final
20220605,mlb,401355041,CHW,6,TB,5,CHW,Final
20220605,mlb,401355049,SF,5,MIA,1,SF,Final
20220605,mlb,401355051,WSH,5,CIN,4,WSH,Final
20220605,mlb,401355044,HOU,7,KC,4,HOU,Final
20220605,mlb,401355047,SD,6,MIL,4,SD,Final/10
20220605,mlb,401355048,SEA,6,TEX,5,SEA,Final/10
20220605,mlb,401355039,ATL,8,COL,7,ATL,Final
20220605,mlb,401355040,BOS,5,ATH,2,BOS,Final
20220605,mlb,401355046,NYM,5,LAD,4,NYM,Final/10
20220605,mlb,401355050,STL,5,CHC,3,STL,Final/11
20220606,mlb,401355052,ARI,0,CIN,7,CIN,Final/7
20220606,mlb,401355055,SEA,7,HOU,4,SEA,Final
20220606,mlb,401355057,TOR,8,KC,0,TOR,Final
20220606,mlb,401355053,BOS,1,LAA,0,BOS,Final
20220606,mlb,401355054,NYM,11,SD,5,NYM,Final
20220607,mlb,401444866,TEX,3,CLE,6,CLE,Final
20220607,mlb,401355058,ARI,8,CIN,14,CIN,Final
20220607,mlb,401355072,WSH,2,MIA,12,MIA,Final
20220607,mlb,401355060,CHC,3,BAL,9,BAL,Final
20220607,mlb,401355062,DET,5,PIT,3,DET,Final
20220607,mlb,401355069,STL,2,TB,4,TB,Final/10
20220607,mlb,401355066,ATH,2,ATL,3,ATL,Final
20220607,mlb,401355064,NYY,10,MIN,4,NYY,Final
20220607,mlb,401355070,TEX,6,CLE,3,TEX,Final
20220607,mlb,401355063,LAD,0,CHW,4,CHW,Final
20220607,mlb,401355067,PHI,3,MIL,2,PHI,Final
20220607,mlb,401355068,SEA,1,HOU,4,HOU,Final
20220607,mlb,401355071,TOR,7,KC,0,TOR,Final
20220607,mlb,401355059,BOS,6,LAA,5,BOS,Final/10
20220607,mlb,401355065,NYM,0,SD,7,SD,Final
20220607,mlb,401355061,COL,5,SF,3,COL,Final
20220608,mlb,401355077,DET,3,PIT,1,DET,Final
20220608,mlb,401355086,TOR,4,KC,8,KC,Final
20220608,mlb,401355073,ARI,7,CIN,0,ARI,Final
20220608,mlb,401355083,SEA,6,HOU,3,SEA,Final
20220608,mlb,401355087,WSH,1,MIA,2,MIA,Final/10
20220608,mlb,401355084,STL,3,TB,11,TB,Final
20220608,mlb,401355081,ATH,2,ATL,13,ATL,Final
20220608,mlb,401355085,TEX,0,CLE,4,CLE,Final
20220608,mlb,401355079,NYY,1,MIN,8,MIN,Final
20220608,mlb,401355078,LAD,4,CHW,1,LAD,Final
20220608,mlb,401355082,PHI,10,MIL,0,PHI,Final
20220608,mlb,401355074,BOS,1,LAA,0,BOS,Final
20220608,mlb,401355080,NYM,2,SD,13,SD,Final
20220608,mlb,401355076,COL,1,SF,2,SF,Final/10
20220609,mlb,401355088,ARI,5,CIN,4,ARI,Final
20220609,mlb,401355097,STL,1,TB,2,TB,Final
20220609,mlb,401355092,LAD,11,CHW,9,LAD,Final
20220609,mlb,401355095,PHI,8,MIL,3,PHI,Final
20220609,mlb,401355091,COL,4,SF,2,COL,Final
20220609,mlb,401355098,WSH,4,MIA,7,MIA,Final
20220609,mlb,401355094,ATH,4,CLE,8,CLE,Final
20220609,mlb,401355096,PIT,1,ATL,3,ATL,Final
20220609,mlb,401355093,NYY,10,MIN,7,NYY,Final
20220609,mlb,401355089,BAL,5,KC,7,KC,Final
20220609,mlb,401355090,BOS,2,LAA,5,LAA,Final
20220610,mlb,401355099,ARI,5,PHI,7,PHI,Final
20220610,mlb,401355102,CHC,1,NYY,2,NYY,Final/13
20220610,mlb,401355107,MIL,5,WSH,11,WSH,Final
20220610,mlb,401355109,ATH,2,CLE,3,CLE,Final
20220610,mlb,401355113,TOR,10,DET,1,TOR,Final
20220610,mlb,401355110,PIT,2,ATL,4,ATL,Final
20220610,mlb,401355100,BAL,1,KC,8,KC,Final
20220610,mlb,401355106,MIA,7,HOU,4,MIA,Final
20220610,mlb,401355111,TB,4,MIN,9,MIN,Final
20220610,mlb,401355112,TEX,3,CHW,8,CHW,Final
20220610,mlb,401355103,CIN,0,STL,2,STL,Final
20220610,mlb,401355108,NYM,7,LAA,3,NYM,Final
20220610,mlb,401355104,COL,0,SD,9,SD,Final
20220610,mlb,401355101,BOS,4,SEA,3,BOS,Final
20220610,mlb,401355105,LAD,2,SF,7,SF,Final
20220611,mlb,401355126,TB,5,MIN,6,MIN,Final
20220611,mlb,401355127,TEX,11,CHW,9,TEX,Final/10
20220611,mlb,401355118,CIN,4,STL,5,STL,Final
20220611,mlb,401355114,ARI,0,PHI,4,PHI,Final
20220611,mlb,401355122,MIL,6,WSH,8,WSH,Final
20220611,mlb,401355115,BAL,6,KC,4,BAL,Final
20220611,mlb,401355121,MIA,5,HOU,1,MIA,Final
20220611,mlb,401355124,ATH,10,CLE,5,ATH,Final
20220611,mlb,401355125,PIT,4,ATL,10,ATL,Final
20220611,mlb,401355128,TOR,1,DET,3,DET,Final
20220611,mlb,401423226,COL,1,SD,2,SD,Final/10
20220611,mlb,401355117,CHC,0,NYY,8,NYY,Final
20220611,mlb,401355120,LAD,2,SF,3,SF,Final
20220611,mlb,401355123,NYM,6,LAA,11,LAA,Final
20220611,mlb,401355116,BOS,6,SEA,7,SEA,Final
20220611,mlb,401355119,COL,6,SD,2,COL,Final
20220612,mlb,401355139,ATH,3,CLE,6,CLE,Final
20220612,mlb,401355129,ARI,13,PHI,1,ARI,Final
20220612,mlb,401355132,CHC,4,NYY,18,NYY,Final
20220612,mlb,401355137,MIL,4,WSH,1,MIL,Final
20220612,mlb,401355140,PIT,3,ATL,5,ATL,Final
20220612,mlb,401355143,TOR,6,DET,0,TOR,Final
20220612,mlb,401355130,BAL,10,KC,7,BAL,Final
20220612,mlb,401355136,MIA,4,HOU,9,HOU,Final
20220612,mlb,401355141,TB,6,MIN,0,TB,Final
20220612,mlb,401355142,TEX,8,CHW,6,TEX,Final/12
20220612,mlb,401355133,CIN,7,STL,6,CIN,Final
20220612,mlb,401355135,LAD,0,SF,2,SF,Final
20220612,mlb,401355131,BOS,2,SEA,0,BOS,Final
20220612,mlb,401355134,COL,4,SD,2,COL,Final
20220612,mlb,401355138,NYM,4,LAA,1,NYM,Final
20220613,mlb,401355144,ATL,9,WSH,5,ATL,Final
20220613,mlb,401355150,MIA,2,PHI,3,PHI,Final
20220613,mlb,401355145,BAL,1,TOR,11,TOR,Final
20220613,mlb,401355146,CHW,9,DET,5,CHW,Final
20220613,mlb,401355152,PIT,5,STL,7,STL,Final
20220613,mlb,401355148,HOU,3,TEX,5,TEX,Final
20220613,mlb,401355153,SD,4,CHC,1,SD,Final
20220613,mlb,401355147,CIN,5,ARI,4,CIN,Final
20220613,mlb,401355149,KC,2,SF,6,SF,Final
20220613,mlb,401355151,MIN,3,SEA,2,MIN,Final
20220614,mlb,401429993,PIT,1,STL,3,STL,Final
20220614,mlb,401355155,ATL,10,WSH,4,ATL,Final
20220614,mlb,401355162,MIA,11,PHI,9,MIA,Final
20220614,mlb,401355168,TB,0,NYY,2,NYY,Final
20220614,mlb,401355156,BAL,6,TOR,5,BAL,Final
20220614,mlb,401355157,CHW,5,DET,1,CHW,Final
20220614,mlb,401355163,MIL,0,NYM,4,NYM,Final
20220614,mlb,401355165,ATH,1,BOS,6,BOS,Final
20220614,mlb,401355166,PIT,1,STL,9,STL,Final
20220614,mlb,401355160,HOU,4,TEX,3,HOU,Final
20220614,mlb,401355167,SD,12,CHC,5,SD,Final
20220614,mlb,401355159,CLE,4,COL,3,CLE,Final/10
20220614,mlb,401355158,CIN,5,ARI,3,CIN,Final/12
20220614,mlb,401355161,KC,2,SF,4,SF,Final
20220614,mlb,401355154,LAA,0,LAD,2,LAD,Final
20220614,mlb,401355164,MIN,0,SEA,5,SEA,Final
20220615,mlb,401355177,MIA,1,PHI,3,PHI,Final
20220615,mlb,401355172,CHW,13,DET,0,CHW,Final
20220615,mlb,401355175,HOU,9,TEX,2,HOU,Final
20220615,mlb,401355173,CIN,4,ARI,7,ARI,Final
20220615,mlb,401355176,KC,3,SF,2,KC,Final
20220615,mlb,401355179,MIN,5,SEA,0,MIN,Final
20220615,mlb,401355170,ATL,8,WSH,2,ATL,Final
20220615,mlb,401355183,TB,3,NYY,4,NYY,Final
20220615,mlb,401355171,BAL,6,TOR,7,TOR,Final/10
20220615,mlb,401355178,MIL,10,NYM,2,MIL,Final
20220615,mlb,401355180,ATH,1,BOS,10,BOS,Final
20220615,mlb,401355181,PIT,6,STL,4,PIT,Final
20220615,mlb,401355182,SD,19,CHC,5,SD,Final
20220615,mlb,401355174,CLE,7,COL,5,CLE,Final
20220615,mlb,401355169,LAA,1,LAD,4,LAD,Final
20220616,mlb,401355188,ATH,4,BOS,3,ATH,Final
20220616,mlb,401355190,SD,6,CHC,4,SD,Final
20220616,mlb,401355185,BAL,10,TOR,2,BAL,Final
20220616,mlb,401355186,CLE,4,COL,2,CLE,Final
20220616,mlb,401355189,PHI,10,WSH,1,PHI,Final
20220616,mlb,401355191,TB,1,NYY,2,NYY,Final
20220616,mlb,401355187,MIL,4,NYM,5,NYM,Final
20220616,mlb,401355192,TEX,3,DET,1,TEX,Final
20220616,mlb,401355184,LAA,4,SEA,1,LAA,Final
20220617,mlb,401423227,PHI,5,WSH,3,PHI,Final
20220617,mlb,401355194,ATL,0,CHC,1,CHC,Final
20220617,mlb,401355206,TB,0,BAL,1,BAL,Final
20220617,mlb,401355199,MIL,5,CIN,4,MIL,Final
20220617,mlb,401355202,PHI,8,WSH,7,PHI,Final/10
20220617,mlb,401355204,SF,2,PIT,0,SF,Final
20220617,mlb,401355201,NYY,12,TOR,3,NYY,Final
20220617,mlb,401355198,MIA,4,NYM,10,NYM,Final
20220617,mlb,401355205,STL,5,BOS,6,BOS,Final
20220617,mlb,401355207,TEX,7,DET,0,TEX,Final
20220617,mlb,401355195,CHW,3,HOU,13,HOU,Final
20220617,mlb,401355203,SD,4,COL,10,COL,Final
20220617,mlb,401355197,KC,5,ATH,1,KC,Final
20220617,mlb,401355200,MIN,2,ARI,7,ARI,Final
20220617,mlb,401355193,LAA,1,SEA,8,SEA,Final
20220617,mlb,401355196,CLE,2,LAD,1,CLE,Final/10
20220618,mlb,401355209,ATL,3,CHC,6,CHC,Final
20220618,mlb,401355216,NYY,4,TOR,0,NYY,Final
20220618,mlb,401355219,SF,7,PIT,5,SF,Final
20220618,mlb,401355221,TB,7,BAL,6,TB,Final
20220618,mlb,401355212,KC,2,ATH,0,KC,Final
20220618,mlb,401355210,CHW,7,HOU,0,CHW,Final
20220618,mlb,401355213,MIA,2,NYM,3,NYM,Final
20220618,mlb,401355214,MIL,7,CIN,3,MIL,Final
20220618,mlb,401355222,TEX,7,DET,14,DET,Final
20220618,mlb,401423228,LAA,4,SEA,2,LAA,Final/10
20220618,mlb,401355217,PHI,2,WSH,1,PHI,Final/10
20220618,mlb,401355211,CLE,1,LAD,7,LAD,Final
20220618,mlb,401355220,STL,11,BOS,2,STL,Final
20220618,mlb,401355218,SD,4,COL,5,COL,Final
20220618,mlb,401355208,LAA,3,SEA,0,LAA,Final
20220618,mlb,401355215,MIN,11,ARI,1,MIN,Final
20220619,mlb,401355232,PHI,3,WSH,9,WSH,Final
20220619,mlb,401355234,SF,3,PIT,4,PIT,Final
20220619,mlb,401355235,STL,4,BOS,6,BOS,Final
20220619,mlb,401355236,TB,1,BAL,2,BAL,Final
20220619,mlb,401355231,NYY,9,TOR,10,TOR,Final
20220619,mlb,401355228,MIA,6,NYM,2,MIA,Final
20220619,mlb,401355229,MIL,6,CIN,3,MIL,Final
20220619,mlb,401355237,TEX,3,DET,7,DET,Final
20220619,mlb,401355224,ATL,6,CHC,0,ATL,Final
20220619,mlb,401355233,SD,3,COL,8,COL,Final
20220619,mlb,401355227,KC,0,ATH,4,ATH,Final
20220619,mlb,401355223,LAA,4,SEA,0,LAA,Final
20220619,mlb,401355226,CLE,5,LAD,3,CLE,Final
20220619,mlb,401355230,MIN,1,ARI,7,ARI,Final
20220619,mlb,401355225,CHW,3,HOU,4,HOU,Final
20220620,mlb,401355242,MIA,0,NYM,6,NYM,Final
20220620,mlb,401355239,CHC,1,PIT,12,PIT,Final
20220620,mlb,401355240,DET,2,BOS,5,BOS,Final
20220620,mlb,401355243,NYY,4,TB,2,NYY,Final
20220620,mlb,401355244,SF,1,ATL,2,ATL,Final
20220620,mlb,401355245,STL,0,MIL,2,MIL,Final
20220620,mlb,401355246,TOR,7,CHW,8,CHW,Final
20220620,mlb,401355241,KC,6,LAA,2,KC,Final
20220620,mlb,401355238,ARI,1,SD,4,SD,Final
20220621,mlb,401355250,COL,8,MIA,9,MIA,Final
20220621,mlb,401355253,LAD,8,CIN,2,LAD,Final
20220621,mlb,401355248,CHC,1,PIT,7,PIT,Final
20220621,mlb,401355261,WSH,3,BAL,0,WSH,Final
20220621,mlb,401355251,DET,4,BOS,5,BOS,Final
20220621,mlb,401355254,NYY,4,TB,5,TB,Final
20220621,mlb,401355258,SF,12,ATL,10,SF,Final
20220621,mlb,401355249,CLE,6,MIN,5,CLE,Final/11
20220621,mlb,401355256,PHI,0,TEX,7,TEX,Final
20220621,mlb,401355255,NYM,2,HOU,8,HOU,Final
20220621,mlb,401355259,STL,6,MIL,2,STL,Final
20220621,mlb,401355260,TOR,6,CHW,7,CHW,Final/12
20220621,mlb,401355252,KC,12,LAA,11,KC,Final/11
20220621,mlb,401355247,ARI,2,SD,3,SD,Final/11
20220621,mlb,401355257,SEA,8,ATH,2,SEA,Final
20220622,mlb,401355270,NYM,3,HOU,5,HOU,Final
20220622,mlb,401355275,TOR,9,CHW,5,TOR,Final
20220622,mlb,401355271,PHI,2,TEX,4,TEX,Final
20220622,mlb,401355262,ARI,4,SD,10,SD,Final
20220622,mlb,401355265,COL,4,MIA,7,MIA,Final
20220622,mlb,401355268,LAD,8,CIN,4,LAD,Final
20220622,mlb,401355263,CHC,14,PIT,5,CHC,Final
20220622,mlb,401355276,WSH,0,BAL,7,BAL,Final/6
20220622,mlb,401355266,DET,2,BOS,6,BOS,Final
20220622,mlb,401355269,NYY,5,TB,4,NYY,Final
20220622,mlb,401355273,SF,3,ATL,4,ATL,Final
20220622,mlb,401355264,CLE,11,MIN,10,CLE,Final
20220622,mlb,401355274,STL,5,MIL,4,STL,Final
20220622,mlb,401355272,SEA,9,ATH,0,SEA,Final
20220622,mlb,401355267,KC,0,LAA,5,LAA,Final
20220623,mlb,401355280,COL,2,MIA,3,MIA,Final
20220623,mlb,401355285,SF,6,ATL,7,ATL,Final
20220623,mlb,401355278,CHC,7,PIT,8,PIT,Final/10
20220623,mlb,401355282,LAD,10,CIN,5,LAD,Final
20220623,mlb,401355279,CLE,0,MIN,1,MIN,Final
20220623,mlb,401355286,STL,4,MIL,6,MIL,Final
20220623,mlb,401355284,SEA,2,ATH,1,SEA,Final
20220623,mlb,401355281,HOU,6,NYY,7,NYY,Final
20220623,mlb,401355277,BAL,4,CHW,0,BAL,Final
20220623,mlb,401355283,PHI,6,SD,2,PHI,Final
20220624,mlb,401355295,NYM,5,MIA,3,NYM,Final
20220624,mlb,401355293,HOU,3,NYY,1,HOU,Final
20220624,mlb,401355288,BOS,6,CLE,3,BOS,Final
20220624,mlb,401355298,PIT,3,TB,4,TB,Final/10
20220624,mlb,401355294,LAD,4,ATL,1,LAD,Final
20220624,mlb,401355301,WSH,2,TEX,1,WSH,Final
20220624,mlb,401355287,BAL,4,CHW,1,BAL,Final
20220624,mlb,401355291,COL,1,MIN,0,COL,Final
20220624,mlb,401355296,ATH,1,KC,3,KC,Final
20220624,mlb,401355300,TOR,9,MIL,4,TOR,Final
20220624,mlb,401355289,CHC,3,STL,0,CHC,Final
20220624,mlb,401355299,SEA,4,LAA,3,SEA,Final
20220624,mlb,401355292,DET,5,ARI,1,DET,Final
20220624,mlb,401355297,PHI,0,SD,1,SD,Final
20220624,mlb,401355290,CIN,4,SF,2,CIN,Final
20220625,mlb,401355308,HOU,3,NYY,0,HOU,Final
20220625,mlb,401355313,PIT,5,TB,6,TB,Final
20220625,mlb,401355302,BAL,6,CHW,2,BAL,Final
20220625,mlb,401355304,CHC,3,STL,5,STL,Final
20220625,mlb,401355316,WSH,2,TEX,3,TEX,Final
20220625,mlb,401355310,NYM,5,MIA,3,NYM,Final
20220625,mlb,401355311,ATH,9,KC,7,ATH,Final
20220625,mlb,401355315,TOR,4,MIL,5,MIL,Final
20220625,mlb,401355303,BOS,4,CLE,2,BOS,Final
20220625,mlb,401355305,CIN,2,SF,9,SF,Final
20220625,mlb,401355306,COL,0,MIN,6,MIN,Final
20220625,mlb,401355309,LAD,3,ATL,5,ATL,Final
20220625,mlb,401355314,SEA,5,LAA,3,SEA,Final
20220625,mlb,401355307,DET,6,ARI,3,DET,Final
20220625,mlb,401355312,PHI,4,SD,2,PHI,Final
20220626,mlb,401355325,NYM,2,MIA,3,MIA,Final
20220626,mlb,401355323,HOU,3,NYY,6,NYY,Final/10
20220626,mlb,401355318,BOS,8,CLE,3,BOS,Final
20220626,mlb,401355328,PIT,2,TB,4,TB,Final
20220626,mlb,401355317,BAL,3,CHW,4,CHW,Final
20220626,mlb,401355321,COL,3,MIN,6,MIN,Final
20220626,mlb,401355326,ATH,5,KC,3,ATH,Final
20220626,mlb,401355330,TOR,3,MIL,10,MIL,Final
20220626,mlb,401355319,CHC,6,STL,5,CHC,Final/10
20220626,mlb,401355331,WSH,6,TEX,4,WSH,Final
20220626,mlb,401355320,CIN,10,SF,3,CIN,Final
20220626,mlb,401355329,SEA,1,LAA,2,LAA,Final
20220626,mlb,401355322,DET,7,ARI,11,ARI,Final
20220626,mlb,401355327,PHI,8,SD,5,PHI,Final
20220626,mlb,401355324,LAD,5,ATL,3,LAD,Final/11
20220627,mlb,401355338,ATH,5,NYY,9,NYY,Final
20220627,mlb,401355339,PIT,2,WSH,3,WSH,Final
20220627,mlb,401355333,BOS,2,TOR,7,TOR,Final
20220627,mlb,401355337,MIN,11,CLE,1,MIN,Final
20220627,mlb,401355336,MIA,0,STL,9,STL,Final
20220627,mlb,401355340,TEX,10,KC,4,TEX,Final
20220627,mlb,401355335,LAD,0,COL,4,COL,Final
20220627,mlb,401355334,CHW,3,LAA,4,LAA,Final
20220627,mlb,401355332,BAL,9,SEA,2,BAL,Final
20220628,mlb,401423229,MIN,2,CLE,3,CLE,Final
20220628,mlb,401355341,ATL,5,PHI,3,ATL,Final
20220628,mlb,401355352,ATH,1,NYY,2,NYY,Final
20220628,mlb,401355353,PIT,1,WSH,3,WSH,Final
20220628,mlb,401355343,BOS,5,TOR,6,TOR,Final
20220628,mlb,401355347,HOU,9,NYM,1,HOU,Final
20220628,mlb,401355350,MIL,5,TB,3,MIL,Final
20220628,mlb,401355351,MIN,6,CLE,0,MIN,Final
20220628,mlb,401355349,MIA,3,STL,5,STL,Final
20220628,mlb,401355345,CIN,5,CHC,3,CIN,Final
20220628,mlb,401355355,TEX,8,KC,3,TEX,Final
20220628,mlb,401355348,LAD,4,COL,7,COL,Final
20220628,mlb,401355344,CHW,11,LAA,4,CHW,Final
20220628,mlb,401355354,SD,6,ARI,7,ARI,Final
20220628,mlb,401355346,DET,3,SF,4,SF,Final
20220628,mlb,401355342,BAL,0,SEA,2,SEA,Final
20220629,mlb,401355365,MIL,5,TB,3,MIL,Final
20220629,mlb,401355367,ATH,3,NYY,5,NYY,Final
20220629,mlb,401355368,PIT,8,WSH,7,PIT,Final
20220629,mlb,401355362,HOU,2,NYM,0,HOU,Final
20220629,mlb,401355370,TEX,1,KC,2,KC,Final
20220629,mlb,401355369,SD,4,ARI,0,SD,Final
20220629,mlb,401355361,DET,3,SF,2,DET,Final
20220629,mlb,401355357,BAL,3,SEA,9,SEA,Final
20220629,mlb,401355356,ATL,4,PHI,1,ATL,Final
20220629,mlb,401355358,BOS,6,TOR,5,BOS,Final/10
20220629,mlb,401355366,MIN,6,CLE,7,CLE,Final/10
20220629,mlb,401355364,MIA,4,STL,3,MIA,Final
20220629,mlb,401355360,CIN,3,CHC,8,CHC,Final
20220629,mlb,401355363,LAD,8,COL,4,LAD,Final
20220629,mlb,401355359,CHW,1,LAA,4,LAA,Final
20220630,mlb,401355374,MIN,3,CLE,5,CLE,Final
20220630,mlb,401355371,ATL,4,PHI,14,PHI,Final
20220630,mlb,401423230,NYY,1,HOU,2,HOU,Final
20220630,mlb,401355373,MIL,7,PIT,8,PIT,Final
20220630,mlb,401355377,TB,1,TOR,4,TOR,Final
20220630,mlb,401355372,CIN,7,CHC,15,CHC,Final
20220630,mlb,401355375,ATH,6,SEA,8,SEA,Final
20220630,mlb,401355376,SD,1,LAD,3,LAD,Final
20220701,mlb,401355382,BOS,5,CHC,6,CHC,Final
20220701,mlb,401355391,TB,2,TOR,9,TOR,Final
20220701,mlb,401355385,MIA,6,WSH,3,MIA,Final
20220701,mlb,401355390,STL,3,PHI,5,PHI,Final
20220701,mlb,401355380,ATL,9,CIN,1,ATL,Final
20220701,mlb,401355386,MIL,19,PIT,2,MIL,Final
20220701,mlb,401355392,TEX,3,NYM,4,NYM,Final
20220701,mlb,401355384,KC,3,DET,1,KC,Final
20220701,mlb,401355378,LAA,1,HOU,8,HOU,Final
20220701,mlb,401355379,ARI,9,COL,3,ARI,Final
20220701,mlb,401355381,BAL,2,MIN,3,MIN,Final
20220701,mlb,401355388,ATH,3,SEA,1,ATH,Final
20220701,mlb,401355389,SD,1,LAD,5,LAD,Final
20220701,mlb,401355383,CHW,1,SF,0,CHW,Final
20220702,mlb,401355406,TB,6,TOR,2,TB,Final
20220702,mlb,401456485,NYY,13,CLE,4,NYY,Final
20220702,mlb,401355396,BAL,3,MIN,4,MIN,Final
20220702,mlb,401355398,CHW,5,SF,3,CHW,Final
20220702,mlb,401355400,MIA,5,WSH,3,MIA,Final
20220702,mlb,401355401,MIL,4,PIT,7,PIT,Final
20220702,mlb,401355405,STL,7,PHI,6,STL,Final
20220702,mlb,401355393,LAA,1,HOU,9,HOU,Final
20220702,mlb,401355395,ATL,4,CIN,1,ATL,Final
20220702,mlb,401355399,KC,3,DET,4,DET,Final
20220702,mlb,401355403,ATH,1,SEA,2,SEA,Final
20220702,mlb,401355407,TEX,7,NYM,3,TEX,Final
20220702,mlb,401423233,TB,11,TOR,5,TB,Final
20220702,mlb,401355402,NYY,6,CLE,1,NYY,Final
20220702,mlb,401355397,BOS,1,CHC,3,CHC,Final
20220702,mlb,401355404,SD,2,LAD,7,LAD,Final
20220702,mlb,401355394,ARI,7,COL,11,COL,Final
20220703,mlb,401355414,KC,7,DET,4,KC,Final
20220703,mlb,401355415,MIA,7,WSH,4,MIA,Final/10
20220703,mlb,401355416,MIL,2,PIT,0,MIL,Final
20220703,mlb,401355421,TB,7,TOR,3,TB,Final
20220703,mlb,401355410,ATL,3,CIN,4,CIN,Final
20220703,mlb,401355417,NYY,0,CLE,2,CLE,Final
20220703,mlb,401355422,TEX,1,NYM,4,NYM,Final
20220703,mlb,401355408,LAA,2,HOU,4,HOU,Final
20220703,mlb,401355411,BAL,3,MIN,1,BAL,Final
20220703,mlb,401355412,BOS,4,CHC,2,BOS,Final/11
20220703,mlb,401355409,ARI,5,COL,6,COL,Final
20220703,mlb,401355413,CHW,13,SF,4,CHW,Final
20220703,mlb,401355418,ATH,1,SEA,2,SEA,Final
20220703,mlb,401355419,SD,4,LAD,2,SD,Final
20220703,mlb,401355420,STL,0,PHI,4,PHI,Final
20220704,mlb,401355427,MIA,3,WSH,2,MIA,Final/10
20220704,mlb,401355434,TEX,6,BAL,7,BAL,Final/10
20220704,mlb,401355424,CLE,1,DET,4,DET,Final
20220704,mlb,401355433,TB,0,BOS,4,BOS,Final
20220704,mlb,401355423,CHC,2,MIL,5,MIL,Final/10
20220704,mlb,401355426,KC,6,HOU,7,HOU,Final
20220704,mlb,401355431,SF,3,ARI,8,ARI,Final
20220704,mlb,401355429,NYM,7,CIN,4,NYM,Final
20220704,mlb,401355430,SEA,8,SD,2,SEA,Final
20220704,mlb,401442640,CLE,3,DET,5,DET,Final
20220704,mlb,401355432,STL,3,ATL,6,ATL,Final
20220704,mlb,401355428,MIN,6,CHW,3,MIN,Final/10
20220704,mlb,401355435,TOR,1,ATH,5,ATH,Final
20220704,mlb,401355425,COL,3,LAD,5,LAD,Final
20220705,mlb,401355444,SEA,6,SD,2,SEA,Final
20220705,mlb,401355436,LAA,1,MIA,2,MIA,Final
20220705,mlb,401355443,NYM,0,CIN,1,CIN,Final
20220705,mlb,401355442,NYY,2,PIT,5,PIT,Final
20220705,mlb,401355448,TEX,9,BAL,10,BAL,Final/10
20220705,mlb,401355450,WSH,0,PHI,11,PHI,Final
20220705,mlb,401355438,CLE,4,DET,11,DET,Final
20220705,mlb,401355447,TB,8,BOS,4,TB,Final
20220705,mlb,401355446,STL,1,ATL,7,ATL,Final
20220705,mlb,401355437,CHC,8,MIL,3,CHC,Final
20220705,mlb,401355440,KC,7,HOU,9,HOU,Final
20220705,mlb,401355441,MIN,8,CHW,2,MIN,Final
20220705,mlb,401355445,SF,2,ARI,6,ARI,Final
20220705,mlb,401355449,TOR,3,ATH,5,ATH,Final
20220705,mlb,401355439,COL,2,LAD,5,LAD,Final
20220706,mlb,401355453,CLE,2,DET,8,DET,Final
20220706,mlb,401355452,CHC,2,MIL,1,CHC,Final
20220706,mlb,401355455,MIN,8,CHW,9,CHW,Final/10
20220706,mlb,401355462,TOR,2,ATH,1,TOR,Final
20220706,mlb,401355451,LAA,5,MIA,2,LAA,Final
20220706,mlb,401355457,NYM,8,CIN,3,NYM,Final/10
20220706,mlb,401355459,STL,0,ATL,3,ATL,Final
20220706,mlb,401355456,NYY,16,PIT,0,NYY,Final
20220706,mlb,401355461,TEX,1,BAL,2,BAL,Final
20220706,mlb,401355463,WSH,3,PHI,2,WSH,Final
20220706,mlb,401355460,TB,7,BOS,1,TB,Final
20220706,mlb,401355454,KC,7,HOU,4,KC,Final
20220706,mlb,401355458,SF,7,ARI,5,SF,Final
20220706,mlb,401423236,COL,1,LAD,2,LAD,Final
20220707,mlb,401355468,KC,2,HOU,5,HOU,Final
20220707,mlb,401435878,PIT,4,CIN,2,PIT,Final
20220707,mlb,401355473,WSH,3,PHI,5,PHI,Final
20220707,mlb,401355464,LAA,1,BAL,4,BAL,Final
20220707,mlb,401355469,MIA,0,NYM,10,NYM,Final
20220707,mlb,401355470,NYY,6,BOS,5,NYY,Final
20220707,mlb,401423239,PIT,1,CIN,5,CIN,Final
20220707,mlb,401355471,STL,3,ATL,2,STL,Final/11
20220707,mlb,401355467,DET,2,CHW,1,DET,Final
20220707,mlb,401355466,COL,4,ARI,3,COL,Final
20220707,mlb,401423237,SF,1,SD,2,SD,Final/10
20220707,mlb,401355465,CHC,3,LAD,5,LAD,Final
20220707,mlb,401355472,TOR,3,SEA,8,SEA,Final
20220708,mlb,401355486,TB,1,CIN,2,CIN,Final/10
20220708,mlb,401355474,LAA,4,BAL,5,BAL,Final
20220708,mlb,401355480,MIA,5,NYM,2,MIA,Final
20220708,mlb,401355482,NYY,12,BOS,5,NYY,Final
20220708,mlb,401355488,WSH,2,ATL,12,ATL,Final
20220708,mlb,401355481,MIN,5,TEX,6,TEX,Final
20220708,mlb,401355476,CLE,3,KC,4,KC,Final
20220708,mlb,401355478,DET,7,CHW,5,DET,Final
20220708,mlb,401355484,PIT,3,MIL,4,MIL,Final
20220708,mlb,401355483,PHI,2,STL,0,PHI,Final
20220708,mlb,401355477,COL,6,ARI,5,COL,Final
20220708,mlb,401355479,HOU,8,ATH,3,HOU,Final
20220708,mlb,401355485,SF,3,SD,6,SD,Final
20220708,mlb,401355475,CHC,3,LAD,4,LAD,Final/10
20220708,mlb,401355487,TOR,2,SEA,5,SEA,Final/11
20220709,mlb,401355493,DET,0,CHW,8,CHW,Final
20220709,mlb,401355498,PHI,1,STL,0,PHI,Final
20220709,mlb,401355489,LAA,0,BAL,1,BAL,Final
20220709,mlb,401355496,MIN,7,TEX,9,TEX,Final
20220709,mlb,401355494,HOU,2,ATH,3,ATH,Final
20220709,mlb,401355491,CLE,13,KC,1,CLE,Final
20220709,mlb,401355492,COL,2,ARI,9,ARI,Final
20220709,mlb,401355495,MIA,4,NYM,5,NYM,Final/10
20220709,mlb,401355499,PIT,4,MIL,3,PIT,Final
20220709,mlb,401355501,TB,4,CIN,5,CIN,Final/10
20220709,mlb,401355503,WSH,3,ATL,4,ATL,Final
20220709,mlb,401355497,NYY,5,BOS,6,BOS,Final/10
20220709,mlb,401355500,SF,3,SD,1,SF,Final
20220709,mlb,401355490,CHC,2,LAD,4,LAD,Final
20220709,mlb,401355502,TOR,1,SEA,2,SEA,Final
20220710,mlb,401355504,LAA,5,BAL,9,BAL,Final
20220710,mlb,401355518,WSH,3,ATL,4,ATL,Final/12
20220710,mlb,401355510,MIA,2,NYM,0,MIA,Final/10
20220710,mlb,401355516,TB,5,CIN,10,CIN,Final
20220710,mlb,401355506,CLE,1,KC,5,KC,Final
20220710,mlb,401355508,DET,2,CHW,4,CHW,Final
20220710,mlb,401355514,PIT,8,MIL,6,PIT,Final
20220710,mlb,401355513,PHI,3,STL,4,STL,Final
20220710,mlb,401355511,MIN,6,TEX,5,MIN,Final
20220710,mlb,401355509,HOU,6,ATH,1,HOU,Final
20220710,mlb,401355505,CHC,9,LAD,11,LAD,Final
20220710,mlb,401355507,COL,3,ARI,2,COL,Final
20220710,mlb,401355515,SF,12,SD,0,SF,Final
20220710,mlb,401355517,TOR,5,SEA,6,SEA,Final
20220710,mlb,401355512,NYY,6,BOS,11,BOS,Final
20220711,mlb,401430615,DET,1,KC,3,KC,Final
20220711,mlb,401355526,PIT,5,MIA,1,PIT,Final
20220711,mlb,401355520,BOS,5,TB,10,TB,Final
20220711,mlb,401355521,CHW,4,CLE,8,CLE,Final
20220711,mlb,401355525,PHI,1,STL,6,STL,Final
20220711,mlb,401355523,NYM,4,ATL,1,NYM,Final
20220711,mlb,401355524,ATH,8,TEX,10,TEX,Final
20220711,mlb,401355522,DET,3,KC,7,KC,Final
20220711,mlb,401355527,SD,6,COL,5,SD,Final
20220711,mlb,401355519,ARI,4,SF,3,ARI,Final
20220712,mlb,401430917,CHW,1,CLE,4,CLE,Final
20220712,mlb,401355540,PIT,3,MIA,2,PIT,Final
20220712,mlb,401355532,CIN,4,NYY,3,CIN,Final
20220712,mlb,401355539,PHI,3,TOR,4,TOR,Final
20220712,mlb,401355530,BOS,2,TB,3,TB,Final
20220712,mlb,401355531,CHW,7,CLE,0,CHW,Final
20220712,mlb,401355537,NYM,1,ATL,4,ATL,Final
20220712,mlb,401355536,MIL,6,MIN,3,MIL,Final
20220712,mlb,401355535,LAD,6,STL,7,STL,Final
20220712,mlb,401355529,BAL,4,CHC,2,BAL,Final
20220712,mlb,401355538,ATH,14,TEX,7,ATH,Final/12
20220712,mlb,401355533,DET,7,KC,5,DET,Final
20220712,mlb,401355541,SD,3,COL,5,COL,Final
20220712,mlb,401355534,HOU,6,LAA,5,HOU,Final
20220712,mlb,401355528,ARI,0,SF,13,SF,Final
20220713,mlb,401355557,SEA,6,WSH,4,SEA,Final
20220713,mlb,401355552,NYM,7,ATL,3,NYM,Final
20220713,mlb,401355551,MIL,1,MIN,4,MIN,Final
20220713,mlb,401355548,DET,2,KC,5,KC,Final
20220713,mlb,401355543,ARI,3,SF,4,SF,Final
20220713,mlb,401461451,SEA,2,WSH,1,SEA,Final
20220713,mlb,401355555,PIT,4,MIA,5,MIA,Final/10
20220713,mlb,401355547,CIN,6,NYY,7,NYY,Final/10
20220713,mlb,401355554,PHI,2,TOR,8,TOR,Final
20220713,mlb,401355545,BOS,1,TB,4,TB,Final
20220713,mlb,401355546,CHW,2,CLE,1,CHW,Final
20220713,mlb,401355550,LAD,7,STL,6,LAD,Final
20220713,mlb,401355544,BAL,7,CHC,1,BAL,Final
20220713,mlb,401355553,ATH,2,TEX,5,TEX,Final
20220713,mlb,401355556,SD,6,COL,10,COL,Final
20220713,mlb,401355549,HOU,1,LAA,7,LAA,Final
20220714,mlb,401355567,PIT,2,MIA,3,MIA,Final/11
20220714,mlb,401355568,SD,5,COL,8,COL,Final
20220714,mlb,401355558,ATL,5,WSH,4,ATL,Final
20220714,mlb,401355561,CIN,7,NYY,6,CIN,Final/10
20220714,mlb,401355563,KC,3,TOR,1,KC,Final
20220714,mlb,401355559,BOS,4,TB,5,TB,Final
20220714,mlb,401440390,DET,0,CLE,4,CLE,Final
20220714,mlb,401355564,LAD,4,STL,0,LAD,Final
20220714,mlb,401355560,CHW,12,MIN,2,CHW,Final
20220714,mlb,401355566,NYM,8,CHC,0,NYM,Final
20220714,mlb,401355569,SEA,6,TEX,5,SEA,Final
20220714,mlb,401355562,HOU,3,LAA,2,HOU,Final/10
20220714,mlb,401355565,MIL,3,SF,2,MIL,Final/10
20220715,mlb,401355582,PHI,2,MIA,1,PHI,Final
20220715,mlb,401355571,ATL,8,WSH,4,ATL,Final
20220715,mlb,401355573,BOS,5,NYY,4,BOS,Final/11
20220715,mlb,401355577,KC,1,TOR,8,TOR,Final
20220715,mlb,401355572,BAL,4,TB,5,TB,Final
20220715,mlb,401355576,DET,5,CLE,6,CLE,Final
20220715,mlb,401355584,SEA,8,TEX,3,SEA,Final
20220715,mlb,401355574,CHW,6,MIN,2,CHW,Final
20220715,mlb,401355581,ATH,5,HOU,1,ATH,Final
20220715,mlb,401355575,CIN,3,STL,7,STL,Final
20220715,mlb,401355583,PIT,2,COL,13,COL,Final
20220715,mlb,401355578,LAD,9,LAA,1,LAD,Final
20220715,mlb,401355570,ARI,3,SD,5,SD,Final
20220715,mlb,401355579,MIL,5,SF,8,SF,Final
20220716,mlb,401355589,CHW,3,MIN,6,MIN,Final
20220716,mlb,401355590,CIN,3,STL,11,STL,Final
20220716,mlb,401355595,NYM,2,CHC,1,NYM,Final/11
20220716,mlb,401355592,KC,5,TOR,6,TOR,Final/10
20220716,mlb,401355598,PIT,0,COL,2,COL,Final
20220716,mlb,401355586,ATL,6,WSH,3,ATL,Final
20220716,mlb,401355599,SEA,3,TEX,2,SEA,Final/10
20220716,mlb,401355587,BAL,6,TB,4,BAL,Final/11
20220716,mlb,401355591,DET,0,CLE,10,CLE,Final
20220716,mlb,401355596,ATH,0,HOU,5,HOU,Final
20220716,mlb,401355597,PHI,10,MIA,0,PHI,Final
20220716,mlb,401355588,BOS,1,NYY,14,NYY,Final
20220716,mlb,401355594,MIL,1,SF,2,SF,Final
20220716,mlb,401462521,NYM,4,CHC,3,NYM,Final/10
20220716,mlb,401355585,ARI,3,SD,4,SD,Final
20220716,mlb,401355593,LAD,7,LAA,1,LAD,Final
20220717,mlb,401355607,KC,2,TOR,4,TOR,Final
20220717,mlb,401355601,ATL,3,WSH,7,WSH,Final
20220717,mlb,401355603,BOS,2,NYY,13,NYY,Final
20220717,mlb,401355602,BAL,5,TB,7,TB,Final
20220717,mlb,401355611,PHI,4,MIA,0,PHI,Final
20220717,mlb,401355604,CHW,11,MIN,0,CHW,Final
20220717,mlb,401355610,ATH,4,HOU,3,ATH,Final
20220717,mlb,401355609,NYM,2,CHC,3,CHC,Final
20220717,mlb,401355613,SEA,6,TEX,2,SEA,Final
20220717,mlb,401355612,PIT,8,COL,3,PIT,Final
20220717,mlb,401355608,MIL,5,SF,9,SF,Final
20220717,mlb,401355600,ARI,3,SD,1,ARI,Final
20220721,mlb,401423240,NYY,2,HOU,3,HOU,Final
20220721,mlb,401423244,TEX,8,MIA,0,TEX,Final
20220721,mlb,401423242,DET,7,ATH,2,DET,Final
20220721,mlb,401423241,NYY,5,HOU,7,HOU,Final
20220721,mlb,401423243,DET,0,ATH,5,ATH,Final
20220721,mlb,401355614,SF,6,LAD,9,LAD,Final
20220722,mlb,401355624,STL,5,CIN,9,CIN,Final
20220722,mlb,401355616,CHC,15,PHI,2,CHC,Final
20220722,mlb,401355620,MIA,8,PIT,1,MIA,Final
20220722,mlb,401355621,NYY,7,BAL,6,NYY,Final
20220722,mlb,401355622,SD,4,NYM,1,SD,Final
20220722,mlb,401355627,TOR,28,BOS,5,TOR,Final
20220722,mlb,401355615,LAA,1,ATL,8,ATL,Final
20220722,mlb,401355617,CLE,8,CHW,2,CLE,Final
20220722,mlb,401355618,COL,5,MIL,6,MIL,Final/13
20220722,mlb,401355625,TB,7,KC,3,TB,Final
20220722,mlb,401355626,TEX,4,ATH,5,ATH,Final
20220722,mlb,401355628,WSH,1,ARI,10,ARI,Final
20220722,mlb,401355619,HOU,5,SEA,2,HOU,Final
20220722,mlb,401355623,SF,1,LAD,5,LAD,Final
20220723,mlb,401437510,CLE,7,CHW,4,CLE,Final
20220723,mlb,401355633,HOU,3,SEA,1,HOU,Final
20220723,mlb,401355643,TOR,4,BOS,1,TOR,Final
20220723,mlb,401355630,CHC,6,PHI,2,CHC,Final/10
20220723,mlb,401356858,MIN,8,DET,4,MIN,Final
20220723,mlb,401355640,STL,6,CIN,3,STL,Final
20220723,mlb,401355634,MIA,0,PIT,1,PIT,Final
20220723,mlb,401355637,NYY,3,BAL,6,BAL,Final
20220723,mlb,401355632,COL,4,MIL,9,MIL,Final
20220723,mlb,401355638,SD,2,NYM,1,SD,Final
20220723,mlb,401355641,TB,3,KC,6,KC,Final
20220723,mlb,401355631,CLE,4,CHW,5,CHW,Final
20220723,mlb,401355639,SF,2,LAD,4,LAD,Final
20220723,mlb,401355629,LAA,2,ATL,7,ATL,Final
20220723,mlb,401355644,WSH,2,ARI,7,ARI,Final
20220723,mlb,401355642,TEX,1,ATH,3,ATH,Final
20220724,mlb,401355646,CHC,4,PHI,3,CHC,Final
20220724,mlb,401355645,LAA,9,ATL,1,LAA,Final
20220724,mlb,401355650,MIA,6,PIT,5,MIA,Final/10
20220724,mlb,401355652,NYY,6,BAL,0,NYY,Final
20220724,mlb,401355658,TOR,8,BOS,4,TOR,Final
20220724,mlb,401355651,MIN,9,DET,1,MIN,Final
20220724,mlb,401355655,STL,3,CIN,6,CIN,Final
20220724,mlb,401355647,CLE,3,CHW,6,CHW,Final
20220724,mlb,401355648,COL,9,MIL,10,MIL,Final
20220724,mlb,401355656,TB,2,KC,4,KC,Final
20220724,mlb,401355657,TEX,11,ATH,8,TEX,Final
20220724,mlb,401355649,HOU,8,SEA,5,HOU,Final
20220724,mlb,401355654,SF,4,LAD,7,LAD,Final
20220724,mlb,401355659,WSH,4,ARI,3,WSH,Final
20220724,mlb,401355653,SD,5,NYM,8,NYM,Final
20220725,mlb,401355665,MIA,2,CIN,11,CIN,Final
20220725,mlb,401355661,ATL,4,PHI,6,PHI,Final
20220725,mlb,401355669,TB,1,BAL,5,BAL,Final
20220725,mlb,401355662,CLE,1,BOS,3,BOS,Final
20220725,mlb,401355667,SD,4,DET,12,DET,Final
20220725,mlb,401355666,PIT,2,CHC,3,CHC,Final
20220725,mlb,401355660,LAA,0,KC,7,KC,Final
20220725,mlb,401355663,COL,2,MIL,0,COL,Final
20220725,mlb,401355664,HOU,5,ATH,7,ATH,Final
20220725,mlb,401355668,SF,0,ARI,7,ARI,Final
20220725,mlb,401355670,TEX,3,SEA,4,SEA,Final
20220725,mlb,401355671,WSH,4,LAD,1,WSH,Final
20220726,mlb,401355680,PIT,2,CHC,4,CHC,Final
20220726,mlb,401355677,MIA,2,CIN,1,MIA,Final
20220726,mlb,401355673,ATL,6,PHI,3,ATL,Final
20220726,mlb,401355684,TB,3,BAL,5,BAL,Final
20220726,mlb,401355683,STL,3,TOR,10,TOR,Final
20220726,mlb,401355675,CLE,8,BOS,3,CLE,Final
20220726,mlb,401355679,NYY,3,NYM,6,NYM,Final
20220726,mlb,401355681,SD,6,DET,4,SD,Final/10
20220726,mlb,401355672,LAA,6,KC,0,LAA,Final
20220726,mlb,401355678,MIN,6,MIL,7,MIL,Final
20220726,mlb,401355674,CHW,2,COL,1,CHW,Final
20220726,mlb,401355676,HOU,3,ATH,5,ATH,Final
20220726,mlb,401355682,SF,3,ARI,7,ARI,Final
20220726,mlb,401355685,TEX,4,SEA,5,SEA,Final
20220726,mlb,401355686,WSH,8,LAD,3,WSH,Final
20220727,mlb,401355688,ATL,2,PHI,7,PHI,Final
20220727,mlb,401355695,SD,3,DET,4,DET,Final
20220727,mlb,401355687,LAA,4,KC,0,LAA,Final
20220727,mlb,401355693,MIN,4,MIL,10,MIL,Final
20220727,mlb,401355689,CHW,5,COL,6,COL,Final
20220727,mlb,401355700,WSH,1,LAD,7,LAD,Final
20220727,mlb,401355691,HOU,2,ATH,4,ATH,Final
20220727,mlb,401355696,SF,3,ARI,5,ARI,Final
20220727,mlb,401355699,TEX,2,SEA,4,SEA,Final
20220727,mlb,401355692,MIA,3,CIN,5,CIN,Final
20220727,mlb,401355694,NYY,2,NYM,3,NYM,Final
20220727,mlb,401355698,TB,6,BAL,4,TB,Final/10
20220727,mlb,401355697,STL,6,TOR,1,STL,Final
20220727,mlb,401355690,CLE,7,BOS,6,CLE,Final
20220728,mlb,401355706,MIA,7,CIN,6,MIA,Final
20220728,mlb,401355709,TB,0,BAL,3,BAL,Final
20220728,mlb,401355704,KC,0,NYY,1,NYY,Final
20220728,mlb,401355707,PHI,8,PIT,7,PHI,Final
20220728,mlb,401355703,DET,3,TOR,5,TOR,Final
20220728,mlb,401355702,CLE,2,BOS,4,BOS,Final
20220728,mlb,401355708,SEA,2,HOU,4,HOU,Final
20220728,mlb,401355705,LAD,13,COL,0,LAD,Final
20220728,mlb,401355710,TEX,2,LAA,0,TEX,Final
20220728,mlb,401355701,CHC,2,SF,4,SF,Final
20220729,mlb,401355712,BAL,6,CIN,2,BAL,Final
20220729,mlb,401355720,NYM,6,MIA,4,NYM,Final
20220729,mlb,401355716,KC,5,NYY,11,NYY,Final
20220729,mlb,401355722,PHI,4,PIT,2,PHI,Final/10
20220729,mlb,401355724,STL,6,WSH,2,STL,Final
20220729,mlb,401355715,DET,4,TOR,2,DET,Final
20220729,mlb,401355714,CLE,4,TB,1,CLE,Final
20220729,mlb,401355718,MIL,4,BOS,1,MIL,Final
20220729,mlb,401355711,ARI,2,ATL,5,ATL,Final
20220729,mlb,401355721,ATH,7,CHW,3,ATH,Final
20220729,mlb,401355723,SEA,1,HOU,11,HOU,Final
20220729,mlb,401355717,LAD,5,COL,4,LAD,Final
20220729,mlb,401355725,TEX,7,LAA,2,TEX,Final
20220729,mlb,401355719,MIN,1,SD,10,SD,Final
20220729,mlb,401355713,CHC,4,SF,2,CHC,Final
20220730,mlb,401355729,CLE,4,TB,6,TB,Final
20220730,mlb,401355731,KC,2,NYY,8,NYY,Final
20220730,mlb,401355730,DET,3,TOR,5,TOR,Final
20220730,mlb,401355733,MIL,9,BOS,4,MIL,Final
20220730,mlb,401355735,NYM,4,MIA,0,NYM,Final
20220730,mlb,401355727,BAL,2,CIN,8,CIN,Final
20220730,mlb,401355738,SEA,5,HOU,4,SEA,Final
20220730,mlb,401355734,MIN,7,SD,4,MIN,Final
20220730,mlb,401355736,ATH,2,CHW,3,CHW,Final
20220730,mlb,401355737,PHI,2,PIT,1,PHI,Final/10
20220730,mlb,401355739,STL,6,WSH,7,WSH,Final
20220730,mlb,401355726,ARI,2,ATL,6,ATL,Final
20220730,mlb,401355732,LAD,3,COL,5,COL,Final
20220730,mlb,401355728,CHC,4,SF,5,SF,Final
20220730,mlb,401355740,TEX,7,LAA,9,LAA,Final
20220731,mlb,401355745,DET,1,TOR,4,TOR,Final
20220731,mlb,401355741,ARI,0,ATL,1,ATL,Final
20220731,mlb,401355746,KC,8,NYY,6,KC,Final
20220731,mlb,401355748,MIL,2,BOS,7,BOS,Final
20220731,mlb,401355752,PHI,8,PIT,2,PHI,Final
20220731,mlb,401355754,STL,5,WSH,0,STL,Final
20220731,mlb,401355742,BAL,2,CIN,3,CIN,Final
20220731,mlb,401355744,CLE,5,TB,3,CLE,Final
20220731,mlb,401355750,NYM,9,MIA,3,NYM,Final
20220731,mlb,401355751,ATH,1,CHW,4,CHW,Final
20220731,mlb,401355753,SEA,2,HOU,3,HOU,Final/10
20220731,mlb,401355747,LAD,7,COL,3,LAD,Final
20220731,mlb,401355755,TEX,5,LAA,2,TEX,Final
20220731,mlb,401355749,MIN,2,SD,3,SD,Final
20220731,mlb,401355743,CHC,0,SF,4,SF,Final
20220801,mlb,401355759,CIN,3,MIA,1,CIN,Final
20220801,mlb,401355764,NYM,7,WSH,3,NYM,Final
20220801,mlb,401355765,SEA,2,NYY,7,NYY,Final
20220801,mlb,401355756,ARI,5,CLE,6,CLE,Final/11
20220801,mlb,401355761,DET,3,MIN,5,MIN,Final/10
20220801,mlb,401355758,BOS,3,HOU,2,BOS,Final
20220801,mlb,401355757,BAL,7,TEX,2,BAL,Final
20220801,mlb,401355762,KC,2,CHW,1,KC,Final
20220801,mlb,401355760,COL,1,SD,4,SD,Final
20220801,mlb,401355763,LAD,8,SF,2,LAD,Final
20220802,mlb,401423245,COL,5,SD,13,SD,Final
20220802,mlb,401355770,CIN,2,MIA,1,CIN,Final
20220802,mlb,401355775,MIL,3,PIT,5,PIT,Final
20220802,mlb,401355776,NYM,1,WSH,5,WSH,Final
20220802,mlb,401355779,SEA,8,NYY,6,SEA,Final
20220802,mlb,401355766,ARI,6,CLE,3,ARI,Final
20220802,mlb,401355780,TOR,3,TB,1,TOR,Final
20220802,mlb,401355778,PHI,1,ATL,13,ATL,Final
20220802,mlb,401355772,DET,5,MIN,3,DET,Final
20220802,mlb,401355769,CHC,0,STL,6,STL,Final
20220802,mlb,401355767,BAL,8,TEX,2,BAL,Final
20220802,mlb,401355768,BOS,2,HOU,1,BOS,Final
20220802,mlb,401355773,KC,2,CHW,9,CHW,Final
20220802,mlb,401355777,ATH,1,LAA,3,LAA,Final
20220802,mlb,401355774,LAD,9,SF,5,LAD,Final
20220802,mlb,401355771,COL,2,SD,3,SD,Final
20220803,mlb,401355795,TOR,2,TB,3,TB,Final
20220803,mlb,401355793,PHI,3,ATL,1,PHI,Final
20220803,mlb,401355794,SEA,7,NYY,3,SEA,Final
20220803,mlb,401355781,ARI,4,CLE,7,CLE,Final
20220803,mlb,401355787,DET,1,MIN,4,MIN,Final
20220803,mlb,401355782,BAL,6,TEX,3,BAL,Final
20220803,mlb,401355783,BOS,1,HOU,6,HOU,Final
20220803,mlb,401355788,KC,1,CHW,4,CHW,Final
20220803,mlb,401355791,NYM,9,WSH,5,NYM,Final
20220803,mlb,401355785,CIN,0,MIA,3,MIA,Final
20220803,mlb,401355790,MIL,7,PIT,8,PIT,Final
20220803,mlb,401355792,ATH,3,LAA,1,ATH,Final
20220803,mlb,401355786,COL,1,SD,9,SD,Final
20220803,mlb,401355789,LAD,3,SF,0,LAD,Final
20220804,mlb,401355803,MIL,4,PIT,5,PIT,Final/10
20220804,mlb,401465780,CHC,3,STL,4,STL,Final
20220804,mlb,401355802,LAD,5,SF,3,LAD,Final
20220804,mlb,401355804,ATH,8,LAA,7,ATH,Final
20220804,mlb,401355800,COL,7,SD,3,COL,Final
20220804,mlb,401355807,WSH,4,PHI,5,PHI,Final/5
20220804,mlb,401355796,ATL,4,NYM,6,NYM,Final
20220804,mlb,401355801,HOU,6,CLE,0,HOU,Final
20220804,mlb,401355805,TB,6,DET,2,TB,Final
20220804,mlb,401355806,TOR,9,MIN,3,TOR,Final
20220804,mlb,401355799,CHC,2,STL,7,STL,Final
20220804,mlb,401355798,CHW,2,TEX,3,TEX,Final
20220804,mlb,401355797,BOS,3,KC,7,KC,Final
20220805,mlb,401355815,MIA,1,CHC,2,CHC,Final
20220805,mlb,401355817,PIT,0,BAL,1,BAL,Final
20220805,mlb,401355821,WSH,2,PHI,7,PHI,Final
20220805,mlb,401355809,ATL,9,NYM,6,ATL,Final
20220805,mlb,401355814,HOU,9,CLE,3,HOU,Final
20220805,mlb,401355819,TB,5,DET,3,TB,Final
20220805,mlb,401355811,CHW,2,TEX,1,CHW,Final
20220805,mlb,401355810,BOS,7,KC,4,BOS,Final
20220805,mlb,401355812,CIN,1,MIL,5,MIL,Final
20220805,mlb,401355820,TOR,5,MIN,6,MIN,Final/10
20220805,mlb,401355816,NYY,3,STL,4,STL,Final
20220805,mlb,401355813,COL,5,ARI,6,ARI,Final
20220805,mlb,401355808,LAA,4,SEA,3,LAA,Final/10
20220805,mlb,401355818,SD,1,LAD,8,LAD,Final
20220806,mlb,401423247,ATL,5,NYM,8,NYM,Final
20220806,mlb,401355829,MIA,0,CHC,4,CHC,Final
20220806,mlb,401355822,LAA,1,SEA,2,SEA,Final
20220806,mlb,401355831,PIT,3,BAL,6,BAL,Final
20220806,mlb,401355836,WSH,5,PHI,11,PHI,Final
20220806,mlb,401355828,HOU,1,CLE,4,CLE,Final
20220806,mlb,401355834,TB,1,DET,9,DET,Final
20220806,mlb,401355825,CHW,0,TEX,8,TEX,Final
20220806,mlb,401355833,SF,7,ATH,3,SF,Final
20220806,mlb,401355823,ATL,2,NYM,6,NYM,Final
20220806,mlb,401355824,BOS,4,KC,5,KC,Final
20220806,mlb,401355835,TOR,3,MIN,7,MIN,Final
20220806,mlb,401355826,CIN,7,MIL,5,CIN,Final
20220806,mlb,401355830,NYY,0,STL,1,STL,Final
20220806,mlb,401355827,COL,3,ARI,2,COL,Final
20220806,mlb,401355832,SD,3,LAD,8,LAD,Final
20220806,mlb,401423246,LAA,7,SEA,1,LAA,Final
20220807,mlb,401355843,HOU,0,CLE,1,CLE,Final
20220807,mlb,401355846,PIT,8,BAL,1,PIT,Final
20220807,mlb,401355851,WSH,1,PHI,13,PHI,Final
20220807,mlb,401355849,TB,7,DET,0,TB,Final
20220807,mlb,401355839,BOS,5,KC,13,KC,Final
20220807,mlb,401355841,CIN,4,MIL,2,CIN,Final/10
20220807,mlb,401355850,TOR,3,MIN,2,TOR,Final/10
20220807,mlb,401355845,NYY,9,STL,12,STL,Final
20220807,mlb,401355844,MIA,3,CHC,0,MIA,Final
20220807,mlb,401355840,CHW,8,TEX,2,CHW,Final
20220807,mlb,401355848,SF,6,ATH,4,SF,Final
20220807,mlb,401355837,LAA,3,SEA,6,SEA,Final
20220807,mlb,401355838,ATL,2,NYM,5,NYM,Final
20220807,mlb,401355842,COL,4,ARI,6,ARI,Final
20220807,mlb,401355847,SD,0,LAD,4,LAD,Final
20220808,mlb,401355857,TOR,4,BAL,7,BAL,Final
20220808,mlb,401355853,CIN,1,NYM,5,NYM,Final
20220808,mlb,401355858,WSH,3,CHC,6,CHC,Final
20220808,mlb,401355852,LAA,1,ATH,0,LAA,Final
20220808,mlb,401355855,PIT,0,ARI,3,ARI,Final
20220808,mlb,401355856,SF,1,SD,0,SF,Final
20220808,mlb,401355854,NYY,9,SEA,4,NYY,Final
20220809,mlb,401355861,CHW,2,KC,4,KC,Final
20220809,mlb,401355864,MIA,1,PHI,4,PHI,Final
20220809,mlb,401355872,TOR,5,BAL,6,BAL,Final
20220809,mlb,401355860,ATL,9,BOS,7,ATL,Final/11
20220809,mlb,401355862,CIN,2,NYM,6,NYM,Final
20220809,mlb,401355863,CLE,5,DET,2,CLE,Final
20220809,mlb,401423248,CHW,3,KC,2,CHW,Final
20220809,mlb,401355873,WSH,6,CHC,5,WSH,Final
20220809,mlb,401355870,TB,3,MIL,5,MIL,Final
20220809,mlb,401355871,TEX,5,HOU,7,HOU,Final
20220809,mlb,401355869,STL,5,COL,16,COL,Final
20220809,mlb,401355859,LAA,5,ATH,1,LAA,Final
20220809,mlb,401355867,PIT,4,ARI,6,ARI,Final
20220809,mlb,401355868,SF,4,SD,7,SD,Final
20220809,mlb,401355865,MIN,3,LAD,10,LAD,Final
20220809,mlb,401355866,NYY,0,SEA,1,SEA,Final/13
20220810,mlb,401355877,CIN,2,NYM,10,NYM,Final
20220810,mlb,401355885,TB,3,MIL,4,MIL,Final/10
20220810,mlb,401355888,WSH,2,CHC,4,CHC,Final
20220810,mlb,401355874,LAA,5,ATH,4,LAA,Final/12
20220810,mlb,401355881,NYY,3,SEA,4,SEA,Final
20220810,mlb,401355883,SF,7,SD,13,SD,Final
20220810,mlb,401355879,MIA,3,PHI,4,PHI,Final
20220810,mlb,401355875,ATL,8,BOS,4,ATL,Final
20220810,mlb,401355878,CLE,3,DET,2,CLE,Final
20220810,mlb,401355876,CHW,3,KC,8,KC,Final
20220810,mlb,401355886,TEX,8,HOU,4,TEX,Final/10
20220810,mlb,401355884,STL,9,COL,5,STL,Final
20220810,mlb,401355882,PIT,6,ARI,4,PIT,Final
20220810,mlb,401355880,MIN,5,LAD,8,LAD,Final
20220811,mlb,401355891,MIA,3,PHI,0,MIA,Final
20220811,mlb,401355890,CLE,4,DET,3,CLE,Final/10
20220811,mlb,401355889,CHW,3,KC,5,KC,Final
20220811,mlb,401355894,TEX,3,HOU,7,HOU,Final
20220811,mlb,401355893,STL,6,COL,8,COL,Final
20220811,mlb,401355892,PIT,3,ARI,9,ARI,Final
20220811,mlb,401423250,BAL,3,BOS,4,BOS,Final
20220811,mlb,401355898,CHC,4,CIN,2,CHC,Final
20220812,mlb,401355896,ATL,4,MIA,3,ATL,Final
20220812,mlb,401355908,SD,10,WSH,5,SD,Final
20220812,mlb,401355899,CLE,8,TOR,0,CLE,Final
20220812,mlb,401355897,BAL,10,TB,3,BAL,Final
20220812,mlb,401355900,DET,0,CHW,2,CHW,Final
20220812,mlb,401355904,NYY,2,BOS,3,BOS,Final/10
20220812,mlb,401355906,PHI,2,NYM,1,PHI,Final/10
20220812,mlb,401355909,SEA,6,TEX,2,SEA,Final
20220812,mlb,401355901,LAD,8,KC,3,LAD,Final
20220812,mlb,401355905,ATH,5,HOU,7,HOU,Final
20220812,mlb,401355902,MIL,1,STL,3,STL,Final
20220812,mlb,401355895,ARI,3,COL,5,COL,Final
20220812,mlb,401355903,MIN,4,LAA,0,MIN,Final
20220812,mlb,401355907,PIT,3,SF,5,SF,Final
20220813,mlb,401423251,ATL,5,MIA,2,ATL,Final
20220813,mlb,401355914,CLE,1,TOR,2,TOR,Final
20220813,mlb,401355912,BAL,2,TB,8,TB,Final
20220813,mlb,401355913,CHC,7,CIN,2,CHC,Final
20220813,mlb,401355923,SD,3,WSH,4,WSH,Final
20220813,mlb,401355911,ATL,6,MIA,2,ATL,Final
20220813,mlb,401355915,DET,4,CHW,6,CHW,Final
20220813,mlb,401355916,LAD,13,KC,3,LAD,Final
20220813,mlb,401355920,ATH,0,HOU,8,HOU,Final
20220813,mlb,401355921,PHI,0,NYM,1,NYM,Final
20220813,mlb,401355917,MIL,3,STL,2,MIL,Final/10
20220813,mlb,401355919,NYY,3,BOS,2,NYY,Final
20220813,mlb,401355924,SEA,4,TEX,7,TEX,Final
20220813,mlb,401355910,ARI,6,COL,0,ARI,Final
20220813,mlb,401355922,PIT,0,SF,2,SF,Final
20220813,mlb,401355918,MIN,3,LAA,5,LAA,Final/11
20220814,mlb,401355938,SD,6,WSH,0,SD,Final
20220814,mlb,401355929,CLE,7,TOR,2,CLE,Final
20220814,mlb,401355926,ATL,3,MIA,1,ATL,Final
20220814,mlb,401355927,BAL,1,TB,4,TB,Final
20220814,mlb,401355928,CHC,5,CIN,8,CIN,Final
20220814,mlb,401355936,PHI,0,NYM,6,NYM,Final
20220814,mlb,401355930,DET,3,CHW,5,CHW,Final
20220814,mlb,401355931,LAD,0,KC,4,KC,Final
20220814,mlb,401355935,ATH,3,HOU,6,HOU,Final
20220814,mlb,401355932,MIL,3,STL,6,STL,Final
20220814,mlb,401355939,SEA,3,TEX,5,TEX,Final
20220814,mlb,401355925,ARI,7,COL,4,ARI,Final
20220814,mlb,401355937,PIT,7,SF,8,SF,Final
20220814,mlb,401355933,MIN,2,LAA,4,LAA,Final
20220814,mlb,401355934,NYY,0,BOS,3,BOS,Final
20220815,mlb,401463303,DET,1,CLE,4,CLE,Final
20220815,mlb,401355949,PHI,4,CIN,3,PHI,Final
20220815,mlb,401355950,SD,0,MIA,3,MIA,Final
20220815,mlb,401355943,DET,7,CLE,5,DET,Final
20220815,mlb,401355942,CHC,4,WSH,5,WSH,Final
20220815,mlb,401355952,TB,4,NYY,0,TB,Final
20220815,mlb,401355941,BAL,7,TOR,3,BAL,Final
20220815,mlb,401355947,NYM,1,ATL,13,ATL,Final
20220815,mlb,401355945,KC,2,MIN,4,MIN,Final
20220815,mlb,401355948,ATH,1,TEX,2,TEX,Final
20220815,mlb,401355944,HOU,2,CHW,4,CHW,Final
20220815,mlb,401355946,LAD,4,MIL,0,LAD,Final
20220815,mlb,401355951,SEA,6,LAA,2,SEA,Final
20220815,mlb,401355940,ARI,1,SF,6,SF,Final
20220816,mlb,401355964,PHI,11,CIN,4,PHI,Final
20220816,mlb,401355965,SD,3,MIA,4,MIA,Final
20220816,mlb,401355955,BOS,5,PIT,3,BOS,Final
20220816,mlb,401355956,CHC,7,WSH,5,CHC,Final/11
20220816,mlb,401355967,TB,3,NYY,1,TB,Final
20220816,mlb,401355954,BAL,4,TOR,2,BAL,Final
20220816,mlb,401355958,DET,4,CLE,3,DET,Final
20220816,mlb,401355962,NYM,0,ATL,5,ATL,Final
20220816,mlb,401355960,KC,0,MIN,9,MIN,Final
20220816,mlb,401355957,COL,4,STL,5,STL,Final
20220816,mlb,401355963,ATH,5,TEX,1,ATH,Final
20220816,mlb,401355959,HOU,3,CHW,4,CHW,Final
20220816,mlb,401355961,LAD,4,MIL,5,MIL,Final/11
20220816,mlb,401355966,SEA,8,LAA,2,SEA,Final
20220816,mlb,401355953,ARI,1,SF,2,SF,Final
20220817,mlb,401355979,PHI,0,CIN,1,CIN,Final
20220817,mlb,401355971,CHC,3,WSH,2,CHC,Final
20220817,mlb,401355975,KC,0,MIN,4,MIN,Final
20220817,mlb,401355969,BAL,1,TOR,6,TOR,Final
20220817,mlb,401355981,SEA,11,LAA,7,SEA,Final
20220817,mlb,401355980,SD,10,MIA,3,SD,Final
20220817,mlb,401355970,BOS,8,PIT,3,BOS,Final
20220817,mlb,401355982,TB,7,NYY,8,NYY,Final/10
20220817,mlb,401355973,DET,4,CLE,8,CLE,Final
20220817,mlb,401355977,NYM,9,ATL,7,NYM,Final
20220817,mlb,401355972,COL,1,STL,5,STL,Final
20220817,mlb,401355978,ATH,7,TEX,2,ATH,Final
20220817,mlb,401355974,HOU,3,CHW,2,HOU,Final
20220817,mlb,401355976,LAD,2,MIL,1,LAD,Final
20220817,mlb,401355968,ARI,3,SF,2,ARI,Final
20220818,mlb,401355985,COL,0,STL,13,STL,Final
20220818,mlb,401355990,ATH,3,TEX,10,TEX,Final
20220818,mlb,401355986,HOU,21,CHW,5,HOU,Final
20220818,mlb,401355988,LAD,3,MIL,5,MIL,Final
20220818,mlb,401445332,CHC,3,BAL,2,CHC,Final
20220818,mlb,401355983,ARI,5,SF,0,ARI,Final
20220818,mlb,401355984,BOS,2,PIT,8,PIT,Final
20220818,mlb,401355991,TOR,9,NYY,2,TOR,Final
20220818,mlb,401355987,KC,1,TB,7,TB,Final
20220818,mlb,401355989,NYM,2,ATL,3,ATL,Final
20220818,mlb,401355992,WSH,3,SD,1,WSH,Final
20220819,mlb,401356000,MIL,7,CHC,8,CHC,Final
20220819,mlb,401355994,BOS,10,BAL,15,BAL,Final
20220819,mlb,401355996,CIN,4,PIT,5,PIT,Final
20220819,mlb,401356001,NYM,7,PHI,2,NYM,Final
20220819,mlb,401356006,TOR,4,NYY,0,TOR,Final
20220819,mlb,401355993,LAA,1,DET,0,LAA,Final
20220819,mlb,401355995,CHW,2,CLE,5,CLE,Final
20220819,mlb,401355998,KC,3,TB,2,KC,Final/10
20220819,mlb,401355997,HOU,2,ATL,6,ATL,Final
20220819,mlb,401356005,TEX,1,MIN,2,MIN,Final
20220819,mlb,401356003,SF,4,COL,7,COL,Final
20220819,mlb,401356002,SEA,10,ATH,2,SEA,Final
20220819,mlb,401356004,STL,5,ARI,1,STL,Final
20220819,mlb,401356007,WSH,6,SD,3,WSH,Final
20220819,mlb,401355999,MIA,1,LAD,2,LAD,Final
20220820,mlb,401356021,TOR,5,NYY,2,TOR,Final
20220820,mlb,401435858,NYM,8,PHI,2,NYM,Final
20220820,mlb,401356008,LAA,3,DET,4,DET,Final
20220820,mlb,401356015,MIL,5,CHC,6,CHC,Final/11
20220820,mlb,401356009,BOS,4,BAL,3,BOS,Final
20220820,mlb,401356013,KC,2,TB,5,TB,Final
20220820,mlb,401356010,CHW,2,CLE,0,CHW,Final
20220820,mlb,401356011,CIN,10,PIT,1,CIN,Final
20220820,mlb,401356020,TEX,4,MIN,3,TEX,Final/10
20220820,mlb,401356012,HOU,4,ATL,5,ATL,Final/11
20220820,mlb,401356016,NYM,1,PHI,4,PHI,Final
20220820,mlb,401356017,SEA,3,ATH,4,ATH,Final/10
20220820,mlb,401356018,SF,3,COL,4,COL,Final/10
20220820,mlb,401356019,STL,16,ARI,7,STL,Final
20220820,mlb,401356022,WSH,1,SD,2,SD,Final
20220820,mlb,401356014,MIA,0,LAD,7,LAD,Final
20220821,mlb,401356026,CIN,9,PIT,5,CIN,Final
20220821,mlb,401356027,HOU,5,ATL,4,HOU,Final
20220821,mlb,401356031,NYM,10,PHI,9,NYM,Final
20220821,mlb,401356023,LAA,0,DET,4,DET,Final
20220821,mlb,401356028,KC,2,TB,3,TB,Final
20220821,mlb,401356036,TOR,2,NYY,4,NYY,Final
20220821,mlb,401356035,TEX,7,MIN,0,TEX,Final
20220821,mlb,401356030,MIL,5,CHC,2,MIL,Final
20220821,mlb,401356033,SF,9,COL,8,SF,Final/11
20220821,mlb,401356032,SEA,3,ATH,5,ATH,Final
20220821,mlb,401356029,MIA,3,LAD,10,LAD,Final
20220821,mlb,401356034,STL,6,ARI,4,STL,Final
20220821,mlb,401356037,WSH,1,SD,2,SD,Final
20220821,mlb,401356024,BOS,3,BAL,5,BAL,Final
20220822,mlb,401423253,CHW,4,KC,6,KC,Final
20220822,mlb,401356039,ATL,2,PIT,1,ATL,Final
20220822,mlb,401356040,CIN,1,PHI,4,PHI,Final
20220822,mlb,401356043,NYM,2,NYY,4,NYY,Final
20220822,mlb,401356038,LAA,1,TB,2,TB,Final
20220822,mlb,401356045,TEX,2,MIN,1,TEX,Final
20220822,mlb,401356044,STL,1,CHC,0,STL,Final
20220822,mlb,401356041,MIA,3,ATH,0,MIA,Final
20220822,mlb,401356042,MIL,4,LAD,0,MIL,Final
20220823,mlb,401423255,STL,0,CHC,2,CHC,Final
20220823,mlb,401356048,ATL,6,PIT,1,ATL,Final
20220823,mlb,401356049,CHW,3,BAL,5,BAL,Final
20220823,mlb,401356050,CIN,6,PHI,7,PHI,Final
20220823,mlb,401356055,NYM,2,NYY,4,NYY,Final
20220823,mlb,401356046,LAA,1,TB,11,TB,Final
20220823,mlb,401356056,SF,3,DET,1,SF,Final
20220823,mlb,401356059,TOR,9,BOS,3,TOR,Final
20220823,mlb,401356057,STL,13,CHC,3,STL,Final
20220823,mlb,401356047,ARI,7,KC,3,ARI,Final
20220823,mlb,401356054,MIN,2,HOU,4,HOU,Final
20220823,mlb,401356058,TEX,6,COL,7,COL,Final
20220823,mlb,401356051,CLE,3,SD,1,CLE,Final
20220823,mlb,401356052,MIA,5,ATH,3,MIA,Final
20220823,mlb,401356053,MIL,1,LAD,10,LAD,Final
20220823,mlb,401356060,WSH,2,SEA,4,SEA,Final
20220824,mlb,401356063,ATL,14,PIT,2,ATL,Final
20220824,mlb,401356070,SF,1,DET,6,DET,Final
20220824,mlb,401356072,TEX,16,COL,4,TEX,Final
20220824,mlb,401356067,MIA,2,ATH,3,ATH,Final/10
20220824,mlb,401356066,CLE,7,SD,0,CLE,Final
20220824,mlb,401356074,WSH,3,SEA,1,WSH,Final
20220824,mlb,401356064,CHW,5,BAL,3,CHW,Final
20220824,mlb,401356065,CIN,5,PHI,7,PHI,Final
20220824,mlb,401356061,LAA,3,TB,4,TB,Final/11
20220824,mlb,401356073,TOR,3,BOS,2,TOR,Final/10
20220824,mlb,401356071,STL,1,CHC,7,CHC,Final
20220824,mlb,401356062,ARI,3,KC,5,KC,Final
20220824,mlb,401356069,MIN,3,HOU,5,HOU,Final
20220824,mlb,401356068,MIL,6,LAD,12,LAD,Final
20220825,mlb,401356075,LAA,3,TB,8,TB,Final
20220825,mlb,401356082,STL,8,CHC,3,STL,Final
20220825,mlb,401356078,CLE,1,SEA,3,SEA,Final
20220825,mlb,401356076,CHW,3,BAL,4,BAL,Final/11
20220825,mlb,401356077,CIN,0,PHI,4,PHI,Final
20220825,mlb,401356079,COL,1,NYM,3,NYM,Final
20220825,mlb,401356083,TOR,6,BOS,5,TOR,Final/10
20220825,mlb,401356080,MIN,3,HOU,6,HOU,Final
20220825,mlb,401356081,NYY,13,ATH,4,NYY,Final
20220826,mlb,401356093,LAD,10,MIA,6,LAD,Final/10
20220826,mlb,401356089,CIN,7,WSH,3,CIN,Final
20220826,mlb,401356095,PIT,4,PHI,7,PHI,Final
20220826,mlb,401356084,LAA,12,TOR,0,LAA,Final
20220826,mlb,401356091,COL,6,NYM,7,NYM,Final
20220826,mlb,401356098,TB,8,BOS,9,BOS,Final
20220826,mlb,401356092,DET,6,TEX,7,TEX,Final
20220826,mlb,401356085,ARI,7,CHW,2,ARI,Final
20220826,mlb,401356087,BAL,2,HOU,0,BAL,Final
20220826,mlb,401356088,CHC,4,MIL,3,CHC,Final/10
20220826,mlb,401356096,SD,13,KC,5,SD,Final
20220826,mlb,401356097,SF,0,MIN,9,MIN,Final
20220826,mlb,401356086,ATL,11,STL,4,ATL,Final
20220826,mlb,401356094,NYY,3,ATH,2,NYY,Final
20220826,mlb,401356090,CLE,2,SEA,3,SEA,Final/11
20220827,mlb,401356099,LAA,2,TOR,0,LAA,Final
20220827,mlb,401356113,TB,1,BOS,5,BOS,Final
20220827,mlb,401356110,PIT,0,PHI,6,PHI,Final
20220827,mlb,401356108,LAD,1,MIA,2,MIA,Final
20220827,mlb,401356104,CIN,6,WSH,2,CIN,Final
20220827,mlb,401356107,DET,11,TEX,2,DET,Final
20220827,mlb,401356100,ARI,10,CHW,5,ARI,Final
20220827,mlb,401356102,BAL,3,HOU,1,BAL,Final
20220827,mlb,401356103,CHC,0,MIL,7,MIL,Final
20220827,mlb,401356106,COL,0,NYM,3,NYM,Final
20220827,mlb,401356111,SD,4,KC,3,SD,Final
20220827,mlb,401356101,ATL,5,STL,6,STL,Final
20220827,mlb,401356112,SF,2,MIN,3,MIN,Final/10
20220827,mlb,401356109,NYY,2,ATH,3,ATH,Final/11
20220827,mlb,401356105,CLE,4,SEA,3,CLE,Final
20220828,mlb,401356123,LAD,8,MIA,1,LAD,Final
20220828,mlb,401356119,CIN,2,WSH,3,WSH,Final
20220828,mlb,401356125,PIT,5,PHI,0,PIT,Final
20220828,mlb,401356128,TB,12,BOS,4,TB,Final
20220828,mlb,401356114,LAA,8,TOR,3,LAA,Final
20220828,mlb,401356121,COL,1,NYM,0,COL,Final
20220828,mlb,401356115,ARI,3,CHW,2,ARI,Final
20220828,mlb,401356117,BAL,1,HOU,3,HOU,Final
20220828,mlb,401356118,CHC,7,MIL,9,MIL,Final
20220828,mlb,401356126,SD,7,KC,15,KC,Final
20220828,mlb,401356127,SF,3,MIN,8,MIN,Final
20220828,mlb,401356122,DET,9,TEX,8,DET,Final
20220828,mlb,401356124,NYY,1,ATH,4,ATH,Final
20220828,mlb,401356120,CLE,0,SEA,4,SEA,Final
20220828,mlb,401356116,ATL,3,STL,6,STL,Final
20220829,mlb,401356131,LAD,3,MIA,2,LAD,Final/10
20220829,mlb,401356136,STL,13,CIN,4,STL,Final
20220829,mlb,401356130,CHC,4,TOR,5,TOR,Final/11
20220829,mlb,401356129,BOS,2,MIN,4,MIN,Final
20220829,mlb,401356134,PIT,5,MIL,7,MIL,Final
20220829,mlb,401356132,NYY,3,LAA,4,LAA,Final
20220829,mlb,401356133,PHI,7,ARI,13,ARI,Final
20220829,mlb,401356135,SD,6,SF,5,SD,Final
20220830,mlb,401356137,BAL,1,CLE,5,CLE,Final
20220830,mlb,401356150,STL,1,CIN,5,CIN,Final
20220830,mlb,401356151,TB,7,MIA,2,TB,Final
20220830,mlb,401356145,ATH,10,WSH,6,ATH,Final
20220830,mlb,401356139,CHC,3,TOR,5,TOR,Final
20220830,mlb,401356143,LAD,4,NYM,3,LAD,Final
20220830,mlb,401356149,SEA,9,DET,3,SEA,Final
20220830,mlb,401356140,COL,3,ATL,2,COL,Final
20220830,mlb,401356138,BOS,5,MIN,10,MIN,Final
20220830,mlb,401356141,HOU,4,TEX,2,HOU,Final
20220830,mlb,401356142,KC,9,CHW,7,KC,Final
20220830,mlb,401356147,PIT,4,MIL,2,PIT,Final
20220830,mlb,401356144,NYY,7,LAA,4,NYY,Final
20220830,mlb,401356146,PHI,3,ARI,12,ARI,Final
20220830,mlb,401356148,SD,4,SF,3,SD,Final
20220831,mlb,401356156,HOU,5,TEX,3,HOU,Final
20220831,mlb,401356162,PIT,1,MIL,6,MIL,Final
20220831,mlb,401356163,SD,5,SF,4,SD,Final
20220831,mlb,401356152,BAL,4,CLE,0,BAL,Final
20220831,mlb,401356165,STL,5,CIN,3,STL,Final/13
20220831,mlb,401356166,TB,2,MIA,1,TB,Final/10
20220831,mlb,401356160,ATH,1,WSH,5,WSH,Final
20220831,mlb,401356154,CHC,7,TOR,5,CHC,Final
20220831,mlb,401356158,LAD,1,NYM,2,NYM,Final
20220831,mlb,401356164,SEA,5,DET,3,SEA,Final
20220831,mlb,401356155,COL,2,ATL,3,ATL,Final
20220831,mlb,401356153,BOS,6,MIN,5,BOS,Final
20220831,mlb,401356157,KC,2,CHW,4,CHW,Final
20220831,mlb,401356159,NYY,2,LAA,3,LAA,Final
20220831,mlb,401356161,PHI,18,ARI,2,PHI,Final
20220901,mlb,401356173,SEA,7,DET,0,SEA,Final
20220901,mlb,401356169,KC,1,CHW,7,CHW,Final
20220901,mlb,401356172,ATH,5,WSH,7,WSH,Final/10
20220901,mlb,401356170,LAD,3,NYM,5,NYM,Final
20220901,mlb,401356167,BAL,3,CLE,0,BAL,Final
20220901,mlb,401356174,TEX,8,BOS,9,BOS,Final
20220901,mlb,401356168,COL,0,ATL,3,ATL,Final
20220901,mlb,401356171,MIL,0,ARI,5,ARI,Final
20220902,mlb,401356188,TOR,4,PIT,0,TOR,Final
20220902,mlb,401356176,COL,2,CIN,3,CIN,Final
20220902,mlb,401356183,ATH,2,BAL,5,BAL,Final
20220902,mlb,401356178,KC,4,DET,5,DET,Final
20220902,mlb,401356182,NYY,0,TB,9,TB,Final
20220902,mlb,401356186,SEA,6,CLE,1,SEA,Final
20220902,mlb,401356187,TEX,1,BOS,9,BOS,Final
20220902,mlb,401356189,WSH,3,NYM,7,NYM,Final
20220902,mlb,401356179,MIA,1,ATL,8,ATL,Final
20220902,mlb,401356181,MIN,3,CHW,4,CHW,Final
20220902,mlb,401356175,CHC,0,STL,8,STL,Final
20220902,mlb,401356177,HOU,4,LAA,2,HOU,Final
20220902,mlb,401356180,MIL,1,ARI,2,ARI,Final
20220902,mlb,401356185,SD,7,LAD,1,SD,Final
20220902,mlb,401356184,PHI,1,SF,13,SF,Final
20220903,mlb,401356199,PHI,4,SF,5,SF,Final
20220903,mlb,401356202,TEX,3,BOS,5,BOS,Final
20220903,mlb,401356193,KC,12,DET,2,KC,Final
20220903,mlb,401356197,NYY,1,TB,2,TB,Final
20220903,mlb,401356203,TOR,4,PIT,1,TOR,Final
20220903,mlb,401356198,ATH,1,BAL,8,BAL,Final
20220903,mlb,401356204,WSH,7,NYM,1,WSH,Final
20220903,mlb,401356190,CHC,4,STL,8,STL,Final
20220903,mlb,401356196,MIN,0,CHW,13,CHW,Final
20220903,mlb,401356201,SEA,4,CLE,0,SEA,Final
20220903,mlb,401356194,MIA,1,ATL,2,ATL,Final
20220903,mlb,401356195,MIL,8,ARI,6,MIL,Final/10
20220903,mlb,401356192,HOU,1,LAA,2,LAA,Final/12
20220903,mlb,401356200,SD,1,LAD,12,LAD,Final
20220904,mlb,401356218,TOR,4,PIT,3,TOR,Final
20220904,mlb,401356206,COL,8,CIN,4,COL,Final
20220904,mlb,401356209,MIA,1,ATL,7,ATL,Final
20220904,mlb,401356213,ATH,5,BAL,0,ATH,Final
20220904,mlb,401356217,TEX,2,BOS,5,BOS,Final
20220904,mlb,401356208,KC,3,DET,2,KC,Final
20220904,mlb,401356212,NYY,2,TB,1,NYY,Final
20220904,mlb,401356219,WSH,7,NYM,1,WSH,Final
20220904,mlb,401356211,MIN,5,CHW,1,MIN,Final
20220904,mlb,401356205,CHC,0,STL,2,STL,Final
20220904,mlb,401356216,SEA,6,CLE,3,SEA,Final/11
20220904,mlb,401482710,COL,0,CIN,10,CIN,Final
20220904,mlb,401356214,PHI,3,SF,5,SF,Final
20220904,mlb,401356207,HOU,9,LAA,1,HOU,Final
20220904,mlb,401356210,MIL,1,ARI,5,ARI,Final
20220904,mlb,401356215,SD,4,LAD,9,LAD,Final
20220905,mlb,401356226,MIN,2,NYY,5,NYY,Final
20220905,mlb,401356230,TOR,7,BAL,3,TOR,Final
20220905,mlb,401356221,BOS,3,TB,4,TB,Final
20220905,mlb,401356225,MIL,6,COL,4,MIL,Final
20220905,mlb,401356231,WSH,6,STL,0,WSH,Final
20220905,mlb,401466278,TOR,8,BAL,4,TOR,Final
20220905,mlb,401356220,ARI,5,SD,0,ARI,Final
20220905,mlb,401356222,CHW,3,SEA,2,CHW,Final
20220905,mlb,401356229,TEX,0,HOU,1,HOU,Final
20220905,mlb,401356223,CLE,6,KC,5,CLE,Final/10
20220905,mlb,401356224,DET,0,LAA,10,LAA,Final
20220905,mlb,401356228,SF,7,LAD,4,SF,Final
20220906,mlb,401356242,NYM,2,PIT,8,PIT,Final
20220906,mlb,401356234,BOS,4,TB,8,TB,Final
20220906,mlb,401356239,MIA,2,PHI,3,PHI,Final
20220906,mlb,401356245,TOR,6,BAL,9,BAL,Final
20220906,mlb,401356236,CIN,3,CHC,9,CHC,Final
20220906,mlb,401356246,WSH,1,STL,4,STL,Final
20220906,mlb,401356237,CLE,4,KC,1,CLE,Final
20220906,mlb,401356244,TEX,4,HOU,3,TEX,Final
20220906,mlb,401356240,MIL,7,COL,10,COL,Final/10
20220906,mlb,401356238,DET,4,LAA,5,LAA,Final/10
20220906,mlb,401356232,ARI,5,SD,6,SD,Final
20220906,mlb,401356233,ATL,10,ATH,9,ATL,Final
20220906,mlb,401356235,CHW,0,SEA,3,SEA,Final
20220906,mlb,401356243,SF,3,LAD,6,LAD,Final
20220907,mlb,401483112,NYM,5,PIT,1,NYM,Final
20220907,mlb,401483570,MIN,4,NYY,5,NYY,Final/12
20220907,mlb,401356255,MIL,4,COL,8,COL,Final
20220907,mlb,401356248,ATL,7,ATH,3,ATL,Final
20220907,mlb,401356253,DET,5,LAA,4,DET,Final
20220907,mlb,401356250,CHW,9,SEA,6,CHW,Final
20220907,mlb,401356258,SF,3,LAD,7,LAD,Final
20220907,mlb,401356257,NYM,10,PIT,0,NYM,Final
20220907,mlb,401356249,BOS,0,TB,1,TB,Final
20220907,mlb,401356254,MIA,3,PHI,4,PHI,Final
20220907,mlb,401356260,TOR,4,BAL,1,TOR,Final
20220907,mlb,401356251,CIN,7,CHC,1,CIN,Final
20220907,mlb,401356261,WSH,5,STL,6,STL,Final
20220907,mlb,401356256,MIN,1,NYY,7,NYY,Final
20220907,mlb,401356252,CLE,1,KC,2,KC,Final
20220907,mlb,401356259,TEX,3,HOU,4,HOU,Final/10
20220907,mlb,401356247,ARI,3,SD,6,SD,Final
20220908,mlb,401356266,WSH,11,STL,6,WSH,Final
20220908,mlb,401356263,CIN,4,CHC,3,CIN,Final
20220908,mlb,401423258,SF,1,MIL,2,MIL,Final
20220908,mlb,401356264,MIA,6,PHI,5,MIA,Final
20220908,mlb,401356265,MIN,4,NYY,3,MIN,Final
20220908,mlb,401423259,SF,2,MIL,4,MIL,Final
20220908,mlb,401356262,CHW,14,ATH,2,CHW,Final
20220909,mlb,401356277,SF,2,CHC,4,CHC,Final
20220909,mlb,401356278,STL,2,PIT,8,PIT,Final
20220909,mlb,401356276,NYM,3,MIA,6,MIA,Final
20220909,mlb,401356270,BOS,2,BAL,3,BAL,Final
20220909,mlb,401356279,TB,4,NYY,2,TB,Final
20220909,mlb,401356281,WSH,3,PHI,5,PHI,Final
20220909,mlb,401356280,TOR,4,TEX,3,TOR,Final
20220909,mlb,401356267,LAA,3,HOU,4,HOU,Final
20220909,mlb,401356272,CIN,8,MIL,2,CIN,Final
20220909,mlb,401356273,CLE,7,MIN,6,CLE,Final
20220909,mlb,401356274,DET,10,KC,2,DET,Final
20220909,mlb,401356268,ARI,10,COL,13,COL,Final
20220909,mlb,401356269,ATL,6,SEA,4,ATL,Final
20220909,mlb,401356271,CHW,5,ATH,3,CHW,Final
20220909,mlb,401356275,LAD,4,SD,5,SD,Final/10
20220910,mlb,401356294,TB,3,NYY,10,NYY,Final
20220910,mlb,401356292,SF,5,CHC,2,SF,Final
20220910,mlb,401356286,CHW,10,ATH,2,CHW,Final
20220910,mlb,401356289,DET,8,KC,4,DET,Final/8
20220910,mlb,401356285,BOS,17,BAL,4,BOS,Final
20220910,mlb,401356296,WSH,5,PHI,8,PHI,Final
20220910,mlb,401356291,NYM,11,MIA,3,NYM,Final
20220910,mlb,401356295,TOR,11,TEX,7,TOR,Final
20220910,mlb,401356282,LAA,6,HOU,1,LAA,Final
20220910,mlb,401356287,CIN,1,MIL,5,MIL,Final
20220910,mlb,401356288,CLE,6,MIN,4,CLE,Final
20220910,mlb,401356293,STL,7,PIT,5,STL,Final
20220910,mlb,401356283,ARI,1,COL,4,COL,Final
20220910,mlb,401356290,LAD,8,SD,4,LAD,Final
20220910,mlb,401356284,ATL,1,SEA,3,SEA,Final
20220911,mlb,401356300,BOS,1,BAL,0,BOS,Final
20220911,mlb,401356311,WSH,5,PHI,7,PHI,Final
20220911,mlb,401356308,STL,4,PIT,3,STL,Final
20220911,mlb,401356309,TB,4,NYY,10,NYY,Final
20220911,mlb,401356306,NYM,9,MIA,3,NYM,Final
20220911,mlb,401356297,LAA,4,HOU,12,HOU,Final
20220911,mlb,401356302,CIN,6,MIL,7,MIL,Final
20220911,mlb,401356303,CLE,4,MIN,1,CLE,Final
20220911,mlb,401356304,DET,0,KC,4,KC,Final
20220911,mlb,401356310,TOR,1,TEX,4,TEX,Final
20220911,mlb,401356298,ARI,12,COL,6,ARI,Final
20220911,mlb,401356301,CHW,3,ATH,10,ATH,Final
20220911,mlb,401356299,ATL,7,SEA,8,SEA,Final
20220911,mlb,401356305,LAD,11,SD,2,LAD,Final
20220911,mlb,401356307,SF,4,CHC,2,SF,Final
20220912,mlb,401423260,TEX,3,MIA,2,TEX,Final
20220912,mlb,401356312,LAA,4,CLE,5,CLE,Final
20220912,mlb,401356315,HOU,7,DET,0,HOU,Final
20220912,mlb,401356317,PIT,6,CIN,3,PIT,Final
20220912,mlb,401356318,TB,2,TOR,3,TOR,Final
20220912,mlb,401356314,CHC,5,NYM,2,CHC,Final
20220912,mlb,401423261,TEX,6,MIA,10,MIA,Final
20220912,mlb,401356316,LAD,6,ARI,0,LAD,Final
20220912,mlb,401356313,ATL,2,SF,3,SF,Final
20220913,mlb,401423264,PIT,6,CIN,1,PIT,Final
20220913,mlb,401423262,TB,4,TOR,2,TB,Final
20220913,mlb,401356319,LAA,1,CLE,3,CLE,Final
20220913,mlb,401356324,HOU,6,DET,3,HOU,Final
20220913,mlb,401356330,PHI,2,MIA,1,PHI,Final
20220913,mlb,401356331,PIT,1,CIN,0,PIT,Final
20220913,mlb,401356321,BAL,4,WSH,3,BAL,Final
20220913,mlb,401356333,TB,2,TOR,7,TOR,Final
20220913,mlb,401356322,CHC,4,NYM,1,CHC,Final
20220913,mlb,401356328,NYY,7,BOS,6,NYY,Final/10
20220913,mlb,401356325,KC,3,MIN,6,MIN,Final
20220913,mlb,401356327,MIL,8,STL,4,MIL,Final
20220913,mlb,401356329,ATH,7,TEX,8,TEX,Final
20220913,mlb,401356323,COL,2,CHW,4,CHW,Final
20220913,mlb,401356326,LAD,4,ARI,0,LAD,Final
20220913,mlb,401356332,SD,2,SEA,0,SD,Final
20220913,mlb,401356320,ATL,5,SF,1,ATL,Final
20220914,mlb,401356346,PIT,10,CIN,4,PIT,Final
20220914,mlb,401356334,LAA,3,CLE,5,CLE,Final
20220914,mlb,401356339,HOU,2,DET,1,HOU,Final
20220914,mlb,401356338,COL,3,CHW,0,COL,Final
20220914,mlb,401356335,ATL,1,SF,4,SF,Final
20220914,mlb,401356347,SD,1,SEA,6,SEA,Final
20220914,mlb,401356345,PHI,6,MIA,1,PHI,Final
20220914,mlb,401356336,BAL,6,WSH,2,BAL,Final
20220914,mlb,401356348,TB,1,TOR,5,TOR,Final
20220914,mlb,401356337,CHC,6,NYM,3,CHC,Final
20220914,mlb,401356343,NYY,5,BOS,3,NYY,Final
20220914,mlb,401356340,KC,0,MIN,4,MIN,Final
20220914,mlb,401356342,MIL,1,STL,4,STL,Final
20220914,mlb,401356344,ATH,8,TEX,7,ATH,Final
20220914,mlb,401356341,LAD,3,ARI,5,ARI,Final/10
20220915,mlb,401470940,CHW,8,CLE,2,CHW,Final
20220915,mlb,401423277,TB,11,TOR,0,TB,Final
20220915,mlb,401356352,PHI,3,MIA,5,MIA,Final
20220915,mlb,401356351,ATH,2,HOU,5,HOU,Final
20220915,mlb,401356353,PIT,1,NYM,7,NYM,Final
20220915,mlb,401356350,KC,2,MIN,3,MIN,Final
20220915,mlb,401356349,CIN,3,STL,2,CIN,Final
20220915,mlb,401356354,SD,0,ARI,4,ARI,Final
20220916,mlb,401356358,COL,1,CHC,2,CHC,Final
20220916,mlb,401356361,MIA,4,WSH,5,WSH,Final
20220916,mlb,401356355,BAL,3,TOR,6,TOR,Final
20220916,mlb,401356356,CHW,2,DET,3,DET,Final/10
20220916,mlb,401356359,KC,1,BOS,2,BOS,Final
20220916,mlb,401356362,MIN,3,CLE,4,CLE,Final
20220916,mlb,401356366,PIT,3,NYM,4,NYM,Final
20220916,mlb,401356369,TEX,4,TB,3,TEX,Final
20220916,mlb,401356365,PHI,2,ATL,7,ATL,Final
20220916,mlb,401356363,NYY,6,MIL,7,MIL,Final
20220916,mlb,401356364,ATH,0,HOU,5,HOU,Final
20220916,mlb,401356357,CIN,5,STL,6,STL,Final
20220916,mlb,401356368,SEA,7,LAA,8,LAA,Final
20220916,mlb,401356367,SD,12,ARI,3,SD,Final
20220916,mlb,401356360,LAD,5,SF,0,LAD,Final
20220917,mlb,401423263,MIN,1,CLE,5,CLE,Final
20220917,mlb,401463304,CIN,1,STL,5,STL,Final
20220917,mlb,401356373,COL,3,CHC,1,COL,Final
20220917,mlb,401356370,BAL,3,TOR,6,TOR,Final
20220917,mlb,401356376,MIA,3,WSH,5,WSH,Final
20220917,mlb,401356374,KC,9,BOS,0,KC,Final
20220917,mlb,401356371,CHW,4,DET,3,CHW,Final/11
20220917,mlb,401356384,TEX,1,TB,5,TB,Final
20220917,mlb,401356377,MIN,6,CLE,7,CLE,Final/15
20220917,mlb,401356378,NYY,1,MIL,4,MIL,Final
20220917,mlb,401356379,ATH,8,HOU,5,ATH,Final
20220917,mlb,401356381,PIT,1,NYM,5,NYM,Final
20220917,mlb,401356372,CIN,0,STL,1,STL,Final/11
20220917,mlb,401356380,PHI,3,ATL,4,ATL,Final
20220917,mlb,401356382,SD,2,ARI,0,SD,Final
20220917,mlb,401356375,LAD,7,SF,2,LAD,Final
20220917,mlb,401356383,SEA,1,LAA,2,LAA,Final
20220918,mlb,401356386,CHW,11,DET,5,CHW,Final
20220918,mlb,401356399,TEX,3,TB,5,TB,Final
20220918,mlb,401356389,KC,3,BOS,13,BOS,Final
20220918,mlb,401356391,MIA,3,WSH,1,MIA,Final
20220918,mlb,401356395,PHI,2,ATL,5,ATL,Final
20220918,mlb,401356385,BAL,5,TOR,4,BAL,Final
20220918,mlb,401356392,MIN,3,CLE,0,MIN,Final
20220918,mlb,401356396,PIT,3,NYM,7,NYM,Final
20220918,mlb,401356393,NYY,12,MIL,8,NYY,Final
20220918,mlb,401356394,ATH,2,HOU,11,HOU,Final
20220918,mlb,401356387,CIN,3,STL,0,CIN,Final
20220918,mlb,401356388,COL,4,CHC,3,COL,Final
20220918,mlb,401356398,SEA,1,LAA,5,LAA,Final
20220918,mlb,401356397,SD,6,ARI,1,SD,Final
20220918,mlb,401356390,LAD,4,SF,3,LAD,Final/10
20220919,mlb,401423257,MIN,4,CLE,11,CLE,Final
20220919,mlb,401356404,SEA,9,LAA,1,SEA,Final
20220919,mlb,401356400,CHC,3,MIA,10,MIA,Final
20220919,mlb,401356402,HOU,4,TB,0,HOU,Final
20220919,mlb,401356401,DET,11,BAL,0,DET,Final
20220919,mlb,401356406,WSH,2,ATL,5,ATL,Final
20220919,mlb,401356403,NYM,7,MIL,2,NYM,Final
20220919,mlb,401356405,SF,10,COL,7,SF,Final/10
20220919,mlb,401423256,ARI,2,LAD,5,LAD,Final
20220920,mlb,401423254,ARI,5,LAD,6,LAD,Final
20220920,mlb,401356409,BOS,5,CIN,3,BOS,Final
20220920,mlb,401356410,CHC,2,MIA,1,CHC,Final
20220920,mlb,401356413,HOU,5,TB,0,HOU,Final
20220920,mlb,401356420,TOR,18,PHI,11,TOR,Final
20220920,mlb,401356412,DET,3,BAL,2,DET,Final
20220920,mlb,401356416,PIT,8,NYY,9,NYY,Final
20220920,mlb,401356421,WSH,2,ATL,3,ATL,Final
20220920,mlb,401356415,NYM,7,MIL,5,NYM,Final
20220920,mlb,401356407,LAA,5,TEX,2,LAA,Final
20220920,mlb,401356411,CLE,10,CHW,7,CLE,Final/11
20220920,mlb,401356414,MIN,4,KC,5,KC,Final
20220920,mlb,401356418,SF,6,COL,3,SF,Final
20220920,mlb,401356417,SEA,1,ATH,4,ATH,Final
20220920,mlb,401356419,STL,0,SD,5,SD,Final
20220920,mlb,401356408,ARI,5,LAD,2,ARI,Final
20220921,mlb,401356436,WSH,3,ATL,2,WSH,Final
20220921,mlb,401356430,NYM,0,MIL,6,MIL,Final
20220921,mlb,401356424,BOS,1,CIN,5,CIN,Final
20220921,mlb,401356425,CHC,4,MIA,3,CHC,Final
20220921,mlb,401356428,HOU,5,TB,2,HOU,Final
20220921,mlb,401356435,TOR,3,PHI,4,PHI,Final/10
20220921,mlb,401356427,DET,1,BAL,8,BAL,Final
20220921,mlb,401356431,PIT,2,NYY,14,NYY,Final
20220921,mlb,401356422,LAA,2,TEX,7,TEX,Final
20220921,mlb,401356426,CLE,8,CHW,2,CLE,Final
20220921,mlb,401356429,MIN,2,KC,5,KC,Final
20220921,mlb,401356433,SF,6,COL,1,SF,Final
20220921,mlb,401356432,SEA,1,ATH,2,ATH,Final
20220921,mlb,401356434,STL,0,SD,1,SD,Final
20220921,mlb,401356423,ARI,6,LAD,1,ARI,Final
20220922,mlb,401356437,LAA,3,TEX,5,TEX,Final
20220922,mlb,401356445,MIN,1,KC,4,KC,Final
20220922,mlb,401356447,SF,3,COL,0,SF,Final
20220922,mlb,401356446,SEA,9,ATH,5,SEA,Final
20220922,mlb,401356448,STL,5,SD,4,STL,Final
20220922,mlb,401356441,CHC,3,PIT,2,CHC,Final
20220922,mlb,401356444,MIL,5,CIN,1,MIL,Final
20220922,mlb,401356449,TOR,5,TB,10,TB,Final
20220922,mlb,401356443,HOU,0,BAL,2,BAL,Final
20220922,mlb,401356439,ATL,0,PHI,1,PHI,Final
20220922,mlb,401356440,BOS,4,NYY,5,NYY,Final/10
20220922,mlb,401356442,CLE,4,CHW,2,CLE,Final
20220922,mlb,401356438,ARI,2,LAD,3,LAD,Final
20220923,mlb,401356453,CHC,6,PIT,5,CHC,Final
20220923,mlb,401356457,MIL,5,CIN,3,MIL,Final
20220923,mlb,401356464,WSH,2,MIA,5,MIA,Final
20220923,mlb,401356451,ATL,1,PHI,9,PHI,Final
20220923,mlb,401356452,BOS,4,NYY,5,NYY,Final
20220923,mlb,401356456,HOU,0,BAL,6,BAL,Final
20220923,mlb,401356463,TOR,6,TB,10,TB,Final
20220923,mlb,401356454,CLE,6,TEX,3,CLE,Final
20220923,mlb,401356450,LAA,4,MIN,2,LAA,Final
20220923,mlb,401356455,DET,5,CHW,3,DET,Final
20220923,mlb,401356459,SD,3,COL,4,COL,Final/10
20220923,mlb,401356460,SEA,1,KC,5,KC,Final
20220923,mlb,401356458,NYM,9,ATH,2,NYM,Final
20220923,mlb,401356461,SF,6,ARI,5,SF,Final
20220923,mlb,401356462,STL,11,LAD,0,STL,Final
20220924,mlb,401356467,BOS,5,NYY,7,NYY,Final
20220924,mlb,401356466,ATL,6,PHI,3,ATL,Final
20220924,mlb,401356473,NYM,4,ATH,10,ATH,Final
20220924,mlb,401356478,TOR,3,TB,1,TOR,Final
20220924,mlb,401356479,WSH,1,MIA,4,MIA,Final
20220924,mlb,401356468,CHC,0,PIT,6,PIT,Final
20220924,mlb,401356472,MIL,10,CIN,2,MIL,Final
20220924,mlb,401356469,CLE,4,TEX,2,CLE,Final
20220924,mlb,401356471,HOU,11,BAL,10,HOU,Final
20220924,mlb,401356465,LAA,4,MIN,8,MIN,Final
20220924,mlb,401356470,DET,7,CHW,2,DET,Final
20220924,mlb,401356475,SEA,6,KC,5,SEA,Final
20220924,mlb,401356474,SD,9,COL,3,SD,Final
20220924,mlb,401356476,SF,2,ARI,5,ARI,Final
20220924,mlb,401356477,STL,2,LAD,6,LAD,Final
20220925,mlb,401356481,ATL,8,PHI,7,ATL,Final/11
20220925,mlb,401356486,HOU,6,BAL,3,HOU,Final/11
20220925,mlb,401356493,TOR,7,TB,1,TOR,Final
20220925,mlb,401356483,CHC,8,PIT,3,CHC,Final
20220925,mlb,401356487,MIL,1,CIN,2,CIN,Final
20220925,mlb,401356494,WSH,6,MIA,1,WSH,Final
20220925,mlb,401356480,LAA,10,MIN,3,LAA,Final
20220925,mlb,401356485,DET,4,CHW,1,DET,Final
20220925,mlb,401356490,SEA,12,KC,13,KC,Final
20220925,mlb,401356484,CLE,10,TEX,4,CLE,Final
20220925,mlb,401356489,SD,13,COL,6,SD,Final
20220925,mlb,401356491,SF,3,ARI,2,SF,Final
20220925,mlb,401356488,NYM,13,ATH,4,NYM,Final
20220925,mlb,401356492,STL,1,LAD,4,LAD,Final
20220925,mlb,401356482,BOS,0,NYY,2,NYY,Final/6
20220926,mlb,401356496,CIN,3,PIT,8,PIT,Final
20220926,mlb,401356495,ATL,8,WSH,0,ATL,Final
20220926,mlb,401356497,NYY,2,TOR,3,TOR,Final/10
20220926,mlb,401423252,BAL,14,BOS,8,BAL,Final
20220927,mlb,401356511,TB,6,CLE,5,TB,Final/11
20220927,mlb,401356502,CIN,1,PIT,4,PIT,Final
20220927,mlb,401356504,KC,3,DET,4,DET,Final/10
20220927,mlb,401356499,ATL,8,WSH,2,ATL,Final
20220927,mlb,401356507,NYY,5,TOR,2,NYY,Final
20220927,mlb,401356500,BAL,9,BOS,13,BOS,Final
20220927,mlb,401356506,MIA,6,NYM,4,MIA,Final
20220927,mlb,401356501,CHW,0,MIN,4,MIN,Final
20220927,mlb,401356509,PHI,1,CHC,2,CHC,Final
20220927,mlb,401356510,STL,6,MIL,2,STL,Final
20220927,mlb,401356498,ARI,2,HOU,10,HOU,Final
20220927,mlb,401356508,ATH,3,LAA,4,LAA,Final
20220927,mlb,401356505,LAD,3,SD,4,SD,Final/10
20220927,mlb,401356512,TEX,5,SEA,0,TEX,Final
20220927,mlb,401356503,COL,2,SF,5,SF,Final
20220928,mlb,401356517,CIN,3,PIT,4,PIT,Final/10
20220928,mlb,401356526,TB,1,CLE,2,CLE,Final/10
20220928,mlb,401356519,KC,1,DET,2,DET,Final
20220928,mlb,401356514,ATL,2,WSH,3,WSH,Final/10
20220928,mlb,401356522,NYY,8,TOR,3,NYY,Final
20220928,mlb,401356515,BAL,1,BOS,3,BOS,Final
20220928,mlb,401356521,MIA,4,NYM,5,NYM,Final/10
20220928,mlb,401356516,CHW,4,MIN,8,MIN,Final
20220928,mlb,401356524,PHI,2,CHC,4,CHC,Final
20220928,mlb,401356525,STL,1,MIL,5,MIL,Final
20220928,mlb,401356513,ARI,5,HOU,2,ARI,Final/10
20220928,mlb,401356523,ATH,1,LAA,4,LAA,Final
20220928,mlb,401356520,LAD,1,SD,0,LAD,Final/10
20220928,mlb,401356527,TEX,1,SEA,3,SEA,Final
20220928,mlb,401356518,COL,3,SF,6,SF,Final
20220929,mlb,401356529,CHW,4,MIN,3,CHW,Final
20220929,mlb,401356531,KC,3,DET,10,DET,Final
20220929,mlb,401356528,BAL,3,BOS,5,BOS,Final
20220929,mlb,401356535,PHI,0,CHC,2,CHC,Final
20220929,mlb,401356536,TB,1,CLE,2,CLE,Final
20220929,mlb,401356533,MIA,4,MIL,2,MIA,Final
20220929,mlb,401356534,ATH,2,LAA,4,LAA,Final
20220929,mlb,401356532,LAD,5,SD,2,LAD,Final
20220929,mlb,401356537,TEX,9,SEA,10,SEA,Final/11
20220929,mlb,401356530,COL,4,SF,6,SF,Final
20220930,mlb,401423249,PHI,5,WSH,1,PHI,Final
20220930,mlb,401356542,CIN,1,CHC,6,CHC,Final
20220930,mlb,401356539,BAL,2,NYY,1,BAL,Final
20220930,mlb,401356540,BOS,0,TOR,9,TOR,Final
20220930,mlb,401356544,KC,3,CLE,6,CLE,Final
20220930,mlb,401356546,MIN,7,DET,0,MIN,Final
20220930,mlb,401356547,NYM,2,ATL,5,ATL,Final
20220930,mlb,401356545,MIA,0,MIL,1,MIL,Final
20220930,mlb,401356551,TB,7,HOU,3,TB,Final
20220930,mlb,401356550,PIT,1,STL,2,STL,Final
20220930,mlb,401356552,TEX,1,LAA,4,LAA,Final
20220930,mlb,401356541,CHW,3,SD,1,CHW,Final
20220930,mlb,401356548,ATH,1,SEA,2,SEA,Final
20220930,mlb,401356543,COL,1,LAD,10,LAD,Final
20220930,mlb,401356538,ARI,4,SF,10,SF,Final
20221001,mlb,401356554,BAL,0,NYY,8,NYY,Final
20221001,mlb,401356564,PHI,4,WSH,13,WSH,Final
20221001,mlb,401356557,CIN,1,CHC,2,CHC,Final
20221001,mlb,401356555,BOS,0,TOR,10,TOR,Final
20221001,mlb,401356553,ARI,8,SF,4,ARI,Final
20221001,mlb,401356563,ATH,1,SEA,5,SEA,Final
20221001,mlb,401356559,KC,7,CLE,1,KC,Final
20221001,mlb,401356561,MIN,2,DET,3,DET,Final
20221001,mlb,401496627,PHI,8,WSH,2,PHI,Final
20221001,mlb,401356560,MIA,4,MIL,3,MIA,Final
20221001,mlb,401356565,PIT,3,STL,13,STL,Final
20221001,mlb,401356562,NYM,2,ATL,4,ATL,Final
20221001,mlb,401356566,TB,1,HOU,2,HOU,Final
20221001,mlb,401356556,CHW,2,SD,5,SD,Final
20221001,mlb,401356567,TEX,2,LAA,3,LAA,Final
20221001,mlb,401356558,COL,4,LAD,6,LAD,Final
20221002,mlb,401356576,MIN,2,DET,5,DET,Final
20221002,mlb,401356569,BAL,3,NYY,1,BAL,Final
20221002,mlb,401356579,PHI,8,WSH,1,PHI,Final/6
20221002,mlb,401356570,BOS,3,TOR,6,TOR,Final
20221002,mlb,401356574,KC,5,CLE,7,CLE,Final
20221002,mlb,401356575,MIA,4,MIL,3,MIA,Final/12
20221002,mlb,401356581,TB,1,HOU,3,HOU,Final
20221002,mlb,401356580,PIT,7,STL,5,PIT,Final
20221002,mlb,401356572,CIN,1,CHC,8,CHC,Final
20221002,mlb,401356568,ARI,3,SF,4,SF,Final/10
20221002,mlb,401356582,TEX,3,LAA,8,LAA,Final
20221002,mlb,401356571,CHW,2,SD,1,CHW,Final
20221002,mlb,401356573,COL,4,LAD,1,COL,Final
20221002,mlb,401356578,ATH,10,SEA,3,ATH,Final
20221002,mlb,401356577,NYM,3,ATL,5,ATL,Final
20221003,mlb,401423181,KC,5,CLE,2,KC,Final/10
20221003,mlb,401423187,STL,2,PIT,3,PIT,Final
20221003,mlb,401423183,ATL,0,MIA,4,MIA,Final
20221003,mlb,401423190,CHC,1,CIN,3,CIN,Final
20221003,mlb,401423185,TOR,5,BAL,1,TOR,Final/8
20221003,mlb,401423188,NYY,3,TEX,1,NYY,Final
20221003,mlb,401423189,TB,3,BOS,4,BOS,Final
20221003,mlb,401423179,ARI,5,MIL,6,MIL,Final/10
20221003,mlb,401423177,PHI,3,HOU,0,PHI,Final
20221003,mlb,401423191,MIN,2,CHW,3,CHW,Final
20221003,mlb,401423178,LAA,4,ATH,5,ATH,Final/10
20221003,mlb,401423182,DET,4,SEA,3,DET,Final
20221003,mlb,401423186,SF,4,SD,7,SD,Final
20221003,mlb,401423180,COL,2,LAD,1,COL,Final
20221004,mlb,401423204,NYY,5,TEX,4,NYY,Final
20221004,mlb,401496962,WSH,2,NYM,4,NYM,Final
20221004,mlb,401423196,KC,3,CLE,5,CLE,Final
20221004,mlb,401423197,DET,6,SEA,7,SEA,Final/10
20221004,mlb,401423203,STL,8,PIT,7,STL,Final/10
20221004,mlb,401423199,ATL,2,MIA,1,ATL,Final
20221004,mlb,401423207,CHC,2,CIN,3,CIN,Final
20221004,mlb,401423206,TB,0,BOS,6,BOS,Final/5
20221004,mlb,401423194,ARI,0,MIL,3,MIL,Final
20221004,mlb,401423205,NYY,2,TEX,3,TEX,Final
20221004,mlb,401423192,PHI,0,HOU,10,HOU,Final
20221004,mlb,401423200,WSH,0,NYM,8,NYM,Final
20221004,mlb,401423208,MIN,3,CHW,8,CHW,Final
20221004,mlb,401423193,LAA,1,ATH,2,ATH,Final/10
20221004,mlb,401423202,SF,2,SD,6,SD,Final
20221004,mlb,401423195,COL,5,LAD,2,COL,Final
20221004,mlb,401423198,DET,6,SEA,9,SEA,Final
20221005,mlb,401497431,TOR,4,BAL,5,BAL,Final
20221005,mlb,401423210,LAA,2,ATH,3,ATH,Final
20221005,mlb,401423217,TOR,5,BAL,1,TOR,Final
20221005,mlb,401423219,STL,3,PIT,5,PIT,Final
20221005,mlb,401423220,NYY,2,TEX,4,TEX,Final
20221005,mlb,401423209,PHI,2,HOU,3,HOU,Final
20221005,mlb,401423211,ARI,4,MIL,2,ARI,Final
20221005,mlb,401423213,KC,2,CLE,9,CLE,Final
20221005,mlb,401423214,DET,4,SEA,5,SEA,Final
20221005,mlb,401423215,ATL,9,MIA,12,MIA,Final
20221005,mlb,401423216,WSH,2,NYM,9,NYM,Final
20221005,mlb,401423218,SF,8,SD,1,SF,Final
20221005,mlb,401423221,TB,3,BOS,6,BOS,Final
20221005,mlb,401423222,CHC,15,CIN,2,CHC,Final
20221005,mlb,401423223,MIN,10,CHW,1,MIN,Final
20221005,mlb,401423212,COL,1,LAD,6,LAD,Final
20221007,mlb,401467519,TB,1,CLE,2,CLE,Final
20221007,mlb,401467521,PHI,6,STL,3,PHI,Final
20221007,mlb,401467518,SEA,4,TOR,0,SEA,Final
20221007,mlb,401467520,SD,7,NYM,1,SD,Final
20221008,mlb,401467523,TB,0,CLE,1,CLE,Final/15
20221008,mlb,401467522,SEA,10,TOR,9,SEA,Final
20221008,mlb,401467524,SD,3,NYM,7,NYM,Final
20221008,mlb,401467525,PHI,2,STL,0,PHI,Final
20221009,mlb,401467528,SD,6,NYM,0,SD,Final
20221011,mlb,401467567,PHI,7,ATL,6,PHI,Final
20221011,mlb,401467560,SEA,7,HOU,8,HOU,Final
20221011,mlb,401467550,CLE,1,NYY,4,NYY,Final
20221011,mlb,401467573,SD,3,LAD,5,LAD,Final
20221012,mlb,401467568,PHI,0,ATL,3,ATL,Final
20221012,mlb,401467576,SD,5,LAD,3,SD,Final
20221013,mlb,401467561,SEA,2,HOU,4,HOU,Final
20221014,mlb,401498830,CLE,4,NYY,2,CLE,Final/10
20221014,mlb,401467569,ATL,1,PHI,9,PHI,Final
20221014,mlb,401467578,LAD,1,SD,2,SD,Final
20221015,mlb,401467570,ATL,3,PHI,8,PHI,Final
20221015,mlb,401467563,HOU,1,SEA,0,HOU,Final/18
20221015,mlb,401467552,NYY,5,CLE,6,CLE,Final
20221015,mlb,401467579,LAD,3,SD,5,SD,Final
20221016,mlb,401467553,NYY,4,CLE,2,NYY,Final
20221018,mlb,401499418,CLE,1,NYY,5,NYY,Final
20221018,mlb,401467584,PHI,2,SD,0,PHI,Final
20221019,mlb,401467585,PHI,5,SD,8,SD,Final
20221019,mlb,401467572,NYY,2,HOU,4,HOU,Final
20221020,mlb,401467574,NYY,2,HOU,3,HOU,Final
20221021,mlb,401467586,SD,2,PHI,4,PHI,Final
20221022,mlb,401467575,HOU,5,NYY,0,HOU,Final
20221022,mlb,401467587,SD,6,PHI,10,PHI,Final
20221023,mlb,401467588,SD,3,PHI,4,PHI,Final
20221023,mlb,401467577,HOU,6,NYY,5,HOU,Final
20221028,mlb,401467554,PHI,6,HOU,5,PHI,Final/10
20221029,mlb,401467555,PHI,2,HOU,5,HOU,Final
20221101,mlb,401467557,HOU,0,PHI,7,PHI,Final
20221102,mlb,401467559,HOU,5,PHI,0,HOU,Final
20221103,mlb,401467562,HOU,3,PHI,2,HOU,Final
20221105,mlb,401467564,PHI,1,HOU,4,HOU,Final
