date,league,game_id,away_team,away_score,home_team,home_score,winner,status
20140301,mlb,400698566,ATL,15,WSH,16,WSH,Final
20140303,mlb,400698579,TOR,2,MIN,12,MIN,Final
20140318,mlb,400658566,SD,5,SEA,5,,Final
20140322,mlb,340322129,LAD,3,ARI,1,LAD,Final
20140322,mlb,340322329,LAD,7,ARI,5,LAD,Final
20140330,mlb,340330125,LAD,1,SD,3,SD,Final
20140331,mlb,340331123,CHC,0,PIT,1,PIT,Final/10
20140331,mlb,340331106,KC,3,DET,4,DET,Final
20140331,mlb,340331121,WSH,9,NYM,7,WSH,Final/10
20140331,mlb,340331113,PHI,14,TEX,10,PHI,Final
20140331,mlb,340331108,ATL,0,MIL,2,MIL,Final
20140331,mlb,340331101,BOS,1,BAL,2,BAL,Final
20140331,mlb,340331117,STL,1,CIN,0,STL,Final
20140331,mlb,340331104,MIN,3,CHW,5,CHW,Final
20140331,mlb,340331130,TOR,2,TB,9,TB,Final
20140331,mlb,340331128,COL,1,MIA,10,MIA,Final
20140331,mlb,340331129,SF,9,ARI,8,SF,Final
20140331,mlb,340331103,SEA,10,LAA,3,SEA,Final
20140401,mlb,340401125,LAD,3,SD,2,LAD,Final
20140401,mlb,340401118,NYY,2,HOU,6,HOU,Final
20140401,mlb,340401128,COL,3,MIA,4,MIA,Final
20140401,mlb,340401130,TOR,4,TB,2,TOR,Final
20140401,mlb,340401113,PHI,2,TEX,3,TEX,Final
20140401,mlb,340401108,ATL,5,MIL,2,ATL,Final
20140401,mlb,340401129,SF,4,ARI,5,ARI,Final
20140401,mlb,340401103,SEA,8,LAA,3,SEA,Final
20140402,mlb,340402106,KC,1,DET,2,DET,Final/10
20140402,mlb,340402108,ATL,1,MIL,0,ATL,Final
20140402,mlb,340402104,MIN,6,CHW,7,CHW,Final/11
20140402,mlb,340402101,BOS,6,BAL,2,BOS,Final
20140402,mlb,340402123,CHC,3,PIT,4,PIT,Final/16
20140402,mlb,340402117,STL,0,CIN,1,CIN,Final
20140402,mlb,340402121,WSH,5,NYM,1,WSH,Final
20140402,mlb,340402128,COL,6,MIA,5,COL,Final
20140402,mlb,340402130,TOR,3,TB,0,TOR,Final
20140402,mlb,340402113,PHI,3,TEX,4,TEX,Final
20140402,mlb,340402118,NYY,1,HOU,3,HOU,Final
20140402,mlb,340402129,SF,2,ARI,0,SF,Final
20140402,mlb,340402103,SEA,8,LAA,2,SEA,Final
20140402,mlb,340402125,LAD,5,SD,1,LAD,Final
20140403,mlb,340403117,STL,7,CIN,6,STL,Final
20140403,mlb,340403123,CHC,3,PIT,2,CHC,Final
20140403,mlb,340403128,COL,5,MIA,8,MIA,Final
20140403,mlb,340403121,WSH,8,NYM,2,WSH,Final
20140403,mlb,340403104,MIN,10,CHW,9,MIN,Final
20140403,mlb,340403129,SF,8,ARI,5,SF,Final
20140403,mlb,340403101,BOS,4,BAL,3,BOS,Final
20140403,mlb,340403130,TOR,2,TB,7,TB,Final
20140403,mlb,340403118,NYY,4,HOU,2,NYY,Final
20140404,mlb,340404120,ATL,2,WSH,1,ATL,Final
20140404,mlb,340404106,BAL,4,DET,10,DET,Final
20140404,mlb,340404102,MIL,6,BOS,2,MIL,Final
20140404,mlb,340404116,PHI,7,CHC,2,PHI,Final
20140404,mlb,340404105,MIN,2,CLE,7,CLE,Final
20140404,mlb,340404107,CHW,5,KC,7,KC,Final
20140404,mlb,340404119,SF,8,LAD,4,SF,Final
20140404,mlb,340404127,ARI,2,COL,12,COL,Final
20140404,mlb,340404123,STL,2,PIT,12,PIT,Final
20140404,mlb,340404114,NYY,7,TOR,3,NYY,Final
20140404,mlb,340404121,CIN,3,NYM,4,NYM,Final
20140404,mlb,340404128,SD,2,MIA,8,MIA,Final
20140404,mlb,340404130,TEX,1,TB,8,TB,Final
20140404,mlb,340404118,LAA,11,HOU,1,LAA,Final
20140405,mlb,340405105,MIN,7,CLE,3,MIN,Final
20140405,mlb,340405114,NYY,0,TOR,4,TOR,Final
20140405,mlb,340405106,BAL,6,DET,7,DET,Final
20140405,mlb,340405121,CIN,3,NYM,6,NYM,Final
20140405,mlb,340405107,CHW,3,KC,4,KC,Final
20140405,mlb,340405116,PHI,2,CHC,0,PHI,Final
20140405,mlb,340405119,SF,7,LAD,2,SF,Final
20140405,mlb,340405120,ATL,6,WSH,2,ATL,Final
20140405,mlb,340405123,STL,6,PIT,1,STL,Final
20140405,mlb,340405102,MIL,7,BOS,6,MIL,Final/11
20140405,mlb,340405118,LAA,5,HOU,1,LAA,Final
20140405,mlb,340405128,SD,0,MIA,5,MIA,Final
20140405,mlb,340405130,TEX,4,TB,5,TB,Final
20140405,mlb,340405127,ARI,4,COL,9,COL,Final
20140406,mlb,340406105,MIN,10,CLE,7,MIN,Final
20140406,mlb,340406114,NYY,6,TOR,4,NYY,Final
20140406,mlb,340406106,BAL,3,DET,1,BAL,Final
20140406,mlb,340406121,CIN,2,NYM,1,CIN,Final
20140406,mlb,340406128,SD,4,MIA,2,SD,Final
20140406,mlb,340406102,MIL,4,BOS,0,MIL,Final
20140406,mlb,340406120,ATL,1,WSH,2,WSH,Final
20140406,mlb,340406123,STL,1,PIT,2,PIT,Final
20140406,mlb,340406130,TEX,3,TB,0,TEX,Final
20140406,mlb,340406107,CHW,5,KC,1,CHW,Final
20140406,mlb,340406118,LAA,4,HOU,7,HOU,Final
20140406,mlb,340406116,PHI,3,CHC,8,CHC,Final
20140406,mlb,340406127,ARI,5,COL,3,ARI,Final
20140406,mlb,340406119,SF,2,LAD,6,LAD,Final
20140407,mlb,340407110,BAL,2,NYY,4,NYY,Final
20140407,mlb,340407118,LAA,9,HOU,1,LAA,Final
20140407,mlb,340407124,CIN,3,STL,5,STL,Final
20140407,mlb,340407102,TEX,1,BOS,5,BOS,Final
20140407,mlb,340407107,TB,2,KC,4,KC,Final
20140407,mlb,340407127,CHW,1,COL,8,COL,Final
20140408,mlb,340408110,BAL,14,NYY,5,BAL,Final
20140408,mlb,340408122,MIL,10,PHI,4,MIL,Final
20140408,mlb,340408126,ARI,3,SF,7,SF,Final
20140408,mlb,340408102,TEX,10,BOS,7,TEX,Final
20140408,mlb,340408105,SD,6,CLE,8,CLE,Final
20140408,mlb,340408120,MIA,0,WSH,5,WSH,Final
20140408,mlb,340408114,HOU,2,TOR,5,TOR,Final
20140408,mlb,340408115,NYM,4,ATL,0,NYM,Final
20140408,mlb,340408116,PIT,7,CHC,6,PIT,Final
20140408,mlb,340408107,TB,1,KC,0,TB,Final
20140408,mlb,340408124,CIN,5,STL,7,STL,Final
20140408,mlb,340408127,CHW,15,COL,3,CHW,Final
20140408,mlb,340408112,LAA,3,SEA,5,SEA,Final
20140408,mlb,340408119,DET,2,LAD,3,LAD,Final/10
20140409,mlb,340409205,SD,0,CLE,2,CLE,Final
20140409,mlb,340409124,CIN,4,STL,0,CIN,Final
20140409,mlb,340409107,TB,3,KC,7,KC,Final
20140409,mlb,340409305,SD,2,CLE,1,SD,Final
20140409,mlb,400703620,CHW,4,COL,10,COL,Final
20140409,mlb,340409102,TEX,2,BOS,4,BOS,Final
20140409,mlb,340409114,HOU,3,TOR,7,TOR,Final
20140409,mlb,340409110,BAL,5,NYY,4,BAL,Final
20140409,mlb,340409120,MIA,7,WSH,10,WSH,Final
20140409,mlb,340409122,MIL,9,PHI,4,MIL,Final
20140409,mlb,340409115,NYM,3,ATL,4,ATL,Final
20140409,mlb,340409116,PIT,5,CHC,7,CHC,Final
20140409,mlb,340409112,LAA,2,SEA,0,LAA,Final
20140409,mlb,340409119,DET,7,LAD,6,DET,Final/10
20140409,mlb,340409126,ARI,7,SF,3,ARI,Final
20140410,mlb,340410116,PIT,5,CHC,4,PIT,Final
20140410,mlb,340410120,MIA,1,WSH,7,WSH,Final
20140410,mlb,340410110,BOS,1,NYY,4,NYY,Final
20140410,mlb,340410122,MIL,6,PHI,2,MIL,Final
20140410,mlb,340410114,HOU,6,TOR,4,HOU,Final
20140410,mlb,340410115,NYM,6,ATL,4,NYM,Final
20140410,mlb,340410104,CLE,3,CHW,7,CHW,Final
20140410,mlb,340410126,ARI,6,SF,5,ARI,Final/10
20140411,mlb,340411101,TOR,2,BAL,0,TOR,Final
20140411,mlb,340411110,BOS,4,NYY,2,BOS,Final
20140411,mlb,340411122,MIA,3,PHI,6,PHI,Final
20140411,mlb,340411117,TB,2,CIN,1,TB,Final
20140411,mlb,340411115,WSH,6,ATL,7,ATL,Final/10
20140411,mlb,340411113,HOU,0,TEX,1,TEX,Final/12
20140411,mlb,340411104,CLE,6,CHW,9,CHW,Final
20140411,mlb,340411108,PIT,2,MIL,4,MIL,Final
20140411,mlb,340411109,KC,1,MIN,10,MIN,Final
20140411,mlb,340411124,CHC,6,STL,3,CHC,Final/11
20140411,mlb,340411129,LAD,6,ARI,0,LAD,Final
20140411,mlb,340411103,NYM,4,LAA,5,LAA,Final/11
20140411,mlb,340411125,DET,0,SD,6,SD,Final
20140411,mlb,340411126,COL,5,SF,6,SF,Final
20140412,mlb,340412110,BOS,4,NYY,7,NYY,Final
20140412,mlb,340412117,TB,1,CIN,0,TB,Final
20140412,mlb,340412104,CLE,12,CHW,6,CLE,Final
20140412,mlb,340412109,KC,1,MIN,7,MIN,Final
20140412,mlb,340412124,CHC,4,STL,10,STL,Final
20140412,mlb,340412126,COL,1,SF,0,COL,Final
20140412,mlb,340412101,TOR,1,BAL,2,BAL,Final/12
20140412,mlb,340412122,MIA,4,PHI,5,PHI,Final/10
20140412,mlb,340412108,PIT,2,MIL,3,MIL,Final
20140412,mlb,340412115,WSH,3,ATL,6,ATL,Final
20140412,mlb,340412113,HOU,6,TEX,5,HOU,Final/10
20140412,mlb,340412129,LAD,8,ARI,5,LAD,Final
20140412,mlb,340412125,DET,6,SD,2,DET,Final
20140412,mlb,340412103,NYM,7,LAA,6,NYM,Final/13
20140413,mlb,340413117,TB,4,CIN,12,CIN,Final
20140413,mlb,340413101,TOR,11,BAL,3,TOR,Final
20140413,mlb,340413115,WSH,2,ATL,10,ATL,Final
20140413,mlb,340413122,MIA,3,PHI,4,PHI,Final
20140413,mlb,340413104,CLE,3,CHW,4,CHW,Final
20140413,mlb,340413108,PIT,1,MIL,4,MIL,Final
20140413,mlb,340413109,KC,3,MIN,4,MIN,Final
20140413,mlb,340413124,CHC,4,STL,6,STL,Final
20140413,mlb,340413113,HOU,0,TEX,1,TEX,Final
20140413,mlb,340413103,NYM,2,LAA,14,LAA,Final
20140413,mlb,340413126,COL,4,SF,5,SF,Final/10
20140413,mlb,340413125,DET,1,SD,5,SD,Final
20140413,mlb,340413129,LAD,8,ARI,6,LAD,Final
20140413,mlb,340413110,BOS,2,NYY,3,NYY,Final
20140414,mlb,340414122,ATL,9,PHI,6,ATL,Final
20140414,mlb,340414101,TB,1,BAL,7,BAL,Final
20140414,mlb,340414117,PIT,8,CIN,7,PIT,Final
20140414,mlb,340414128,WSH,9,MIA,2,WSH,Final
20140414,mlb,340414113,SEA,7,TEX,1,SEA,Final
20140414,mlb,340414108,STL,4,MIL,0,STL,Final
20140414,mlb,340414129,NYM,7,ARI,3,NYM,Final
20140414,mlb,340414125,COL,4,SD,5,SD,Final
20140415,mlb,340415128,WSH,2,MIA,11,MIA,Final
20140415,mlb,340415117,PIT,5,CIN,7,CIN,Final
20140415,mlb,340415113,SEA,0,TEX,5,TEX,Final
20140415,mlb,340415104,BOS,1,CHW,2,CHW,Final
20140415,mlb,340415108,STL,6,MIL,1,STL,Final
20140415,mlb,340415109,TOR,9,MIN,3,TOR,Final
20140415,mlb,340415118,KC,4,HOU,2,KC,Final
20140415,mlb,340415129,NYM,9,ARI,0,NYM,Final
20140415,mlb,340415125,COL,3,SD,2,COL,Final
20140415,mlb,340415126,LAD,2,SF,3,SF,Final/12
20140416,mlb,340416101,TB,0,BAL,3,BAL,Final
20140416,mlb,340416117,PIT,0,CIN,4,CIN,Final
20140416,mlb,340416210,CHC,0,NYY,3,NYY,Final
20140416,mlb,340416108,STL,1,MIL,5,MIL,Final
20140416,mlb,340416129,NYM,5,ARI,2,NYM,Final
20140416,mlb,340416122,ATL,1,PHI,0,ATL,Final
20140416,mlb,340416310,CHC,0,NYY,2,NYY,Final
20140416,mlb,340416106,CLE,3,DET,2,CLE,Final
20140416,mlb,340416128,WSH,6,MIA,3,WSH,Final
20140416,mlb,340416113,SEA,2,TEX,3,TEX,Final
20140416,mlb,340416104,BOS,6,CHW,4,BOS,Final/14
20140416,mlb,340416118,KC,6,HOU,4,KC,Final/11
20140416,mlb,340416125,COL,2,SD,4,SD,Final
20140416,mlb,340416126,LAD,1,SF,2,SF,Final
20140417,mlb,340417122,ATL,0,PHI,1,PHI,Final
20140417,mlb,340417106,CLE,5,DET,7,DET,Final
20140417,mlb,340417209,TOR,0,MIN,7,MIN,Final
20140417,mlb,340417113,SEA,6,TEX,8,TEX,Final
20140417,mlb,340417126,LAD,2,SF,1,LAD,Final
20140417,mlb,340417125,COL,3,SD,1,COL,Final
20140417,mlb,340417120,STL,8,WSH,0,STL,Final
20140417,mlb,340417123,MIL,2,PIT,11,PIT,Final
20140417,mlb,340417130,NYY,10,TB,2,NYY,Final
20140417,mlb,340417309,TOR,5,MIN,9,MIN,Final
20140417,mlb,340417104,BOS,3,CHW,1,BOS,Final
20140417,mlb,340417118,KC,5,HOU,1,KC,Final
20140418,mlb,340418116,CIN,4,CHC,1,CIN,Final
20140418,mlb,340418105,TOR,3,CLE,2,TOR,Final
20140418,mlb,340418120,STL,1,WSH,3,WSH,Final
20140418,mlb,340418123,MIL,5,PIT,3,MIL,Final
20140418,mlb,340418106,LAA,11,DET,6,LAA,Final
20140418,mlb,340418102,BAL,8,BOS,4,BAL,Final
20140418,mlb,340418121,ATL,6,NYM,0,ATL,Final
20140418,mlb,340418128,SEA,4,MIA,8,MIA,Final
20140418,mlb,340418130,NYY,5,TB,11,TB,Final
20140418,mlb,340418113,CHW,0,TEX,12,TEX,Final
20140418,mlb,340418107,MIN,0,KC,5,KC,Final
20140418,mlb,340418127,PHI,1,COL,12,COL,Final
20140418,mlb,340418119,ARI,4,LAD,2,ARI,Final/12
20140418,mlb,340418125,SF,1,SD,2,SD,Final
20140419,mlb,340419105,TOR,5,CLE,0,TOR,Final
20140419,mlb,340419120,STL,4,WSH,3,STL,Final
20140419,mlb,340419106,LAA,2,DET,5,DET,Final
20140419,mlb,340419102,BAL,2,BOS,4,BOS,Final
20140419,mlb,340419107,MIN,4,KC,5,KC,Final
20140419,mlb,340419116,CIN,4,CHC,8,CHC,Final
20140419,mlb,340419123,MIL,8,PIT,7,MIL,Final
20140419,mlb,340419121,ATL,7,NYM,5,ATL,Final
20140419,mlb,340419128,SEA,0,MIA,7,MIA,Final
20140419,mlb,340419130,NYY,1,TB,16,TB,Final
20140419,mlb,340419113,CHW,3,TEX,6,TEX,Final
20140419,mlb,340419119,ARI,6,LAD,8,LAD,Final
20140419,mlb,340419127,PHI,1,COL,3,COL,Final
20140419,mlb,340419125,SF,1,SD,3,SD,Final
20140420,mlb,340420105,TOR,4,CLE,6,CLE,Final
20140420,mlb,340420106,LAA,1,DET,2,DET,Final
20140420,mlb,340420121,ATL,3,NYM,4,NYM,Final/14
20140420,mlb,340420128,SEA,2,MIA,3,MIA,Final
20140420,mlb,340420120,STL,2,WSH,3,WSH,Final
20140420,mlb,340420123,MIL,3,PIT,2,MIL,Final/14
20140420,mlb,340420130,NYY,5,TB,1,NYY,Final/12
20140420,mlb,340420107,MIN,8,KC,3,MIN,Final
20140420,mlb,340420116,CIN,8,CHC,2,CIN,Final
20140420,mlb,340420113,CHW,16,TEX,2,CHW,Final
20140420,mlb,340420119,ARI,1,LAD,4,LAD,Final
20140420,mlb,340420125,SF,4,SD,3,SF,Final
20140420,mlb,340420127,PHI,10,COL,9,PHI,Final
20140420,mlb,340420102,BAL,5,BOS,6,BOS,Final
20140421,mlb,340421102,BAL,7,BOS,6,BAL,Final
20140421,mlb,340421123,CIN,5,PIT,6,PIT,Final
20140421,mlb,340421105,KC,3,CLE,4,CLE,Final
20140421,mlb,340421120,LAA,4,WSH,2,LAA,Final
20140421,mlb,340421106,CHW,3,DET,1,CHW,Final
20140421,mlb,340421115,MIA,2,ATL,4,ATL,Final/10
20140421,mlb,340421121,STL,0,NYM,2,NYM,Final
20140421,mlb,340421116,ARI,1,CHC,5,CHC,Final
20140421,mlb,340421108,SD,3,MIL,4,MIL,Final
20140421,mlb,340421127,SF,2,COL,8,COL,Final
20140421,mlb,340421112,HOU,7,SEA,2,HOU,Final
20140421,mlb,340421119,PHI,7,LAD,0,PHI,Final
20140422,mlb,340422105,KC,8,CLE,2,KC,Final
20140422,mlb,340422120,LAA,7,WSH,2,LAA,Final
20140422,mlb,340422123,CIN,4,PIT,1,CIN,Final
20140422,mlb,340422114,BAL,3,TOR,9,TOR,Final
20140422,mlb,340422106,CHW,6,DET,8,DET,Final
20140422,mlb,340422102,NYY,9,BOS,3,NYY,Final
20140422,mlb,340422115,MIA,1,ATL,0,MIA,Final
20140422,mlb,340422121,STL,3,NYM,0,STL,Final
20140422,mlb,340422130,MIN,3,TB,7,TB,Final
20140422,mlb,340422116,ARI,2,CHC,9,CHC,Final
20140422,mlb,340422108,SD,2,MIL,1,SD,Final/12
20140422,mlb,340422127,SF,1,COL,2,COL,Final
20140422,mlb,340422112,HOU,5,SEA,2,HOU,Final
20140422,mlb,340422119,PHI,3,LAD,2,PHI,Final/10
20140423,mlb,340423115,MIA,1,ATL,3,ATL,Final
20140423,mlb,340423116,ARI,7,CHC,5,ARI,Final
20140423,mlb,340423127,SF,12,COL,10,SF,Final/11
20140423,mlb,340423112,HOU,3,SEA,5,SEA,Final
20140423,mlb,340423102,NYY,1,BOS,5,BOS,Final
20140423,mlb,340423105,KC,3,CLE,5,CLE,Final
20140423,mlb,340423120,LAA,4,WSH,5,WSH,Final
20140423,mlb,340423123,CIN,5,PIT,2,CIN,Final
20140423,mlb,340423114,BAL,10,TOR,8,BAL,Final
20140423,mlb,340423106,CHW,6,DET,4,CHW,Final
20140423,mlb,340423121,STL,2,NYM,3,NYM,Final
20140423,mlb,340423130,MIN,6,TB,4,MIN,Final/12
20140423,mlb,340423108,SD,2,MIL,5,MIL,Final
20140423,mlb,340423119,PHI,2,LAD,5,LAD,Final
20140424,mlb,340424105,KC,1,CLE,5,CLE,Final
20140424,mlb,340424123,CIN,2,PIT,1,CIN,Final
20140424,mlb,340424106,CHW,4,DET,7,DET,Final
20140424,mlb,340424121,STL,1,NYM,4,NYM,Final
20140424,mlb,340424130,MIN,9,TB,7,MIN,Final
20140424,mlb,340424116,ARI,5,CHC,2,ARI,Final
20140424,mlb,340424120,SD,4,WSH,3,SD,Final/12
20140424,mlb,340424114,BAL,11,TOR,4,BAL,Final
20140424,mlb,340424102,NYY,14,BOS,5,NYY,Final
20140424,mlb,340424119,PHI,7,LAD,3,PHI,Final
20140425,mlb,340425101,KC,5,BAL,0,KC,Final
20140425,mlb,340425110,LAA,13,NYY,1,LAA,Final
20140425,mlb,340425120,SD,1,WSH,11,WSH,Final
20140425,mlb,340425114,BOS,8,TOR,1,BOS,Final
20140425,mlb,340425121,MIA,3,NYM,4,NYM,Final
20140425,mlb,340425115,CIN,4,ATL,5,ATL,Final
20140425,mlb,340425104,TB,6,CHW,9,CHW,Final
20140425,mlb,340425108,CHC,2,MIL,5,MIL,Final
20140425,mlb,340425109,DET,10,MIN,6,DET,Final
20140425,mlb,340425124,PIT,0,STL,1,STL,Final
20140425,mlb,340425129,PHI,4,ARI,5,ARI,Final
20140425,mlb,340425112,TEX,5,SEA,6,SEA,Final
20140425,mlb,340425119,COL,5,LAD,4,COL,Final/11
20140425,mlb,340425126,CLE,1,SF,5,SF,Final
20140426,mlb,340426110,LAA,3,NYY,4,NYY,Final
20140426,mlb,340426120,SD,0,WSH,4,WSH,Final
20140426,mlb,340426114,BOS,7,TOR,6,BOS,Final
20140426,mlb,340426109,DET,3,MIN,5,MIN,Final
20140426,mlb,340426124,PIT,6,STL,1,PIT,Final
20140426,mlb,340426126,CLE,3,SF,5,SF,Final
20140426,mlb,340426101,KC,2,BAL,3,BAL,Final/10
20140426,mlb,340426104,TB,4,CHW,0,TB,Final
20140426,mlb,340426108,CHC,3,MIL,5,MIL,Final
20140426,mlb,340426115,CIN,1,ATL,4,ATL,Final
20140426,mlb,340426121,MIA,7,NYM,6,MIA,Final/10
20140426,mlb,340426129,PHI,6,ARI,5,PHI,Final
20140426,mlb,340426112,TEX,6,SEA,3,TEX,Final
20140426,mlb,340426119,COL,3,LAD,6,LAD,Final
20140427,mlb,340427114,BOS,1,TOR,7,TOR,Final
20140427,mlb,340427121,MIA,0,NYM,4,NYM,Final
20140427,mlb,340427101,KC,9,BAL,3,KC,Final
20140427,mlb,340427115,CIN,0,ATL,1,ATL,Final/10
20140427,mlb,340427120,SD,4,WSH,2,SD,Final
20140427,mlb,340427104,TB,2,CHW,9,CHW,Final
20140427,mlb,340427108,CHC,4,MIL,0,CHC,Final
20140427,mlb,340427124,PIT,0,STL,7,STL,Final
20140427,mlb,340427126,CLE,1,SF,4,SF,Final
20140427,mlb,340427112,TEX,5,SEA,6,SEA,Final
20140427,mlb,340427119,COL,6,LAD,1,COL,Final
20140427,mlb,340427129,PHI,2,ARI,0,PHI,Final
20140427,mlb,340427110,LAA,2,NYY,3,NYY,Final
20140428,mlb,340428104,TB,3,CHW,7,CHW,Final
20140428,mlb,340428124,MIL,5,STL,3,MIL,Final/12
20140428,mlb,340428129,COL,8,ARI,5,COL,Final
20140428,mlb,340428103,CLE,3,LAA,6,LAA,Final
20140428,mlb,340428126,SD,6,SF,4,SD,Final
20140429,mlb,340429110,SEA,6,NYY,3,SEA,Final
20140429,mlb,340429122,NYM,6,PHI,1,NYM,Final
20140429,mlb,340429102,TB,4,BOS,7,BOS,Final
20140429,mlb,340429117,CHC,2,CIN,3,CIN,Final
20140429,mlb,340429128,ATL,0,MIA,9,MIA,Final
20140429,mlb,340429104,DET,4,CHW,3,DET,Final
20140429,mlb,340429107,TOR,7,KC,10,KC,Final
20140429,mlb,340429118,WSH,4,HOU,3,WSH,Final
20140429,mlb,340429124,MIL,5,STL,4,MIL,Final/11
20140429,mlb,340429129,COL,5,ARI,4,COL,Final
20140429,mlb,340429103,CLE,4,LAA,6,LAA,Final
20140429,mlb,340429126,SD,0,SF,6,SF,Final
20140430,mlb,340430124,MIL,3,STL,9,STL,Final
20140430,mlb,340430104,DET,5,CHW,1,DET,Final
20140430,mlb,340430103,CLE,1,LAA,7,LAA,Final
20140430,mlb,340430117,CHC,9,CIN,4,CHC,Final
20140430,mlb,340430128,ATL,3,MIA,9,MIA,Final
20140430,mlb,340430107,TOR,2,KC,4,KC,Final
20140430,mlb,340430109,LAD,6,MIN,4,LAD,Final
20140430,mlb,340430118,WSH,7,HOU,0,WSH,Final
20140430,mlb,340430129,COL,4,ARI,5,ARI,Final/10
20140430,mlb,340430126,SD,2,SF,3,SF,Final
20140501,mlb,340501202,TB,2,BOS,1,TB,Final
20140501,mlb,340501209,LAD,9,MIN,4,LAD,Final
20140501,mlb,340501201,PIT,1,BAL,5,BAL,Final
20140501,mlb,340501110,SEA,4,NYY,2,SEA,Final
20140501,mlb,340501117,MIL,3,CIN,8,CIN,Final
20140501,mlb,340501128,ATL,4,MIA,5,MIA,Final
20140501,mlb,340501302,TB,6,BOS,5,TB,Final
20140501,mlb,340501309,LAD,4,MIN,3,LAD,Final/12
20140501,mlb,340501107,TOR,7,KC,3,TOR,Final
20140501,mlb,340501127,NYM,4,COL,7,COL,Final
20140501,mlb,340501301,PIT,5,BAL,6,BAL,Final/10
20140502,mlb,340502116,STL,5,CHC,6,CHC,Final
20140502,mlb,340502105,CHW,5,CLE,12,CLE,Final
20140502,mlb,340502110,TB,10,NYY,5,TB,Final/14
20140502,mlb,340502122,WSH,5,PHI,3,WSH,Final
20140502,mlb,340502123,TOR,5,PIT,6,PIT,Final
20140502,mlb,340502117,MIL,2,CIN,0,MIL,Final
20140502,mlb,340502128,LAD,3,MIA,6,MIA,Final
20140502,mlb,340502115,SF,2,ATL,1,SF,Final
20140502,mlb,340502107,DET,8,KC,2,DET,Final
20140502,mlb,340502109,BAL,3,MIN,0,BAL,Final
20140502,mlb,340502118,SEA,4,HOU,5,HOU,Final/11
20140502,mlb,340502127,NYM,3,COL,10,COL,Final
20140502,mlb,340502103,TEX,5,LAA,2,TEX,Final
20140502,mlb,340502125,ARI,2,SD,0,ARI,Final
20140503,mlb,340503110,TB,3,NYY,9,NYY,Final
20140503,mlb,340503116,STL,0,CHC,3,CHC,Final
20140503,mlb,340503109,BAL,1,MIN,6,MIN,Final
20140503,mlb,340503118,SEA,9,HOU,8,SEA,Final
20140503,mlb,340503105,CHW,0,CLE,2,CLE,Final
20140503,mlb,340503122,WSH,2,PHI,7,PHI,Final
20140503,mlb,340503123,TOR,6,PIT,8,PIT,Final
20140503,mlb,340503107,DET,9,KC,2,DET,Final
20140503,mlb,340503115,SF,3,ATL,1,SF,Final
20140503,mlb,340503117,MIL,2,CIN,6,CIN,Final
20140503,mlb,340503128,LAD,9,MIA,7,LAD,Final/11
20140503,mlb,340503127,NYM,10,COL,11,COL,Final
20140503,mlb,340503125,ARI,4,SD,3,ARI,Final
20140503,mlb,340503103,TEX,3,LAA,5,LAA,Final
20140504,mlb,340504105,CHW,4,CLE,3,CHW,Final
20140504,mlb,340504110,TB,5,NYY,1,TB,Final
20140504,mlb,340504128,LAD,4,MIA,5,MIA,Final
20140504,mlb,340504115,SF,4,ATL,1,SF,Final
20140504,mlb,340504123,TOR,7,PIT,2,TOR,Final
20140504,mlb,340504107,DET,9,KC,4,DET,Final
20140504,mlb,340504109,BAL,2,MIN,5,MIN,Final
20140504,mlb,340504118,SEA,8,HOU,7,SEA,Final
20140504,mlb,340504122,WSH,0,PHI,1,PHI,Final
20140504,mlb,340504103,TEX,14,LAA,3,TEX,Final
20140504,mlb,340504117,MIL,3,CIN,4,CIN,Final/10
20140504,mlb,340504125,ARI,3,SD,4,SD,Final
20140504,mlb,340504127,NYM,5,COL,1,NYM,Final
20140504,mlb,340504116,STL,5,CHC,4,STL,Final
20140505,mlb,340505115,STL,4,ATL,3,STL,Final
20140505,mlb,340505120,LAD,0,WSH,4,WSH,Final
20140505,mlb,340505122,TOR,3,PHI,0,TOR,Final
20140505,mlb,340505123,SF,11,PIT,10,SF,Final/13
20140505,mlb,400653884,MIN,1,CLE,0,MIN,Final/10
20140505,mlb,340505106,HOU,0,DET,2,DET,Final
20140505,mlb,340505128,NYM,3,MIA,4,MIA,Final
20140505,mlb,340505116,CHW,3,CHC,1,CHW,Final/12
20140505,mlb,340505108,ARI,3,MIL,8,MIL,Final
20140505,mlb,340505127,TEX,2,COL,8,COL,Final
20140505,mlb,340505103,NYY,1,LAA,4,LAA,Final
20140505,mlb,340505125,KC,5,SD,6,SD,Final/12
20140506,mlb,340506105,MIN,2,CLE,4,CLE,Final
20140506,mlb,340506120,LAD,8,WSH,3,LAD,Final
20140506,mlb,340506122,TOR,6,PHI,5,TOR,Final/10
20140506,mlb,340506123,SF,1,PIT,2,PIT,Final
20140506,mlb,340506106,HOU,4,DET,11,DET,Final
20140506,mlb,340506102,CIN,3,BOS,4,BOS,Final/12
20140506,mlb,340506115,STL,1,ATL,2,ATL,Final
20140506,mlb,340506128,NYM,0,MIA,3,MIA,Final
20140506,mlb,340506130,BAL,5,TB,3,BAL,Final
20140506,mlb,340506116,CHW,5,CHC,1,CHW,Final
20140506,mlb,340506108,ARI,7,MIL,5,ARI,Final
20140506,mlb,340506127,TEX,1,COL,12,COL,Final
20140506,mlb,340506103,NYY,4,LAA,3,NYY,Final
20140506,mlb,340506125,KC,3,SD,1,KC,Final/11
20140507,mlb,340507123,SF,3,PIT,4,PIT,Final
20140507,mlb,340507128,NYM,0,MIA,1,MIA,Final
20140507,mlb,340507120,LAD,2,WSH,3,WSH,Final
20140507,mlb,340507108,ARI,3,MIL,2,ARI,Final
20140507,mlb,340507125,KC,8,SD,0,KC,Final
20140507,mlb,340507105,MIN,3,CLE,4,CLE,Final
20140507,mlb,340507114,PHI,0,TOR,10,TOR,Final
20140507,mlb,340507102,CIN,3,BOS,4,BOS,Final
20140507,mlb,340507115,STL,7,ATL,1,STL,Final
20140507,mlb,340507130,BAL,4,TB,3,BAL,Final
20140507,mlb,340507106,HOU,2,DET,3,DET,Final
20140507,mlb,340507104,CHC,3,CHW,8,CHW,Final
20140507,mlb,340507113,COL,9,TEX,2,COL,Final
20140507,mlb,340507103,NYY,9,LAA,2,NYY,Final
20140508,mlb,400653899,MIN,4,CLE,9,CLE,Final
20140508,mlb,340508106,HOU,6,DET,2,HOU,Final
20140508,mlb,340508114,PHI,6,TOR,12,TOR,Final
20140508,mlb,340508130,BAL,3,TB,1,BAL,Final
20140508,mlb,340508113,COL,0,TEX,5,TEX,Final
20140508,mlb,340508104,CHC,12,CHW,5,CHC,Final
20140508,mlb,340508112,KC,0,SEA,1,SEA,Final
20140508,mlb,340508119,SF,3,LAD,1,SF,Final/10
20140508,mlb,340508125,MIA,3,SD,1,MIA,Final/11
20140509,mlb,340509101,HOU,3,BAL,4,BAL,Final
20140509,mlb,340509123,STL,4,PIT,6,PIT,Final
20140509,mlb,340509114,LAA,4,TOR,3,LAA,Final
20140509,mlb,340509117,COL,3,CIN,4,CIN,Final
20140509,mlb,340509121,PHI,3,NYM,2,PHI,Final/11
20140509,mlb,340509130,CLE,6,TB,3,CLE,Final
20140509,mlb,340509106,MIN,2,DET,1,MIN,Final
20140509,mlb,340509115,CHC,2,ATL,3,ATL,Final/10
20140509,mlb,340509113,BOS,0,TEX,8,TEX,Final
20140509,mlb,340509104,ARI,3,CHW,9,CHW,Final
20140509,mlb,340509108,NYY,5,MIL,3,NYY,Final
20140509,mlb,340509112,KC,6,SEA,1,KC,Final
20140509,mlb,340509119,SF,3,LAD,1,SF,Final
20140509,mlb,340509125,MIA,1,SD,10,SD,Final
20140510,mlb,340510114,LAA,5,TOR,3,LAA,Final
20140510,mlb,340510106,MIN,3,DET,9,DET,Final
20140510,mlb,340510119,SF,2,LAD,6,LAD,Final
20140510,mlb,340510101,HOU,4,BAL,5,BAL,Final/10
20140510,mlb,340510123,STL,3,PIT,4,PIT,Final
20140510,mlb,340510104,ARI,4,CHW,3,ARI,Final
20140510,mlb,340510108,NYY,4,MIL,5,MIL,Final
20140510,mlb,340510115,CHC,0,ATL,2,ATL,Final
20140510,mlb,340510117,COL,11,CIN,2,COL,Final
20140510,mlb,340510121,PHI,5,NYM,4,PHI,Final
20140510,mlb,340510130,CLE,1,TB,7,TB,Final
20140510,mlb,340510113,BOS,8,TEX,3,BOS,Final
20140510,mlb,340510125,MIA,3,SD,9,SD,Final
20140510,mlb,340510112,KC,1,SEA,3,SEA,Final
20140511,mlb,340511114,LAA,9,TOR,3,LAA,Final
20140511,mlb,340511106,MIN,4,DET,3,MIN,Final
20140511,mlb,340511117,COL,1,CIN,4,CIN,Final
20140511,mlb,340511121,PHI,4,NYM,5,NYM,Final/11
20140511,mlb,340511101,HOU,5,BAL,2,HOU,Final
20140511,mlb,340511115,CHC,2,ATL,5,ATL,Final
20140511,mlb,340511130,CLE,6,TB,5,CLE,Final
20140511,mlb,340511104,ARI,5,CHW,1,ARI,Final
20140511,mlb,340511108,NYY,5,MIL,6,MIL,Final
20140511,mlb,340511113,BOS,5,TEX,2,BOS,Final
20140511,mlb,340511112,KC,9,SEA,7,KC,Final
20140511,mlb,340511119,SF,7,LAD,4,SF,Final/10
20140511,mlb,340511125,MIA,4,SD,5,SD,Final
20140511,mlb,340511123,STL,6,PIT,5,STL,Final
20140512,mlb,340512101,DET,4,BAL,1,DET,Final
20140512,mlb,340512110,NYM,9,NYY,7,NYM,Final
20140512,mlb,340512114,LAA,3,TOR,7,TOR,Final
20140512,mlb,340512124,CHC,17,STL,5,CHC,Final
20140512,mlb,340512118,TEX,4,HOU,0,TEX,Final
20140512,mlb,340512129,WSH,6,ARI,5,WSH,Final
20140512,mlb,340512112,TB,5,SEA,12,SEA,Final
20140512,mlb,340512119,MIA,5,LAD,6,LAD,Final
20140512,mlb,340512126,ATL,2,SF,4,SF,Final
20140513,mlb,340513101,DET,4,BAL,1,DET,Final
20140513,mlb,340513110,NYM,12,NYY,7,NYM,Final
20140513,mlb,340513122,LAA,4,PHI,3,LAA,Final
20140513,mlb,340513114,CLE,4,TOR,5,TOR,Final
20140513,mlb,340513117,SD,2,CIN,1,SD,Final
20140513,mlb,340513107,COL,1,KC,5,KC,Final
20140513,mlb,340513108,PIT,2,MIL,5,MIL,Final
20140513,mlb,340513109,BOS,6,MIN,8,MIN,Final
20140513,mlb,340513118,TEX,0,HOU,8,HOU,Final
20140513,mlb,340513124,CHC,3,STL,4,STL,Final/12
20140513,mlb,340513129,WSH,1,ARI,3,ARI,Final
20140513,mlb,340513112,TB,2,SEA,1,TB,Final
20140513,mlb,340513119,MIA,1,LAD,7,LAD,Final
20140513,mlb,340513126,ATL,5,SF,0,ATL,Final
20140514,mlb,340514101,DET,7,BAL,5,DET,Final
20140514,mlb,340514122,LAA,3,PHI,0,LAA,Final
20140514,mlb,340514107,COL,2,KC,3,KC,Final
20140514,mlb,340514112,TB,2,SEA,0,TB,Final
20140514,mlb,340514129,WSH,5,ARI,1,WSH,Final
20140514,mlb,340514126,ATL,4,SF,10,SF,Final
20140514,mlb,340514121,NYY,4,NYM,0,NYY,Final
20140514,mlb,340514114,CLE,15,TOR,4,CLE,Final
20140514,mlb,340514108,PIT,4,MIL,1,PIT,Final
20140514,mlb,340514109,BOS,9,MIN,4,BOS,Final
20140514,mlb,340514118,TEX,4,HOU,5,HOU,Final
20140514,mlb,340514119,MIA,13,LAD,3,MIA,Final
20140515,mlb,340515217,SD,0,CIN,5,CIN,Final
20140515,mlb,340515108,PIT,3,MIL,4,MIL,Final
20140515,mlb,340515109,BOS,3,MIN,4,MIN,Final/10
20140515,mlb,340515124,CHC,3,STL,5,STL,Final
20140515,mlb,340515317,SD,6,CIN,1,SD,Final
20140515,mlb,340515114,CLE,2,TOR,4,TOR,Final
20140515,mlb,340515121,NYY,1,NYM,0,NYY,Final
20140515,mlb,340515107,BAL,2,KC,1,BAL,Final
20140515,mlb,340515103,TB,5,LAA,6,LAA,Final
20140515,mlb,340515126,MIA,4,SF,6,SF,Final
20140516,mlb,340516116,MIL,4,CHC,3,MIL,Final
20140516,mlb,340516120,NYM,2,WSH,5,WSH,Final
20140516,mlb,340516122,CIN,3,PHI,0,CIN,Final
20140516,mlb,340516102,DET,1,BOS,0,DET,Final
20140516,mlb,340516113,TOR,2,TEX,0,TOR,Final
20140516,mlb,340516107,BAL,4,KC,0,BAL,Final
20140516,mlb,340516109,SEA,4,MIN,5,MIN,Final
20140516,mlb,340516118,CHW,7,HOU,2,CHW,Final
20140516,mlb,340516124,ATL,2,STL,5,STL,Final
20140516,mlb,340516127,SD,1,COL,3,COL,Final
20140516,mlb,340516129,LAD,7,ARI,0,LAD,Final
20140516,mlb,340516103,TB,3,LAA,0,TB,Final
20140516,mlb,340516126,MIA,7,SF,5,MIA,Final
20140517,mlb,340517124,ATL,1,STL,4,STL,Final
20140517,mlb,340517116,MIL,0,CHC,3,CHC,Final
20140517,mlb,340517110,PIT,1,NYY,7,NYY,Final
20140517,mlb,340517120,NYM,5,WSH,2,NYM,Final
20140517,mlb,340517118,CHW,5,HOU,6,HOU,Final
20140517,mlb,340517122,CIN,1,PHI,12,PHI,Final
20140517,mlb,340517102,DET,6,BOS,1,DET,Final
20140517,mlb,340517107,BAL,0,KC,1,KC,Final
20140517,mlb,340517109,SEA,3,MIN,4,MIN,Final
20140517,mlb,340517113,TOR,4,TEX,2,TOR,Final
20140517,mlb,340517127,SD,8,COL,5,SD,Final
20140517,mlb,340517129,LAD,7,ARI,18,ARI,Final
20140517,mlb,340517103,TB,0,LAA,6,LAA,Final
20140517,mlb,340517126,MIA,5,SF,0,MIA,Final
20140518,mlb,340518210,PIT,3,NYY,4,NYY,Final
20140518,mlb,340518120,NYM,3,WSH,6,WSH,Final
20140518,mlb,340518122,CIN,3,PHI,8,PHI,Final
20140518,mlb,340518107,BAL,6,KC,8,KC,Final
20140518,mlb,340518109,SEA,6,MIN,2,SEA,Final
20140518,mlb,340518118,CHW,2,HOU,8,HOU,Final
20140518,mlb,340518124,ATL,6,STL,5,ATL,Final
20140518,mlb,340518116,MIL,2,CHC,4,CHC,Final
20140518,mlb,340518113,TOR,2,TEX,6,TEX,Final
20140518,mlb,340518103,TB,2,LAA,6,LAA,Final
20140518,mlb,340518126,MIA,1,SF,4,SF,Final
20140518,mlb,340518127,SD,6,COL,8,COL,Final/10
20140518,mlb,340518129,LAD,3,ARI,5,ARI,Final
20140518,mlb,340518310,PIT,5,NYY,3,PIT,Final
20140518,mlb,340518102,DET,6,BOS,2,DET,Final
20140519,mlb,340519105,DET,4,CLE,5,CLE,Final/10
20140519,mlb,340519120,CIN,4,WSH,3,CIN,Final/15
20140519,mlb,400746833,MIL,3,ATL,9,ATL,Final
20140519,mlb,340519107,CHW,7,KC,6,CHW,Final
20140519,mlb,340519103,HOU,5,LAA,2,HOU,Final
20140520,mlb,340520105,DET,2,CLE,6,CLE,Final
20140520,mlb,340520120,CIN,4,WSH,9,WSH,Final
20140520,mlb,340520123,BAL,9,PIT,2,BAL,Final
20140520,mlb,340520102,TOR,7,BOS,4,TOR,Final
20140520,mlb,340520115,MIL,0,ATL,5,ATL,Final
20140520,mlb,340520121,LAD,9,NYM,4,LAD,Final
20140520,mlb,340520128,PHI,6,MIA,5,PHI,Final
20140520,mlb,340520113,SEA,6,TEX,2,SEA,Final
20140520,mlb,340520116,NYY,1,CHC,6,CHC,Final
20140520,mlb,340520107,CHW,7,KC,6,CHW,Final
20140520,mlb,340520124,ARI,0,STL,5,STL,Final
20140520,mlb,340520127,SF,4,COL,5,COL,Final
20140520,mlb,340520103,HOU,3,LAA,9,LAA,Final
20140520,mlb,340520125,MIN,5,SD,3,MIN,Final
20140521,mlb,340521105,DET,10,CLE,11,CLE,Final/13
20140521,mlb,340521113,SEA,3,TEX,4,TEX,Final
20140521,mlb,340521116,NYY,4,CHC,2,NYY,Final/13
20140521,mlb,340521120,CIN,2,WSH,1,CIN,Final
20140521,mlb,340521121,LAD,4,NYM,3,LAD,Final
20140521,mlb,340521123,BAL,8,PIT,9,PIT,Final
20140521,mlb,340521102,TOR,6,BOS,4,TOR,Final
20140521,mlb,340521115,MIL,6,ATL,1,MIL,Final
20140521,mlb,340521128,PHI,5,MIA,14,MIA,Final
20140521,mlb,340521107,CHW,1,KC,3,KC,Final
20140521,mlb,340521124,ARI,2,STL,3,STL,Final/12
20140521,mlb,340521127,SF,5,COL,1,SF,Final
20140521,mlb,340521125,MIN,2,SD,0,MIN,Final
20140521,mlb,340521103,HOU,1,LAA,2,LAA,Final
20140522,mlb,340522128,PHI,3,MIA,4,MIA,Final
20140522,mlb,340522106,TEX,9,DET,2,TEX,Final
20140522,mlb,340522127,SF,4,COL,2,SF,Final
20140522,mlb,340522102,TOR,7,BOS,2,TOR,Final
20140522,mlb,340522101,CLE,8,BAL,7,CLE,Final/13
20140522,mlb,340522123,WSH,1,PIT,3,PIT,Final
20140522,mlb,340522115,MIL,4,ATL,5,ATL,Final
20140522,mlb,340522121,LAD,3,NYM,5,NYM,Final
20140522,mlb,340522124,ARI,2,STL,4,STL,Final
20140522,mlb,340522104,NYY,2,CHW,3,CHW,Final
20140522,mlb,340522112,HOU,1,SEA,3,SEA,Final
20140522,mlb,340522125,CHC,5,SD,1,CHC,Final
20140523,mlb,340523101,CLE,4,BAL,8,BAL,Final
20140523,mlb,340523122,LAD,2,PHI,0,LAD,Final
20140523,mlb,340523123,WSH,3,PIT,4,PIT,Final
20140523,mlb,340523106,TEX,2,DET,7,DET,Final
20140523,mlb,340523117,STL,3,CIN,5,CIN,Final
20140523,mlb,340523128,MIL,9,MIA,5,MIL,Final
20140523,mlb,340523130,BOS,0,TB,1,TB,Final
20140523,mlb,340523115,COL,2,ATL,3,ATL,Final
20140523,mlb,340523104,NYY,5,CHW,6,CHW,Final
20140523,mlb,340523103,KC,1,LAA,6,LAA,Final
20140523,mlb,340523112,HOU,1,SEA,6,SEA,Final
20140523,mlb,340523125,CHC,1,SD,11,SD,Final
20140523,mlb,340523126,MIN,2,SF,6,SF,Final
20140524,mlb,340524101,CLE,9,BAL,0,CLE,Final
20140524,mlb,340524104,NYY,4,CHW,3,NYY,Final/10
20140524,mlb,340524122,LAD,3,PHI,5,PHI,Final
20140524,mlb,340524106,TEX,12,DET,2,TEX,Final
20140524,mlb,340524115,COL,3,ATL,1,COL,Final
20140524,mlb,340524121,ARI,3,NYM,2,ARI,Final
20140524,mlb,340524128,MIL,1,MIA,2,MIA,Final
20140524,mlb,340524130,BOS,5,TB,6,TB,Final/15
20140524,mlb,340524103,KC,7,LAA,4,KC,Final/13
20140524,mlb,340524117,STL,6,CIN,3,STL,Final
20140524,mlb,340524123,WSH,2,PIT,3,PIT,Final
20140524,mlb,340524126,MIN,1,SF,2,SF,Final
20140524,mlb,340524112,HOU,9,SEA,4,HOU,Final
20140524,mlb,340524125,CHC,3,SD,2,CHC,Final
20140525,mlb,340525106,TEX,12,DET,4,TEX,Final
20140525,mlb,340525128,MIL,7,MIA,1,MIL,Final
20140525,mlb,340525221,ARI,2,NYM,1,ARI,Final
20140525,mlb,340525101,CLE,2,BAL,4,BAL,Final
20140525,mlb,340525122,LAD,6,PHI,0,LAD,Final
20140525,mlb,340525123,WSH,5,PIT,2,WSH,Final
20140525,mlb,340525130,BOS,5,TB,8,TB,Final
20140525,mlb,340525104,NYY,7,CHW,1,NYY,Final
20140525,mlb,340525103,KC,3,LAA,4,LAA,Final
20140525,mlb,340525126,MIN,1,SF,8,SF,Final
20140525,mlb,340525112,HOU,4,SEA,1,HOU,Final
20140525,mlb,340525125,CHC,3,SD,4,SD,Final
20140525,mlb,340525321,ARI,2,NYM,4,NYM,Final
20140525,mlb,340525115,COL,0,ATL,7,ATL,Final
20140525,mlb,340525117,STL,4,CIN,0,STL,Final
20140526,mlb,340526115,BOS,8,ATL,6,BOS,Final
20140526,mlb,340526121,PIT,5,NYM,3,PIT,Final
20140526,mlb,340526120,MIA,3,WSH,2,MIA,Final
20140526,mlb,340526104,CLE,2,CHW,6,CHW,Final
20140526,mlb,340526108,BAL,7,MIL,6,BAL,Final/10
20140526,mlb,340526109,TEX,7,MIN,2,TEX,Final
20140526,mlb,340526124,NYY,6,STL,4,NYY,Final/12
20140526,mlb,340526126,CHC,8,SF,4,CHC,Final
20140526,mlb,340526112,LAA,1,SEA,5,SEA,Final
20140526,mlb,340526122,COL,0,PHI,9,PHI,Final
20140526,mlb,340526114,TB,5,TOR,10,TOR,Final
20140526,mlb,340526107,HOU,9,KC,2,HOU,Final
20140526,mlb,340526119,CIN,3,LAD,4,LAD,Final
20140526,mlb,340526129,SD,5,ARI,7,ARI,Final
20140527,mlb,340527115,BOS,6,ATL,3,BOS,Final
20140527,mlb,340527122,COL,6,PHI,2,COL,Final
20140527,mlb,340527114,TB,6,TOR,9,TOR,Final
20140527,mlb,340527121,PIT,2,NYM,4,NYM,Final
20140527,mlb,340527104,CLE,1,CHW,2,CHW,Final
20140527,mlb,340527107,HOU,3,KC,0,HOU,Final
20140527,mlb,340527108,BAL,6,MIL,7,MIL,Final/10
20140527,mlb,340527109,TEX,3,MIN,4,MIN,Final
20140527,mlb,340527124,NYY,0,STL,6,STL,Final
20140527,mlb,340527129,SD,4,ARI,3,SD,Final
20140527,mlb,340527119,CIN,3,LAD,6,LAD,Final
20140527,mlb,340527112,LAA,6,SEA,4,LAA,Final
20140527,mlb,340527126,CHC,0,SF,4,SF,Final
20140528,mlb,340528121,PIT,0,NYM,5,NYM,Final
20140528,mlb,340528107,HOU,9,KC,3,HOU,Final
20140528,mlb,340528126,CHC,0,SF,5,SF,Final
20140528,mlb,340528120,MIA,8,WSH,5,MIA,Final/10
20140528,mlb,340528122,COL,3,PHI,6,PHI,Final
20140528,mlb,340528114,TB,2,TOR,3,TOR,Final
20140528,mlb,340528102,ATL,0,BOS,4,BOS,Final
20140528,mlb,340528104,CLE,2,CHW,3,CHW,Final
20140528,mlb,340528108,BAL,3,MIL,8,MIL,Final
20140528,mlb,340528109,TEX,1,MIN,0,TEX,Final
20140528,mlb,340528124,NYY,7,STL,4,NYY,Final
20140528,mlb,340528129,SD,6,ARI,12,ARI,Final
20140528,mlb,340528112,LAA,1,SEA,3,SEA,Final
20140528,mlb,340528119,CIN,3,LAD,2,CIN,Final
20140529,mlb,340529109,TEX,5,MIN,4,TEX,Final
20140529,mlb,340529122,NYM,4,PHI,1,NYM,Final
20140529,mlb,340529114,KC,8,TOR,6,KC,Final/10
20140529,mlb,340529102,ATL,3,BOS,4,BOS,Final
20140529,mlb,340529118,BAL,1,HOU,3,HOU,Final
20140529,mlb,340529124,SF,6,STL,5,SF,Final
20140529,mlb,340529129,CIN,0,ARI,4,ARI,Final
20140529,mlb,340529112,LAA,7,SEA,5,LAA,Final
20140529,mlb,340529119,PIT,6,LAD,3,PIT,Final
20140530,mlb,340530105,COL,2,CLE,5,CLE,Final
20140530,mlb,340530110,MIN,6,NYY,1,MIN,Final
20140530,mlb,340530120,TEX,2,WSH,9,WSH,Final
20140530,mlb,340530122,NYM,5,PHI,6,PHI,Final/14
20140530,mlb,340530114,KC,6,TOR,1,KC,Final
20140530,mlb,340530102,TB,2,BOS,3,BOS,Final/10
20140530,mlb,340530128,ATL,3,MIA,2,ATL,Final
20140530,mlb,340530104,SD,4,CHW,1,SD,Final
20140530,mlb,340530108,CHC,5,MIL,11,MIL,Final
20140530,mlb,340530118,BAL,1,HOU,2,HOU,Final
20140530,mlb,340530124,SF,9,STL,4,SF,Final
20140530,mlb,340530129,CIN,6,ARI,4,CIN,Final
20140530,mlb,340530112,DET,6,SEA,3,DET,Final
20140530,mlb,340530119,PIT,2,LAD,1,PIT,Final
20140531,mlb,340531120,TEX,2,WSH,10,WSH,Final
20140531,mlb,340531110,MIN,1,NYY,3,NYY,Final
20140531,mlb,340531114,KC,2,TOR,12,TOR,Final
20140531,mlb,340531104,SD,4,CHW,2,SD,Final
20140531,mlb,340531124,SF,0,STL,2,STL,Final
20140531,mlb,340531105,COL,6,CLE,7,CLE,Final
20140531,mlb,340531122,NYM,5,PHI,4,NYM,Final/14
20140531,mlb,340531108,CHC,8,MIL,0,CHC,Final
20140531,mlb,340531118,BAL,4,HOU,1,BAL,Final
20140531,mlb,340531128,ATL,9,MIA,5,ATL,Final
20140531,mlb,340531102,TB,1,BOS,7,BOS,Final
20140531,mlb,340531119,PIT,2,LAD,12,LAD,Final
20140531,mlb,340531112,DET,2,SEA,3,SEA,Final
20140531,mlb,340531129,CIN,5,ARI,0,CIN,Final
20140601,mlb,340601105,COL,4,CLE,6,CLE,Final
20140601,mlb,340601110,MIN,7,NYY,2,MIN,Final
20140601,mlb,340601114,KC,0,TOR,4,TOR,Final
20140601,mlb,340601128,ATL,4,MIA,2,ATL,Final
20140601,mlb,340601102,TB,0,BOS,4,BOS,Final
20140601,mlb,340601120,TEX,2,WSH,0,TEX,Final
20140601,mlb,340601122,NYM,4,PHI,3,NYM,Final/11
20140601,mlb,340601104,SD,1,CHW,4,CHW,Final
20140601,mlb,340601108,CHC,0,MIL,9,MIL,Final
20140601,mlb,340601118,BAL,9,HOU,4,BAL,Final
20140601,mlb,340601124,SF,8,STL,0,SF,Final
20140601,mlb,340601112,DET,0,SEA,4,SEA,Final
20140601,mlb,340601129,CIN,4,ARI,3,CIN,Final
20140601,mlb,340601119,PIT,5,LAD,3,PIT,Final
20140602,mlb,340602105,BOS,2,CLE,3,CLE,Final
20140602,mlb,340602110,SEA,10,NYY,2,SEA,Final
20140602,mlb,340602122,NYM,11,PHI,2,NYM,Final
20140602,mlb,340602128,TB,1,MIA,3,MIA,Final
20140602,mlb,340602108,MIN,2,MIL,6,MIL,Final
20140602,mlb,340602124,KC,6,STL,0,KC,Final
20140602,mlb,340602119,CHW,2,LAD,5,LAD,Final
20140602,mlb,340602125,PIT,10,SD,3,PIT,Final
20140603,mlb,340603105,BOS,3,CLE,5,CLE,Final
20140603,mlb,340603120,PHI,0,WSH,7,WSH,Final
20140603,mlb,340603106,TOR,5,DET,3,TOR,Final
20140603,mlb,340603115,SEA,7,ATL,5,SEA,Final
20140603,mlb,340603117,SF,3,CIN,8,CIN,Final
20140603,mlb,340603128,TB,0,MIA,1,MIA,Final
20140603,mlb,340603124,KC,8,STL,7,KC,Final
20140603,mlb,340603113,BAL,8,TEX,3,BAL,Final
20140603,mlb,340603116,NYM,1,CHC,2,CHC,Final
20140603,mlb,340603108,MIN,6,MIL,4,MIN,Final
20140603,mlb,340603118,LAA,2,HOU,7,HOU,Final
20140603,mlb,340603127,ARI,4,COL,2,ARI,Final
20140603,mlb,340603119,CHW,4,LAD,1,CHW,Final
20140603,mlb,340603125,PIT,4,SD,1,PIT,Final
20140604,mlb,340604115,SEA,2,ATL,0,SEA,Final
20140604,mlb,340604125,PIT,2,SD,3,SD,Final
20140604,mlb,340604105,BOS,4,CLE,7,CLE,Final/12
20140604,mlb,340604120,PHI,4,WSH,8,WSH,Final
20140604,mlb,340604106,TOR,8,DET,2,TOR,Final
20140604,mlb,340604117,SF,3,CIN,2,SF,Final
20140604,mlb,340604130,MIA,5,TB,4,MIA,Final
20140604,mlb,340604113,BAL,6,TEX,5,BAL,Final
20140604,mlb,340604116,NYM,4,CHC,5,CHC,Final
20140604,mlb,340604107,STL,5,KC,2,STL,Final/11
20140604,mlb,340604109,MIL,4,MIN,6,MIN,Final
20140604,mlb,340604118,LAA,4,HOU,0,LAA,Final
20140604,mlb,340604127,ARI,16,COL,8,ARI,Final
20140604,mlb,340604119,CHW,2,LAD,1,CHW,Final
20140605,mlb,340605117,SF,6,CIN,1,SF,Final
20140605,mlb,340605106,TOR,7,DET,3,TOR,Final
20140605,mlb,340605120,PHI,2,WSH,4,WSH,Final
20140605,mlb,340605130,MIA,11,TB,6,MIA,Final
20140605,mlb,340605116,NYM,4,CHC,7,CHC,Final
20140605,mlb,340605118,LAA,5,HOU,8,HOU,Final
20140605,mlb,340605113,BAL,6,TEX,8,TEX,Final
20140605,mlb,340605107,STL,2,KC,3,KC,Final
20140605,mlb,340605109,MIL,8,MIN,5,MIL,Final
20140605,mlb,340605127,ARI,12,COL,7,ARI,Final
20140606,mlb,340606116,MIA,3,CHC,5,CHC,Final/13
20140606,mlb,340606123,MIL,5,PIT,15,PIT,Final
20140606,mlb,340606114,STL,1,TOR,3,TOR,Final
20140606,mlb,340606106,BOS,2,DET,6,DET,Final
20140606,mlb,340606117,PHI,8,CIN,0,PHI,Final
20140606,mlb,340606130,SEA,0,TB,4,TB,Final
20140606,mlb,340606113,CLE,4,TEX,6,TEX,Final
20140606,mlb,340606107,NYY,4,KC,2,NYY,Final
20140606,mlb,340606109,HOU,5,MIN,4,HOU,Final
20140606,mlb,340606127,LAD,7,COL,2,LAD,Final
20140606,mlb,340606129,ATL,5,ARI,2,ATL,Final
20140606,mlb,340606103,CHW,4,LAA,8,LAA,Final
20140606,mlb,340606125,WSH,6,SD,0,WSH,Final
20140606,mlb,340606126,NYM,2,SF,4,SF,Final
20140607,mlb,340607114,STL,5,TOR,0,STL,Final
20140607,mlb,340607109,HOU,0,MIN,8,MIN,Final
20140607,mlb,340607113,CLE,8,TEX,3,CLE,Final
20140607,mlb,340607116,MIA,2,CHC,5,CHC,Final
20140607,mlb,340607123,MIL,9,PIT,3,MIL,Final
20140607,mlb,340607117,PHI,5,CIN,6,CIN,Final
20140607,mlb,340607127,LAD,4,COL,5,COL,Final/10
20140607,mlb,340607130,SEA,7,TB,4,SEA,Final
20140607,mlb,340607106,BOS,6,DET,8,DET,Final
20140607,mlb,340607107,NYY,4,KC,8,KC,Final
20140607,mlb,340607103,CHW,5,LAA,6,LAA,Final
20140607,mlb,340607126,NYM,4,SF,5,SF,Final
20140607,mlb,340607125,WSH,3,SD,4,SD,Final/11
20140607,mlb,340607129,ATL,3,ARI,4,ARI,Final/11
20140608,mlb,400703741,STL,5,TOR,0,STL,Final
20140608,mlb,340608117,PHI,1,CIN,4,CIN,Final
20140608,mlb,340608123,MIL,1,PIT,0,MIL,Final
20140608,mlb,340608130,SEA,5,TB,0,SEA,Final
20140608,mlb,340608107,NYY,1,KC,2,KC,Final
20140608,mlb,340608109,HOU,14,MIN,5,HOU,Final
20140608,mlb,340608116,MIA,4,CHC,3,MIA,Final
20140608,mlb,340608113,CLE,3,TEX,2,CLE,Final
20140608,mlb,340608103,CHW,2,LAA,4,LAA,Final
20140608,mlb,340608126,NYM,4,SF,6,SF,Final
20140608,mlb,340608125,WSH,6,SD,0,WSH,Final
20140608,mlb,340608127,LAD,6,COL,1,LAD,Final/6
20140608,mlb,340608129,ATL,5,ARI,6,ARI,Final
20140608,mlb,340608106,BOS,5,DET,3,BOS,Final
20140609,mlb,340609130,SEA,3,TB,0,SEA,Final
20140609,mlb,340609117,LAD,6,CIN,2,LAD,Final
20140609,mlb,340609101,BOS,0,BAL,4,BAL,Final
20140609,mlb,340609123,CHC,2,PIT,6,PIT,Final
20140609,mlb,340609114,MIN,4,TOR,5,TOR,Final
20140609,mlb,340609113,CLE,17,TEX,7,CLE,Final
20140609,mlb,340609104,DET,5,CHW,6,CHW,Final
20140609,mlb,340609127,ATL,3,COL,1,ATL,Final
20140609,mlb,340609129,HOU,4,ARI,3,HOU,Final
20140609,mlb,340609126,WSH,9,SF,2,WSH,Final
20140610,mlb,340610129,HOU,1,ARI,4,ARI,Final
20140610,mlb,340610101,BOS,1,BAL,0,BOS,Final
20140610,mlb,340610122,SD,2,PHI,5,PHI,Final
20140610,mlb,340610123,CHC,7,PIT,3,CHC,Final
20140610,mlb,340610114,MIN,4,TOR,0,MIN,Final
20140610,mlb,340610117,LAD,6,CIN,1,LAD,Final
20140610,mlb,340610121,MIL,2,NYM,6,NYM,Final
20140610,mlb,340610130,STL,1,TB,0,STL,Final
20140610,mlb,340610113,MIA,8,TEX,5,MIA,Final
20140610,mlb,340610107,CLE,5,KC,9,KC,Final
20140610,mlb,340610127,ATL,13,COL,10,ATL,Final
20140610,mlb,340610112,NYY,3,SEA,2,NYY,Final
20140610,mlb,340610126,WSH,2,SF,1,WSH,Final
20140611,mlb,340611114,MIN,7,TOR,2,MIN,Final
20140611,mlb,340611107,CLE,1,KC,4,KC,Final
20140611,mlb,340611101,BOS,0,BAL,6,BAL,Final
20140611,mlb,340611122,SD,0,PHI,3,PHI,Final
20140611,mlb,340611123,CHC,2,PIT,4,PIT,Final
20140611,mlb,340611117,LAD,0,CIN,5,CIN,Final
20140611,mlb,340611121,MIL,3,NYM,1,MIL,Final
20140611,mlb,340611130,STL,3,TB,6,TB,Final
20140611,mlb,340611113,MIA,0,TEX,6,TEX,Final
20140611,mlb,340611104,DET,2,CHW,8,CHW,Final
20140611,mlb,340611118,ARI,1,HOU,5,HOU,Final
20140611,mlb,340611127,ATL,2,COL,8,COL,Final
20140611,mlb,340611112,NYY,4,SEA,2,NYY,Final
20140611,mlb,340611126,WSH,6,SF,2,WSH,Final
20140612,mlb,340612117,LAD,1,CIN,4,CIN,Final
20140612,mlb,340612122,SD,3,PHI,7,PHI,Final
20140612,mlb,340612127,ATL,3,COL,10,COL,Final
20140612,mlb,340612126,WSH,1,SF,7,SF,Final
20140612,mlb,340612101,TOR,2,BAL,4,BAL,Final
20140612,mlb,340612123,CHC,0,PIT,4,PIT,Final
20140612,mlb,340612102,CLE,2,BOS,5,BOS,Final
20140612,mlb,340612121,MIL,5,NYM,1,MIL,Final/13
20140612,mlb,340612104,DET,4,CHW,0,DET,Final
20140612,mlb,400703749,ARI,4,HOU,5,HOU,Final/10
20140612,mlb,340612112,NYY,6,SEA,3,NYY,Final
20140613,mlb,340613101,TOR,4,BAL,0,TOR,Final
20140613,mlb,340613122,CHC,2,PHI,1,CHC,Final
20140613,mlb,340613106,MIN,2,DET,0,MIN,Final
20140613,mlb,340613102,CLE,3,BOS,10,BOS,Final
20140613,mlb,340613121,SD,2,NYM,6,NYM,Final
20140613,mlb,340613128,PIT,8,MIA,6,PIT,Final/13
20140613,mlb,340613115,LAA,3,ATL,4,ATL,Final
20140613,mlb,340613104,KC,7,CHW,2,KC,Final
20140613,mlb,340613108,CIN,6,MIL,5,CIN,Final
20140613,mlb,340613118,TB,6,HOU,1,TB,Final
20140613,mlb,340613124,WSH,0,STL,1,STL,Final
20140613,mlb,340613112,TEX,1,SEA,0,TEX,Final
20140613,mlb,340613119,ARI,3,LAD,4,LAD,Final
20140613,mlb,340613126,COL,7,SF,4,COL,Final
20140614,mlb,340614104,KC,9,CHW,1,KC,Final
20140614,mlb,340614122,CHC,4,PHI,7,PHI,Final
20140614,mlb,340614101,TOR,2,BAL,3,BAL,Final
20140614,mlb,340614102,CLE,3,BOS,2,CLE,Final
20140614,mlb,340614126,COL,5,SF,4,COL,Final
20140614,mlb,340614106,MIN,9,DET,12,DET,Final
20140614,mlb,340614118,TB,3,HOU,7,HOU,Final
20140614,mlb,340614121,SD,5,NYM,0,SD,Final
20140614,mlb,340614128,PIT,8,MIA,6,PIT,Final
20140614,mlb,340614108,CIN,2,MIL,4,MIL,Final
20140614,mlb,340614115,LAA,11,ATL,6,LAA,Final/13
20140614,mlb,340614124,WSH,1,STL,4,STL,Final
20140614,mlb,340614112,TEX,4,SEA,3,TEX,Final
20140614,mlb,340614119,ARI,4,LAD,6,LAD,Final
20140615,mlb,340615106,MIN,3,DET,4,DET,Final
20140615,mlb,340615121,SD,1,NYM,3,NYM,Final
20140615,mlb,340615128,PIT,2,MIA,3,MIA,Final/10
20140615,mlb,340615101,TOR,5,BAL,2,TOR,Final
20140615,mlb,340615102,CLE,3,BOS,2,CLE,Final/11
20140615,mlb,340615122,CHC,3,PHI,0,CHC,Final
20140615,mlb,340615104,KC,6,CHW,3,KC,Final
20140615,mlb,340615108,CIN,13,MIL,4,CIN,Final
20140615,mlb,340615118,TB,4,HOU,3,TB,Final
20140615,mlb,340615124,WSH,2,STL,5,STL,Final
20140615,mlb,340615126,COL,8,SF,7,COL,Final
20140615,mlb,340615112,TEX,1,SEA,5,SEA,Final
20140615,mlb,340615119,ARI,6,LAD,3,ARI,Final
20140615,mlb,340615115,LAA,3,ATL,7,ATL,Final
20140616,mlb,340616105,LAA,3,CLE,4,CLE,Final
20140616,mlb,340616106,KC,11,DET,8,KC,Final
20140616,mlb,340616102,MIN,0,BOS,1,BOS,Final
20140616,mlb,340616115,PHI,6,ATL,1,PHI,Final/13
20140616,mlb,340616128,CHC,5,MIA,4,CHC,Final/13
20140616,mlb,340616130,BAL,4,TB,5,TB,Final
20140616,mlb,340616124,NYM,2,STL,6,STL,Final
20140616,mlb,340616129,MIL,9,ARI,3,MIL,Final
20140616,mlb,340616112,SD,1,SEA,5,SEA,Final
20140616,mlb,340616119,COL,1,LAD,6,LAD,Final
20140617,mlb,340617112,SD,1,SEA,6,SEA,Final
20140617,mlb,340617105,LAA,9,CLE,3,LAA,Final
20140617,mlb,340617110,TOR,1,NYY,3,NYY,Final
20140617,mlb,340617120,HOU,5,WSH,6,WSH,Final
20140617,mlb,340617123,CIN,6,PIT,5,CIN,Final
20140617,mlb,340617106,KC,11,DET,4,KC,Final
20140617,mlb,340617102,MIN,1,BOS,2,BOS,Final
20140617,mlb,340617115,PHI,5,ATL,2,PHI,Final
20140617,mlb,340617128,CHC,5,MIA,6,MIA,Final
20140617,mlb,340617130,BAL,7,TB,5,BAL,Final
20140617,mlb,340617104,SF,2,CHW,8,CHW,Final
20140617,mlb,340617124,NYM,2,STL,5,STL,Final
20140617,mlb,340617129,MIL,7,ARI,5,MIL,Final
20140617,mlb,340617119,COL,2,LAD,4,LAD,Final
20140618,mlb,340618115,PHI,10,ATL,5,PHI,Final
20140618,mlb,340618128,CHC,6,MIA,1,CHC,Final
20140618,mlb,340618106,KC,2,DET,1,KC,Final
20140618,mlb,340618130,BAL,2,TB,0,BAL,Final
20140618,mlb,340618102,MIN,1,BOS,2,BOS,Final/10
20140618,mlb,340618124,NYM,3,STL,2,NYM,Final
20140618,mlb,340618104,SF,6,CHW,7,CHW,Final
20140618,mlb,340618110,TOR,3,NYY,7,NYY,Final
20140618,mlb,340618120,HOU,5,WSH,6,WSH,Final
20140618,mlb,340618123,CIN,11,PIT,4,CIN,Final
20140618,mlb,340618129,MIL,3,ARI,4,ARI,Final
20140618,mlb,340618119,COL,0,LAD,8,LAD,Final
20140618,mlb,340618125,SEA,1,SD,2,SD,Final
20140619,mlb,340619105,LAA,3,CLE,5,CLE,Final/10
20140619,mlb,340619123,CIN,3,PIT,4,PIT,Final/12
20140619,mlb,340619106,KC,1,DET,2,DET,Final
20140619,mlb,340619129,MIL,4,ARI,1,MIL,Final
20140619,mlb,340619125,SEA,1,SD,4,SD,Final
20140619,mlb,340619110,TOR,4,NYY,6,NYY,Final
20140619,mlb,340619120,ATL,3,WSH,0,ATL,Final
20140619,mlb,340619128,NYM,1,MIA,0,NYM,Final
20140619,mlb,340619130,HOU,0,TB,5,TB,Final
20140619,mlb,340619109,CHW,2,MIN,4,MIN,Final
20140619,mlb,340619124,PHI,4,STL,1,PHI,Final
20140620,mlb,340620116,PIT,3,CHC,6,CHC,Final
20140620,mlb,340620105,DET,6,CLE,4,DET,Final
20140620,mlb,340620110,BAL,3,NYY,5,NYY,Final
20140620,mlb,340620120,ATL,6,WSH,4,ATL,Final/13
20140620,mlb,340620117,TOR,14,CIN,9,TOR,Final
20140620,mlb,340620128,NYM,2,MIA,3,MIA,Final
20140620,mlb,340620130,HOU,3,TB,1,HOU,Final
20140620,mlb,340620107,SEA,7,KC,5,SEA,Final
20140620,mlb,340620109,CHW,4,MIN,5,MIN,Final
20140620,mlb,340620124,PHI,5,STL,1,PHI,Final
20140620,mlb,340620127,MIL,13,COL,10,MIL,Final
20140620,mlb,340620129,SF,1,ARI,4,ARI,Final
20140620,mlb,340620103,TEX,3,LAA,7,LAA,Final
20140620,mlb,340620125,LAD,5,SD,6,SD,Final
20140621,mlb,340621110,BAL,6,NYY,1,BAL,Final
20140621,mlb,340621107,SEA,2,KC,1,SEA,Final
20140621,mlb,340621109,CHW,3,MIN,4,MIN,Final
20140621,mlb,340621117,TOR,1,CIN,11,CIN,Final
20140621,mlb,340621124,PHI,1,STL,4,STL,Final
20140621,mlb,340621127,MIL,9,COL,4,MIL,Final
20140621,mlb,340621128,NYM,4,MIA,0,NYM,Final
20140621,mlb,340621130,HOU,0,TB,8,TB,Final
20140621,mlb,340621105,DET,5,CLE,4,DET,Final/10
20140621,mlb,340621116,PIT,5,CHC,3,PIT,Final
20140621,mlb,340621120,ATL,0,WSH,3,WSH,Final
20140621,mlb,340621103,TEX,2,LAA,3,LAA,Final/10
20140621,mlb,340621125,LAD,4,SD,2,LAD,Final
20140621,mlb,340621129,SF,6,ARI,4,SF,Final
20140622,mlb,340622105,DET,10,CLE,4,DET,Final
20140622,mlb,340622117,TOR,3,CIN,4,CIN,Final
20140622,mlb,340622128,NYM,11,MIA,5,NYM,Final
20140622,mlb,340622120,ATL,1,WSH,4,WSH,Final
20140622,mlb,400654170,HOU,2,TB,5,TB,Final
20140622,mlb,340622110,BAL,8,NYY,0,BAL,Final
20140622,mlb,340622107,SEA,2,KC,1,SEA,Final
20140622,mlb,340622109,CHW,5,MIN,6,MIN,Final
20140622,mlb,340622124,PHI,3,STL,5,STL,Final
20140622,mlb,340622116,PIT,2,CHC,1,PIT,Final
20140622,mlb,340622125,LAD,2,SD,1,LAD,Final
20140622,mlb,340622127,MIL,6,COL,5,MIL,Final
20140622,mlb,340622129,SF,4,ARI,1,SF,Final
20140622,mlb,340622103,TEX,2,LAA,5,LAA,Final
20140623,mlb,340623101,CHW,4,BAL,6,BAL,Final
20140623,mlb,340623122,MIA,4,PHI,0,MIA,Final
20140623,mlb,340623114,NYY,3,TOR,8,TOR,Final
20140623,mlb,340623130,PIT,8,TB,1,PIT,Final
20140623,mlb,340623108,WSH,3,MIL,0,WSH,Final
20140623,mlb,340623116,CIN,6,CHC,1,CIN,Final
20140623,mlb,340623107,LAD,3,KC,5,KC,Final
20140623,mlb,340623127,STL,8,COL,0,STL,Final
20140623,mlb,340623112,BOS,3,SEA,12,SEA,Final
20140623,mlb,340623126,SD,6,SF,0,SD,Final
20140624,mlb,340624101,CHW,4,BAL,2,CHW,Final
20140624,mlb,340624122,MIA,4,PHI,7,PHI,Final
20140624,mlb,340624114,NYY,6,TOR,7,TOR,Final
20140624,mlb,340624130,PIT,6,TB,5,PIT,Final
20140624,mlb,340624113,DET,8,TEX,2,DET,Final
20140624,mlb,340624116,CIN,3,CHC,7,CHC,Final
20140624,mlb,340624107,LAD,2,KC,0,LAD,Final
20140624,mlb,340624108,WSH,4,MIL,2,WSH,Final/16
20140624,mlb,340624118,ATL,3,HOU,2,ATL,Final
20140624,mlb,340624127,STL,5,COL,10,COL,Final
20140624,mlb,340624129,CLE,8,ARI,9,ARI,Final/14
20140624,mlb,340624103,MIN,6,LAA,8,LAA,Final
20140624,mlb,340624112,BOS,2,SEA,8,SEA,Final
20140624,mlb,340624126,SD,7,SF,2,SD,Final
20140625,mlb,340625130,PIT,1,TB,5,TB,Final
20140625,mlb,340625108,WSH,2,MIL,9,MIL,Final
20140625,mlb,340625127,STL,9,COL,6,STL,Final
20140625,mlb,340625126,SD,0,SF,4,SF,Final
20140625,mlb,340625101,CHW,4,BAL,5,BAL,Final/12
20140625,mlb,340625116,CIN,4,CHC,1,CIN,Final
20140625,mlb,340625122,MIA,3,PHI,2,MIA,Final
20140625,mlb,340625114,NYY,5,TOR,3,NYY,Final
20140625,mlb,340625113,DET,8,TEX,6,DET,Final
20140625,mlb,340625107,LAD,5,KC,4,LAD,Final
20140625,mlb,340625118,ATL,4,HOU,0,ATL,Final
20140625,mlb,340625129,CLE,6,ARI,1,CLE,Final
20140625,mlb,340625103,MIN,2,LAA,6,LAA,Final
20140625,mlb,340625112,BOS,5,SEA,4,BOS,Final
20140626,mlb,340626118,ATL,1,HOU,6,HOU,Final
20140626,mlb,340626103,MIN,4,LAA,6,LAA,Final
20140626,mlb,340626122,MIA,3,PHI,5,PHI,Final/14
20140626,mlb,340626123,NYM,2,PIT,5,PIT,Final
20140626,mlb,340626114,CHW,0,TOR,7,TOR,Final
20140626,mlb,340626113,DET,6,TEX,0,DET,Final
20140626,mlb,340626116,WSH,3,CHC,5,CHC,Final
20140626,mlb,340626108,COL,4,MIL,7,MIL,Final
20140626,mlb,340626119,STL,0,LAD,1,LAD,Final
20140626,mlb,340626126,CIN,3,SF,1,CIN,Final
20140627,mlb,340627201,TB,5,BAL,2,TB,Final
20140627,mlb,340627116,WSH,2,CHC,7,CHC,Final
20140627,mlb,340627110,BOS,0,NYY,6,NYY,Final
20140627,mlb,340627122,ATL,4,PHI,2,ATL,Final
20140627,mlb,340627123,NYM,2,PIT,3,PIT,Final/11
20140627,mlb,340627301,TB,1,BAL,4,BAL,Final
20140627,mlb,340627114,CHW,5,TOR,4,CHW,Final
20140627,mlb,340627113,MIN,4,TEX,5,TEX,Final
20140627,mlb,340627107,LAA,6,KC,8,KC,Final
20140627,mlb,340627108,COL,2,MIL,3,MIL,Final
20140627,mlb,340627118,DET,3,HOU,4,HOU,Final/11
20140627,mlb,340627112,CLE,2,SEA,3,SEA,Final
20140627,mlb,340627119,STL,3,LAD,1,STL,Final
20140627,mlb,340627125,ARI,2,SD,1,ARI,Final
20140627,mlb,340627126,CIN,6,SF,2,CIN,Final
20140628,mlb,340628216,WSH,3,CHC,0,WSH,Final
20140628,mlb,340628114,CHW,4,TOR,3,CHW,Final
20140628,mlb,340628222,ATL,10,PHI,3,ATL,Final
20140628,mlb,340628107,LAA,6,KC,2,LAA,Final
20140628,mlb,340628101,TB,5,BAL,4,TB,Final
20140628,mlb,340628113,MIN,0,TEX,5,TEX,Final
20140628,mlb,340628123,NYM,5,PIT,3,NYM,Final
20140628,mlb,340628108,COL,4,MIL,7,MIL,Final
20140628,mlb,340628118,DET,4,HOU,3,DET,Final
20140628,mlb,340628110,BOS,2,NYY,1,BOS,Final
20140628,mlb,340628316,WSH,7,CHC,2,WSH,Final
20140628,mlb,340628322,ATL,5,PHI,1,ATL,Final
20140628,mlb,400747069,STL,1,LAD,9,LAD,Final
20140628,mlb,340628126,CIN,7,SF,3,CIN,Final/11
20140628,mlb,340628112,CLE,5,SEA,0,CLE,Final
20140628,mlb,340628125,ARI,3,SD,1,ARI,Final
20140629,mlb,340629114,CHW,4,TOR,0,CHW,Final
20140629,mlb,340629101,TB,12,BAL,7,TB,Final
20140629,mlb,340629122,ATL,3,PHI,2,ATL,Final
20140629,mlb,340629123,NYM,2,PIT,5,PIT,Final
20140629,mlb,340629107,LAA,4,KC,5,KC,Final
20140629,mlb,340629108,COL,10,MIL,4,COL,Final
20140629,mlb,340629118,DET,4,HOU,6,HOU,Final
20140629,mlb,340629113,MIN,3,TEX,2,MIN,Final
20140629,mlb,340629126,CIN,4,SF,0,CIN,Final
20140629,mlb,340629112,CLE,0,SEA,3,SEA,Final
20140629,mlb,340629119,STL,0,LAD,6,LAD,Final
20140629,mlb,340629125,ARI,1,SD,2,SD,Final
20140629,mlb,340629110,BOS,8,NYY,5,BOS,Final
20140630,mlb,340630110,TB,4,NYY,3,TB,Final/12
20140630,mlb,340630101,TEX,1,BAL,7,BAL,Final
20140630,mlb,340630120,COL,3,WSH,7,WSH,Final
20140630,mlb,340630102,CHC,2,BOS,0,CHC,Final
20140630,mlb,340630115,NYM,3,ATL,5,ATL,Final
20140630,mlb,340630109,KC,6,MIN,1,KC,Final
20140630,mlb,340630118,SEA,10,HOU,4,SEA,Final
20140630,mlb,340630119,CLE,0,LAD,1,LAD,Final
20140630,mlb,340630125,CIN,0,SD,1,SD,Final
20140701,mlb,340701114,MIL,1,TOR,4,TOR,Final
20140701,mlb,340701204,LAA,8,CHW,4,LAA,Final
20140701,mlb,340701101,TEX,3,BAL,8,BAL,Final
20140701,mlb,340701110,TB,2,NYY,1,TB,Final
20140701,mlb,340701120,COL,1,WSH,7,WSH,Final
20140701,mlb,340701123,ARI,2,PIT,3,PIT,Final
20140701,mlb,340701102,CHC,2,BOS,1,CHC,Final
20140701,mlb,340701115,NYM,4,ATL,5,ATL,Final
20140701,mlb,340701128,PHI,4,MIA,5,MIA,Final/11
20140701,mlb,340701109,KC,2,MIN,10,MIN,Final
20140701,mlb,340701118,SEA,13,HOU,2,SEA,Final
20140701,mlb,340701304,LAA,7,CHW,5,LAA,Final
20140701,mlb,340701119,CLE,10,LAD,3,CLE,Final
20140701,mlb,340701125,CIN,2,SD,8,SD,Final
20140701,mlb,340701126,STL,0,SF,5,SF,Final
20140702,mlb,340702114,MIL,4,TOR,7,TOR,Final
20140702,mlb,340702110,TB,6,NYY,3,TB,Final
20140702,mlb,340702109,KC,4,MIN,0,KC,Final
20140702,mlb,340702118,SEA,5,HOU,2,SEA,Final
20140702,mlb,340702119,CLE,5,LAD,4,CLE,Final
20140702,mlb,340702125,CIN,0,SD,3,SD,Final
20140702,mlb,340702120,COL,3,WSH,4,WSH,Final
20140702,mlb,340702102,CHC,16,BOS,9,CHC,Final
20140702,mlb,340702101,TEX,4,BAL,6,BAL,Final
20140702,mlb,340702123,ARI,1,PIT,5,PIT,Final
20140702,mlb,340702115,NYM,1,ATL,3,ATL,Final
20140702,mlb,340702128,PHI,0,MIA,5,MIA,Final
20140702,mlb,340702104,LAA,2,CHW,3,CHW,Final
20140702,mlb,340702126,STL,2,SF,0,STL,Final
20140703,mlb,340703126,STL,7,SF,2,STL,Final
20140703,mlb,340703128,PHI,5,MIA,4,PHI,Final
20140703,mlb,340703101,TEX,2,BAL,5,BAL,Final
20140703,mlb,340703123,ARI,10,PIT,2,ARI,Final
20140703,mlb,340703106,TB,1,DET,8,DET,Final
20140703,mlb,340703109,NYY,7,MIN,4,NYY,Final
20140703,mlb,340703127,LAD,3,COL,2,LAD,Final
20140703,mlb,340703103,HOU,2,LAA,5,LAA,Final
20140704,mlb,340704120,CHC,7,WSH,2,CHC,Final
20140704,mlb,340704109,NYY,6,MIN,5,NYY,Final
20140704,mlb,340704123,PHI,2,PIT,8,PIT,Final
20140704,mlb,340704125,SF,0,SD,2,SD,Final
20140704,mlb,340704106,TB,6,DET,3,TB,Final
20140704,mlb,340704105,KC,7,CLE,1,KC,Final
20140704,mlb,340704104,SEA,1,CHW,7,CHW,Final
20140704,mlb,340704117,MIL,2,CIN,4,CIN,Final
20140704,mlb,340704121,TEX,5,NYM,6,NYM,Final
20140704,mlb,340704124,MIA,2,STL,3,STL,Final
20140704,mlb,340704115,ARI,2,ATL,5,ATL,Final
20140704,mlb,340704127,LAD,9,COL,0,LAD,Final
20140704,mlb,340704103,HOU,6,LAA,7,LAA,Final
20140705,mlb,340705202,BAL,2,BOS,3,BOS,Final
20140705,mlb,340705104,SEA,3,CHW,2,SEA,Final/14
20140705,mlb,340705109,NYY,1,MIN,2,MIN,Final/11
20140705,mlb,340705124,MIA,6,STL,5,MIA,Final
20140705,mlb,340705120,CHC,0,WSH,13,WSH,Final
20140705,mlb,340705123,PHI,2,PIT,3,PIT,Final
20140705,mlb,340705106,TB,7,DET,2,TB,Final
20140705,mlb,340705115,ARI,4,ATL,10,ATL,Final
20140705,mlb,340705117,MIL,1,CIN,0,MIL,Final
20140705,mlb,340705127,LAD,7,COL,8,COL,Final
20140705,mlb,340705105,KC,3,CLE,7,CLE,Final
20140705,mlb,340705121,TEX,5,NYM,3,TEX,Final
20140705,mlb,340705125,SF,5,SD,3,SF,Final/10
20140705,mlb,340705302,BAL,7,BOS,4,BAL,Final
20140705,mlb,340705103,HOU,5,LAA,11,LAA,Final
20140706,mlb,340706105,KC,1,CLE,4,CLE,Final
20140706,mlb,340706117,MIL,2,CIN,4,CIN,Final
20140706,mlb,340706121,TEX,4,NYM,8,NYM,Final
20140706,mlb,340706102,BAL,7,BOS,6,BAL,Final/12
20140706,mlb,340706115,ARI,3,ATL,1,ARI,Final
20140706,mlb,340706120,CHC,1,WSH,2,WSH,Final
20140706,mlb,340706123,PHI,2,PIT,6,PIT,Final
20140706,mlb,340706104,SEA,0,CHW,1,CHW,Final
20140706,mlb,340706109,NYY,9,MIN,7,NYY,Final
20140706,mlb,340706124,MIA,8,STL,4,MIA,Final
20140706,mlb,340706103,HOU,1,LAA,6,LAA,Final
20140706,mlb,340706125,SF,5,SD,3,SF,Final
20140706,mlb,340706127,LAD,8,COL,2,LAD,Final
20140706,mlb,340706106,TB,7,DET,3,TB,Final
20140707,mlb,340707105,NYY,5,CLE,3,NYY,Final
20140707,mlb,340707120,BAL,8,WSH,2,BAL,Final/11
20140707,mlb,340707102,CHW,4,BOS,0,CHW,Final
20140707,mlb,340707117,CHC,3,CIN,9,CIN,Final
20140707,mlb,340707121,ATL,3,NYM,4,NYM,Final/11
20140707,mlb,340707130,KC,6,TB,0,KC,Final
20140707,mlb,340707113,HOU,12,TEX,7,HOU,Final
20140707,mlb,340707108,PHI,3,MIL,2,PHI,Final
20140707,mlb,340707124,PIT,0,STL,2,STL,Final
20140707,mlb,340707127,SD,6,COL,1,SD,Final
20140707,mlb,340707129,MIA,1,ARI,9,ARI,Final
20140707,mlb,340707103,TOR,2,LAA,5,LAA,Final
20140707,mlb,340707112,MIN,0,SEA,2,SEA,Final
20140708,mlb,340708217,CHC,2,CIN,4,CIN,Final
20140708,mlb,340708105,NYY,3,CLE,5,CLE,Final
20140708,mlb,340708106,LAD,5,DET,14,DET,Final
20140708,mlb,340708102,CHW,8,BOS,3,CHW,Final
20140708,mlb,340708121,ATL,3,NYM,8,NYM,Final
20140708,mlb,340708130,KC,3,TB,4,TB,Final
20140708,mlb,340708317,CHC,5,CIN,6,CIN,Final
20140708,mlb,340708113,HOU,8,TEX,3,HOU,Final
20140708,mlb,340708108,PHI,9,MIL,7,PHI,Final
20140708,mlb,340708124,PIT,4,STL,5,STL,Final
20140708,mlb,340708127,SD,1,COL,2,COL,Final
20140708,mlb,340708129,MIA,2,ARI,1,MIA,Final
20140708,mlb,340708103,TOR,4,LAA,0,TOR,Final
20140708,mlb,340708112,MIN,2,SEA,0,MIN,Final
20140709,mlb,340709106,LAD,1,DET,4,DET,Final
20140709,mlb,340709127,SD,3,COL,6,COL,Final
20140709,mlb,340709103,TOR,7,LAA,8,LAA,Final
20140709,mlb,340709129,MIA,3,ARI,4,ARI,Final/10
20140709,mlb,340709101,WSH,6,BAL,2,WSH,Final
20140709,mlb,340709105,NYY,5,CLE,4,NYY,Final/14
20140709,mlb,340709102,CHW,4,BOS,5,BOS,Final
20140709,mlb,340709117,CHC,1,CIN,4,CIN,Final
20140709,mlb,340709121,ATL,1,NYM,4,NYM,Final
20140709,mlb,340709130,KC,5,TB,4,KC,Final
20140709,mlb,340709124,PIT,2,STL,5,STL,Final
20140709,mlb,400654272,HOU,8,TEX,4,HOU,Final
20140709,mlb,340709108,PHI,4,MIL,1,PHI,Final
20140709,mlb,340709112,MIN,8,SEA,1,MIN,Final
20140710,mlb,340710117,CHC,6,CIN,4,CHC,Final/12
20140710,mlb,400747143,PHI,9,MIL,1,PHI,Final
20140710,mlb,340710102,CHW,3,BOS,4,BOS,Final/10
20140710,mlb,340710101,WSH,3,BAL,4,BAL,Final
20140710,mlb,340710105,NYY,3,CLE,9,CLE,Final
20140710,mlb,340710121,ATL,3,NYM,1,ATL,Final
20140710,mlb,340710124,PIT,9,STL,1,PIT,Final
20140710,mlb,340710113,LAA,15,TEX,6,LAA,Final
20140710,mlb,340710107,DET,16,KC,4,DET,Final
20140710,mlb,340710112,MIN,4,SEA,2,MIN,Final
20140710,mlb,340710119,SD,1,LAD,2,LAD,Final
20140711,mlb,340711116,ATL,4,CHC,5,CHC,Final
20140711,mlb,340711101,NYY,2,BAL,3,BAL,Final/10
20140711,mlb,340711105,CHW,4,CLE,7,CLE,Final
20140711,mlb,340711122,WSH,2,PHI,6,PHI,Final
20140711,mlb,340711117,PIT,5,CIN,6,CIN,Final
20140711,mlb,340711121,MIA,1,NYM,7,NYM,Final
20140711,mlb,340711130,TOR,8,TB,5,TOR,Final
20140711,mlb,340711113,LAA,3,TEX,0,LAA,Final
20140711,mlb,340711107,DET,2,KC,1,DET,Final
20140711,mlb,340711108,STL,7,MIL,6,STL,Final
20140711,mlb,340711118,BOS,8,HOU,3,BOS,Final
20140711,mlb,340711127,MIN,2,COL,6,COL,Final
20140711,mlb,340711119,SD,6,LAD,3,SD,Final
20140711,mlb,340711126,ARI,0,SF,5,SF,Final
20140712,mlb,340712105,CHW,6,CLE,2,CHW,Final
20140712,mlb,340712101,NYY,3,BAL,0,NYY,Final
20140712,mlb,340712116,ATL,11,CHC,6,ATL,Final
20140712,mlb,340712126,ARI,2,SF,0,ARI,Final
20140712,mlb,340712108,STL,10,MIL,2,STL,Final
20140712,mlb,340712118,BOS,2,HOU,3,HOU,Final
20140712,mlb,340712121,MIA,4,NYM,5,NYM,Final
20140712,mlb,340712127,MIN,9,COL,3,MIN,Final
20140712,mlb,340712130,TOR,3,TB,10,TB,Final
20140712,mlb,340712107,DET,5,KC,1,DET,Final
20140712,mlb,340712113,LAA,5,TEX,2,LAA,Final
20140712,mlb,340712117,PIT,6,CIN,5,PIT,Final/11
20140712,mlb,340712122,WSH,5,PHI,3,WSH,Final/10
20140712,mlb,340712119,SD,0,LAD,1,LAD,Final
20140713,mlb,340713105,CHW,2,CLE,3,CLE,Final
20140713,mlb,340713117,PIT,3,CIN,6,CIN,Final
20140713,mlb,340713121,MIA,1,NYM,9,NYM,Final
20140713,mlb,340713122,WSH,10,PHI,3,WSH,Final
20140713,mlb,340713130,TOR,0,TB,3,TB,Final
20140713,mlb,340713107,DET,2,KC,5,KC,Final
20140713,mlb,340713108,STL,2,MIL,11,MIL,Final
20140713,mlb,340713118,BOS,11,HOU,0,BOS,Final
20140713,mlb,340713116,ATL,10,CHC,7,ATL,Final
20140713,mlb,340713113,LAA,10,TEX,7,LAA,Final
20140713,mlb,340713126,ARI,4,SF,8,SF,Final
20140713,mlb,340713119,SD,0,LAD,1,LAD,Final
20140713,mlb,340713127,MIN,13,COL,5,MIN,Final
20140713,mlb,340713101,NYY,1,BAL,3,BAL,Final/5
20140718,mlb,340718110,CIN,3,NYY,4,NYY,Final
20140718,mlb,340718120,MIL,4,WSH,2,MIL,Final
20140718,mlb,340718123,COL,2,PIT,4,PIT,Final
20140718,mlb,340718114,TEX,5,TOR,1,TEX,Final
20140718,mlb,340718106,CLE,9,DET,3,CLE,Final
20140718,mlb,340718102,KC,4,BOS,5,BOS,Final
20140718,mlb,340718128,SF,9,MIA,1,SF,Final
20140718,mlb,340718115,PHI,4,ATL,6,ATL,Final
20140718,mlb,340718104,HOU,2,CHW,3,CHW,Final
20140718,mlb,340718109,TB,6,MIN,2,TB,Final
20140718,mlb,340718124,LAD,2,STL,3,STL,Final
20140718,mlb,340718129,CHC,4,ARI,5,ARI,Final
20140718,mlb,340718103,SEA,2,LAA,3,LAA,Final/16
20140718,mlb,340718125,NYM,5,SD,4,NYM,Final
20140719,mlb,340719110,CIN,1,NYY,7,NYY,Final
20140719,mlb,340719114,TEX,1,TOR,4,TOR,Final
20140719,mlb,340719206,CLE,6,DET,2,CLE,Final
20140719,mlb,340719124,LAD,2,STL,4,STL,Final
20140719,mlb,340719120,MIL,3,WSH,8,WSH,Final
20140719,mlb,340719123,COL,2,PIT,3,PIT,Final/11
20140719,mlb,340719306,CLE,5,DET,2,CLE,Final
20140719,mlb,340719102,KC,1,BOS,2,BOS,Final
20140719,mlb,340719104,HOU,3,CHW,4,CHW,Final
20140719,mlb,340719109,TB,5,MIN,1,TB,Final
20140719,mlb,340719115,PHI,2,ATL,1,PHI,Final
20140719,mlb,340719128,SF,5,MIA,3,SF,Final
20140719,mlb,340719129,CHC,3,ARI,9,ARI,Final
20140719,mlb,340719125,NYM,0,SD,6,SD,Final
20140719,mlb,340719103,SEA,3,LAA,2,SEA,Final/12
20140720,mlb,340720110,CIN,2,NYY,3,NYY,Final
20140720,mlb,340720114,TEX,6,TOR,9,TOR,Final
20140720,mlb,340720106,CLE,1,DET,5,DET,Final
20140720,mlb,340720128,SF,2,MIA,3,MIA,Final
20140720,mlb,340720102,KC,0,BOS,6,BOS,Final
20140720,mlb,340720115,PHI,2,ATL,8,ATL,Final
20140720,mlb,340720120,MIL,4,WSH,5,WSH,Final
20140720,mlb,340720123,COL,3,PIT,5,PIT,Final
20140720,mlb,340720104,HOU,11,CHW,7,HOU,Final
20140720,mlb,340720109,TB,5,MIN,3,TB,Final
20140720,mlb,340720103,SEA,5,LAA,6,LAA,Final
20140720,mlb,340720125,NYM,1,SD,2,SD,Final
20140720,mlb,340720129,CHC,2,ARI,3,ARI,Final
20140720,mlb,340720124,LAD,4,STL,3,LAD,Final
20140721,mlb,340721110,TEX,4,NYY,2,TEX,Final
20140721,mlb,340721122,SF,7,PHI,4,SF,Final
20140721,mlb,400747192,LAD,5,PIT,2,LAD,Final
20140721,mlb,340721114,BOS,14,TOR,1,BOS,Final
20140721,mlb,340721115,MIA,3,ATL,1,MIA,Final/10
20140721,mlb,340721104,KC,1,CHW,3,CHW,Final
20140721,mlb,340721108,CIN,2,MIL,5,MIL,Final
20140721,mlb,340721109,CLE,3,MIN,4,MIN,Final
20140721,mlb,340721127,WSH,7,COL,2,WSH,Final
20140721,mlb,340721129,DET,4,ARI,3,DET,Final
20140721,mlb,340721103,BAL,4,LAA,2,BAL,Final
20140721,mlb,340721112,NYM,2,SEA,5,SEA,Final
20140722,mlb,340722110,TEX,1,NYY,2,NYY,Final/14
20140722,mlb,340722122,SF,9,PHI,6,SF,Final/14
20140722,mlb,340722123,LAD,7,PIT,12,PIT,Final
20140722,mlb,340722114,BOS,3,TOR,7,TOR,Final
20140722,mlb,340722115,MIA,6,ATL,5,MIA,Final
20140722,mlb,340722116,SD,0,CHC,6,CHC,Final
20140722,mlb,340722104,KC,7,CHW,1,KC,Final
20140722,mlb,340722108,CIN,3,MIL,4,MIL,Final
20140722,mlb,340722109,CLE,8,MIN,2,CLE,Final
20140722,mlb,340722124,TB,7,STL,2,TB,Final
20140722,mlb,340722127,WSH,7,COL,4,WSH,Final
20140722,mlb,340722129,DET,4,ARI,5,ARI,Final
20140722,mlb,340722103,BAL,4,LAA,2,BAL,Final
20140722,mlb,340722112,NYM,3,SEA,1,NYM,Final
20140723,mlb,340723109,CLE,1,MIN,3,MIN,Final
20140723,mlb,340723104,KC,2,CHW,1,KC,Final
20140723,mlb,340723108,CIN,1,MIL,5,MIL,Final
20140723,mlb,340723127,WSH,4,COL,6,COL,Final
20140723,mlb,340723112,NYM,3,SEA,2,NYM,Final
20140723,mlb,340723129,DET,11,ARI,5,DET,Final
20140723,mlb,340723122,SF,3,PHI,1,SF,Final
20140723,mlb,340723110,TEX,1,NYY,2,NYY,Final/5
20140723,mlb,340723123,LAD,1,PIT,6,PIT,Final
20140723,mlb,340723114,BOS,4,TOR,6,TOR,Final
20140723,mlb,340723115,MIA,1,ATL,6,ATL,Final
20140723,mlb,340723124,TB,3,STL,0,TB,Final
20140723,mlb,340723116,SD,8,CHC,3,SD,Final
20140723,mlb,340723103,BAL,2,LAA,3,LAA,Final
20140724,mlb,340724114,BOS,0,TOR,8,TOR,Final
20140724,mlb,340724110,TEX,2,NYY,4,NYY,Final
20140724,mlb,340724122,SF,1,PHI,2,PHI,Final
20140724,mlb,340724115,MIA,3,ATL,2,MIA,Final
20140724,mlb,340724116,SD,13,CHC,3,SD,Final
20140724,mlb,340724107,CLE,1,KC,2,KC,Final/14
20140724,mlb,340724108,NYM,1,MIL,9,MIL,Final
20140724,mlb,340724109,CHW,5,MIN,2,CHW,Final
20140724,mlb,340724103,DET,6,LAA,4,DET,Final
20140724,mlb,340724112,BAL,4,SEA,0,BAL,Final
20140725,mlb,340725116,STL,6,CHC,7,CHC,Final
20140725,mlb,340725110,TOR,4,NYY,6,NYY,Final
20140725,mlb,340725122,ARI,5,PHI,9,PHI,Final
20140725,mlb,340725117,WSH,4,CIN,1,WSH,Final
20140725,mlb,340725130,BOS,4,TB,6,TB,Final
20140725,mlb,340725115,SD,5,ATL,2,SD,Final
20140725,mlb,340725107,CLE,4,KC,6,KC,Final
20140725,mlb,340725108,NYM,3,MIL,2,NYM,Final
20140725,mlb,340725109,CHW,9,MIN,5,CHW,Final
20140725,mlb,340725118,MIA,2,HOU,0,MIA,Final
20140725,mlb,340725127,PIT,1,COL,8,COL,Final
20140725,mlb,340725103,DET,1,LAA,2,LAA,Final
20140725,mlb,340725112,BAL,2,SEA,1,BAL,Final/10
20140725,mlb,340725126,LAD,8,SF,1,LAD,Final
20140726,mlb,340726110,TOR,6,NYY,4,TOR,Final
20140726,mlb,340726116,STL,6,CHC,3,STL,Final
20140726,mlb,340726117,WSH,0,CIN,1,CIN,Final
20140726,mlb,340726112,BAL,3,SEA,4,SEA,Final
20140726,mlb,340726122,ARI,10,PHI,6,ARI,Final/10
20140726,mlb,340726107,CLE,5,KC,7,KC,Final
20140726,mlb,340726108,NYM,2,MIL,5,MIL,Final
20140726,mlb,340726109,CHW,7,MIN,0,CHW,Final
20140726,mlb,340726115,SD,3,ATL,5,ATL,Final
20140726,mlb,340726118,MIA,7,HOU,3,MIA,Final
20140726,mlb,340726130,BOS,0,TB,3,TB,Final
20140726,mlb,340726127,PIT,1,COL,8,COL,Final
20140726,mlb,340726103,DET,0,LAA,4,LAA,Final
20140726,mlb,340726126,LAD,5,SF,0,LAD,Final
20140727,mlb,340727110,TOR,5,NYY,4,TOR,Final
20140727,mlb,340727117,WSH,4,CIN,2,WSH,Final
20140727,mlb,340727122,ARI,2,PHI,4,PHI,Final
20140727,mlb,340727130,BOS,3,TB,2,BOS,Final
20140727,mlb,340727107,CLE,10,KC,3,CLE,Final
20140727,mlb,340727108,NYM,2,MIL,0,NYM,Final
20140727,mlb,340727109,CHW,3,MIN,4,MIN,Final
20140727,mlb,340727118,MIA,4,HOU,2,MIA,Final
20140727,mlb,340727116,STL,1,CHC,0,STL,Final
20140727,mlb,340727103,DET,1,LAA,2,LAA,Final
20140727,mlb,340727112,BAL,3,SEA,2,BAL,Final/10
20140727,mlb,340727127,PIT,7,COL,5,PIT,Final
20140727,mlb,340727115,SD,3,ATL,8,ATL,Final
20140727,mlb,340727126,LAD,4,SF,3,LAD,Final
20140728,mlb,340728115,SD,0,ATL,2,ATL,Final
20140728,mlb,340728102,TOR,14,BOS,1,TOR,Final
20140728,mlb,340728117,ARI,2,CIN,1,ARI,Final/15
20140728,mlb,340728121,PHI,1,NYM,7,NYM,Final
20140728,mlb,340728128,WSH,6,MIA,7,MIA,Final
20140728,mlb,340728130,MIL,1,TB,2,TB,Final
20140728,mlb,340728113,NYY,2,TEX,4,TEX,Final
20140728,mlb,340728116,COL,1,CHC,4,CHC,Final
20140728,mlb,340728126,PIT,5,SF,0,PIT,Final
20140729,mlb,340729101,LAA,6,BAL,7,BAL,Final/12
20140729,mlb,340729105,SEA,5,CLE,2,SEA,Final
20140729,mlb,340729106,CHW,11,DET,4,CHW,Final
20140729,mlb,340729102,TOR,4,BOS,2,TOR,Final
20140729,mlb,340729117,ARI,0,CIN,3,CIN,Final
20140729,mlb,340729121,PHI,6,NYM,0,PHI,Final
20140729,mlb,340729128,WSH,0,MIA,3,MIA,Final
20140729,mlb,340729130,MIL,1,TB,5,TB,Final
20140729,mlb,340729113,NYY,12,TEX,11,NYY,Final
20140729,mlb,340729116,COL,3,CHC,4,CHC,Final/16
20140729,mlb,340729107,MIN,2,KC,1,MIN,Final
20140729,mlb,340729119,ATL,4,LAD,8,LAD,Final
20140729,mlb,340729125,STL,1,SD,3,SD,Final
20140729,mlb,340729126,PIT,3,SF,1,PIT,Final
20140730,mlb,340730121,PHI,2,NYM,11,NYM,Final
20140730,mlb,340730130,MIL,5,TB,0,MIL,Final
20140730,mlb,340730117,ARI,5,CIN,4,ARI,Final
20140730,mlb,340730128,WSH,4,MIA,3,WSH,Final
20140730,mlb,340730126,PIT,5,SF,7,SF,Final
20140730,mlb,340730101,LAA,3,BAL,4,BAL,Final
20140730,mlb,340730105,SEA,0,CLE,2,CLE,Final
20140730,mlb,340730106,CHW,2,DET,7,DET,Final
20140730,mlb,340730102,TOR,6,BOS,1,TOR,Final
20140730,mlb,340730113,NYY,2,TEX,3,TEX,Final
20140730,mlb,340730116,COL,6,CHC,4,COL,Final/10
20140730,mlb,340730107,MIN,2,KC,3,KC,Final
20140730,mlb,340730119,ATL,2,LAD,3,LAD,Final/10
20140730,mlb,340730125,STL,1,SD,12,SD,Final
20140731,mlb,340731106,CHW,7,DET,4,CHW,Final
20140731,mlb,340731116,COL,1,CHC,3,CHC,Final
20140731,mlb,340731125,STL,6,SD,2,STL,Final
20140731,mlb,340731101,LAA,1,BAL,0,LAA,Final/13
20140731,mlb,340731105,SEA,6,CLE,5,SEA,Final
20140731,mlb,340731120,PHI,10,WSH,4,PHI,Final
20140731,mlb,340731128,CIN,3,MIA,1,CIN,Final
20140731,mlb,340731107,MIN,3,KC,6,KC,Final
20140731,mlb,340731118,TOR,6,HOU,5,TOR,Final
20140731,mlb,340731129,PIT,4,ARI,7,ARI,Final
20140731,mlb,340731119,ATL,1,LAD,2,LAD,Final
20140801,mlb,340801101,SEA,1,BAL,2,BAL,Final
20140801,mlb,340801105,TEX,2,CLE,12,CLE,Final
20140801,mlb,340801120,PHI,2,WSH,1,PHI,Final
20140801,mlb,340801106,COL,2,DET,4,DET,Final
20140801,mlb,340801102,NYY,3,BOS,4,BOS,Final
20140801,mlb,340801121,SF,5,NYM,1,SF,Final
20140801,mlb,340801128,CIN,5,MIA,2,CIN,Final
20140801,mlb,340801130,LAA,5,TB,3,LAA,Final
20140801,mlb,340801104,MIN,8,CHW,10,CHW,Final
20140801,mlb,340801118,TOR,1,HOU,3,HOU,Final
20140801,mlb,340801124,MIL,7,STL,4,MIL,Final
20140801,mlb,340801129,PIT,9,ARI,4,PIT,Final
20140801,mlb,340801119,CHC,8,LAD,2,CHC,Final
20140801,mlb,340801125,ATL,1,SD,10,SD,Final
20140802,mlb,340802102,NYY,6,BOS,4,NYY,Final
20140802,mlb,340802101,SEA,6,BAL,3,SEA,Final
20140802,mlb,340802105,TEX,0,CLE,2,CLE,Final
20140802,mlb,340802120,PHI,0,WSH,11,WSH,Final
20140802,mlb,340802106,COL,5,DET,11,DET,Final
20140802,mlb,340802104,MIN,8,CHW,6,MIN,Final
20140802,mlb,340802118,TOR,2,HOU,8,HOU,Final
20140802,mlb,340802121,SF,2,NYM,4,NYM,Final
20140802,mlb,340802128,CIN,1,MIA,2,MIA,Final/10
20140802,mlb,340802130,LAA,3,TB,10,TB,Final
20140802,mlb,340802124,MIL,7,STL,9,STL,Final
20140802,mlb,400747263,PIT,8,ARI,3,PIT,Final
20140802,mlb,340802125,ATL,2,SD,3,SD,Final/12
20140802,mlb,340802119,CHC,2,LAD,5,LAD,Final/12
20140803,mlb,340803105,TEX,3,CLE,4,CLE,Final/12
20140803,mlb,340803106,COL,0,DET,4,DET,Final
20140803,mlb,340803121,SF,9,NYM,0,SF,Final
20140803,mlb,340803128,CIN,7,MIA,3,CIN,Final
20140803,mlb,340803101,SEA,0,BAL,1,BAL,Final
20140803,mlb,340803120,PHI,0,WSH,4,WSH,Final
20140803,mlb,340803130,LAA,7,TB,5,LAA,Final
20140803,mlb,340803104,MIN,16,CHW,3,MIN,Final
20140803,mlb,340803118,TOR,1,HOU,6,HOU,Final
20140803,mlb,340803124,MIL,2,STL,3,STL,Final
20140803,mlb,340803119,CHC,7,LAD,3,CHC,Final
20140803,mlb,340803125,ATL,3,SD,4,SD,Final/10
20140803,mlb,340803129,PIT,2,ARI,3,ARI,Final/10
20140803,mlb,340803102,NYY,8,BOS,7,NYY,Final
20140804,mlb,340804121,SF,4,NYM,3,SF,Final
20140804,mlb,340804110,DET,1,NYY,2,NYY,Final
20140804,mlb,340804105,CIN,1,CLE,7,CLE,Final
20140804,mlb,340804120,BAL,7,WSH,3,BAL,Final
20140804,mlb,340804104,TEX,3,CHW,5,CHW,Final/7
20140804,mlb,340804119,LAA,5,LAD,0,LAA,Final
20140805,mlb,340805105,CIN,9,CLE,2,CIN,Final
20140805,mlb,340805110,DET,4,NYY,3,DET,Final/12
20140805,mlb,340805120,NYM,6,WSH,1,NYM,Final
20140805,mlb,340805122,HOU,1,PHI,2,PHI,Final/15
20140805,mlb,340805123,MIA,6,PIT,3,MIA,Final
20140805,mlb,340805114,BAL,9,TOR,3,BAL,Final
20140805,mlb,340805104,TEX,16,CHW,0,TEX,Final
20140805,mlb,340805108,SF,3,MIL,4,MIL,Final
20140805,mlb,340805109,SD,1,MIN,3,MIN,Final
20140805,mlb,340805124,BOS,2,STL,3,STL,Final
20140805,mlb,340805127,CHC,6,COL,5,CHC,Final/12
20140805,mlb,340805129,KC,12,ARI,2,KC,Final
20140805,mlb,340805112,ATL,2,SEA,4,SEA,Final
20140805,mlb,340805119,LAA,4,LAD,5,LAD,Final
20140806,mlb,340806109,SD,5,MIN,4,SD,Final/10
20140806,mlb,340806104,TEX,3,CHW,1,TEX,Final
20140806,mlb,340806112,ATL,3,SEA,7,SEA,Final
20140806,mlb,340806110,DET,1,NYY,5,NYY,Final
20140806,mlb,340806120,NYM,1,WSH,7,WSH,Final
20140806,mlb,340806122,HOU,3,PHI,10,PHI,Final
20140806,mlb,340806123,MIA,3,PIT,7,PIT,Final
20140806,mlb,340806114,BAL,1,TOR,5,TOR,Final
20140806,mlb,340806117,CLE,3,CIN,8,CIN,Final
20140806,mlb,340806124,BOS,2,STL,1,BOS,Final
20140806,mlb,340806108,SF,7,MIL,4,SF,Final
20140806,mlb,340806127,CHC,4,COL,13,COL,Final
20140806,mlb,340806129,KC,4,ARI,3,KC,Final
20140806,mlb,340806103,LAD,2,LAA,1,LAD,Final
20140807,mlb,340807120,NYM,3,WSH,5,WSH,Final/13
20140807,mlb,340807110,DET,0,NYY,1,NYY,Final
20140807,mlb,340807108,SF,1,MIL,3,MIL,Final
20140807,mlb,340807127,CHC,6,COL,2,CHC,Final
20140807,mlb,340807122,HOU,5,PHI,6,PHI,Final
20140807,mlb,340807123,MIA,2,PIT,7,PIT,Final
20140807,mlb,340807114,BAL,2,TOR,1,BAL,Final
20140807,mlb,340807117,CLE,0,CIN,4,CIN,Final
20140807,mlb,340807124,BOS,2,STL,5,STL,Final
20140807,mlb,340807129,KC,6,ARI,2,KC,Final
20140807,mlb,340807103,LAD,7,LAA,0,LAD,Final
20140807,mlb,340807112,CHW,3,SEA,13,SEA,Final
20140808,mlb,340808116,TB,4,CHC,3,TB,Final/10
20140808,mlb,340808101,STL,2,BAL,12,BAL,Final
20140808,mlb,340808110,CLE,6,NYY,10,NYY,Final
20140808,mlb,340808122,NYM,5,PHI,4,NYM,Final
20140808,mlb,340808123,SD,1,PIT,2,PIT,Final
20140808,mlb,340808114,DET,5,TOR,4,DET,Final
20140808,mlb,340808117,MIA,2,CIN,1,MIA,Final
20140808,mlb,340808115,WSH,6,ATL,7,ATL,Final
20140808,mlb,340808107,SF,2,KC,4,KC,Final
20140808,mlb,340808108,LAD,3,MIL,9,MIL,Final
20140808,mlb,340808118,TEX,3,HOU,4,HOU,Final
20140808,mlb,340808129,COL,3,ARI,5,ARI,Final
20140808,mlb,340808103,BOS,4,LAA,2,BOS,Final
20140808,mlb,340808112,CHW,1,SEA,4,SEA,Final
20140809,mlb,340809110,CLE,3,NYY,0,CLE,Final
20140809,mlb,340809114,DET,2,TOR,3,TOR,Final/10
20140809,mlb,340809101,STL,3,BAL,10,BAL,Final
20140809,mlb,340809116,TB,4,CHC,0,TB,Final
20140809,mlb,340809123,SD,2,PIT,1,SD,Final
20140809,mlb,340809107,SF,0,KC,5,KC,Final
20140809,mlb,340809108,LAD,1,MIL,4,MIL,Final
20140809,mlb,340809115,WSH,4,ATL,1,WSH,Final/11
20140809,mlb,340809117,MIA,4,CIN,3,MIA,Final
20140809,mlb,340809118,TEX,3,HOU,8,HOU,Final
20140809,mlb,340809122,NYM,2,PHI,1,NYM,Final/11
20140809,mlb,340809129,COL,4,ARI,14,ARI,Final
20140809,mlb,340809103,BOS,4,LAA,5,LAA,Final/19
20140809,mlb,340809112,CHW,2,SEA,1,CHW,Final/10
20140810,mlb,340810110,CLE,4,NYY,1,CLE,Final
20140810,mlb,340810114,DET,5,TOR,6,TOR,Final/19
20140810,mlb,340810117,MIA,2,CIN,7,CIN,Final
20140810,mlb,340810101,STL,8,BAL,3,STL,Final
20140810,mlb,340810122,NYM,6,PHI,7,PHI,Final
20140810,mlb,340810123,SD,8,PIT,2,SD,Final
20140810,mlb,340810107,SF,4,KC,7,KC,Final
20140810,mlb,340810108,LAD,5,MIL,1,LAD,Final
20140810,mlb,340810118,TEX,6,HOU,2,TEX,Final
20140810,mlb,340810116,TB,2,CHC,3,CHC,Final/12
20140810,mlb,340810103,BOS,3,LAA,1,BOS,Final
20140810,mlb,340810112,CHW,2,SEA,4,SEA,Final
20140810,mlb,340810129,COL,5,ARI,3,COL,Final/10
20140810,mlb,340810115,WSH,1,ATL,3,ATL,Final
20140811,mlb,340811122,NYM,5,PHI,3,NYM,Final
20140811,mlb,340811115,LAD,6,ATL,2,LAD,Final
20140811,mlb,340811101,NYY,3,BAL,11,BAL,Final
20140811,mlb,340811123,DET,6,PIT,11,PIT,Final
20140811,mlb,340811128,STL,5,MIA,6,MIA,Final
20140811,mlb,340811113,TB,7,TEX,0,TB,Final
20140811,mlb,340811116,MIL,3,CHC,1,MIL,Final
20140811,mlb,340811118,MIN,4,HOU,2,MIN,Final
20140811,mlb,340811112,TOR,1,SEA,11,SEA,Final
20140811,mlb,340811125,COL,3,SD,4,SD,Final
20140812,mlb,340812123,DET,2,PIT,4,PIT,Final
20140812,mlb,340812115,LAD,4,ATL,2,LAD,Final
20140812,mlb,340812117,BOS,3,CIN,2,BOS,Final
20140812,mlb,340812121,WSH,7,NYM,1,WSH,Final
20140812,mlb,340812128,STL,0,MIA,3,MIA,Final
20140812,mlb,340812113,TB,2,TEX,3,TEX,Final/14
20140812,mlb,340812116,MIL,0,CHC,3,CHC,Final
20140812,mlb,340812118,MIN,4,HOU,10,HOU,Final
20140812,mlb,340812103,PHI,2,LAA,7,LAA,Final
20140812,mlb,340812112,TOR,3,SEA,6,SEA,Final
20140812,mlb,340812125,COL,1,SD,4,SD,Final
20140812,mlb,340812126,CHW,3,SF,2,CHW,Final/10
20140813,mlb,340813117,BOS,5,CIN,4,BOS,Final
20140813,mlb,340813118,MIN,3,HOU,1,MIN,Final
20140813,mlb,400703867,CHW,1,SF,7,SF,Final
20140813,mlb,340813205,ARI,2,CLE,3,CLE,Final
20140813,mlb,340813125,COL,3,SD,5,SD,Final
20140813,mlb,340813101,NYY,3,BAL,5,BAL,Final
20140813,mlb,340813106,PIT,4,DET,8,DET,Final
20140813,mlb,340813115,LAD,2,ATL,3,ATL,Final
20140813,mlb,340813121,WSH,3,NYM,2,WSH,Final
20140813,mlb,340813128,STL,5,MIA,2,STL,Final
20140813,mlb,340813305,ARI,1,CLE,0,ARI,Final/12
20140813,mlb,340813113,TB,10,TEX,1,TB,Final
20140813,mlb,340813116,MIL,2,CHC,4,CHC,Final
20140813,mlb,340813103,PHI,3,LAA,4,LAA,Final
20140813,mlb,340813112,TOR,0,SEA,2,SEA,Final
20140814,mlb,340814115,LAD,6,ATL,4,LAD,Final
20140814,mlb,340814106,PIT,2,DET,5,DET,Final
20140814,mlb,340814116,MIL,6,CHC,2,MIL,Final
20140814,mlb,340814102,HOU,4,BOS,9,BOS,Final
20140814,mlb,340814121,WSH,4,NYM,1,WSH,Final
20140814,mlb,340814128,ARI,4,MIA,5,MIA,Final/10
20140814,mlb,340814113,TB,6,TEX,3,TB,Final
20140814,mlb,340814124,SD,3,STL,4,STL,Final
20140814,mlb,340814127,CIN,3,COL,7,COL,Final
20140815,mlb,340815105,BAL,1,CLE,2,CLE,Final/11
20140815,mlb,340815120,PIT,4,WSH,5,WSH,Final
20140815,mlb,340815106,SEA,7,DET,2,SEA,Final
20140815,mlb,340815102,HOU,5,BOS,3,HOU,Final/10
20140815,mlb,340815121,CHC,2,NYM,3,NYM,Final
20140815,mlb,340815128,ARI,3,MIA,2,ARI,Final
20140815,mlb,340815130,NYY,0,TB,5,TB,Final
20140815,mlb,340815113,LAA,5,TEX,4,LAA,Final
20140815,mlb,340815104,TOR,5,CHW,11,CHW,Final
20140815,mlb,340815109,KC,6,MIN,5,KC,Final
20140815,mlb,340815124,SD,2,STL,4,STL,Final
20140815,mlb,340815127,CIN,3,COL,2,CIN,Final
20140815,mlb,340815119,MIL,6,LAD,3,MIL,Final
20140815,mlb,340815126,PHI,5,SF,3,PHI,Final/10
20140816,mlb,340816126,PHI,5,SF,6,SF,Final
20140816,mlb,340816130,NYY,3,TB,2,NYY,Final
20140816,mlb,340816105,BAL,0,CLE,6,CLE,Final
20140816,mlb,340816120,PIT,3,WSH,4,WSH,Final
20140816,mlb,340816106,SEA,2,DET,4,DET,Final
20140816,mlb,340816102,HOU,7,BOS,10,BOS,Final
20140816,mlb,340816104,TOR,6,CHW,3,TOR,Final
20140816,mlb,340816109,KC,1,MIN,4,MIN,Final
20140816,mlb,340816121,CHC,3,NYM,7,NYM,Final
20140816,mlb,340816128,ARI,1,MIA,2,MIA,Final
20140816,mlb,340816124,SD,9,STL,5,SD,Final
20140816,mlb,340816113,LAA,5,TEX,4,LAA,Final
20140816,mlb,340816119,MIL,3,LAD,2,MIL,Final
20140817,mlb,340817105,BAL,4,CLE,1,BAL,Final
20140817,mlb,340817106,SEA,8,DET,1,SEA,Final
20140817,mlb,340817121,CHC,2,NYM,1,CHC,Final
20140817,mlb,340817128,ARI,3,MIA,10,MIA,Final
20140817,mlb,340817102,HOU,8,BOS,1,HOU,Final
20140817,mlb,340817130,NYY,4,TB,2,NYY,Final
20140817,mlb,340817104,TOR,5,CHW,7,CHW,Final
20140817,mlb,340817109,KC,12,MIN,6,KC,Final
20140817,mlb,340817124,SD,6,STL,7,STL,Final
20140817,mlb,340817113,LAA,2,TEX,3,TEX,Final
20140817,mlb,340817126,PHI,2,SF,5,SF,Final
20140817,mlb,340817119,MIL,7,LAD,2,MIL,Final
20140817,mlb,340817227,CIN,9,COL,10,COL,Final
20140817,mlb,340817120,PIT,5,WSH,6,WSH,Final/11
20140817,mlb,340817327,CIN,5,COL,10,COL,Final
20140818,mlb,340818121,CHC,4,NYM,1,CHC,Final
20140818,mlb,340818120,ARI,4,WSH,5,WSH,Final/11
20140818,mlb,340818122,SEA,1,PHI,4,PHI,Final
20140818,mlb,340818123,ATL,7,PIT,3,ATL,Final
20140818,mlb,340818102,LAA,4,BOS,2,LAA,Final
20140818,mlb,340818104,BAL,8,CHW,2,BAL,Final
20140818,mlb,340818109,KC,6,MIN,4,KC,Final
20140818,mlb,340818124,CIN,5,STL,6,STL,Final/10
20140819,mlb,340819110,HOU,7,NYY,4,HOU,Final
20140819,mlb,340819120,ARI,1,WSH,8,WSH,Final
20140819,mlb,340819122,SEA,5,PHI,2,SEA,Final
20140819,mlb,340819123,ATL,11,PIT,3,ATL,Final
20140819,mlb,340819102,LAA,4,BOS,3,LAA,Final
20140819,mlb,340819128,TEX,3,MIA,4,MIA,Final/10
20140819,mlb,340819130,DET,8,TB,6,DET,Final/11
20140819,mlb,340819116,SF,1,CHC,2,CHC,Final
20140819,mlb,340819104,BAL,5,CHW,1,BAL,Final
20140819,mlb,340819108,TOR,1,MIL,6,MIL,Final
20140819,mlb,340819109,CLE,7,MIN,5,CLE,Final
20140819,mlb,340819124,CIN,4,STL,5,STL,Final
20140819,mlb,340819127,KC,7,COL,4,KC,Final
20140819,mlb,340819119,SD,6,LAD,8,LAD,Final
20140820,mlb,340820128,TEX,5,MIA,4,TEX,Final
20140820,mlb,340820122,SEA,3,PHI,4,PHI,Final
20140820,mlb,340820108,TOR,9,MIL,5,TOR,Final
20140820,mlb,340820102,LAA,8,BOS,3,LAA,Final
20140820,mlb,340820110,HOU,5,NYY,2,HOU,Final
20140820,mlb,340820120,ARI,2,WSH,3,WSH,Final
20140820,mlb,340820123,ATL,2,PIT,3,PIT,Final
20140820,mlb,340820130,DET,6,TB,0,DET,Final
20140820,mlb,340820124,CIN,3,STL,7,STL,Final
20140820,mlb,340820116,SF,8,CHC,3,SF,Final
20140820,mlb,340820104,BAL,4,CHW,3,BAL,Final
20140820,mlb,340820109,CLE,5,MIN,0,CLE,Final
20140820,mlb,340820127,KC,2,COL,5,COL,Final
20140820,mlb,340820119,SD,4,LAD,1,SD,Final
20140821,mlb,340821110,HOU,0,NYY,3,NYY,Final
20140821,mlb,340821109,CLE,1,MIN,4,MIN,Final
20140821,mlb,340821130,DET,0,TB,1,TB,Final
20140821,mlb,340821120,ARI,0,WSH,1,WSH,Final
20140821,mlb,340821102,LAA,2,BOS,0,LAA,Final
20140821,mlb,340821117,ATL,8,CIN,0,ATL,Final
20140821,mlb,340821116,SF,5,CHC,3,SF,Final
20140821,mlb,340821119,SD,1,LAD,2,LAD,Final
20140822,mlb,340822116,BAL,1,CHC,4,CHC,Final
20140822,mlb,340822105,HOU,5,CLE,1,HOU,Final
20140822,mlb,340822110,CHW,3,NYY,4,NYY,Final
20140822,mlb,340822120,SF,10,WSH,3,SF,Final
20140822,mlb,340822122,STL,4,PHI,5,PHI,Final
20140822,mlb,340822114,TB,8,TOR,0,TB,Final
20140822,mlb,340822102,SEA,5,BOS,3,SEA,Final
20140822,mlb,340822117,ATL,3,CIN,1,ATL,Final/12
20140822,mlb,340822113,KC,6,TEX,3,KC,Final
20140822,mlb,340822108,PIT,8,MIL,3,PIT,Final
20140822,mlb,340822109,DET,6,MIN,20,MIN,Final
20140822,mlb,340822127,MIA,13,COL,5,MIA,Final
20140822,mlb,340822129,SD,1,ARI,5,ARI,Final
20140822,mlb,340822119,NYM,2,LAD,6,LAD,Final
20140823,mlb,340823110,CHW,3,NYY,5,NYY,Final
20140823,mlb,340823114,TB,4,TOR,5,TOR,Final/10
20140823,mlb,340823209,DET,4,MIN,12,MIN,Final
20140823,mlb,340823102,SEA,7,BOS,3,SEA,Final
20140823,mlb,340823116,BAL,2,CHC,7,CHC,Final
20140823,mlb,340823120,SF,2,WSH,6,WSH,Final
20140823,mlb,340823105,HOU,2,CLE,3,CLE,Final
20140823,mlb,340823122,STL,6,PHI,5,STL,Final/12
20140823,mlb,340823108,PIT,10,MIL,2,PIT,Final
20140823,mlb,340823117,ATL,0,CIN,1,CIN,Final
20140823,mlb,340823113,KC,6,TEX,3,KC,Final
20140823,mlb,340823127,MIA,4,COL,5,COL,Final/13
20140823,mlb,340823129,SD,2,ARI,5,ARI,Final
20140823,mlb,340823309,DET,8,MIN,6,DET,Final
20140823,mlb,340823119,NYM,4,LAD,7,LAD,Final
20140824,mlb,340824105,HOU,1,CLE,3,CLE,Final
20140824,mlb,340824110,CHW,4,NYY,7,NYY,Final/10
20140824,mlb,340824114,TB,2,TOR,1,TB,Final/10
20140824,mlb,340824117,ATL,3,CIN,5,CIN,Final
20140824,mlb,340824102,SEA,8,BOS,6,SEA,Final
20140824,mlb,340824120,SF,6,WSH,14,WSH,Final
20140824,mlb,340824122,STL,1,PHI,7,PHI,Final
20140824,mlb,340824108,PIT,3,MIL,4,MIL,Final
20140824,mlb,340824109,DET,13,MIN,4,DET,Final
20140824,mlb,340824116,BAL,1,CHC,2,CHC,Final
20140824,mlb,340824113,KC,1,TEX,3,TEX,Final
20140824,mlb,340824119,NYM,11,LAD,3,NYM,Final
20140824,mlb,340824127,MIA,4,COL,7,COL,Final
20140824,mlb,340824129,SD,7,ARI,4,SD,Final
20140825,mlb,340825107,NYY,8,KC,1,NYY,Final
20140825,mlb,340825101,TB,1,BAL,9,BAL,Final
20140825,mlb,340825122,WSH,2,PHI,3,PHI,Final
20140825,mlb,340825123,STL,3,PIT,2,STL,Final
20140825,mlb,340825114,BOS,4,TOR,3,BOS,Final/10
20140825,mlb,340825103,MIA,7,LAA,1,MIA,Final
20140825,mlb,340825112,TEX,2,SEA,0,TEX,Final
20140825,mlb,340825125,MIL,10,SD,1,MIL,Final
20140825,mlb,340825126,COL,3,SF,2,COL,Final
20140826,mlb,340826101,TB,2,BAL,4,BAL,Final
20140826,mlb,340826122,WSH,3,PHI,4,PHI,Final
20140826,mlb,340826123,STL,2,PIT,5,PIT,Final
20140826,mlb,340826114,BOS,11,TOR,7,BOS,Final/11
20140826,mlb,340826106,NYY,2,DET,5,DET,Final
20140826,mlb,340826117,CHC,3,CIN,0,CHC,Final
20140826,mlb,340826121,ATL,2,NYM,3,NYM,Final
20140826,mlb,340826104,CLE,8,CHW,6,CLE,Final/10
20140826,mlb,340826107,MIN,1,KC,2,KC,Final
20140826,mlb,340826129,LAD,9,ARI,5,LAD,Final
20140826,mlb,340826103,MIA,2,LAA,8,LAA,Final
20140826,mlb,340826112,TEX,0,SEA,5,SEA,Final
20140826,mlb,340826125,MIL,1,SD,4,SD,Final
20140826,mlb,340826126,COL,0,SF,3,SF,Final
20140827,mlb,340827123,STL,1,PIT,3,PIT,Final
20140827,mlb,340827112,TEX,12,SEA,4,TEX,Final
20140827,mlb,340827106,NYY,8,DET,4,NYY,Final
20140827,mlb,340827101,TB,3,BAL,1,TB,Final
20140827,mlb,340827122,WSH,4,PHI,8,PHI,Final
20140827,mlb,340827114,BOS,2,TOR,5,TOR,Final
20140827,mlb,340827117,CHC,5,CIN,7,CIN,Final
20140827,mlb,340827121,ATL,3,NYM,2,ATL,Final
20140827,mlb,340827104,CLE,2,CHW,3,CHW,Final
20140827,mlb,400654536,MIN,1,KC,6,KC,Final
20140827,mlb,340827125,MIL,2,SD,3,SD,Final/10
20140827,mlb,340827129,LAD,3,ARI,1,LAD,Final
20140827,mlb,340827103,MIA,1,LAA,6,LAA,Final
20140827,mlb,340827126,COL,2,SF,4,SF,Final
20140828,mlb,340828117,CHC,2,CIN,7,CIN,Final
20140828,mlb,340828106,NYY,2,DET,3,DET,Final
20140828,mlb,340828126,COL,1,SF,4,SF,Final
20140828,mlb,340828101,TB,4,BAL,5,BAL,Final
20140828,mlb,340828121,ATL,6,NYM,1,ATL,Final
20140828,mlb,340828104,CLE,3,CHW,2,CLE,Final
20140828,mlb,340828107,MIN,11,KC,5,MIN,Final/10
20140828,mlb,340828118,TEX,2,HOU,4,HOU,Final
20140829,mlb,340829101,MIN,1,BAL,9,BAL,Final
20140829,mlb,340829123,CIN,1,PIT,2,PIT,Final
20140829,mlb,340829114,NYY,6,TOR,3,NYY,Final
20140829,mlb,340829121,PHI,1,NYM,4,NYM,Final
20140829,mlb,340829130,BOS,8,TB,4,BOS,Final
20140829,mlb,340829115,MIA,2,ATL,5,ATL,Final
20140829,mlb,340829104,DET,7,CHW,1,DET,Final
20140829,mlb,340829107,CLE,6,KC,1,CLE,Final
20140829,mlb,340829118,TEX,13,HOU,6,TEX,Final
20140829,mlb,340829124,CHC,7,STL,2,CHC,Final
20140829,mlb,340829129,COL,2,ARI,5,ARI,Final
20140829,mlb,340829112,WSH,8,SEA,3,WSH,Final
20140829,mlb,340829125,LAD,2,SD,3,SD,Final/12
20140829,mlb,340829126,MIL,2,SF,13,SF,Final
20140830,mlb,340830114,NYY,0,TOR,2,TOR,Final
20140830,mlb,340830204,DET,3,CHW,6,CHW,Final
20140830,mlb,340830224,CHC,5,STL,1,CHC,Final
20140830,mlb,340830123,CIN,2,PIT,3,PIT,Final
20140830,mlb,340830101,MIN,2,BAL,3,BAL,Final
20140830,mlb,340830107,CLE,3,KC,2,CLE,Final/11
20140830,mlb,340830115,MIA,4,ATL,0,MIA,Final
20140830,mlb,340830118,TEX,0,HOU,2,HOU,Final
20140830,mlb,340830121,PHI,7,NYM,2,PHI,Final
20140830,mlb,340830130,BOS,0,TB,7,TB,Final
20140830,mlb,340830304,DET,8,CHW,4,DET,Final
20140830,mlb,340830129,COL,2,ARI,0,COL,Final
20140830,mlb,340830324,CHC,2,STL,13,STL,Final
20140830,mlb,340830125,LAD,1,SD,2,SD,Final/10
20140830,mlb,340830126,MIL,1,SF,3,SF,Final
20140830,mlb,340830112,WSH,3,SEA,1,WSH,Final
20140831,mlb,340831114,NYY,3,TOR,4,TOR,Final
20140831,mlb,340831121,PHI,5,NYM,6,NYM,Final
20140831,mlb,340831101,MIN,8,BAL,12,BAL,Final
20140831,mlb,340831123,CIN,3,PIT,2,CIN,Final
20140831,mlb,340831130,BOS,3,TB,0,BOS,Final
20140831,mlb,340831104,DET,2,CHW,6,CHW,Final
20140831,mlb,340831118,TEX,2,HOU,3,HOU,Final
20140831,mlb,340831124,CHC,6,STL,9,STL,Final
20140831,mlb,340831126,MIL,5,SF,15,SF,Final
20140831,mlb,340831112,WSH,3,SEA,5,SEA,Final
20140831,mlb,340831125,LAD,7,SD,1,LAD,Final
20140831,mlb,340831129,COL,2,ARI,6,ARI,Final
20140831,mlb,340831115,MIA,0,ATL,1,ATL,Final
20140831,mlb,340831107,CLE,4,KC,3,CLE,Final/10
20140901,mlb,340901115,PHI,7,ATL,0,PHI,Final
20140901,mlb,340901128,NYM,6,MIA,9,MIA,Final
20140901,mlb,340901130,BOS,3,TB,4,TB,Final/10
20140901,mlb,340901101,MIN,6,BAL,4,MIN,Final
20140901,mlb,340901124,PIT,4,STL,5,STL,Final
20140901,mlb,340901116,MIL,2,CHC,4,CHC,Final
20140901,mlb,340901105,DET,12,CLE,1,DET,Final
20140901,mlb,340901125,ARI,1,SD,3,SD,Final
20140901,mlb,340901127,SF,9,COL,10,COL,Final
20140901,mlb,340901107,TEX,3,KC,4,KC,Final
20140901,mlb,340901119,WSH,6,LAD,4,WSH,Final
20140902,mlb,340902101,CIN,4,BAL,5,BAL,Final
20140902,mlb,340902105,DET,4,CLE,2,DET,Final
20140902,mlb,340902110,BOS,9,NYY,4,BOS,Final
20140902,mlb,340902115,PHI,4,ATL,0,PHI,Final
20140902,mlb,340902128,NYM,8,MIA,6,NYM,Final
20140902,mlb,340902130,TOR,8,TB,2,TOR,Final
20140902,mlb,340902116,MIL,1,CHC,7,CHC,Final
20140902,mlb,340902107,TEX,1,KC,2,KC,Final
20140902,mlb,340902109,CHW,6,MIN,3,CHW,Final/10
20140902,mlb,340902118,LAA,3,HOU,8,HOU,Final
20140902,mlb,340902124,PIT,4,STL,6,STL,Final
20140902,mlb,340902127,SF,12,COL,7,SF,Final
20140902,mlb,340902125,ARI,1,SD,2,SD,Final
20140902,mlb,400747443,WSH,1,LAD,4,LAD,Final
20140903,mlb,340903115,PHI,4,ATL,7,ATL,Final
20140903,mlb,340903124,PIT,0,STL,1,STL,Final
20140903,mlb,340903119,WSH,8,LAD,5,WSH,Final/14
20140903,mlb,340903127,SF,2,COL,9,COL,Final
20140903,mlb,340903110,BOS,1,NYY,5,NYY,Final
20140903,mlb,340903101,CIN,0,BAL,6,BAL,Final
20140903,mlb,340903105,DET,0,CLE,7,CLE,Final
20140903,mlb,340903128,NYM,4,MIA,3,NYM,Final
20140903,mlb,340903130,TOR,7,TB,4,TOR,Final
20140903,mlb,340903116,MIL,2,CHC,6,CHC,Final
20140903,mlb,340903107,TEX,1,KC,4,KC,Final
20140903,mlb,340903109,CHW,4,MIN,11,MIN,Final
20140903,mlb,340903118,LAA,1,HOU,4,HOU,Final
20140903,mlb,340903125,ARI,6,SD,1,ARI,Final
20140904,mlb,340904101,CIN,7,BAL,9,BAL,Final
20140904,mlb,340904105,DET,11,CLE,4,DET,Final/11
20140904,mlb,340904110,BOS,4,NYY,5,NYY,Final
20140904,mlb,340904130,TOR,1,TB,0,TOR,Final/10
20140904,mlb,340904113,SEA,10,TEX,2,SEA,Final
20140904,mlb,340904108,STL,3,MIL,2,STL,Final
20140904,mlb,340904109,LAA,5,MIN,4,LAA,Final
20140904,mlb,340904125,ARI,5,SD,1,ARI,Final
20140905,mlb,340905116,PIT,5,CHC,3,PIT,Final/11
20140905,mlb,340905105,CHW,1,CLE,2,CLE,Final/10
20140905,mlb,340905110,KC,1,NYY,0,KC,Final
20140905,mlb,340905120,PHI,9,WSH,8,PHI,Final/11
20140905,mlb,340905106,SF,8,DET,2,SF,Final
20140905,mlb,340905102,TOR,8,BOS,9,BOS,Final/10
20140905,mlb,340905117,NYM,14,CIN,5,NYM,Final
20140905,mlb,340905128,ATL,3,MIA,11,MIA,Final
20140905,mlb,340905130,BAL,0,TB,3,TB,Final
20140905,mlb,340905113,SEA,7,TEX,5,SEA,Final
20140905,mlb,340905108,STL,2,MIL,6,MIL,Final
20140905,mlb,340905109,LAA,7,MIN,6,LAA,Final/10
20140905,mlb,340905127,SD,0,COL,3,COL,Final
20140905,mlb,340905119,ARI,1,LAD,2,LAD,Final
20140906,mlb,340906130,BAL,2,TB,3,TB,Final
20140906,mlb,340906106,SF,5,DET,4,SF,Final
20140906,mlb,340906110,KC,2,NYY,6,NYY,Final
20140906,mlb,340906120,PHI,3,WSH,1,PHI,Final
20140906,mlb,340906117,NYM,1,CIN,2,CIN,Final
20140906,mlb,340906116,PIT,5,CHC,0,PIT,Final
20140906,mlb,340906105,CHW,1,CLE,3,CLE,Final
20140906,mlb,340906102,TOR,3,BOS,4,BOS,Final
20140906,mlb,340906108,STL,5,MIL,3,STL,Final
20140906,mlb,340906109,LAA,8,MIN,5,LAA,Final
20140906,mlb,340906128,ATL,4,MIA,3,ATL,Final/10
20140906,mlb,340906113,SEA,4,TEX,2,SEA,Final
20140906,mlb,340906127,SD,6,COL,7,COL,Final/12
20140906,mlb,340906119,ARI,2,LAD,5,LAD,Final
20140907,mlb,340907105,CHW,0,CLE,2,CLE,Final
20140907,mlb,340907117,NYM,4,CIN,3,NYM,Final
20140907,mlb,340907128,ATL,0,MIA,4,MIA,Final
20140907,mlb,340907102,TOR,3,BOS,1,TOR,Final
20140907,mlb,340907110,KC,2,NYY,0,KC,Final
20140907,mlb,340907120,PHI,2,WSH,3,WSH,Final
20140907,mlb,340907130,BAL,7,TB,5,BAL,Final/11
20140907,mlb,340907108,STL,9,MIL,1,STL,Final
20140907,mlb,340907109,LAA,14,MIN,4,LAA,Final
20140907,mlb,340907116,PIT,10,CHC,4,PIT,Final
20140907,mlb,340907113,SEA,0,TEX,1,TEX,Final
20140907,mlb,340907119,ARI,2,LAD,7,LAD,Final
20140907,mlb,340907127,SD,0,COL,6,COL,Final
20140907,mlb,340907106,SF,1,DET,6,DET,Final
20140908,mlb,340908105,LAA,12,CLE,3,LAA,Final
20140908,mlb,340908106,KC,5,DET,9,DET,Final
20140908,mlb,340908120,ATL,1,WSH,2,WSH,Final
20140908,mlb,340908122,PIT,6,PHI,4,PIT,Final
20140908,mlb,340908114,CHC,0,TOR,8,TOR,Final
20140908,mlb,340908102,BAL,4,BOS,0,BAL,Final
20140908,mlb,340908117,STL,5,CIN,0,STL,Final
20140908,mlb,340908121,COL,2,NYM,3,NYM,Final
20140908,mlb,340908108,MIA,6,MIL,4,MIA,Final
20140908,mlb,340908112,HOU,1,SEA,4,SEA,Final
20140908,mlb,340908119,SD,4,LAD,9,LAD,Final
20140909,mlb,340909105,MIN,4,CLE,3,MIN,Final
20140909,mlb,340909110,TB,4,NYY,3,TB,Final
20140909,mlb,340909120,ATL,4,WSH,6,WSH,Final
20140909,mlb,340909122,PIT,3,PHI,4,PHI,Final
20140909,mlb,400703899,CHC,2,TOR,9,TOR,Final
20140909,mlb,340909106,KC,2,DET,4,DET,Final
20140909,mlb,340909102,BAL,4,BOS,1,BAL,Final
20140909,mlb,340909117,STL,5,CIN,9,CIN,Final
20140909,mlb,340909121,COL,0,NYM,2,NYM,Final
20140909,mlb,340909113,LAA,9,TEX,3,LAA,Final
20140909,mlb,340909108,MIA,6,MIL,3,MIA,Final
20140909,mlb,340909112,HOU,2,SEA,1,HOU,Final
20140909,mlb,340909119,SD,6,LAD,3,SD,Final
20140909,mlb,340909126,ARI,1,SF,5,SF,Final
20140910,mlb,340910102,BAL,10,BOS,6,BAL,Final
20140910,mlb,340910120,ATL,6,WSH,2,ATL,Final
20140910,mlb,340910106,KC,3,DET,0,KC,Final
20140910,mlb,340910110,TB,5,NYY,8,NYY,Final
20140910,mlb,340910122,PIT,6,PHI,3,PIT,Final
20140910,mlb,340910114,CHC,1,TOR,11,TOR,Final
20140910,mlb,340910117,STL,2,CIN,4,CIN,Final
20140910,mlb,340910121,COL,0,NYM,2,NYM,Final
20140910,mlb,340910113,LAA,8,TEX,1,LAA,Final
20140910,mlb,340910108,MIA,1,MIL,4,MIL,Final
20140910,mlb,340910126,ARI,0,SF,5,SF,Final
20140910,mlb,340910112,HOU,5,SEA,2,HOU,Final
20140910,mlb,340910119,SD,0,LAD,4,LAD,Final
20140911,mlb,340911205,MIN,2,CLE,8,CLE,Final
20140911,mlb,340911117,STL,0,CIN,1,CIN,Final
20140911,mlb,340911305,MIN,0,CLE,2,CLE,Final
20140911,mlb,340911126,ARI,2,SF,6,SF,Final
20140911,mlb,340911110,TB,4,NYY,5,NYY,Final
20140911,mlb,340911122,PIT,4,PHI,1,PIT,Final
20140911,mlb,340911121,WSH,6,NYM,2,WSH,Final
20140911,mlb,340911113,LAA,7,TEX,3,LAA,Final
20140911,mlb,340911107,BOS,6,KC,3,BOS,Final
20140911,mlb,340911108,MIA,2,MIL,4,MIL,Final
20140912,mlb,340912201,NYY,1,BAL,2,BAL,Final/11
20140912,mlb,340912122,MIA,1,PHI,3,PHI,Final/10
20140912,mlb,340912123,CHC,3,PIT,7,PIT,Final
20140912,mlb,340912301,NYY,0,BAL,5,BAL,Final
20140912,mlb,340912114,TB,1,TOR,0,TB,Final
20140912,mlb,340912106,CLE,2,DET,7,DET,Final
20140912,mlb,340912121,WSH,3,NYM,4,NYM,Final
20140912,mlb,340912113,ATL,1,TEX,2,TEX,Final
20140912,mlb,340912107,BOS,4,KC,2,BOS,Final
20140912,mlb,340912108,CIN,2,MIL,3,MIL,Final
20140912,mlb,340912124,COL,1,STL,5,STL,Final
20140912,mlb,340912129,SD,6,ARI,5,SD,Final
20140912,mlb,340912103,HOU,3,LAA,11,LAA,Final
20140912,mlb,340912126,LAD,0,SF,9,SF,Final
20140913,mlb,340913101,NYY,3,BAL,2,NYY,Final
20140913,mlb,340913113,ATL,2,TEX,3,TEX,Final
20140913,mlb,340913114,TB,3,TOR,6,TOR,Final
20140913,mlb,340913204,MIN,1,CHW,5,CHW,Final
20140913,mlb,340913122,MIA,1,PHI,2,PHI,Final
20140913,mlb,340913123,CHC,6,PIT,4,CHC,Final
20140913,mlb,340913106,CLE,4,DET,5,DET,Final
20140913,mlb,340913107,BOS,1,KC,7,KC,Final
20140913,mlb,340913108,CIN,5,MIL,1,CIN,Final
20140913,mlb,340913121,WSH,10,NYM,3,WSH,Final
20140913,mlb,340913304,MIN,6,CHW,7,CHW,Final
20140913,mlb,340913124,COL,4,STL,5,STL,Final
20140913,mlb,340913129,SD,4,ARI,10,ARI,Final
20140913,mlb,340913103,HOU,2,LAA,5,LAA,Final
20140913,mlb,340913126,LAD,17,SF,0,LAD,Final
20140914,mlb,340914114,TB,6,TOR,5,TB,Final/10
20140914,mlb,340914106,CLE,4,DET,6,DET,Final
20140914,mlb,340914121,WSH,3,NYM,0,WSH,Final
20140914,mlb,340914122,MIA,5,PHI,4,MIA,Final
20140914,mlb,340914123,CHC,3,PIT,7,PIT,Final
20140914,mlb,340914104,MIN,6,CHW,4,MIN,Final
20140914,mlb,340914107,BOS,8,KC,4,BOS,Final
20140914,mlb,340914108,CIN,2,MIL,9,MIL,Final
20140914,mlb,340914124,COL,1,STL,4,STL,Final
20140914,mlb,340914113,ATL,3,TEX,10,TEX,Final
20140914,mlb,340914103,HOU,6,LAA,1,HOU,Final
20140914,mlb,340914126,LAD,4,SF,2,LAD,Final
20140914,mlb,340914129,SD,6,ARI,8,ARI,Final
20140914,mlb,340914101,NYY,2,BAL,3,BAL,Final
20140915,mlb,340915101,TOR,2,BAL,5,BAL,Final
20140915,mlb,340915115,WSH,4,ATL,2,WSH,Final
20140915,mlb,340915121,MIA,6,NYM,5,MIA,Final
20140915,mlb,340915130,NYY,0,TB,1,TB,Final
20140915,mlb,340915116,CIN,0,CHC,1,CHC,Final
20140915,mlb,340915107,CHW,3,KC,4,KC,Final
20140915,mlb,340915109,DET,8,MIN,6,DET,Final
20140915,mlb,340915118,CLE,1,HOU,3,HOU,Final
20140915,mlb,340915127,LAD,11,COL,3,LAD,Final
20140915,mlb,340915129,SF,2,ARI,6,ARI,Final
20140915,mlb,340915103,SEA,1,LAA,8,LAA,Final
20140915,mlb,340915125,PHI,0,SD,1,SD,Final
20140916,mlb,340916101,TOR,2,BAL,8,BAL,Final
20140916,mlb,340916123,BOS,0,PIT,4,PIT,Final
20140916,mlb,340916115,WSH,3,ATL,0,WSH,Final
20140916,mlb,340916121,MIA,1,NYM,9,NYM,Final
20140916,mlb,340916130,NYY,1,TB,6,TB,Final
20140916,mlb,340916124,MIL,3,STL,2,MIL,Final/12
20140916,mlb,340916116,CIN,0,CHC,7,CHC,Final
20140916,mlb,340916107,CHW,7,KC,5,CHW,Final
20140916,mlb,340916109,DET,3,MIN,4,MIN,Final
20140916,mlb,340916118,CLE,4,HOU,2,CLE,Final
20140916,mlb,340916127,LAD,4,COL,10,COL,Final
20140916,mlb,340916129,SF,2,ARI,1,SF,Final
20140916,mlb,340916103,SEA,13,LAA,2,SEA,Final
20140916,mlb,340916125,PHI,4,SD,5,SD,Final
20140917,mlb,340917127,LAD,2,COL,16,COL,Final
20140917,mlb,340917129,SF,4,ARI,2,SF,Final
20140917,mlb,340917115,WSH,1,ATL,3,ATL,Final
20140917,mlb,340917101,TOR,1,BAL,6,BAL,Final
20140917,mlb,340917123,BOS,1,PIT,9,PIT,Final
20140917,mlb,340917121,MIA,4,NYM,3,MIA,Final
20140917,mlb,340917130,NYY,3,TB,2,NYY,Final
20140917,mlb,340917116,CIN,1,CHC,3,CHC,Final
20140917,mlb,340917107,CHW,2,KC,6,KC,Final
20140917,mlb,340917109,DET,4,MIN,8,MIN,Final
20140917,mlb,340917118,CLE,2,HOU,0,CLE,Final
20140917,mlb,340917124,MIL,0,STL,2,STL,Final
20140917,mlb,340917103,SEA,0,LAA,5,LAA,Final
20140917,mlb,340917125,PHI,5,SD,2,PHI,Final
20140918,mlb,340918110,TOR,2,NYY,3,NYY,Final
20140918,mlb,340918123,BOS,2,PIT,3,PIT,Final
20140918,mlb,340918128,WSH,6,MIA,2,WSH,Final
20140918,mlb,340918116,LAD,8,CHC,4,LAD,Final
20140918,mlb,340918118,CLE,2,HOU,1,CLE,Final/13
20140918,mlb,340918124,MIL,2,STL,3,STL,Final/13
20140918,mlb,340918127,ARI,6,COL,7,COL,Final
20140918,mlb,340918125,PHI,3,SD,7,SD,Final
20140918,mlb,340918103,SEA,3,LAA,1,SEA,Final
20140919,mlb,340919116,LAD,14,CHC,5,LAD,Final
20140919,mlb,340919101,BOS,5,BAL,3,BOS,Final/10
20140919,mlb,340919110,TOR,3,NYY,5,NYY,Final
20140919,mlb,340919123,MIL,2,PIT,4,PIT,Final
20140919,mlb,340919128,WSH,3,MIA,2,WSH,Final
20140919,mlb,340919130,CHW,4,TB,3,CHW,Final
20140919,mlb,340919115,NYM,5,ATL,0,NYM,Final
20140919,mlb,340919107,DET,10,KC,1,DET,Final
20140919,mlb,340919109,CLE,4,MIN,5,MIN,Final/10
20140919,mlb,340919118,SEA,10,HOU,5,SEA,Final
20140919,mlb,340919127,ARI,3,COL,15,COL,Final
20140919,mlb,340919124,CIN,1,STL,2,STL,Final
20140919,mlb,340919103,TEX,12,LAA,3,TEX,Final
20140919,mlb,340919125,SF,0,SD,5,SD,Final
20140920,mlb,340920107,DET,3,KC,2,DET,Final
20140920,mlb,340920116,LAD,7,CHC,8,CHC,Final
20140920,mlb,340920110,TOR,6,NYY,3,TOR,Final
20140920,mlb,340920127,ARI,1,COL,5,COL,Final
20140920,mlb,340920101,BOS,2,BAL,7,BAL,Final
20140920,mlb,340920123,MIL,1,PIT,0,MIL,Final
20140920,mlb,340920109,CLE,7,MIN,3,CLE,Final
20140920,mlb,340920115,NYM,4,ATL,2,NYM,Final
20140920,mlb,340920118,SEA,1,HOU,10,HOU,Final
20140920,mlb,340920128,WSH,3,MIA,2,WSH,Final
20140920,mlb,340920130,CHW,1,TB,3,TB,Final
20140920,mlb,340920124,CIN,4,STL,8,STL,Final
20140920,mlb,340920125,SF,2,SD,3,SD,Final
20140920,mlb,340920103,TEX,5,LAA,8,LAA,Final
20140921,mlb,340921110,TOR,2,NYY,5,NYY,Final
20140921,mlb,340921128,WSH,2,MIA,1,WSH,Final
20140921,mlb,340921101,BOS,3,BAL,2,BOS,Final
20140921,mlb,340921115,NYM,10,ATL,2,NYM,Final
20140921,mlb,340921123,MIL,0,PIT,1,PIT,Final
20140921,mlb,340921130,CHW,10,TB,5,CHW,Final
20140921,mlb,340921107,DET,2,KC,5,KC,Final
20140921,mlb,340921109,CLE,7,MIN,2,CLE,Final
20140921,mlb,340921118,SEA,3,HOU,8,HOU,Final
20140921,mlb,340921116,LAD,8,CHC,5,LAD,Final
20140921,mlb,340921103,TEX,2,LAA,1,TEX,Final
20140921,mlb,340921125,SF,2,SD,8,SD,Final
20140921,mlb,340921127,ARI,3,COL,8,COL,Final
20140921,mlb,340921124,CIN,7,STL,2,CIN,Final
20140922,mlb,340922105,KC,2,CLE,0,KC,Final
20140922,mlb,340922110,BAL,0,NYY,5,NYY,Final
20140922,mlb,340922114,SEA,4,TOR,14,TOR,Final
20140922,mlb,340922106,CHW,2,DET,0,CHW,Final
20140922,mlb,340922115,PIT,1,ATL,0,PIT,Final
20140922,mlb,340922113,HOU,3,TEX,4,TEX,Final
20140922,mlb,340922116,STL,8,CHC,0,STL,Final
20140922,mlb,340922109,ARI,6,MIN,2,ARI,Final
20140922,mlb,340922119,SF,5,LAD,2,SF,Final/13
20140922,mlb,340922125,COL,0,SD,1,SD,Final
20140923,mlb,340923110,BAL,5,NYY,4,BAL,Final
20140923,mlb,340923105,KC,7,CLE,1,KC,Final
20140923,mlb,340923120,NYM,2,WSH,4,WSH,Final
20140923,mlb,340923114,SEA,2,TOR,10,TOR,Final
20140923,mlb,340923106,CHW,3,DET,4,DET,Final
20140923,mlb,340923102,TB,6,BOS,2,TB,Final
20140923,mlb,340923115,PIT,3,ATL,2,PIT,Final
20140923,mlb,340923117,MIL,1,CIN,3,CIN,Final
20140923,mlb,340923128,PHI,0,MIA,2,MIA,Final
20140923,mlb,340923113,HOU,1,TEX,2,TEX,Final
20140923,mlb,340923116,STL,3,CHC,4,CHC,Final/10
20140923,mlb,340923109,ARI,3,MIN,6,MIN,Final
20140923,mlb,340923119,SF,2,LAD,4,LAD,Final
20140923,mlb,340923125,COL,3,SD,2,COL,Final
20140924,mlb,340924110,BAL,9,NYY,5,BAL,Final
20140924,mlb,340924106,CHW,1,DET,6,DET,Final
20140924,mlb,340924109,ARI,1,MIN,2,MIN,Final
20140924,mlb,340924105,KC,4,CLE,6,CLE,Final
20140924,mlb,340924114,SEA,0,TOR,1,TOR,Final
20140924,mlb,340924102,TB,3,BOS,11,BOS,Final
20140924,mlb,340924115,PIT,2,ATL,6,ATL,Final
20140924,mlb,340924117,MIL,5,CIN,0,MIL,Final
20140924,mlb,340924128,PHI,2,MIA,1,PHI,Final
20140924,mlb,340924113,HOU,1,TEX,5,TEX,Final
20140924,mlb,340924116,STL,1,CHC,3,CHC,Final
20140924,mlb,340924125,COL,3,SD,4,SD,Final
20140924,mlb,340924119,SF,1,LAD,9,LAD,Final
20140925,mlb,340925117,MIL,3,CIN,5,CIN,Final
20140925,mlb,340925220,NYM,7,WSH,4,NYM,Final
20140925,mlb,340925114,SEA,7,TOR,5,SEA,Final
20140925,mlb,340925128,PHI,4,MIA,6,MIA,Final
20140925,mlb,340925110,BAL,5,NYY,6,NYY,Final
20140925,mlb,340925320,NYM,0,WSH,3,WSH,Final
20140925,mlb,340925106,MIN,2,DET,4,DET,Final
20140925,mlb,340925102,TB,1,BOS,11,BOS,Final
20140925,mlb,340925115,PIT,10,ATL,1,PIT,Final
20140925,mlb,340925104,KC,6,CHW,3,KC,Final
20140925,mlb,340925126,SD,8,SF,9,SF,Final
20140926,mlb,340926220,MIA,0,WSH,4,WSH,Final
20140926,mlb,340926105,TB,0,CLE,1,CLE,Final
20140926,mlb,340926122,ATL,4,PHI,5,PHI,Final
20140926,mlb,340926320,MIA,15,WSH,7,MIA,Final
20140926,mlb,340926114,BAL,2,TOR,4,TOR,Final
20140926,mlb,340926106,MIN,11,DET,4,MIN,Final
20140926,mlb,340926102,NYY,3,BOS,2,NYY,Final
20140926,mlb,340926117,PIT,3,CIN,1,PIT,Final
20140926,mlb,340926121,HOU,3,NYM,1,HOU,Final
20140926,mlb,340926104,KC,3,CHW,1,KC,Final
20140926,mlb,340926108,CHC,6,MIL,4,CHC,Final
20140926,mlb,340926129,STL,7,ARI,6,STL,Final/10
20140926,mlb,340926112,LAA,3,SEA,4,SEA,Final
20140926,mlb,340926119,COL,4,LAD,7,LAD,Final
20140926,mlb,340926126,SD,4,SF,1,SD,Final
20140927,mlb,340927102,NYY,4,BOS,10,BOS,Final
20140927,mlb,340927117,PIT,6,CIN,10,CIN,Final/10
20140927,mlb,340927120,MIA,1,WSH,5,WSH,Final
20140927,mlb,340927126,SD,1,SF,3,SF,Final
20140927,mlb,340927114,BAL,2,TOR,4,TOR,Final
20140927,mlb,340927105,TB,2,CLE,0,TB,Final
20140927,mlb,340927122,ATL,4,PHI,2,ATL,Final
20140927,mlb,340927106,MIN,12,DET,3,MIN,Final
20140927,mlb,340927104,KC,4,CHW,5,CHW,Final
20140927,mlb,340927108,CHC,1,MIL,2,MIL,Final
20140927,mlb,340927121,HOU,1,NYM,2,NYM,Final
20140927,mlb,340927129,STL,2,ARI,5,ARI,Final
20140927,mlb,340927112,LAA,1,SEA,2,SEA,Final/11
20140927,mlb,340927119,COL,5,LAD,6,LAD,Final/12
20140928,mlb,340928105,TB,2,CLE,7,CLE,Final
20140928,mlb,340928114,BAL,1,TOR,0,BAL,Final
20140928,mlb,340928106,MIN,0,DET,3,DET,Final
20140928,mlb,340928117,PIT,1,CIN,4,CIN,Final
20140928,mlb,340928121,HOU,3,NYM,8,NYM,Final
20140928,mlb,340928102,NYY,9,BOS,5,NYY,Final
20140928,mlb,340928120,MIA,0,WSH,1,WSH,Final
20140928,mlb,340928122,ATL,2,PHI,1,ATL,Final
20140928,mlb,340928104,KC,6,CHW,4,KC,Final
20140928,mlb,340928108,CHC,5,MIL,2,CHC,Final
20140928,mlb,340928126,SD,3,SF,9,SF,Final
20140928,mlb,340928112,LAA,1,SEA,4,SEA,Final
20140928,mlb,340928119,COL,5,LAD,10,LAD,Final
20140928,mlb,340928129,STL,1,ARI,0,STL,Final
20141001,mlb,400747615,SF,8,PIT,0,SF,Final
20141002,mlb,400654753,DET,3,BAL,12,BAL,Final
20141002,mlb,400654754,KC,3,LAA,2,KC,Final/11
20141003,mlb,400654755,DET,6,BAL,7,BAL,Final
20141003,mlb,400747617,SF,3,WSH,2,SF,Final
20141003,mlb,400747616,STL,10,LAD,9,STL,Final
20141003,mlb,400654756,KC,4,LAA,1,KC,Final/11
20141004,mlb,400747619,SF,2,WSH,1,SF,Final/18
20141004,mlb,400747618,STL,2,LAD,3,LAD,Final
20141005,mlb,400654757,BAL,2,DET,1,BAL,Final
20141005,mlb,400654758,LAA,3,KC,8,KC,Final
20141006,mlb,400747620,WSH,4,SF,1,WSH,Final
20141006,mlb,400747621,LAD,1,STL,3,STL,Final
20141007,mlb,400747623,LAD,2,STL,3,STL,Final
20141007,mlb,400747622,WSH,2,SF,3,SF,Final
20141010,mlb,400654759,KC,8,BAL,6,KC,Final/10
20141011,mlb,400654760,KC,6,BAL,4,KC,Final
20141011,mlb,400747624,SF,3,STL,0,SF,Final
20141012,mlb,400747625,SF,4,STL,5,STL,Final
20141014,mlb,400747626,STL,4,SF,5,SF,Final/10
20141014,mlb,400654761,BAL,1,KC,2,KC,Final
20141015,mlb,400654762,BAL,1,KC,2,KC,Final
20141015,mlb,400747627,STL,4,SF,6,SF,Final
20141016,mlb,400747628,STL,3,SF,6,SF,Final
20141021,mlb,400703916,SF,7,KC,1,SF,Final
20141022,mlb,400703917,SF,2,KC,7,KC,Final
20141024,mlb,400703918,KC,3,SF,2,KC,Final
20141025,mlb,400703919,KC,4,SF,11,SF,Final
20141026,mlb,400703920,KC,0,SF,5,SF,Final
20141028,mlb,400703921,SF,0,KC,10,KC,Final
20141029,mlb,400703922,SF,3,KC,2,SF,Final
20140331,mlb,340331111,CLE,2,ATH,0,CLE,Final
20140402,mlb,340402211,CLE,1,ATH,6,ATH,Final
20140402,mlb,340402311,CLE,6,ATH,4,CLE,Final
20140403,mlb,340403111,SEA,2,ATH,3,ATH,Final/12
20140405,mlb,340405111,SEA,3,ATH,1,SEA,Final
20140406,mlb,340406111,SEA,3,ATH,6,ATH,Final
20140407,mlb,340407109,ATH,8,MIN,3,ATH,Final
20140409,mlb,340409109,ATH,7,MIN,4,ATH,Final/11
20140410,mlb,340410109,ATH,6,MIN,1,ATH,Final
20140411,mlb,340411112,ATH,4,SEA,6,SEA,Final
20140412,mlb,340412112,ATH,3,SEA,1,ATH,Final
20140413,mlb,340413112,ATH,3,SEA,0,ATH,Final
20140414,mlb,340414103,ATH,3,LAA,2,ATH,Final
20140415,mlb,340415103,ATH,10,LAA,9,ATH,Final/11
20140416,mlb,340416103,ATH,4,LAA,5,LAA,Final/12
20140418,mlb,340418111,HOU,3,ATH,11,ATH,Final
20140419,mlb,340419111,HOU,3,ATH,4,ATH,Final
20140420,mlb,340420111,HOU,1,ATH,4,ATH,Final
20140421,mlb,340421111,TEX,4,ATH,3,TEX,Final
20140422,mlb,340422111,TEX,5,ATH,4,TEX,Final
20140423,mlb,340423111,TEX,3,ATH,0,TEX,Final
20140424,mlb,340424118,ATH,10,HOU,1,ATH,Final
20140425,mlb,340425118,ATH,12,HOU,5,ATH,Final
20140426,mlb,340426118,ATH,6,HOU,7,HOU,Final
20140427,mlb,340427118,ATH,1,HOU,5,HOU,Final
20140428,mlb,340428113,ATH,4,TEX,0,ATH,Final
20140429,mlb,340429113,ATH,9,TEX,3,ATH,Final
20140430,mlb,340430113,ATH,12,TEX,1,ATH,Final
20140502,mlb,340502102,ATH,1,BOS,7,BOS,Final
20140503,mlb,340503102,ATH,3,BOS,6,BOS,Final
20140504,mlb,340504102,ATH,3,BOS,2,ATH,Final/10
20140505,mlb,340505111,SEA,4,ATH,2,SEA,Final
20140506,mlb,340506111,SEA,8,ATH,3,SEA,Final
20140507,mlb,340507211,SEA,6,ATH,4,SEA,Final/10
20140507,mlb,340507311,SEA,0,ATH,2,ATH,Final
20140509,mlb,340509111,WSH,0,ATH,8,ATH,Final
20140510,mlb,340510111,WSH,3,ATH,4,ATH,Final/10
20140511,mlb,340511111,WSH,1,ATH,9,ATH,Final
20140512,mlb,340512111,CHW,4,ATH,5,ATH,Final
20140513,mlb,340513111,CHW,0,ATH,11,ATH,Final
20140514,mlb,340514111,CHW,4,ATH,2,CHW,Final
20140516,mlb,340516105,ATH,11,CLE,1,ATH,Final
20140517,mlb,340517105,ATH,6,CLE,2,ATH,Final
20140518,mlb,340518105,ATH,13,CLE,3,ATH,Final
20140520,mlb,340520130,ATH,3,TB,0,ATH,Final
20140521,mlb,340521130,ATH,3,TB,2,ATH,Final
20140522,mlb,340522130,ATH,2,TB,5,TB,Final/11
20140523,mlb,340523114,ATH,2,TOR,3,TOR,Final
20140524,mlb,340524114,ATH,2,TOR,5,TOR,Final
20140525,mlb,340525114,ATH,1,TOR,3,TOR,Final
20140526,mlb,340526111,DET,0,ATH,10,ATH,Final
20140527,mlb,340527111,DET,6,ATH,5,DET,Final
20140528,mlb,340528111,DET,1,ATH,3,ATH,Final
20140529,mlb,340529111,DET,5,ATH,4,DET,Final
20140530,mlb,340530111,LAA,5,ATH,9,ATH,Final
20140531,mlb,340531111,LAA,3,ATH,11,ATH,Final
20140601,mlb,340601111,LAA,3,ATH,6,ATH,Final
20140603,mlb,340603110,ATH,5,NYY,2,ATH,Final/10
20140604,mlb,340604110,ATH,7,NYY,4,ATH,Final
20140605,mlb,340605110,ATH,1,NYY,2,NYY,Final
20140606,mlb,340606101,ATH,4,BAL,3,ATH,Final/11
20140607,mlb,340607101,ATH,3,BAL,6,BAL,Final
20140608,mlb,340608101,ATH,11,BAL,1,ATH,Final
20140609,mlb,340609103,ATH,1,LAA,4,LAA,Final
20140610,mlb,340610103,ATH,1,LAA,2,LAA,Final/14
20140611,mlb,340611103,ATH,7,LAA,1,ATH,Final
20140613,mlb,340613111,NYY,7,ATH,0,NYY,Final
20140614,mlb,340614111,NYY,1,ATH,5,ATH,Final
20140615,mlb,340615111,NYY,5,ATH,10,ATH,Final
20140616,mlb,340616111,TEX,14,ATH,8,TEX,Final
20140617,mlb,340617111,TEX,6,ATH,10,ATH,Final
20140618,mlb,340618111,TEX,2,ATH,4,ATH,Final
20140619,mlb,340619111,BOS,2,ATH,4,ATH,Final
20140620,mlb,340620111,BOS,3,ATH,4,ATH,Final
20140621,mlb,340621111,BOS,1,ATH,2,ATH,Final/10
20140622,mlb,340622111,BOS,7,ATH,6,BOS,Final/10
20140624,mlb,340624121,ATH,1,NYM,10,NYM,Final
20140625,mlb,340625121,ATH,8,NYM,5,ATH,Final
20140627,mlb,340627128,ATH,9,MIA,5,ATH,Final
20140628,mlb,340628128,ATH,7,MIA,6,ATH,Final/14
20140629,mlb,340629128,ATH,4,MIA,3,ATH,Final
20140630,mlb,340630106,ATH,4,DET,5,DET,Final
20140701,mlb,340701106,ATH,0,DET,3,DET,Final
20140702,mlb,340702106,ATH,3,DET,9,DET,Final
20140703,mlb,340703111,TOR,1,ATH,4,ATH,Final
20140704,mlb,340704111,TOR,0,ATH,1,ATH,Final/12
20140705,mlb,340705111,TOR,1,ATH,5,ATH,Final
20140706,mlb,340706111,TOR,2,ATH,4,ATH,Final
20140707,mlb,340707111,SF,0,ATH,5,ATH,Final
20140708,mlb,340708111,SF,1,ATH,6,ATH,Final
20140709,mlb,340709126,ATH,2,SF,5,SF,Final
20140710,mlb,340710126,ATH,6,SF,1,ATH,Final
20140711,mlb,340711112,ATH,2,SEA,3,SEA,Final
20140712,mlb,340712112,ATH,2,SEA,6,SEA,Final
20140713,mlb,340713112,ATH,4,SEA,1,ATH,Final
20140718,mlb,340718111,BAL,4,ATH,5,ATH,Final
20140719,mlb,340719111,BAL,8,ATH,4,BAL,Final
20140720,mlb,340720111,BAL,2,ATH,10,ATH,Final
20140722,mlb,340722111,HOU,3,ATH,2,HOU,Final/12
20140723,mlb,340723111,HOU,7,ATH,9,ATH,Final
20140724,mlb,340724111,HOU,1,ATH,13,ATH,Final
20140725,mlb,340725113,ATH,1,TEX,4,TEX,Final
20140726,mlb,340726113,ATH,5,TEX,1,ATH,Final
20140727,mlb,340727113,ATH,9,TEX,3,ATH,Final
20140728,mlb,340728118,ATH,3,HOU,7,HOU,Final
20140729,mlb,340729118,ATH,7,HOU,4,ATH,Final
20140730,mlb,340730118,ATH,1,HOU,8,HOU,Final
20140801,mlb,340801111,KC,1,ATH,0,KC,Final
20140802,mlb,340802111,KC,3,ATH,8,ATH,Final
20140803,mlb,340803111,KC,4,ATH,2,KC,Final
20140804,mlb,340804111,TB,2,ATH,3,ATH,Final/10
20140805,mlb,400654414,TB,0,ATH,3,ATH,Final
20140806,mlb,340806111,TB,7,ATH,3,TB,Final
20140807,mlb,340807111,MIN,0,ATH,3,ATH,Final
20140808,mlb,340808111,MIN,5,ATH,6,ATH,Final
20140809,mlb,340809111,MIN,4,ATH,9,ATH,Final
20140810,mlb,340810111,MIN,6,ATH,1,MIN,Final
20140811,mlb,340811107,ATH,2,KC,3,KC,Final
20140812,mlb,340812107,ATH,11,KC,3,ATH,Final
20140813,mlb,340813107,ATH,0,KC,3,KC,Final
20140814,mlb,340814107,ATH,3,KC,7,KC,Final
20140815,mlb,340815115,ATH,2,ATL,7,ATL,Final
20140816,mlb,340816115,ATH,3,ATL,4,ATL,Final
20140817,mlb,340817115,ATH,3,ATL,4,ATL,Final
20140819,mlb,340819111,NYM,2,ATH,6,ATH,Final
20140820,mlb,340820111,NYM,8,ATH,5,NYM,Final
20140822,mlb,340822111,LAA,3,ATH,5,ATH,Final
20140823,mlb,340823111,LAA,1,ATH,2,ATH,Final
20140824,mlb,340824111,LAA,9,ATH,4,LAA,Final
20140825,mlb,340825118,ATH,8,HOU,2,ATH,Final
20140826,mlb,340826118,ATH,2,HOU,4,HOU,Final
20140827,mlb,340827118,ATH,5,HOU,4,ATH,Final
20140828,mlb,340828103,ATH,3,LAA,4,LAA,Final/10
20140829,mlb,340829103,ATH,0,LAA,4,LAA,Final
20140830,mlb,340830103,ATH,0,LAA,2,LAA,Final
20140831,mlb,340831103,ATH,1,LAA,8,LAA,Final
20140901,mlb,340901111,SEA,1,ATH,6,ATH,Final
20140902,mlb,340902111,SEA,6,ATH,5,SEA,Final
20140903,mlb,340903111,SEA,2,ATH,1,SEA,Final
20140905,mlb,340905111,HOU,4,ATH,3,HOU,Final
20140906,mlb,340906111,HOU,3,ATH,4,ATH,Final
20140907,mlb,340907111,HOU,4,ATH,3,HOU,Final
20140908,mlb,340908104,ATH,4,CHW,5,CHW,Final/12
20140909,mlb,340909104,ATH,11,CHW,2,ATH,Final
20140910,mlb,340910104,ATH,1,CHW,2,CHW,Final
20140911,mlb,340911104,ATH,0,CHW,1,CHW,Final
20140912,mlb,340912112,ATH,2,SEA,4,SEA,Final
20140913,mlb,340913112,ATH,3,SEA,2,ATH,Final/10
20140914,mlb,340914112,ATH,4,SEA,0,ATH,Final
20140916,mlb,340916111,TEX,6,ATH,3,TEX,Final
20140917,mlb,340917111,TEX,6,ATH,1,TEX,Final
20140918,mlb,340918111,TEX,7,ATH,2,TEX,Final
20140919,mlb,340919111,PHI,1,ATH,3,ATH,Final
20140920,mlb,340920111,PHI,3,ATH,0,PHI,Final
20140921,mlb,340921111,PHI,6,ATH,8,ATH,Final/10
20140922,mlb,340922111,LAA,4,ATH,8,ATH,Final
20140923,mlb,340923111,LAA,2,ATH,0,LAA,Final
20140924,mlb,340924111,LAA,5,ATH,4,LAA,Final
20140925,mlb,340925113,ATH,1,TEX,2,TEX,Final
20140926,mlb,340926113,ATH,6,TEX,2,ATH,Final
20140927,mlb,340927113,ATH,4,TEX,5,TEX,Final
20140928,mlb,340928113,ATH,4,TEX,0,ATH,Final
