date,league,game_id,away_team,away_score,home_team,home_score,winner,status
20190328,mlb,401074734,BAL,2,NYY,7,NYY,Final
20190328,mlb,401074739,NYM,2,WSH,0,NYM,Final
20190328,mlb,401074741,STL,4,MIL,5,MIL,Final
20190328,mlb,401074742,ATL,4,PHI,10,PHI,Final
20190328,mlb,401074737,DET,2,TOR,0,DET,Final/10
20190328,mlb,401074733,ARI,5,LAD,12,LAD,Final
20190328,mlb,401074738,HOU,5,TB,1,HOU,Final
20190328,mlb,401074736,CHC,12,TEX,4,CHC,Final
20190328,mlb,401074740,SF,0,SD,2,SD,Final
20190328,mlb,401074744,CLE,0,MIN,2,MIN,Final
20190328,mlb,401074745,COL,6,MIA,3,COL,Final
20190328,mlb,401074746,PIT,3,CIN,5,CIN,Final
20190328,mlb,401074735,CHW,3,KC,5,KC,Final
20190328,mlb,401074747,BOS,4,SEA,12,SEA,Final
20190329,mlb,401074749,DET,0,TOR,6,TOR,Final
20190329,mlb,401074750,HOU,2,TB,4,TB,Final
20190329,mlb,401074753,COL,6,MIA,1,COL,Final
20190329,mlb,401074752,STL,9,MIL,5,STL,Final
20190329,mlb,401074748,ARI,5,LAD,4,ARI,Final/13
20190329,mlb,401074751,SF,1,SD,4,SD,Final
20190329,mlb,401074755,BOS,7,SEA,6,BOS,Final
20190330,mlb,401074757,BAL,5,NYY,3,BAL,Final
20190330,mlb,401074763,NYM,11,WSH,8,NYM,Final
20190330,mlb,401074760,CLE,2,MIN,1,CLE,Final
20190330,mlb,401074758,CHW,6,KC,8,KC,Final
20190330,mlb,401074761,DET,0,TOR,3,TOR,Final
20190330,mlb,401074767,ATL,6,PHI,8,PHI,Final
20190330,mlb,401074762,HOU,1,TB,3,TB,Final
20190330,mlb,401074768,COL,3,MIA,7,MIA,Final
20190330,mlb,401074765,STL,2,MIL,4,MIL,Final
20190330,mlb,401074759,CHC,6,TEX,8,TEX,Final
20190330,mlb,401074764,SF,3,SD,2,SF,Final
20190330,mlb,401074756,ARI,5,LAD,18,LAD,Final
20190330,mlb,401074770,BOS,5,SEA,6,SEA,Final
20190331,mlb,401074772,BAL,7,NYY,5,BAL,Final
20190331,mlb,401074775,DET,4,TOR,3,DET,Final/11
20190331,mlb,401074781,COL,0,MIA,3,MIA,Final
20190331,mlb,401074782,PIT,5,CIN,0,PIT,Final
20190331,mlb,401074777,NYM,5,WSH,6,WSH,Final
20190331,mlb,401074779,STL,4,MIL,5,MIL,Final
20190331,mlb,401074783,CLE,3,MIN,9,MIN,Final
20190331,mlb,401074773,CHW,6,KC,3,CHW,Final
20190331,mlb,401074774,CHC,10,TEX,11,TEX,Final
20190331,mlb,401074771,ARI,7,LAD,8,LAD,Final
20190331,mlb,401074778,SF,1,SD,3,SD,Final
20190331,mlb,401074785,BOS,8,SEA,10,SEA,Final
20190331,mlb,401074780,ATL,1,PHI,5,PHI,Final
20190401,mlb,401074793,STL,6,PIT,5,STL,Final/11
20190401,mlb,401074788,CHW,3,CLE,5,CLE,Final
20190401,mlb,401074790,DET,1,NYY,3,NYY,Final
20190401,mlb,401074794,MIL,4,CIN,3,MIL,Final
20190401,mlb,401074796,CHC,0,ATL,8,ATL,Final
20190401,mlb,401074787,BAL,6,TOR,5,BAL,Final
20190401,mlb,401074789,COL,1,TB,7,TB,Final
20190401,mlb,401074795,NYM,7,MIA,3,NYM,Final
20190401,mlb,401074791,HOU,2,TEX,1,HOU,Final
20190401,mlb,401074792,SF,4,LAD,2,SF,Final
20190401,mlb,401074786,ARI,10,SD,3,ARI,Final
20190401,mlb,401074798,LAA,3,SEA,6,SEA,Final
20190402,mlb,401074802,DET,3,NYY,1,DET,Final
20190402,mlb,401074807,MIL,4,CIN,3,MIL,Final
20190402,mlb,401074805,PHI,8,WSH,2,PHI,Final
20190402,mlb,401074800,BAL,2,TOR,1,BAL,Final
20190402,mlb,401074801,COL,0,TB,4,TB,Final
20190402,mlb,401074808,NYM,6,MIA,5,NYM,Final
20190402,mlb,401074803,HOU,4,TEX,6,TEX,Final
20190402,mlb,401074804,MIN,5,KC,4,MIN,Final/10
20190402,mlb,401074799,ARI,8,SD,5,ARI,Final
20190402,mlb,401074806,SF,5,LAD,6,LAD,Final
20190402,mlb,401074810,LAA,1,SEA,2,SEA,Final
20190403,mlb,401074820,MIL,1,CIN,0,MIL,Final
20190403,mlb,401074818,PHI,8,WSH,9,WSH,Final
20190403,mlb,401074813,CHW,8,CLE,3,CHW,Final
20190403,mlb,401074814,COL,1,TB,0,COL,Final/11
20190403,mlb,401074817,MIN,7,KC,6,MIN,Final
20190403,mlb,401074811,ARI,1,SD,4,SD,Final
20190403,mlb,401074815,DET,2,NYY,1,DET,Final
20190403,mlb,401074812,BAL,3,TOR,5,TOR,Final
20190403,mlb,401074821,NYM,6,MIA,4,NYM,Final
20190403,mlb,401074823,CHC,4,ATL,6,ATL,Final
20190403,mlb,401074822,STL,5,PIT,4,STL,Final/10
20190403,mlb,401074816,HOU,0,TEX,4,TEX,Final
20190403,mlb,401074819,SF,3,LAD,5,LAD,Final
20190404,mlb,401074825,KC,4,DET,5,DET,Final
20190404,mlb,401074830,WSH,4,NYM,0,WSH,Final
20190404,mlb,401074831,NYY,8,BAL,4,NYY,Final
20190404,mlb,401074829,TOR,1,CLE,4,CLE,Final
20190404,mlb,401074833,CIN,0,PIT,2,PIT,Final
20190404,mlb,401074834,CHC,4,ATL,9,ATL,Final
20190404,mlb,401074828,TEX,11,LAA,4,TEX,Final
20190405,mlb,401125954,SEA,8,CHW,10,CHW,Final
20190405,mlb,401074841,LAD,10,COL,6,LAD,Final
20190405,mlb,401126011,SD,5,STL,3,SD,Final
20190405,mlb,401074838,TB,5,SF,2,TB,Final
20190405,mlb,401074842,CIN,0,PIT,2,PIT,Final
20190405,mlb,401074843,MIN,4,PHI,10,PHI,Final
20190405,mlb,401074835,BOS,8,ARI,15,ARI,Final
20190405,mlb,401074840,TOR,2,CLE,3,CLE,Final
20190405,mlb,401074844,MIA,0,ATL,4,ATL,Final
20190405,mlb,401074836,CHC,10,MIL,13,MIL,Final
20190405,mlb,401074839,TEX,1,LAA,3,LAA,Final
20190406,mlb,401074847,KC,4,DET,7,DET,Final
20190406,mlb,401074855,WSH,5,NYM,6,NYM,Final
20190406,mlb,401074856,CIN,5,PIT,6,PIT,Final/10
20190406,mlb,401074851,SEA,9,CHW,2,SEA,Final
20190406,mlb,401074850,SD,6,STL,4,SD,Final
20190406,mlb,401074852,TB,4,SF,6,SF,Final
20190406,mlb,401074853,TEX,1,LAA,5,LAA,Final
20190406,mlb,401074854,TOR,2,CLE,7,CLE,Final
20190406,mlb,401074858,NYY,6,BAL,4,NYY,Final
20190406,mlb,401074846,CHC,14,MIL,8,CHC,Final
20190406,mlb,401074848,MIA,4,ATL,2,MIA,Final
20190406,mlb,401074845,BOS,4,ARI,5,ARI,Final
20190406,mlb,401074859,LAD,7,COL,2,LAD,Final
20190407,mlb,401074870,MIN,1,PHI,2,PHI,Final
20190407,mlb,401074871,NYY,15,BAL,3,NYY,Final
20190407,mlb,401074862,KC,1,DET,3,DET,Final
20190407,mlb,401074868,TOR,1,CLE,3,CLE,Final
20190407,mlb,401074869,WSH,12,NYM,9,WSH,Final
20190407,mlb,401074872,MIA,3,ATL,4,ATL,Final
20190407,mlb,401074873,CIN,5,PIT,7,PIT,Final
20190407,mlb,401074861,CHC,2,MIL,4,MIL,Final
20190407,mlb,401074865,SEA,12,CHW,5,SEA,Final
20190407,mlb,401074864,SD,1,STL,4,STL,Final
20190407,mlb,401074866,TB,3,SF,0,TB,Final
20190407,mlb,401074867,TEX,2,LAA,7,LAA,Final
20190407,mlb,401074860,BOS,1,ARI,0,BOS,Final
20190407,mlb,401074874,LAD,12,COL,6,LAD,Final
20190408,mlb,401074881,TB,5,CHW,1,TB,Final
20190408,mlb,401074878,PIT,0,CHC,10,CHC,Final
20190408,mlb,401074877,NYY,3,HOU,4,HOU,Final
20190408,mlb,401074883,WSH,3,PHI,4,PHI,Final
20190408,mlb,401074875,LAD,3,STL,4,STL,Final
20190408,mlb,401074880,SEA,13,KC,5,SEA,Final
20190408,mlb,401074884,ATL,8,COL,6,ATL,Final
20190408,mlb,401074879,SD,6,SF,5,SD,Final
20190408,mlb,401074876,MIL,2,LAA,5,LAA,Final
20190409,mlb,401074885,CLE,8,DET,2,CLE,Final
20190409,mlb,401074894,TOR,7,BOS,5,TOR,Final
20190409,mlb,401074892,TB,10,CHW,5,TB,Final
20190409,mlb,401074895,MIA,0,CIN,14,CIN,Final
20190409,mlb,401074897,WSH,10,PHI,6,WSH,Final/10
20190409,mlb,401074888,MIN,14,NYM,8,MIN,Final
20190409,mlb,401074886,LAD,0,STL,4,STL,Final
20190409,mlb,401074889,NYY,3,HOU,6,HOU,Final
20190409,mlb,401074891,SEA,6,KC,3,SEA,Final
20190409,mlb,401074898,ATL,7,COL,1,ATL,Final
20190409,mlb,401074893,TEX,4,ARI,5,ARI,Final
20190409,mlb,401074890,SD,2,SF,7,SF,Final
20190409,mlb,401074887,MIL,8,LAA,11,LAA,Final
20190410,mlb,401074899,CLE,1,DET,4,DET,Final
20190410,mlb,401074907,TB,9,CHW,1,TB,Final
20190410,mlb,401074905,SD,3,SF,1,SD,Final
20190410,mlb,401074910,MIA,1,CIN,2,CIN,Final
20190410,mlb,401074912,WSH,15,PHI,1,WSH,Final
20190410,mlb,401074902,MIN,6,NYM,9,NYM,Final
20190410,mlb,401074903,NYY,6,HOU,8,HOU,Final
20190410,mlb,401074900,LAD,2,STL,7,STL,Final
20190410,mlb,401074904,PIT,5,CHC,2,PIT,Final
20190410,mlb,401074906,SEA,6,KC,5,SEA,Final
20190410,mlb,401074908,TEX,5,ARI,2,TEX,Final
20190410,mlb,401074901,MIL,2,LAA,4,LAA,Final
20190411,mlb,401074920,MIA,0,CIN,5,CIN,Final
20190411,mlb,401074913,CLE,4,DET,0,CLE,Final
20190411,mlb,401074915,LAD,7,STL,11,STL,Final
20190411,mlb,401074918,SEA,7,KC,6,SEA,Final/10
20190411,mlb,401074919,TOR,6,BOS,7,BOS,Final
20190411,mlb,401074922,NYM,6,ATL,3,NYM,Final
20190411,mlb,401074916,PIT,0,CHC,2,CHC,Final
20190411,mlb,401074917,SD,7,ARI,6,SD,Final
20190411,mlb,401074914,COL,0,SF,1,SF,Final
20190412,mlb,401074923,LAA,1,CHC,5,CHC,Final
20190412,mlb,401074925,CHW,9,NYY,6,CHW,Final/7
20190412,mlb,401074930,PIT,6,WSH,3,PIT,Final/10
20190412,mlb,401074932,TB,11,TOR,7,TB,Final
20190412,mlb,401074924,BAL,4,BOS,6,BOS,Final
20190412,mlb,401074933,PHI,9,MIA,1,PHI,Final
20190412,mlb,401074934,NYM,6,ATL,2,NYM,Final
20190412,mlb,401074926,CLE,1,KC,8,KC,Final
20190412,mlb,401074931,SD,2,ARI,1,SD,Final
20190412,mlb,401074928,MIL,8,LAD,5,MIL,Final
20190412,mlb,401074936,HOU,10,SEA,6,HOU,Final
20190412,mlb,401074927,COL,2,SF,3,SF,Final/18
20190413,mlb,401074938,BAL,9,BOS,5,BAL,Final
20190413,mlb,401074939,CHW,0,NYY,4,NYY,Final
20190413,mlb,401074942,DET,3,MIN,4,MIN,Final
20190413,mlb,401074937,LAA,6,CHC,5,LAA,Final
20190413,mlb,401074948,TB,1,TOR,3,TOR,Final
20190413,mlb,401074941,COL,2,SF,5,SF,Final
20190413,mlb,401074946,PIT,2,WSH,3,WSH,Final
20190413,mlb,401074949,PHI,3,MIA,10,MIA,Final
20190413,mlb,401075079,STL,2,CIN,5,CIN,Final
20190413,mlb,401074940,CLE,0,KC,3,KC,Final
20190413,mlb,401074944,NYM,7,ATL,11,ATL,Final
20190413,mlb,401074947,SD,5,ARI,4,SD,Final
20190413,mlb,401074943,MIL,4,LAD,1,MIL,Final
20190413,mlb,401074950,HOU,3,SEA,1,HOU,Final
20190414,mlb,401074952,BAL,0,BOS,4,BOS,Final
20190414,mlb,401074953,CHW,5,NYY,2,CHW,Final
20190414,mlb,401074960,TB,8,TOR,4,TB,Final
20190414,mlb,401074961,PHI,3,MIA,1,PHI,Final/14
20190414,mlb,401074958,PIT,4,WSH,3,PIT,Final
20190414,mlb,401074963,DET,4,MIN,6,MIN,Final
20190414,mlb,401074954,CLE,8,KC,9,KC,Final
20190414,mlb,401075097,STL,9,CIN,5,STL,Final
20190414,mlb,401074955,COL,4,SF,0,COL,Final
20190414,mlb,401074956,MIL,1,LAD,7,LAD,Final
20190414,mlb,401074959,SD,4,ARI,8,ARI,Final
20190414,mlb,401074964,HOU,3,SEA,2,HOU,Final
20190414,mlb,401074962,NYM,3,ATL,7,ATL,Final
20190415,mlb,401074966,BAL,8,BOS,1,BAL,Final
20190415,mlb,401074971,NYM,7,PHI,6,NYM,Final/11
20190415,mlb,401074972,CHC,7,MIA,2,CHC,Final
20190415,mlb,401074970,STL,7,MIL,10,MIL,Final
20190415,mlb,401074973,TOR,5,MIN,3,TOR,Final
20190415,mlb,401074965,LAA,7,TEX,12,TEX,Final
20190415,mlb,401074969,KC,4,CHW,5,CHW,Final
20190415,mlb,401074967,CIN,3,LAD,4,LAD,Final
20190415,mlb,401074968,COL,5,SD,2,COL,Final
20190415,mlb,401074974,CLE,6,SEA,4,CLE,Final
20190416,mlb,401074977,BOS,0,NYY,8,NYY,Final
20190416,mlb,401074981,PIT,5,DET,3,PIT,Final/10
20190416,mlb,401074982,SF,7,WSH,3,SF,Final
20190416,mlb,401074984,NYM,3,PHI,14,PHI,Final
20190416,mlb,401074976,BAL,2,TB,4,TB,Final
20190416,mlb,401074985,CHC,4,MIA,0,CHC,Final
20190416,mlb,401074986,ARI,9,ATL,6,ARI,Final
20190416,mlb,401074983,STL,4,MIL,8,MIL,Final
20190416,mlb,401074987,TOR,6,MIN,5,TOR,Final
20190416,mlb,401074975,LAA,0,TEX,5,TEX,Final
20190416,mlb,401074980,KC,1,CHW,5,CHW,Final
20190416,mlb,401074979,COL,8,SD,2,COL,Final
20190416,mlb,401074978,CIN,1,LAD,6,LAD,Final
20190416,mlb,401074989,CLE,4,SEA,2,CLE,Final
20190417,mlb,401074999,NYM,2,PHI,3,PHI,Final
20190417,mlb,401074998,STL,6,MIL,3,STL,Final
20190417,mlb,401074995,KC,4,CHW,3,KC,Final/10
20190417,mlb,401074993,CIN,2,LAD,3,LAD,Final
20190417,mlb,401074992,BOS,3,NYY,5,NYY,Final
20190417,mlb,401074994,CLE,1,SEA,0,CLE,Final
20190417,mlb,401074996,PIT,3,DET,2,PIT,Final/10
20190417,mlb,401074997,SF,6,WSH,9,WSH,Final
20190417,mlb,401074991,BAL,1,TB,8,TB,Final
20190417,mlb,401075000,CHC,6,MIA,0,CHC,Final
20190417,mlb,401075001,ARI,3,ATL,2,ARI,Final/10
20190417,mlb,401075002,TOR,1,MIN,4,MIN,Final
20190417,mlb,401074990,LAA,4,TEX,5,TEX,Final
20190418,mlb,401075011,ARI,4,ATL,1,ARI,Final
20190418,mlb,401075010,SF,2,WSH,4,WSH,Final
20190418,mlb,401075005,CHW,7,DET,9,DET,Final
20190418,mlb,401075012,TOR,7,MIN,4,TOR,Final
20190418,mlb,401075007,KC,6,NYY,1,KC,Final
20190418,mlb,401075004,BAL,6,TB,5,BAL,Final/11
20190418,mlb,401075008,LAD,3,MIL,1,LAD,Final
20190418,mlb,401075013,PHI,2,COL,6,COL,Final
20190418,mlb,401075009,SEA,11,LAA,10,SEA,Final
20190418,mlb,401075006,CIN,4,SD,1,CIN,Final
20190419,mlb,401075014,ARI,1,CHC,5,CHC,Final
20190419,mlb,401075020,KC,2,NYY,6,NYY,Final
20190419,mlb,401075025,SF,1,PIT,4,PIT,Final
20190419,mlb,401075016,BOS,6,TB,4,BOS,Final
20190419,mlb,401075017,CHW,7,DET,3,CHW,Final
20190419,mlb,401075026,WSH,2,MIA,3,MIA,Final
20190419,mlb,401075019,HOU,7,TEX,2,HOU,Final
20190419,mlb,401075021,LAD,5,MIL,3,LAD,Final
20190419,mlb,401075022,NYM,5,STL,4,NYM,Final
20190419,mlb,401075027,PHI,3,COL,4,COL,Final/12
20190419,mlb,401075023,SEA,5,LAA,3,SEA,Final
20190419,mlb,401075018,CIN,3,SD,2,CIN,Final/11
20190420,mlb,401075035,KC,2,NYY,9,NYY,Final
20190420,mlb,401075037,NYM,2,STL,10,STL,Final
20190420,mlb,401075029,ARI,6,CHC,0,ARI,Final
20190420,mlb,401075041,MIN,6,BAL,5,MIN,Final
20190420,mlb,401075042,SF,1,PIT,3,PIT,Final/5
20190420,mlb,401075030,ATL,4,CLE,8,CLE,Final
20190420,mlb,401075031,BOS,6,TB,5,BOS,Final
20190420,mlb,401075040,WSH,3,MIA,9,MIA,Final
20190420,mlb,401075036,LAD,0,MIL,5,MIL,Final
20190420,mlb,401128302,ATL,8,CLE,7,ATL,Final
20190420,mlb,401128303,MIN,16,BAL,7,MIN,Final
20190420,mlb,401075034,HOU,4,TEX,9,TEX,Final
20190420,mlb,401075043,PHI,8,COL,5,PHI,Final
20190420,mlb,401075033,CIN,4,SD,2,CIN,Final
20190420,mlb,401075038,SEA,6,LAA,5,SEA,Final
20190421,mlb,401075050,KC,6,NYY,7,NYY,Final/10
20190421,mlb,401075054,MIN,4,BAL,3,MIN,Final
20190421,mlb,401075047,CHW,3,DET,4,DET,Final
20190421,mlb,401075055,WSH,5,MIA,0,WSH,Final
20190421,mlb,401075056,SF,3,PIT,2,SF,Final
20190421,mlb,401075046,BOS,4,TB,3,BOS,Final/11
20190421,mlb,401075051,LAD,6,MIL,5,LAD,Final
20190421,mlb,401075052,NYM,4,STL,6,STL,Final
20190421,mlb,401075044,ARI,1,CHC,2,CHC,Final
20190421,mlb,401075049,HOU,10,TEX,11,TEX,Final
20190421,mlb,401075057,PHI,1,COL,4,COL,Final
20190421,mlb,401075053,SEA,6,LAA,8,LAA,Final
20190421,mlb,401075048,CIN,3,SD,4,SD,Final
20190421,mlb,401075045,ATL,11,CLE,5,ATL,Final
20190422,mlb,401075064,PHI,1,NYM,5,NYM,Final
20190422,mlb,401075065,ARI,12,PIT,4,ARI,Final
20190422,mlb,401075066,CHW,12,BAL,2,CHW,Final
20190422,mlb,401075060,KC,3,TB,6,TB,Final
20190422,mlb,401075061,MIL,5,STL,13,STL,Final
20190422,mlb,401075062,MIN,9,HOU,5,MIN,Final
20190422,mlb,401075067,WSH,5,COL,7,COL,Final
20190422,mlb,401075063,NYY,4,LAA,3,NYY,Final/14
20190423,mlb,401128897,DET,7,BOS,4,DET,Final
20190423,mlb,401075072,MIA,3,CLE,1,MIA,Final
20190423,mlb,401075080,ATL,6,CIN,7,CIN,Final
20190423,mlb,401075081,ARI,2,PIT,1,ARI,Final
20190423,mlb,401075082,CHW,1,BAL,9,BAL,Final
20190423,mlb,401075078,SF,7,TOR,6,SF,Final
20190423,mlb,401075069,DET,4,BOS,2,DET,Final
20190423,mlb,401075070,KC,2,TB,5,TB,Final
20190423,mlb,401075076,PHI,0,NYM,9,NYM,Final
20190423,mlb,401075073,MIL,3,STL,4,STL,Final
20190423,mlb,401075071,LAD,2,CHC,7,CHC,Final
20190423,mlb,401075074,MIN,4,HOU,10,HOU,Final
20190423,mlb,401075083,WSH,6,COL,3,WSH,Final
20190423,mlb,401075075,NYY,7,LAA,5,NYY,Final
20190423,mlb,401075077,SEA,3,SD,6,SD,Final
20190424,mlb,401075086,KC,10,TB,2,KC,Final
20190424,mlb,401075088,MIA,2,CLE,6,CLE,Final
20190424,mlb,401075089,MIL,2,STL,5,STL,Final
20190424,mlb,401075095,WSH,5,COL,9,COL,Final
20190424,mlb,401075093,SEA,0,SD,1,SD,Final
20190424,mlb,401075094,SF,4,TOR,0,SF,Final
20190424,mlb,401075098,ATL,3,CIN,1,ATL,Final
20190424,mlb,401075092,PHI,6,NYM,0,PHI,Final
20190424,mlb,401075099,ARI,11,PIT,2,ARI,Final
20190424,mlb,401075100,CHW,3,BAL,4,BAL,Final
20190424,mlb,401075085,DET,4,BOS,11,BOS,Final
20190424,mlb,401075087,LAD,6,CHC,7,CHC,Final
20190424,mlb,401075090,MIN,1,HOU,7,HOU,Final
20190424,mlb,401075091,NYY,6,LAA,5,NYY,Final
20190425,mlb,401075105,ARI,5,PIT,0,ARI,Final
20190425,mlb,401075103,LAD,2,CHC,1,LAD,Final
20190425,mlb,401075106,ATL,2,CIN,4,CIN,Final
20190425,mlb,401075107,MIA,3,PHI,1,MIA,Final/10
20190425,mlb,401075102,DET,3,BOS,7,BOS,Final
20190425,mlb,401075101,CLE,2,HOU,1,CLE,Final
20190425,mlb,401075104,NYY,5,LAA,11,LAA,Final
20190425,mlb,401075108,TEX,2,SEA,14,SEA,Final
20190426,mlb,401075118,SD,4,WSH,3,SD,Final
20190426,mlb,401075120,MIA,0,PHI,4,PHI,Final
20190426,mlb,401075114,MIL,10,NYM,2,MIL,Final
20190426,mlb,401075121,COL,8,ATL,4,COL,Final
20190426,mlb,401075112,CLE,6,HOU,3,CLE,Final
20190426,mlb,401075113,DET,11,CHW,12,CHW,Final
20190426,mlb,401075122,BAL,1,MIN,6,MIN,Final
20190426,mlb,401075109,LAA,5,KC,1,LAA,Final
20190426,mlb,401075111,CIN,12,STL,1,CIN,Final
20190426,mlb,401075110,CHC,3,ARI,8,ARI,Final
20190426,mlb,401075117,PIT,2,LAD,6,LAD,Final
20190426,mlb,401075123,TEX,4,SEA,5,SEA,Final/11
20190426,mlb,401075115,NYY,7,SF,3,NYY,Final
20190427,mlb,401075125,BAL,2,MIN,9,MIN,Final
20190427,mlb,401075127,CIN,3,STL,6,STL,Final
20190427,mlb,401075128,CLE,3,HOU,4,HOU,Final/10
20190427,mlb,401075132,NYY,6,SF,4,NYY,Final
20190427,mlb,401075135,SD,8,WSH,3,SD,Final/10
20190427,mlb,401075136,TB,2,BOS,1,TB,Final
20190427,mlb,401075137,MIA,9,PHI,12,PHI,Final
20190427,mlb,401075131,MIL,8,NYM,6,MIL,Final
20190427,mlb,401075124,LAA,4,KC,9,KC,Final
20190427,mlb,401075129,COL,9,ATL,5,COL,Final
20190427,mlb,401075126,CHC,9,ARI,1,CHC,Final
20190427,mlb,401075134,PIT,1,LAD,3,LAD,Final
20190427,mlb,401075138,TEX,15,SEA,1,TEX,Final
20190428,mlb,401075149,TB,5,BOS,2,TB,Final
20190428,mlb,401075150,MIA,1,PHI,5,PHI,Final
20190428,mlb,401075144,MIL,2,NYM,5,NYM,Final
20190428,mlb,401075151,COL,7,ATL,8,ATL,Final
20190428,mlb,401075148,SD,6,WSH,7,WSH,Final/11
20190428,mlb,401075143,DET,1,CHW,4,CHW,Final
20190428,mlb,401075152,BAL,1,MIN,4,MIN,Final
20190428,mlb,401075139,LAA,7,KC,3,LAA,Final
20190428,mlb,401075141,CIN,2,STL,5,STL,Final
20190428,mlb,401075145,NYY,11,SF,5,NYY,Final
20190428,mlb,401075140,CHC,6,ARI,5,CHC,Final/15
20190428,mlb,401075147,PIT,6,LAD,7,LAD,Final
20190428,mlb,401075153,TEX,14,SEA,1,TEX,Final
20190428,mlb,401075142,CLE,1,HOU,4,HOU,Final
20190429,mlb,401075159,STL,6,WSH,3,STL,Final
20190429,mlb,401075155,CIN,5,NYM,4,CIN,Final
20190429,mlb,401075161,SD,1,ATL,3,ATL,Final
20190429,mlb,401075156,COL,1,MIL,5,MIL,Final
20190429,mlb,401075162,HOU,0,MIN,1,MIN,Final
20190429,mlb,401075154,BAL,3,CHW,5,CHW,Final
20190429,mlb,401075160,TB,8,KC,5,TB,Final
20190429,mlb,401075157,LAD,2,SF,3,SF,Final
20190430,mlb,401075170,STL,3,WSH,2,STL,Final
20190430,mlb,401075173,DET,3,PHI,1,DET,Final
20190430,mlb,401075164,CIN,3,NYM,4,NYM,Final/10
20190430,mlb,401075174,CLE,7,MIA,4,CLE,Final
20190430,mlb,401075175,SD,4,ATL,3,SD,Final
20190430,mlb,401075165,COL,3,MIL,4,MIL,Final
20190430,mlb,401075176,HOU,11,MIN,0,HOU,Final
20190430,mlb,401075169,PIT,6,TEX,4,PIT,Final/11
20190430,mlb,401075167,NYY,1,ARI,3,ARI,Final
20190430,mlb,401075166,LAD,10,SF,3,LAD,Final
20190430,mlb,401075172,TOR,3,LAA,4,LAA,Final
20190430,mlb,401075177,CHC,6,SEA,5,CHC,Final
20190501,mlb,401075186,TB,2,KC,3,KC,Final
20190501,mlb,401075184,PIT,7,TEX,5,PIT,Final
20190501,mlb,401075182,NYY,2,ARI,3,ARI,Final
20190501,mlb,401075178,BAL,5,CHW,4,BAL,Final
20190501,mlb,401129794,TB,2,KC,8,KC,Final
20190501,mlb,401075188,CHC,11,SEA,0,CHC,Final
20190501,mlb,401075179,CIN,1,NYM,0,CIN,Final
20190501,mlb,401075185,STL,5,WSH,1,STL,Final
20190501,mlb,401075189,DET,3,PHI,7,PHI,Final
20190501,mlb,401075190,CLE,2,MIA,4,MIA,Final
20190501,mlb,401075191,SD,1,ATL,5,ATL,Final
20190501,mlb,401075180,COL,11,MIL,4,COL,Final
20190501,mlb,401075192,HOU,2,MIN,6,MIN,Final
20190501,mlb,401129793,BAL,6,CHW,7,CHW,Final
20190501,mlb,401075181,LAD,1,SF,2,SF,Final
20190501,mlb,401075187,TOR,3,LAA,6,LAA,Final
20190502,mlb,401075194,CIN,0,NYM,1,NYM,Final
20190502,mlb,401075199,SD,11,ATL,2,SD,Final
20190502,mlb,401075200,HOU,2,MIN,8,MIN,Final
20190502,mlb,401075195,COL,11,MIL,6,COL,Final
20190502,mlb,401075197,TB,3,KC,1,TB,Final
20190502,mlb,401075196,STL,1,WSH,2,WSH,Final
20190502,mlb,401075193,BOS,4,CHW,6,CHW,Final
20190502,mlb,401075198,TOR,2,LAA,6,LAA,Final
20190503,mlb,401075207,STL,0,CHC,4,CHC,Final
20190503,mlb,401075204,MIN,3,NYY,6,NYY,Final
20190503,mlb,401075210,TB,7,BAL,0,TB,Final
20190503,mlb,401075211,WSH,2,PHI,4,PHI,Final
20190503,mlb,401075202,KC,3,DET,4,DET,Final
20190503,mlb,401075206,SEA,1,CLE,2,CLE,Final
20190503,mlb,401075212,ATL,7,MIA,2,ATL,Final
20190503,mlb,401075213,SF,12,CIN,11,SF,Final/11
20190503,mlb,401075208,TOR,1,TEX,0,TOR,Final/12
20190503,mlb,401075201,BOS,6,CHW,1,BOS,Final
20190503,mlb,401075205,NYM,1,MIL,3,MIL,Final
20190503,mlb,401075214,ARI,10,COL,9,ARI,Final
20190503,mlb,401075203,LAD,4,SD,3,LAD,Final
20190504,mlb,401075219,MIN,7,NYY,3,MIN,Final
20190504,mlb,401075222,STL,5,CHC,6,CHC,Final
20190504,mlb,401075217,KC,15,DET,3,KC,Final
20190504,mlb,401075221,SEA,4,CLE,5,CLE,Final
20190504,mlb,401075224,ATL,9,MIA,2,ATL,Final
20190504,mlb,401075226,TB,0,BAL,3,BAL,Final
20190504,mlb,401075227,WSH,10,PHI,8,WSH,Final
20190504,mlb,401075215,BOS,15,CHW,2,BOS,Final
20190504,mlb,401075216,HOU,14,LAA,2,HOU,Final
20190504,mlb,401075220,NYM,3,MIL,4,MIL,Final/18
20190504,mlb,401075228,SF,2,CIN,9,CIN,Final
20190504,mlb,401075223,TOR,5,TEX,8,TEX,Final
20190504,mlb,401075229,ARI,9,COL,2,ARI,Final
20190504,mlb,401075218,LAD,7,SD,6,LAD,Final
20190505,mlb,401075232,KC,2,DET,5,DET,Final/10
20190505,mlb,401075236,SEA,10,CLE,0,SEA,Final
20190505,mlb,401075240,ATL,3,MIA,1,ATL,Final/10
20190505,mlb,401075242,WSH,1,PHI,7,PHI,Final
20190505,mlb,401075230,BOS,9,CHW,2,BOS,Final
20190505,mlb,401075235,NYM,2,MIL,3,MIL,Final
20190505,mlb,401075238,TOR,2,TEX,10,TEX,Final
20190505,mlb,401075243,ARI,7,COL,8,COL,Final
20190505,mlb,401075231,HOU,10,LAA,4,HOU,Final
20190505,mlb,401075234,MIN,1,NYY,4,NYY,Final/8
20190505,mlb,401075233,LAD,5,SD,8,SD,Final
20190505,mlb,401075244,SF,6,CIN,5,SF,Final
20190505,mlb,401075237,STL,5,CHC,13,CHC,Final
20190506,mlb,401075255,SF,4,CIN,12,CIN,Final
20190506,mlb,401075247,CHW,9,CLE,1,CHW,Final
20190506,mlb,401075253,SEA,3,NYY,7,NYY,Final
20190506,mlb,401075256,BOS,1,BAL,4,BAL,Final
20190506,mlb,401075250,MIN,8,TOR,0,MIN,Final
20190506,mlb,401075245,ARI,1,TB,12,TB,Final
20190506,mlb,401075254,WSH,3,MIL,5,MIL,Final
20190506,mlb,401075252,PHI,0,STL,6,STL,Final
20190506,mlb,401075249,MIA,6,CHC,5,MIA,Final
20190506,mlb,401075248,KC,4,HOU,6,HOU,Final
20190506,mlb,401075251,NYM,0,SD,4,SD,Final
20190506,mlb,401075246,ATL,3,LAD,5,LAD,Final
20190507,mlb,401075260,CHW,2,CLE,0,CHW,Final
20190507,mlb,401075266,SEA,4,NYY,5,NYY,Final
20190507,mlb,401075268,BOS,8,BAL,5,BOS,Final
20190507,mlb,401075269,TEX,4,PIT,5,PIT,Final
20190507,mlb,401075263,MIN,3,TOR,0,MIN,Final
20190507,mlb,401075257,LAA,5,DET,2,LAA,Final
20190507,mlb,401075258,ARI,3,TB,6,TB,Final
20190507,mlb,401075267,WSH,0,MIL,6,MIL,Final
20190507,mlb,401075265,PHI,11,STL,1,PHI,Final
20190507,mlb,401075262,MIA,2,CHC,5,CHC,Final
20190507,mlb,401075261,KC,12,HOU,2,KC,Final
20190507,mlb,401075270,SF,14,COL,4,SF,Final
20190507,mlb,401075259,ATL,0,LAD,9,LAD,Final
20190507,mlb,401075264,NYM,7,SD,6,NYM,Final
20190508,mlb,401075283,TEX,9,PIT,6,TEX,Final
20190508,mlb,401075273,ARI,3,TB,2,ARI,Final/13
20190508,mlb,401075282,WSH,3,MIL,7,MIL,Final
20190508,mlb,401075280,PHI,5,STL,0,PHI,Final
20190508,mlb,401075279,NYM,2,SD,3,SD,Final
20190508,mlb,401075275,CHW,3,CLE,5,CLE,Final
20190508,mlb,401075281,SEA,10,NYY,1,SEA,Final
20190508,mlb,401075284,BOS,2,BAL,1,BOS,Final/12
20190508,mlb,401075278,MIN,9,TOR,1,MIN,Final
20190508,mlb,401075272,LAA,3,DET,10,DET,Final
20190508,mlb,401075277,MIA,2,CHC,3,CHC,Final/11
20190508,mlb,401075276,KC,0,HOU,9,HOU,Final
20190508,mlb,401075274,ATL,4,LAD,9,LAD,Final
20190509,mlb,401075287,LAA,13,DET,0,LAA,Final
20190509,mlb,401075289,CHW,0,CLE,5,CLE,Final/5
20190509,mlb,401075290,MIA,1,CHC,4,CHC,Final
20190509,mlb,401075295,SF,11,COL,12,COL,Final
20190509,mlb,401075292,SEA,1,NYY,3,NYY,Final
20190509,mlb,401075291,PIT,4,STL,17,STL,Final
20190509,mlb,401075293,TEX,2,HOU,4,HOU,Final
20190509,mlb,401075288,ATL,2,ARI,3,ARI,Final/10
20190509,mlb,401075294,WSH,6,LAD,0,WSH,Final
20190510,mlb,401075301,MIL,7,CHC,0,MIL,Final
20190510,mlb,401075308,LAA,8,BAL,3,LAA,Final
20190510,mlb,401075298,CHW,3,TOR,4,TOR,Final
20190510,mlb,401075300,MIA,2,NYM,11,NYM,Final
20190510,mlb,401075302,NYY,4,TB,3,NYY,Final
20190510,mlb,401075305,SEA,1,BOS,14,BOS,Final
20190510,mlb,401075306,TEX,0,HOU,3,HOU,Final
20190510,mlb,401075309,DET,0,MIN,6,MIN,Final
20190510,mlb,401075303,PHI,1,KC,5,KC,Final
20190510,mlb,401075304,PIT,2,STL,1,PIT,Final
20190510,mlb,401075310,SD,2,COL,12,COL,Final
20190510,mlb,401075297,ATL,2,ARI,1,ATL,Final
20190510,mlb,401075307,WSH,0,LAD,5,LAD,Final
20190510,mlb,401075299,CIN,7,SF,0,CIN,Final
20190511,mlb,401075321,SEA,5,BOS,9,BOS,Final
20190511,mlb,401075315,DET,5,MIN,3,DET,Final
20190511,mlb,401075320,PIT,2,STL,1,PIT,Final
20190511,mlb,401075317,MIL,1,CHC,2,CHC,Final/15
20190511,mlb,401075313,CHW,7,TOR,2,CHW,Final
20190511,mlb,401075324,LAA,7,BAL,2,LAA,Final
20190511,mlb,401075318,NYY,2,TB,7,TB,Final
20190511,mlb,401075316,MIA,1,NYM,4,NYM,Final
20190511,mlb,401075319,PHI,7,KC,0,PHI,Final
20190511,mlb,401075312,ATL,6,ARI,4,ATL,Final
20190511,mlb,401075322,TEX,4,HOU,11,HOU,Final
20190511,mlb,401075325,SD,4,COL,3,SD,Final
20190511,mlb,401127133,DET,3,MIN,8,MIN,Final
20190511,mlb,401075314,CIN,5,SF,4,CIN,Final
20190511,mlb,401075323,WSH,5,LAD,2,WSH,Final
20190512,mlb,401075338,LAA,1,BAL,5,BAL,Final
20190512,mlb,401075335,SEA,2,BOS,11,BOS,Final
20190512,mlb,401075328,CHW,5,TOR,1,CHW,Final
20190512,mlb,401075332,NYY,7,TB,1,NYY,Final
20190512,mlb,401075336,TEX,5,HOU,15,HOU,Final
20190512,mlb,401075339,DET,5,MIN,3,DET,Final
20190512,mlb,401075333,PHI,6,KC,1,PHI,Final
20190512,mlb,401075334,PIT,10,STL,6,PIT,Final
20190512,mlb,401075340,SD,7,COL,10,COL,Final
20190512,mlb,401075329,CIN,5,SF,6,SF,Final
20190512,mlb,401075327,ATL,5,ARI,3,ATL,Final
20190512,mlb,401075337,WSH,0,LAD,6,LAD,Final
20190512,mlb,401075331,MIL,1,CHC,4,CHC,Final
20190513,mlb,401075346,MIL,4,PHI,7,PHI,Final
20190513,mlb,401075344,HOU,8,DET,1,HOU,Final
20190513,mlb,401075347,LAA,5,MIN,4,LAA,Final
20190513,mlb,401075343,CLE,2,CHW,5,CHW,Final
20190513,mlb,401075345,PIT,3,ARI,9,ARI,Final
20190514,mlb,401075350,CLE,9,CHW,0,CLE,Final
20190514,mlb,401075358,CHC,3,CIN,1,CHC,Final
20190514,mlb,401075353,NYM,6,WSH,2,NYM,Final
20190514,mlb,401075359,MIL,6,PHI,1,MIL,Final
20190514,mlb,401075351,COL,5,BOS,4,COL,Final/11
20190514,mlb,401075352,HOU,11,DET,4,HOU,Final
20190514,mlb,401075360,TB,4,MIA,0,TB,Final
20190514,mlb,401075361,STL,14,ATL,3,STL,Final
20190514,mlb,401075362,LAA,3,MIN,4,MIN,Final
20190514,mlb,401075356,TEX,5,KC,11,KC,Final
20190514,mlb,401075354,PIT,6,ARI,2,PIT,Final
20190514,mlb,401075357,TOR,7,SF,3,TOR,Final
20190514,mlb,401075355,SD,3,LAD,6,LAD,Final
20190515,mlb,401075372,LAA,7,MIN,8,MIN,Final
20190515,mlb,401132483,BAL,3,NYY,5,NYY,Final
20190515,mlb,401075368,PIT,1,ARI,11,ARI,Final
20190515,mlb,401075371,TOR,3,SF,4,SF,Final
20190515,mlb,401075364,BAL,1,NYY,3,NYY,Final
20190515,mlb,401075373,CHC,5,CIN,6,CIN,Final/10
20190515,mlb,401075367,NYM,1,WSH,5,WSH,Final
20190515,mlb,401075374,MIL,5,PHI,2,MIL,Final
20190515,mlb,401075365,COL,5,BOS,6,BOS,Final/10
20190515,mlb,401075366,HOU,5,DET,1,HOU,Final
20190515,mlb,401075375,TB,1,MIA,0,TB,Final
20190515,mlb,401075376,STL,0,ATL,4,ATL,Final
20190515,mlb,401075370,TEX,6,KC,1,TEX,Final
20190515,mlb,401075369,SD,0,LAD,2,LAD,Final
20190516,mlb,401075378,NYM,6,WSH,7,WSH,Final
20190516,mlb,401075383,MIL,11,PHI,3,MIL,Final
20190516,mlb,401075381,TEX,16,KC,1,TEX,Final
20190516,mlb,401075377,BAL,7,CLE,14,CLE,Final
20190516,mlb,401075384,CHC,2,CIN,4,CIN,Final
20190516,mlb,401075385,STL,2,ATL,10,ATL,Final
20190516,mlb,401075382,TOR,2,CHW,4,CHW,Final
20190516,mlb,401075386,MIN,11,SEA,6,MIN,Final
20190516,mlb,401075380,PIT,3,SD,4,SD,Final
20190517,mlb,401075395,TB,3,NYY,4,NYY,Final
20190517,mlb,401075388,CHC,14,WSH,6,CHC,Final
20190517,mlb,401075397,COL,4,PHI,5,PHI,Final
20190517,mlb,401075387,BAL,5,CLE,1,BAL,Final
20190517,mlb,401075389,HOU,3,BOS,1,HOU,Final
20190517,mlb,401075398,LAD,6,CIN,0,LAD,Final
20190517,mlb,401075399,NYM,6,MIA,8,MIA,Final
20190517,mlb,401075400,MIL,8,ATL,12,ATL,Final
20190517,mlb,401075394,STL,3,TEX,7,TEX,Final
20190517,mlb,401075396,TOR,10,CHW,2,TOR,Final
20190517,mlb,401075393,SF,0,ARI,7,ARI,Final
20190517,mlb,401075390,KC,2,LAA,5,LAA,Final
20190517,mlb,401075392,PIT,5,SD,3,PIT,Final
20190517,mlb,401075401,MIN,7,SEA,1,MIN,Final
20190518,mlb,401075411,TB,2,NYY,1,TB,Final/11
20190518,mlb,401075412,TOR,1,CHW,4,CHW,Final/5
20190518,mlb,401075410,STL,8,TEX,2,STL,Final
20190518,mlb,401075402,BAL,1,CLE,4,CLE,Final
20190518,mlb,401075414,LAD,0,CIN,4,CIN,Final
20190518,mlb,401075415,NYM,0,MIA,2,MIA,Final
20190518,mlb,401075403,CHC,2,WSH,5,WSH,Final
20190518,mlb,401075404,HOU,7,BOS,3,HOU,Final
20190518,mlb,401075406,MIL,3,ATL,4,ATL,Final/10
20190518,mlb,401075408,PIT,7,SD,2,PIT,Final
20190518,mlb,401075405,KC,3,LAA,6,LAA,Final
20190518,mlb,401075409,SF,8,ARI,5,SF,Final
20190518,mlb,401075416,MIN,18,SEA,4,MIN,Final
20190519,mlb,401075419,HOU,3,BOS,4,BOS,Final
20190519,mlb,401075425,TB,5,NYY,13,NYY,Final
20190519,mlb,401075427,COL,5,PHI,7,PHI,Final
20190519,mlb,401075417,BAL,0,CLE,10,CLE,Final
20190519,mlb,401075428,LAD,8,CIN,3,LAD,Final
20190519,mlb,401075429,NYM,0,MIA,3,MIA,Final
20190519,mlb,401075430,MIL,3,ATL,2,MIL,Final/10
20190519,mlb,401075426,TOR,5,CHW,2,TOR,Final
20190519,mlb,401075424,STL,4,TEX,5,TEX,Final/10
20190519,mlb,401075423,SF,3,ARI,2,SF,Final/10
20190519,mlb,401075420,KC,5,LAA,1,KC,Final
20190519,mlb,401075422,PIT,6,SD,4,PIT,Final
20190519,mlb,401075431,MIN,4,SEA,7,SEA,Final
20190519,mlb,401075418,CHC,6,WSH,5,CHC,Final
20190520,mlb,401075434,BOS,12,TOR,2,BOS,Final
20190520,mlb,401075441,NYY,10,BAL,7,NYY,Final
20190520,mlb,401075440,WSH,3,NYM,5,NYM,Final
20190520,mlb,401075438,PHI,5,CHC,4,PHI,Final/10
20190520,mlb,401075439,SEA,9,TEX,10,TEX,Final
20190520,mlb,401075435,CHW,0,HOU,3,HOU,Final
20190520,mlb,401075433,ATL,4,SF,1,ATL,Final
20190520,mlb,401075436,MIN,3,LAA,1,MIN,Final
20190520,mlb,401075432,ARI,1,SD,2,SD,Final
20190521,mlb,401075452,PHI,2,CHC,3,CHC,Final
20190521,mlb,401075455,COL,5,PIT,0,COL,Final
20190521,mlb,401075456,NYY,11,BAL,4,NYY,Final
20190521,mlb,401075444,BOS,3,TOR,10,TOR,Final
20190521,mlb,401075448,LAD,7,TB,3,LAD,Final
20190521,mlb,401075449,MIA,5,DET,4,MIA,Final/11
20190521,mlb,401075454,WSH,5,NYM,6,NYM,Final
20190521,mlb,401075446,CIN,3,MIL,0,CIN,Final
20190521,mlb,401075453,SEA,3,TEX,5,TEX,Final
20190521,mlb,401075445,CHW,1,HOU,5,HOU,Final
20190521,mlb,401075443,ATL,3,SF,4,SF,Final
20190521,mlb,401075450,MIN,8,LAA,3,MIN,Final
20190521,mlb,401075442,ARI,2,SD,3,SD,Final
20190522,mlb,401075461,CIN,9,MIL,11,MIL,Final
20190522,mlb,401075462,KC,8,STL,2,KC,Final
20190522,mlb,401075468,SEA,1,TEX,2,TEX,Final
20190522,mlb,401075457,ARI,2,SD,5,SD,Final
20190522,mlb,401075470,COL,9,PIT,3,COL,Final
20190522,mlb,401075471,NYY,7,BAL,5,NYY,Final
20190522,mlb,401075459,BOS,6,TOR,5,BOS,Final/13
20190522,mlb,401075463,LAD,1,TB,8,TB,Final
20190522,mlb,401075464,MIA,6,DET,3,MIA,Final
20190522,mlb,401075469,WSH,1,NYM,6,NYM,Final
20190522,mlb,401134861,KC,3,STL,10,STL,Final
20190522,mlb,401075467,PHI,4,CHC,8,CHC,Final
20190522,mlb,401075460,CHW,9,HOU,4,CHW,Final
20190522,mlb,401075458,ATL,9,SF,2,ATL,Final
20190523,mlb,401075478,WSH,4,NYM,6,NYM,Final
20190523,mlb,401075479,COL,6,PIT,14,PIT,Final
20190523,mlb,401075480,NYY,6,BAL,5,NYY,Final
20190523,mlb,401075473,BOS,8,TOR,2,BOS,Final
20190523,mlb,401075475,MIA,5,DET,2,MIA,Final
20190523,mlb,401075476,PHI,9,CHC,7,PHI,Final
20190523,mlb,401075472,ATL,5,SF,4,ATL,Final/13
20190523,mlb,401135106,MIN,16,LAA,7,MIN,Final
20190523,mlb,401075477,TB,7,CLE,2,TB,Final
20190523,mlb,401075474,CHW,4,HOU,0,CHW,Final
20190524,mlb,401075484,CIN,6,CHC,5,CIN,Final
20190524,mlb,401075486,MIA,10,WSH,12,WSH,Final
20190524,mlb,401075492,LAD,10,PIT,2,LAD,Final
20190524,mlb,401075489,SD,6,TOR,3,SD,Final
20190524,mlb,401075485,DET,9,NYM,8,DET,Final
20190524,mlb,401075490,TB,1,CLE,3,CLE,Final
20190524,mlb,401075483,BOS,3,HOU,4,HOU,Final
20190524,mlb,401075488,PHI,6,MIL,4,PHI,Final
20190524,mlb,401075493,CHW,4,MIN,11,MIN,Final
20190524,mlb,401075482,ATL,5,STL,2,ATL,Final
20190524,mlb,401075494,BAL,6,COL,8,COL,Final
20190524,mlb,401075491,TEX,4,LAA,3,TEX,Final
20190524,mlb,401075481,ARI,18,SF,2,ARI,Final
20190525,mlb,401075500,CHW,1,MIN,8,MIN,Final
20190525,mlb,401075504,NYY,7,KC,3,NYY,Final
20190525,mlb,401075501,CIN,6,CHC,8,CHC,Final
20190525,mlb,401075506,SD,19,TOR,4,SD,Final
20190525,mlb,401075496,ARI,10,SF,4,ARI,Final
20190525,mlb,401075503,MIA,0,WSH,5,WSH,Final
20190525,mlb,401075502,DET,4,NYM,5,NYM,Final/13
20190525,mlb,401075505,PHI,7,MIL,2,PHI,Final
20190525,mlb,401075507,TB,6,CLE,2,TB,Final
20190525,mlb,401075497,ATL,3,STL,6,STL,Final
20190525,mlb,401075499,BOS,3,HOU,4,HOU,Final
20190525,mlb,401075509,LAD,7,PIT,2,LAD,Final
20190525,mlb,401135422,NYY,6,KC,5,NYY,Final
20190525,mlb,401075498,BAL,9,COL,6,BAL,Final
20190525,mlb,401075508,TEX,2,LAA,3,LAA,Final
20190526,mlb,401075519,SD,1,TOR,10,TOR,Final
20190526,mlb,401075515,DET,3,NYM,4,NYM,Final
20190526,mlb,401075520,TB,6,CLE,3,TB,Final
20190526,mlb,401075516,MIA,6,WSH,9,WSH,Final
20190526,mlb,401075522,LAD,11,PIT,7,LAD,Final
20190526,mlb,401075513,BOS,4,HOU,1,BOS,Final
20190526,mlb,401075518,PHI,1,MIL,9,MIL,Final
20190526,mlb,401075523,CHW,0,MIN,7,MIN,Final
20190526,mlb,401075517,NYY,7,KC,8,KC,Final/10
20190526,mlb,401075514,CIN,10,CHC,2,CIN,Final
20190526,mlb,401075524,BAL,7,COL,8,COL,Final
20190526,mlb,401075511,ARI,6,SF,2,ARI,Final
20190526,mlb,401075521,TEX,6,LAA,7,LAA,Final
20190526,mlb,401075512,ATL,4,STL,3,ATL,Final/10
20190527,mlb,401075530,MIA,3,WSH,2,MIA,Final
20190527,mlb,401075532,SD,2,NYY,5,NYY,Final
20190527,mlb,401075534,DET,3,BAL,5,BAL,Final
20190527,mlb,401075533,TOR,3,TB,8,TB,Final
20190527,mlb,401075535,PIT,8,CIN,5,PIT,Final
20190527,mlb,401075527,CHC,5,HOU,6,HOU,Final
20190527,mlb,401075529,KC,1,CHW,2,CHW,Final
20190527,mlb,401075526,ARI,3,COL,4,COL,Final/11
20190527,mlb,401075528,CLE,5,BOS,12,BOS,Final
20190527,mlb,401075537,MIL,5,MIN,4,MIL,Final
20190527,mlb,401125593,PIT,1,CIN,8,CIN,Final
20190527,mlb,401075531,NYM,5,LAD,9,LAD,Final
20190527,mlb,401075538,TEX,2,SEA,6,SEA,Final
20190528,mlb,401075543,SD,5,NYY,4,SD,Final
20190528,mlb,401075545,PIT,6,CIN,11,CIN,Final
20190528,mlb,401075546,DET,3,BAL,0,DET,Final
20190528,mlb,401075547,STL,3,PHI,4,PHI,Final
20190528,mlb,401075540,CLE,7,BOS,5,CLE,Final
20190528,mlb,401075544,TOR,1,TB,3,TB,Final
20190528,mlb,401075548,SF,3,MIA,11,MIA,Final
20190528,mlb,401075549,WSH,5,ATL,4,WSH,Final
20190528,mlb,401075541,KC,3,CHW,4,CHW,Final
20190528,mlb,401075539,CHC,6,HOU,9,HOU,Final
20190528,mlb,401075550,MIL,3,MIN,5,MIN,Final
20190528,mlb,401075551,ARI,2,COL,6,COL,Final
20190528,mlb,401075553,TEX,11,SEA,4,TEX,Final
20190528,mlb,401075542,NYM,7,LAD,3,NYM,Final
20190529,mlb,401075560,PIT,7,CIN,2,PIT,Final
20190529,mlb,401075558,SD,0,NYY,7,NYY,Final
20190529,mlb,401075562,TEX,8,SEA,7,TEX,Final
20190529,mlb,401075555,CLE,14,BOS,9,CLE,Final
20190529,mlb,401075563,DET,4,BAL,2,DET,Final
20190529,mlb,401075564,STL,4,PHI,11,PHI,Final
20190529,mlb,401075559,TOR,3,TB,4,TB,Final/11
20190529,mlb,401075565,SF,2,MIA,4,MIA,Final
20190529,mlb,401075566,WSH,14,ATL,4,WSH,Final
20190529,mlb,401075554,CHC,2,HOU,1,CHC,Final
20190529,mlb,401075556,KC,7,CHW,8,CHW,Final
20190529,mlb,401075567,ARI,4,COL,5,COL,Final
20190529,mlb,401075557,NYM,8,LAD,9,LAD,Final
20190530,mlb,401075573,STL,5,PHI,3,STL,Final
20190530,mlb,401075574,SF,3,MIA,1,SF,Final
20190530,mlb,401075575,ARI,10,COL,11,COL,Final/10
20190530,mlb,401075576,MIL,11,PIT,5,MIL,Final
20190530,mlb,401075571,MIN,3,TB,14,TB,Final
20190530,mlb,401075570,KC,4,TEX,2,KC,Final
20190530,mlb,401075569,CLE,4,CHW,10,CHW,Final
20190530,mlb,401075572,NYM,0,LAD,2,LAD,Final
20190530,mlb,401075577,LAA,9,SEA,3,LAA,Final
20190531,mlb,401075587,SF,6,BAL,9,BAL,Final
20190531,mlb,401075578,BOS,1,NYY,4,NYY,Final
20190531,mlb,401075586,MIL,4,PIT,9,PIT,Final
20190531,mlb,401075583,MIN,5,TB,3,MIN,Final
20190531,mlb,401075588,WSH,3,CIN,9,CIN,Final
20190531,mlb,401075589,DET,8,ATL,2,DET,Final
20190531,mlb,401075581,KC,2,TEX,6,TEX,Final
20190531,mlb,401075580,CLE,1,CHW,6,CHW,Final
20190531,mlb,401075579,CHC,1,STL,2,STL,Final/10
20190531,mlb,401075590,TOR,6,COL,13,COL,Final
20190531,mlb,401075584,NYM,5,ARI,4,NYM,Final
20190531,mlb,401075582,MIA,2,SD,5,SD,Final
20190531,mlb,401075585,PHI,3,LAD,6,LAD,Final
20190531,mlb,401075592,LAA,3,SEA,4,SEA,Final
20190601,mlb,401075599,MIN,6,TB,2,MIN,Final
20190601,mlb,401075595,CLE,5,CHW,2,CLE,Final
20190601,mlb,401075597,KC,2,TEX,6,TEX,Final
20190601,mlb,401075603,MIL,12,PIT,10,MIL,Final/13
20190601,mlb,401075604,SF,8,BAL,2,SF,Final
20190601,mlb,401075596,DET,5,ATL,10,ATL,Final
20190601,mlb,401075605,WSH,5,CIN,2,WSH,Final
20190601,mlb,401075593,BOS,3,NYY,5,NYY,Final
20190601,mlb,401075594,CHC,4,STL,7,STL,Final
20190601,mlb,401075607,LAA,6,SEA,3,LAA,Final
20190601,mlb,401075602,TOR,2,COL,4,COL,Final
20190601,mlb,401075598,MIA,9,SD,3,MIA,Final
20190601,mlb,401075600,NYM,5,ARI,6,ARI,Final/11
20190602,mlb,401075616,SF,8,BAL,1,SF,Final
20190602,mlb,401075613,MIN,9,TB,7,MIN,Final
20190602,mlb,401075617,WSH,4,CIN,1,WSH,Final
20190602,mlb,401075618,DET,4,ATL,7,ATL,Final
20190602,mlb,401075619,MIL,4,PIT,2,MIL,Final
20190602,mlb,401075610,CLE,0,CHW,2,CHW,Final
20190602,mlb,401075609,CHC,1,STL,2,STL,Final
20190602,mlb,401075611,KC,1,TEX,5,TEX,Final
20190602,mlb,401075620,TOR,1,COL,5,COL,Final
20190602,mlb,401075615,PHI,0,LAD,8,LAD,Final
20190602,mlb,401075614,NYM,1,ARI,7,ARI,Final
20190602,mlb,401075622,LAA,13,SEA,3,LAA,Final
20190602,mlb,401075612,MIA,9,SD,3,MIA,Final
20190602,mlb,401075608,BOS,8,NYY,5,BOS,Final
20190603,mlb,401127733,LAA,1,CHC,8,CHC,Final
20190603,mlb,401075623,LAD,3,ARI,1,LAD,Final
20190603,mlb,401075624,PHI,2,SD,8,SD,Final
20190603,mlb,401075625,HOU,4,SEA,2,HOU,Final
20190604,mlb,401075628,CHW,5,WSH,9,WSH,Final
20190604,mlb,401075634,NYY,3,TOR,4,TOR,Final
20190604,mlb,401075633,MIN,2,CLE,5,CLE,Final
20190604,mlb,401075637,SF,9,NYM,3,SF,Final/10
20190604,mlb,401075638,TB,6,DET,9,DET,Final
20190604,mlb,401075632,MIA,16,MIL,0,MIA,Final
20190604,mlb,401075627,BOS,8,KC,3,BOS,Final
20190604,mlb,401075626,BAL,12,TEX,11,BAL,Final
20190604,mlb,401075630,COL,3,CHC,6,CHC,Final
20190604,mlb,401075629,CIN,4,STL,1,CIN,Final
20190604,mlb,401075631,LAD,9,ARI,0,LAD,Final
20190604,mlb,401075636,PHI,9,SD,6,PHI,Final
20190604,mlb,401075640,HOU,11,SEA,5,HOU,Final
20190605,mlb,401075643,CHW,4,WSH,6,WSH,Final
20190605,mlb,401075646,LAD,2,ARI,3,ARI,Final/11
20190605,mlb,401075651,PHI,7,SD,5,PHI,Final
20190605,mlb,401075654,ATL,4,PIT,7,PIT,Final
20190605,mlb,401075648,MIN,7,CLE,9,CLE,Final
20190605,mlb,401075652,SF,0,NYM,7,NYM,Final
20190605,mlb,401075653,TB,4,DET,0,TB,Final
20190605,mlb,401075647,MIA,8,MIL,3,MIA,Final
20190605,mlb,401075641,BAL,1,TEX,2,TEX,Final/12
20190605,mlb,401075645,COL,8,CHC,9,CHC,Final
20190605,mlb,401075642,BOS,8,KC,0,BOS,Final
20190605,mlb,401075655,HOU,1,SEA,14,SEA,Final
20190606,mlb,401075664,SF,3,NYM,7,NYM,Final
20190606,mlb,401075667,ATL,1,PIT,6,PIT,Final
20190606,mlb,401075665,TB,6,DET,1,TB,Final
20190606,mlb,401075657,BOS,7,KC,5,BOS,Final
20190606,mlb,401075658,CIN,1,STL,3,STL,Final
20190606,mlb,401075660,MIA,1,MIL,5,MIL,Final
20190606,mlb,401075659,COL,3,CHC,1,COL,Final
20190606,mlb,401075668,HOU,8,SEA,7,HOU,Final/14
20190606,mlb,401075661,MIN,5,CLE,4,MIN,Final
20190606,mlb,401075662,NYY,6,TOR,2,NYY,Final
20190606,mlb,401075656,BAL,3,TEX,4,TEX,Final
20190606,mlb,401075666,WSH,4,SD,5,SD,Final
20190607,mlb,401075679,STL,1,CHC,3,CHC,Final
20190607,mlb,401075682,CIN,2,PHI,4,PHI,Final
20190607,mlb,401075669,ARI,8,TOR,2,ARI,Final
20190607,mlb,401075672,COL,5,NYM,1,COL,Final
20190607,mlb,401075674,MIN,6,DET,3,MIN,Final
20190607,mlb,401075675,NYY,2,CLE,5,CLE,Final
20190607,mlb,401075680,TB,5,BOS,1,TB,Final
20190607,mlb,401075683,ATL,7,MIA,1,ATL,Final
20190607,mlb,401075670,BAL,3,HOU,4,HOU,Final/11
20190607,mlb,401075677,PIT,4,MIL,10,MIL,Final
20190607,mlb,401075671,CHW,4,KC,6,KC,Final
20190607,mlb,401075678,SEA,6,LAA,2,SEA,Final
20190607,mlb,401075681,WSH,4,SD,5,SD,Final
20190607,mlb,401075673,LAD,1,SF,2,SF,Final
20190608,mlb,401075695,TB,9,BOS,2,TB,Final
20190608,mlb,401075686,CHW,2,KC,0,CHW,Final
20190608,mlb,401075684,ARI,6,TOR,0,ARI,Final
20190608,mlb,401075697,CIN,1,PHI,4,PHI,Final
20190608,mlb,401075685,BAL,4,HOU,1,BAL,Final
20190608,mlb,401075689,MIN,3,DET,9,DET,Final
20190608,mlb,401075690,NYY,4,CLE,8,CLE,Final
20190608,mlb,401075692,PIT,3,MIL,5,MIL,Final
20190608,mlb,401075698,ATL,1,MIA,0,ATL,Final
20190608,mlb,401129333,TB,1,BOS,5,BOS,Final
20190608,mlb,401075687,COL,3,NYM,5,NYM,Final
20190608,mlb,401075688,LAD,7,SF,2,LAD,Final
20190608,mlb,401075694,STL,4,CHC,9,CHC,Final
20190608,mlb,401075696,WSH,4,SD,1,WSH,Final
20190608,mlb,401075693,SEA,3,LAA,12,LAA,Final
20190609,mlb,401075710,TB,6,BOS,1,TB,Final
20190609,mlb,401075712,CIN,4,PHI,3,CIN,Final
20190609,mlb,401075699,ARI,8,TOR,2,ARI,Final
20190609,mlb,401075702,COL,1,NYM,6,NYM,Final
20190609,mlb,401075704,MIN,12,DET,2,MIN,Final
20190609,mlb,401075705,NYY,7,CLE,6,NYY,Final/10
20190609,mlb,401075713,ATL,7,MIA,6,ATL,Final/12
20190609,mlb,401075700,BAL,0,HOU,4,HOU,Final
20190609,mlb,401075707,PIT,2,MIL,5,MIL,Final
20190609,mlb,401075701,CHW,5,KC,2,CHW,Final
20190609,mlb,401075708,SEA,9,LAA,3,SEA,Final
20190609,mlb,401075703,LAD,1,SF,0,LAD,Final
20190609,mlb,401075711,WSH,5,SD,2,WSH,Final
20190609,mlb,401075709,STL,1,CHC,5,CHC,Final
20190610,mlb,401075719,ARI,13,PHI,8,ARI,Final
20190610,mlb,401075717,TEX,4,BOS,3,TEX,Final/11
20190610,mlb,401075720,STL,4,MIA,1,STL,Final
20190610,mlb,401075721,PIT,7,ATL,13,ATL,Final
20190610,mlb,401075718,WSH,12,CHW,1,WSH,Final
20190610,mlb,401075722,CHC,5,COL,6,COL,Final
20190610,mlb,401075714,LAD,3,LAA,5,LAA,Final
20190611,mlb,401137674,NYM,5,NYY,12,NYY,Final
20190611,mlb,401075723,CIN,1,CLE,2,CLE,Final/10
20190611,mlb,401075727,NYM,10,NYY,4,NYM,Final
20190611,mlb,401075732,ARI,4,PHI,7,PHI,Final
20190611,mlb,401075733,TOR,2,BAL,4,BAL,Final
20190611,mlb,401075730,TEX,9,BOS,5,TEX,Final
20190611,mlb,401075734,STL,7,MIA,1,STL,Final
20190611,mlb,401075735,PIT,5,ATL,7,ATL,Final/8
20190611,mlb,401075726,MIL,8,HOU,10,HOU,Final
20190611,mlb,401075731,WSH,5,CHW,7,CHW,Final
20190611,mlb,401075736,SEA,5,MIN,6,MIN,Final
20190611,mlb,401075724,DET,2,KC,3,KC,Final
20190611,mlb,401075737,CHC,3,COL,10,COL,Final
20190611,mlb,401075729,SD,5,SF,6,SF,Final
20190611,mlb,401075725,LAD,3,LAA,5,LAA,Final
20190612,mlb,401075738,CIN,7,CLE,2,CIN,Final
20190612,mlb,401075744,CHC,10,COL,1,CHC,Final
20190612,mlb,401075743,TEX,3,BOS,4,BOS,Final
20190612,mlb,401075745,ARI,2,PHI,0,ARI,Final
20190612,mlb,401075746,TOR,8,BAL,6,TOR,Final
20190612,mlb,401075747,STL,0,MIA,9,MIA,Final
20190612,mlb,401075748,PIT,7,ATL,8,ATL,Final/11
20190612,mlb,401075739,DET,3,KC,2,DET,Final
20190612,mlb,401075740,MIL,6,HOU,3,MIL,Final/14
20190612,mlb,401075749,SEA,9,MIN,6,SEA,Final/10
20190612,mlb,401075742,SD,2,SF,4,SF,Final
20190613,mlb,401075757,PIT,5,ATL,6,ATL,Final
20190613,mlb,401075758,SEA,5,MIN,10,MIN,Final
20190613,mlb,401075759,TOR,12,BAL,3,TOR,Final
20190613,mlb,401075751,ARI,5,WSH,0,ARI,Final
20190613,mlb,401075750,LAA,5,TB,3,LAA,Final
20190613,mlb,401075755,STL,5,NYM,4,STL,Final/10
20190613,mlb,401075756,TEX,6,BOS,7,BOS,Final
20190613,mlb,401075753,DET,3,KC,7,KC,Final
20190613,mlb,401075754,NYY,4,CHW,5,CHW,Final
20190613,mlb,401075760,SD,6,COL,9,COL,Final
20190613,mlb,401075752,CHC,3,LAD,7,LAD,Final
20190614,mlb,401075762,ARI,3,WSH,7,WSH,Final
20190614,mlb,401075769,BOS,13,BAL,2,BOS,Final
20190614,mlb,401075761,LAA,4,TB,9,TB,Final
20190614,mlb,401075764,CLE,13,DET,4,CLE,Final
20190614,mlb,401075767,STL,9,NYM,5,STL,Final
20190614,mlb,401075770,PIT,11,MIA,0,PIT,Final
20190614,mlb,401075771,TEX,7,CIN,1,TEX,Final
20190614,mlb,401075772,PHI,8,ATL,9,ATL,Final
20190614,mlb,401075766,NYY,2,CHW,10,CHW,Final
20190614,mlb,401075768,TOR,2,HOU,15,HOU,Final
20190614,mlb,401075773,KC,0,MIN,2,MIN,Final
20190614,mlb,401075774,SD,16,COL,12,SD,Final/12
20190614,mlb,401075763,CHC,3,LAD,5,LAD,Final
20190614,mlb,401075765,MIL,3,SF,5,SF,Final
20190615,mlb,401075776,LAA,5,TB,3,LAA,Final
20190615,mlb,401075777,ARI,10,WSH,3,ARI,Final
20190615,mlb,401075781,MIL,7,SF,8,SF,Final
20190615,mlb,401075787,BOS,7,BAL,2,BOS,Final
20190615,mlb,401075786,TOR,2,HOU,7,HOU,Final
20190615,mlb,401075779,CLE,4,DET,2,CLE,Final
20190615,mlb,401075789,PIT,3,MIA,4,MIA,Final
20190615,mlb,401075780,KC,4,MIN,5,MIN,Final
20190615,mlb,401075782,NYY,8,CHW,4,NYY,Final
20190615,mlb,401075785,STL,7,NYM,8,NYM,Final
20190615,mlb,401075790,TEX,4,CIN,3,TEX,Final
20190615,mlb,401075783,PHI,6,ATL,5,PHI,Final
20190615,mlb,401075784,SD,8,COL,14,COL,Final
20190615,mlb,401075778,CHC,2,LAD,1,CHC,Final
20190616,mlb,401075801,TEX,3,CIN,11,CIN,Final
20190616,mlb,401075799,BOS,8,BAL,6,BOS,Final/10
20190616,mlb,401075791,LAA,5,TB,6,TB,Final
20190616,mlb,401075794,CLE,8,DET,0,CLE,Final
20190616,mlb,401075797,STL,4,NYM,3,STL,Final
20190616,mlb,401075800,PIT,5,MIA,4,PIT,Final
20190616,mlb,401075802,PHI,1,ATL,15,ATL,Final
20190616,mlb,401075792,ARI,5,WSH,15,WSH,Final
20190616,mlb,401075796,NYY,10,CHW,3,NYY,Final
20190616,mlb,401075798,TOR,12,HOU,0,TOR,Final
20190616,mlb,401075803,KC,8,MIN,6,KC,Final
20190616,mlb,401075804,SD,14,COL,13,SD,Final
20190616,mlb,401075795,MIL,5,SF,3,MIL,Final
20190616,mlb,401075793,CHC,2,LAD,3,LAD,Final
20190617,mlb,401075812,TB,0,NYY,3,NYY,Final
20190617,mlb,401075806,LAA,10,TOR,5,LAA,Final
20190617,mlb,401075813,HOU,2,CIN,3,CIN,Final
20190617,mlb,401075814,NYM,3,ATL,12,ATL,Final
20190617,mlb,401075807,CLE,2,TEX,7,TEX,Final
20190617,mlb,401075815,BOS,2,MIN,0,BOS,Final
20190617,mlb,401075808,MIA,0,STL,5,STL,Final
20190617,mlb,401075811,SF,3,LAD,2,SF,Final
20190617,mlb,401075809,MIL,0,SD,2,SD,Final
20190617,mlb,401075817,KC,6,SEA,4,KC,Final
20190618,mlb,401075826,TB,3,NYY,6,NYY,Final
20190618,mlb,401075827,DET,5,PIT,4,DET,Final
20190618,mlb,401075818,LAA,3,TOR,1,LAA,Final
20190618,mlb,401075828,HOU,3,CIN,4,CIN,Final
20190618,mlb,401075829,NYM,10,ATL,2,NYM,Final
20190618,mlb,401075819,CHW,3,CHC,1,CHW,Final
20190618,mlb,401075820,CLE,10,TEX,3,CLE,Final
20190618,mlb,401075830,BOS,3,MIN,4,MIN,Final/17
20190618,mlb,401075822,MIA,6,STL,0,MIA,Final
20190618,mlb,401075821,COL,8,ARI,1,COL,Final
20190618,mlb,401075823,MIL,1,SD,4,SD,Final
20190618,mlb,401075825,SF,0,LAD,9,LAD,Final
20190618,mlb,401075832,KC,9,SEA,0,KC,Final
20190619,mlb,401075842,HOU,2,CIN,3,CIN,Final
20190619,mlb,401075841,TB,1,NYY,12,NYY,Final
20190619,mlb,401140507,PHI,2,WSH,6,WSH,Final
20190619,mlb,401075838,MIL,7,SD,8,SD,Final
20190619,mlb,401075844,KC,2,SEA,8,SEA,Final
20190619,mlb,401075839,PHI,0,WSH,2,WSH,Final
20190619,mlb,401075845,DET,7,PIT,8,PIT,Final
20190619,mlb,401075833,LAA,11,TOR,6,LAA,Final
20190619,mlb,401075846,NYM,2,ATL,7,ATL,Final
20190619,mlb,401075834,CHW,3,CHC,7,CHC,Final
20190619,mlb,401075835,CLE,10,TEX,4,CLE,Final
20190619,mlb,401075847,BOS,9,MIN,4,BOS,Final
20190619,mlb,401075837,MIA,1,STL,2,STL,Final/11
20190619,mlb,401075836,COL,6,ARI,4,COL,Final
20190619,mlb,401075840,SF,2,LAD,9,LAD,Final
20190620,mlb,401075850,CLE,2,TEX,4,TEX,Final
20190620,mlb,401075851,COL,6,ARI,4,COL,Final/10
20190620,mlb,401075852,HOU,6,NYY,10,NYY,Final
20190620,mlb,401075856,PHI,4,WSH,7,WSH,Final
20190620,mlb,401075848,LAA,5,TOR,7,TOR,Final/10
20190620,mlb,401075853,MIA,7,STL,6,MIA,Final/11
20190620,mlb,401075849,CIN,7,MIL,1,CIN,Final
20190620,mlb,401075855,NYM,4,CHC,7,CHC,Final
20190620,mlb,401075854,MIN,1,KC,4,KC,Final
20190620,mlb,401075857,SF,8,LAD,9,LAD,Final
20190620,mlb,401075859,BAL,2,SEA,5,SEA,Final
20190621,mlb,401075868,NYM,5,CHC,4,NYM,Final
20190621,mlb,401075861,ATL,3,WSH,4,WSH,Final
20190621,mlb,401075866,HOU,1,NYY,4,NYY,Final
20190621,mlb,401075871,MIA,2,PHI,1,MIA,Final
20190621,mlb,401075872,SD,1,PIT,2,PIT,Final
20190621,mlb,401075865,DET,6,CLE,7,CLE,Final
20190621,mlb,401075870,TOR,5,BOS,7,BOS,Final/10
20190621,mlb,401075860,LAA,1,STL,5,STL,Final
20190621,mlb,401075862,CHW,5,TEX,4,CHW,Final/10
20190621,mlb,401075863,CIN,11,MIL,7,CIN,Final
20190621,mlb,401075867,MIN,8,KC,7,MIN,Final
20190621,mlb,401075869,SF,11,ARI,5,SF,Final
20190621,mlb,401075864,COL,2,LAD,4,LAD,Final
20190621,mlb,401075874,BAL,9,SEA,10,SEA,Final
20190622,mlb,401075875,LAA,2,STL,4,STL,Final
20190622,mlb,401075882,MIN,5,KC,3,MIN,Final/10
20190622,mlb,401075883,NYM,10,CHC,2,NYM,Final
20190622,mlb,401075885,TOR,8,BOS,7,TOR,Final
20190622,mlb,401075886,MIA,5,PHI,3,MIA,Final
20190622,mlb,401075887,SD,3,PIT,6,PIT,Final
20190622,mlb,401075878,CIN,5,MIL,6,MIL,Final
20190622,mlb,401075880,DET,0,CLE,2,CLE,Final
20190622,mlb,401075889,BAL,8,SEA,4,BAL,Final
20190622,mlb,401075876,ATL,13,WSH,9,ATL,Final
20190622,mlb,401075879,COL,4,LAD,5,LAD,Final/11
20190622,mlb,401075877,CHW,5,TEX,6,TEX,Final
20190622,mlb,401075884,SF,7,ARI,4,SF,Final
20190623,mlb,401075895,DET,3,CLE,8,CLE,Final
20190623,mlb,401075900,TOR,6,BOS,1,TOR,Final
20190623,mlb,401075901,MIA,6,PHI,4,MIA,Final
20190623,mlb,401075891,ATL,4,WSH,3,ATL,Final/10
20190623,mlb,401075902,SD,10,PIT,11,PIT,Final/11
20190623,mlb,401075896,HOU,9,NYY,4,HOU,Final
20190623,mlb,401075893,CIN,5,MIL,7,MIL,Final
20190623,mlb,401075897,MIN,1,KC,6,KC,Final
20190623,mlb,401075898,NYM,3,CHC,5,CHC,Final
20190623,mlb,401075892,CHW,4,TEX,7,TEX,Final
20190623,mlb,401075894,COL,3,LAD,6,LAD,Final
20190623,mlb,401075899,SF,2,ARI,3,ARI,Final/10
20190623,mlb,401075904,BAL,3,SEA,13,SEA,Final
20190623,mlb,401075890,LAA,6,STL,4,LAA,Final
20190624,mlb,401075910,TOR,8,NYY,10,NYY,Final
20190624,mlb,401075911,NYM,7,PHI,13,PHI,Final
20190624,mlb,401075906,CHW,5,BOS,6,BOS,Final
20190624,mlb,401075908,KC,2,CLE,3,CLE,Final/10
20190624,mlb,401075905,ATL,3,CHC,8,CHC,Final
20190624,mlb,401075909,LAD,5,ARI,8,ARI,Final
20190624,mlb,401075907,COL,2,SF,0,COL,Final
20190625,mlb,401075921,TEX,5,DET,3,TEX,Final
20190625,mlb,401075922,TOR,3,NYY,4,NYY,Final
20190625,mlb,401075923,NYM,5,PHI,7,PHI,Final
20190625,mlb,401075924,SD,8,BAL,3,SD,Final
20190625,mlb,401075913,CHW,3,BOS,6,BOS,Final
20190625,mlb,401075916,KC,8,CLE,6,KC,Final
20190625,mlb,401075925,WSH,6,MIA,1,WSH,Final
20190625,mlb,401075912,ATL,3,CHC,2,ATL,Final
20190625,mlb,401075919,PIT,1,HOU,5,HOU,Final
20190625,mlb,401075920,SEA,8,MIL,3,SEA,Final
20190625,mlb,401075926,TB,4,MIN,9,MIN,Final
20190625,mlb,401075917,LAD,3,ARI,2,LAD,Final
20190625,mlb,401075915,COL,2,SF,4,SF,Final
20190625,mlb,401075914,CIN,1,LAA,5,LAA,Final
20190626,mlb,401075928,CHW,8,BOS,7,CHW,Final
20190626,mlb,401075937,TOR,7,NYY,8,NYY,Final
20190626,mlb,401075931,KC,3,CLE,5,CLE,Final
20190626,mlb,401075938,SD,10,BAL,5,SD,Final
20190626,mlb,401075932,LAD,2,ARI,8,ARI,Final
20190626,mlb,401075930,COL,6,SF,3,COL,Final
20190626,mlb,401075939,NYM,4,PHI,5,PHI,Final/10
20190626,mlb,401075936,TEX,4,DET,1,TEX,Final
20190626,mlb,401075940,WSH,7,MIA,5,WSH,Final
20190626,mlb,401075935,SEA,4,MIL,2,SEA,Final
20190626,mlb,401075927,ATL,5,CHC,3,ATL,Final
20190626,mlb,401075929,CIN,1,LAA,5,LAA,Final
20190626,mlb,401075934,PIT,14,HOU,2,PIT,Final
20190626,mlb,401075941,TB,4,MIN,6,MIN,Final
20190627,mlb,401075947,NYM,3,PHI,6,PHI,Final
20190627,mlb,401075946,TEX,3,DET,1,TEX,Final
20190627,mlb,401075948,TB,5,MIN,2,TB,Final/18
20190627,mlb,401075944,PIT,10,HOU,0,PIT,Final
20190627,mlb,401075945,SEA,2,MIL,4,MIL,Final
20190627,mlb,401075942,ATL,7,CHC,9,CHC,Final
20190627,mlb,401075949,WSH,8,MIA,5,WSH,Final
20190627,mlb,401075950,LAD,12,COL,8,LAD,Final
20190627,mlb,401075966,ARI,5,SF,1,ARI,Final
20190628,mlb,401075961,CLE,0,BAL,13,BAL,Final
20190628,mlb,401075953,KC,2,TOR,6,TOR,Final
20190628,mlb,401075952,ATL,6,NYM,2,ATL,Final
20190628,mlb,401075959,TEX,5,TB,0,TEX,Final
20190628,mlb,401075960,WSH,3,DET,1,WSH,Final
20190628,mlb,401075962,CHC,3,CIN,6,CIN,Final
20190628,mlb,401075963,PHI,2,MIA,6,MIA,Final
20190628,mlb,401075956,PIT,3,MIL,2,PIT,Final
20190628,mlb,401075954,MIN,4,CHW,6,CHW,Final
20190628,mlb,401075957,SEA,1,HOU,2,HOU,Final/10
20190628,mlb,401075964,LAD,9,COL,13,COL,Final
20190628,mlb,401075958,STL,1,SD,3,SD,Final
20190628,mlb,401075951,ARI,3,SF,6,SF,Final
20190629,mlb,401075971,NYY,17,BOS,13,NYY,Final
20190629,mlb,401075978,CLE,0,BAL,13,BAL,Final
20190629,mlb,401075968,KC,5,TOR,7,TOR,Final
20190629,mlb,401075967,ATL,5,NYM,4,ATL,Final
20190629,mlb,401075976,TEX,2,TB,5,TB,Final
20190629,mlb,401075977,WSH,5,DET,7,DET,Final
20190629,mlb,401075979,CHC,6,CIN,0,CHC,Final
20190629,mlb,401075980,PHI,6,MIA,9,MIA,Final
20190629,mlb,401075970,MIN,10,CHW,3,MIN,Final
20190629,mlb,401075969,LAD,3,COL,5,COL,Final
20190629,mlb,401075973,PIT,1,MIL,3,MIL,Final
20190629,mlb,401075974,SEA,5,HOU,6,HOU,Final/10
20190629,mlb,401075965,ARI,4,SF,3,ARI,Final
20190629,mlb,401075975,STL,2,SD,12,SD,Final
20190630,mlb,401075985,NYY,12,BOS,8,NYY,Final
20190630,mlb,401075992,CLE,2,BAL,0,CLE,Final
20190630,mlb,401075983,KC,7,TOR,6,KC,Final
20190630,mlb,401075990,TEX,2,TB,6,TB,Final
20190630,mlb,401075991,WSH,2,DET,1,WSH,Final
20190630,mlb,401075993,CHC,6,CIN,8,CIN,Final
20190630,mlb,401075994,PHI,13,MIA,6,PHI,Final
20190630,mlb,401075984,MIN,3,CHW,4,CHW,Final
20190630,mlb,401075987,PIT,1,MIL,2,MIL,Final
20190630,mlb,401075988,SEA,1,HOU,6,HOU,Final
20190630,mlb,401075995,LAD,10,COL,5,LAD,Final
20190630,mlb,401075981,ARI,4,SF,10,SF,Final
20190630,mlb,401075989,STL,5,SD,3,STL,Final/11
20190630,mlb,401075982,ATL,5,NYM,8,NYM,Final
20190701,mlb,401075998,KC,4,TOR,11,TOR,Final
20190701,mlb,401076000,CHC,5,PIT,18,PIT,Final
20190701,mlb,401075997,BAL,3,TB,6,TB,Final
20190701,mlb,401076001,MIL,8,CIN,6,MIL,Final
20190701,mlb,401075999,SF,13,SD,2,SF,Final
20190702,mlb,401076011,CHC,1,PIT,5,PIT,Final
20190702,mlb,401076005,BOS,10,TOR,6,BOS,Final
20190702,mlb,401076004,BAL,3,TB,6,TB,Final
20190702,mlb,401076009,NYY,2,NYM,4,NYM,Final
20190702,mlb,401076012,MIL,4,CIN,5,CIN,Final/11
20190702,mlb,401076013,PHI,2,ATL,0,PHI,Final
20190702,mlb,401076002,LAA,9,TEX,4,LAA,Final
20190702,mlb,401076014,HOU,9,COL,8,HOU,Final
20190702,mlb,401076006,CLE,9,KC,5,CLE,Final
20190702,mlb,401076003,ARI,4,LAD,5,LAD,Final
20190702,mlb,401076010,SF,10,SD,4,SF,Final
20190702,mlb,401076016,STL,4,SEA,5,SEA,Final
20190703,mlb,401129373,DET,5,CHW,7,CHW,Final
20190703,mlb,401076023,MIA,1,WSH,3,WSH,Final
20190703,mlb,401076024,NYY,5,NYM,1,NYY,Final
20190703,mlb,401076026,CHC,5,PIT,6,PIT,Final
20190703,mlb,401076020,BOS,3,TOR,6,TOR,Final
20190703,mlb,401076019,BAL,9,TB,6,BAL,Final
20190703,mlb,401076027,MIL,0,CIN,3,CIN,Final
20190703,mlb,401076028,PHI,2,ATL,9,ATL,Final
20190703,mlb,401076017,LAA,6,TEX,2,LAA,Final
20190703,mlb,401076022,DET,6,CHW,9,CHW,Final/12
20190703,mlb,401076029,HOU,4,COL,2,HOU,Final
20190703,mlb,401076021,CLE,4,KC,0,CLE,Final
20190703,mlb,401076025,SF,7,SD,5,SF,Final
20190703,mlb,401076018,ARI,4,LAD,5,LAD,Final/10
20190703,mlb,401076031,STL,5,SEA,2,STL,Final
20190704,mlb,401076036,MIA,2,WSH,5,WSH,Final
20190704,mlb,401076034,CLE,8,KC,4,CLE,Final
20190704,mlb,401076035,DET,11,CHW,5,DET,Final
20190704,mlb,401076039,MIL,0,CIN,1,CIN,Final
20190704,mlb,401076040,CHC,11,PIT,3,CHC,Final
20190704,mlb,401076042,STL,5,SEA,4,STL,Final
20190704,mlb,401076037,NYY,8,TB,4,NYY,Final/10
20190704,mlb,401076043,PHI,6,ATL,12,ATL,Final
20190704,mlb,401076033,BOS,8,TOR,7,BOS,Final
20190704,mlb,401076032,LAA,3,TEX,9,TEX,Final
20190704,mlb,401076038,SD,1,LAD,5,LAD,Final
20190705,mlb,401076048,KC,7,WSH,4,KC,Final/11
20190705,mlb,401076053,MIL,7,PIT,6,MIL,Final/10
20190705,mlb,401076045,BAL,4,TOR,1,BAL,Final
20190705,mlb,401076046,BOS,9,DET,6,BOS,Final
20190705,mlb,401076049,NYY,8,TB,4,NYY,Final/11
20190705,mlb,401076050,PHI,7,NYM,2,PHI,Final
20190705,mlb,401076054,MIA,0,ATL,1,ATL,Final
20190705,mlb,401076044,LAA,5,HOU,4,LAA,Final
20190705,mlb,401076055,TEX,6,MIN,15,MIN,Final
20190705,mlb,401076047,COL,0,ARI,8,ARI,Final
20190705,mlb,401076051,SD,3,LAD,2,SD,Final
20190705,mlb,401076052,STL,9,SF,4,STL,Final
20190706,mlb,401076068,TEX,4,MIN,7,MIN,Final
20190706,mlb,401076058,BAL,8,TOR,1,BAL,Final
20190706,mlb,401076062,KC,0,WSH,6,WSH,Final
20190706,mlb,401076069,MIL,2,PIT,12,PIT,Final
20190706,mlb,401076059,BOS,10,DET,6,BOS,Final
20190706,mlb,401076063,MIA,5,ATL,4,MIA,Final
20190706,mlb,401076064,NYY,3,TB,4,TB,Final
20190706,mlb,401076070,CLE,7,CIN,2,CLE,Final
20190706,mlb,401076057,LAA,0,HOU,4,HOU,Final
20190706,mlb,401076060,CHC,6,CHW,3,CHC,Final
20190706,mlb,401076065,PHI,5,NYM,6,NYM,Final
20190706,mlb,401076067,STL,4,SF,8,SF,Final
20190706,mlb,401076061,COL,2,ARI,4,ARI,Final
20190706,mlb,401076066,SD,3,LAD,1,SD,Final
20190707,mlb,401076073,BAL,1,TOR,6,TOR,Final
20190707,mlb,401076074,BOS,6,DET,3,BOS,Final
20190707,mlb,401076078,NYY,1,TB,2,TB,Final
20190707,mlb,401076079,PHI,8,NYM,3,PHI,Final
20190707,mlb,401076082,CLE,11,CIN,1,CLE,Final
20190707,mlb,401076083,MIA,3,ATL,4,ATL,Final
20190707,mlb,401076077,KC,2,WSH,5,WSH,Final
20190707,mlb,401076084,MIL,5,PIT,6,PIT,Final
20190707,mlb,401076072,LAA,10,HOU,11,HOU,Final/10
20190707,mlb,401076075,CHC,1,CHW,3,CHW,Final
20190707,mlb,401076085,TEX,4,MIN,1,TEX,Final/11
20190707,mlb,401076081,STL,0,SF,1,SF,Final
20190707,mlb,401076076,COL,3,ARI,5,ARI,Final
20190707,mlb,401076080,SD,5,LAD,3,SD,Final
20190711,mlb,401076088,HOU,0,TEX,5,TEX,Final
20190712,mlb,401076095,PIT,3,CHC,4,CHC,Final
20190712,mlb,401076099,WSH,4,PHI,0,WSH,Final
20190712,mlb,401076098,TOR,0,NYY,4,NYY,Final
20190712,mlb,401076100,TB,16,BAL,4,TB,Final
20190712,mlb,401076093,LAD,1,BOS,8,BOS,Final
20190712,mlb,401076094,MIN,5,CLE,3,MIN,Final
20190712,mlb,401076101,NYM,4,MIA,8,MIA,Final
20190712,mlb,401076092,HOU,8,TEX,9,TEX,Final
20190712,mlb,401076097,SF,10,MIL,7,SF,Final/10
20190712,mlb,401076089,ARI,4,STL,2,ARI,Final
20190712,mlb,401076091,DET,5,KC,8,KC,Final
20190712,mlb,401076102,CIN,2,COL,3,COL,Final
20190712,mlb,401076096,SEA,0,LAA,13,LAA,Final
20190712,mlb,401076090,ATL,5,SD,3,ATL,Final
20190713,mlb,401076113,TOR,2,NYY,1,TOR,Final
20190713,mlb,401130557,TB,1,BAL,2,BAL,Final
20190713,mlb,401076110,PIT,4,CHC,10,CHC,Final
20190713,mlb,401076116,NYM,4,MIA,2,NYM,Final
20190713,mlb,401076117,TB,12,BAL,4,TB,Final
20190713,mlb,401076109,MIN,6,CLE,2,MIN,Final
20190713,mlb,401076104,ARI,2,STL,4,STL,Final
20190713,mlb,401076106,DET,1,KC,4,KC,Final
20190713,mlb,401076108,LAD,11,BOS,2,LAD,Final
20190713,mlb,401076112,SF,4,MIL,5,MIL,Final
20190713,mlb,401076115,WSH,4,PHI,3,WSH,Final
20190713,mlb,401076107,HOU,7,TEX,6,HOU,Final/11
20190713,mlb,401076118,CIN,17,COL,9,CIN,Final
20190713,mlb,401076105,ATL,7,SD,5,ATL,Final/10
20190713,mlb,401076111,SEA,2,LAA,9,LAA,Final
20190714,mlb,401076128,TOR,2,NYY,4,NYY,Final
20190714,mlb,401076129,TB,4,BAL,1,TB,Final
20190714,mlb,401076130,WSH,3,PHI,4,PHI,Final
20190714,mlb,401076124,MIN,3,CLE,4,CLE,Final
20190714,mlb,401076131,NYM,6,MIA,2,NYM,Final
20190714,mlb,401076127,SF,8,MIL,3,SF,Final
20190714,mlb,401076119,ARI,2,STL,5,STL,Final
20190714,mlb,401076121,DET,12,KC,8,DET,Final
20190714,mlb,401076125,PIT,3,CHC,8,CHC,Final
20190714,mlb,401076122,HOU,12,TEX,4,HOU,Final
20190714,mlb,401076132,CIN,9,COL,10,COL,Final
20190714,mlb,401076126,SEA,3,LAA,6,LAA,Final
20190714,mlb,401076120,ATL,4,SD,1,ATL,Final
20190714,mlb,401076123,LAD,7,BOS,4,LAD,Final/12
20190715,mlb,401131415,SF,19,COL,2,SF,Final
20190715,mlb,401076142,LAD,16,PHI,2,LAD,Final
20190715,mlb,401076140,TB,5,NYY,4,TB,Final
20190715,mlb,401076137,DET,6,CLE,8,CLE,Final
20190715,mlb,401076141,TOR,8,BOS,10,BOS,Final
20190715,mlb,401076136,CIN,6,CHC,3,CIN,Final
20190715,mlb,401076134,ATL,4,MIL,2,ATL,Final
20190715,mlb,401076135,CHW,2,KC,5,KC,Final
20190715,mlb,401076139,PIT,0,STL,7,STL,Final
20190715,mlb,401076143,SF,2,COL,1,SF,Final
20190715,mlb,401076138,HOU,6,LAA,9,LAA,Final
20190716,mlb,401076151,TB,3,NYY,8,NYY,Final
20190716,mlb,401076153,LAD,8,PHI,9,PHI,Final
20190716,mlb,401076154,WSH,8,BAL,1,WSH,Final
20190716,mlb,401076148,DET,0,CLE,8,CLE,Final
20190716,mlb,401076152,TOR,10,BOS,4,TOR,Final
20190716,mlb,401076155,SD,7,MIA,12,MIA,Final
20190716,mlb,401076144,ARI,9,TEX,2,ARI,Final
20190716,mlb,401076147,CIN,3,CHC,4,CHC,Final/10
20190716,mlb,401076145,ATL,1,MIL,13,MIL,Final
20190716,mlb,401076156,NYM,3,MIN,2,NYM,Final
20190716,mlb,401076146,CHW,0,KC,11,KC,Final
20190716,mlb,401076150,PIT,3,STL,1,PIT,Final
20190716,mlb,401076157,SF,8,COL,4,SF,Final/10
20190716,mlb,401076149,HOU,2,LAA,7,LAA,Final
20190717,mlb,401076168,NYM,14,MIN,4,NYM,Final
20190717,mlb,401076165,PIT,5,STL,6,STL,Final
20190717,mlb,401076160,ATL,4,MIL,5,MIL,Final
20190717,mlb,401076162,CIN,2,CHC,5,CHC,Final
20190717,mlb,401076169,SF,11,COL,8,SF,Final
20190717,mlb,401076171,LAD,7,PHI,2,LAD,Final
20190717,mlb,401076172,WSH,2,BAL,9,BAL,Final
20190717,mlb,401076163,DET,2,CLE,7,CLE,Final
20190717,mlb,401076167,TOR,4,BOS,5,BOS,Final
20190717,mlb,401076173,SD,3,MIA,2,SD,Final
20190717,mlb,401076159,ARI,19,TEX,4,ARI,Final
20190717,mlb,401076161,CHW,5,KC,7,KC,Final
20190717,mlb,401076164,HOU,11,LAA,2,HOU,Final
20190718,mlb,401076181,SD,3,MIA,4,MIA,Final
20190718,mlb,401076182,LAD,6,PHI,7,PHI,Final
20190718,mlb,401076180,TOR,0,BOS,5,BOS,Final
20190718,mlb,401076174,CHW,5,KC,6,KC,Final
20190718,mlb,401152093,TB,2,NYY,6,NYY,Final
20190718,mlb,401076175,DET,3,CLE,6,CLE,Final
20190718,mlb,401076183,STL,7,CIN,4,STL,Final
20190718,mlb,401076184,WSH,13,ATL,4,WSH,Final
20190718,mlb,401076179,TB,1,NYY,5,NYY,Final
20190718,mlb,401076176,HOU,6,LAA,2,HOU,Final
20190718,mlb,401076177,MIL,5,ARI,1,MIL,Final
20190718,mlb,401076178,NYM,2,SF,3,SF,Final/16
20190719,mlb,401076192,SD,5,CHC,6,CHC,Final
20190719,mlb,401076187,COL,2,NYY,8,NYY,Final
20190719,mlb,401076195,BOS,2,BAL,11,BAL,Final
20190719,mlb,401076196,PHI,6,PIT,1,PHI,Final
20190719,mlb,401076186,CHW,9,TB,2,CHW,Final
20190719,mlb,401076188,KC,5,CLE,10,CLE,Final
20190719,mlb,401076194,TOR,12,DET,1,TOR,Final
20190719,mlb,401076197,STL,12,CIN,11,STL,Final
20190719,mlb,401076198,WSH,3,ATL,4,ATL,Final
20190719,mlb,401076193,TEX,3,HOU,4,HOU,Final
20190719,mlb,401076190,MIL,7,ARI,10,ARI,Final
20190719,mlb,401076189,MIA,1,LAD,2,LAD,Final
20190719,mlb,401076200,LAA,0,SEA,10,SEA,Final
20190719,mlb,401076191,NYM,0,SF,1,SF,Final/10
20190720,mlb,401076202,COL,5,NYY,11,NYY,Final
20190720,mlb,401076208,SD,5,CHC,6,CHC,Final
20190720,mlb,401076206,NYM,11,SF,4,NYM,Final
20190720,mlb,401076201,CHW,2,TB,1,CHW,Final/11
20190720,mlb,401076210,TOR,7,DET,5,TOR,Final
20190720,mlb,401076212,BOS,17,BAL,6,BOS,Final
20190720,mlb,401076213,PHI,1,PIT,5,PIT,Final
20190720,mlb,401076203,KC,1,CLE,0,KC,Final
20190720,mlb,401076209,TEX,1,HOU,6,HOU,Final
20190720,mlb,401076214,STL,2,CIN,3,CIN,Final
20190720,mlb,401076211,WSH,5,ATL,3,WSH,Final
20190720,mlb,401076205,MIL,8,ARI,3,MIL,Final
20190720,mlb,401076204,MIA,6,LAD,10,LAD,Final
20190720,mlb,401076215,LAA,6,SEA,2,LAA,Final
20190721,mlb,401076217,COL,8,NYY,4,COL,Final
20190721,mlb,401076225,BOS,0,BAL,5,BAL,Final
20190721,mlb,401076216,CHW,2,TB,4,TB,Final
20190721,mlb,401076218,KC,4,CLE,5,CLE,Final
20190721,mlb,401076224,TOR,3,DET,4,DET,Final/10
20190721,mlb,401076226,STL,3,CIN,1,STL,Final
20190721,mlb,401076228,PHI,2,PIT,1,PHI,Final/11
20190721,mlb,401076223,TEX,3,HOU,5,HOU,Final
20190721,mlb,401076222,SD,5,CHC,1,SD,Final
20190721,mlb,401076221,NYM,2,SF,3,SF,Final/12
20190721,mlb,401076219,MIA,0,LAD,9,LAD,Final
20190721,mlb,401076220,MIL,7,ARI,4,MIL,Final
20190721,mlb,401076230,LAA,9,SEA,3,LAA,Final
20190721,mlb,401076227,WSH,1,ATL,7,ATL,Final
20190722,mlb,401076232,BOS,9,TB,4,BOS,Final
20190722,mlb,401076235,CLE,7,TOR,3,CLE,Final
20190722,mlb,401076234,CIN,6,MIL,5,CIN,Final
20190722,mlb,401076237,MIA,1,CHW,9,CHW,Final
20190722,mlb,401076240,NYY,6,MIN,8,MIN,Final
20190722,mlb,401076231,BAL,3,ARI,6,ARI,Final
20190722,mlb,401076233,CHC,4,SF,5,SF,Final
20190722,mlb,401076241,TEX,3,SEA,7,SEA,Final
20190723,mlb,401076248,COL,1,WSH,11,WSH,Final
20190723,mlb,401076253,STL,4,PIT,3,STL,Final
20190723,mlb,401076247,CLE,1,TOR,2,TOR,Final/10
20190723,mlb,401076244,BOS,5,TB,4,BOS,Final
20190723,mlb,401076251,PHI,3,DET,2,PHI,Final/15
20190723,mlb,401076252,SD,2,NYM,5,NYM,Final
20190723,mlb,401076254,KC,5,ATL,4,KC,Final
20190723,mlb,401076246,CIN,14,MIL,6,CIN,Final
20190723,mlb,401076249,MIA,5,CHW,1,MIA,Final
20190723,mlb,401076255,NYY,14,MIN,12,NYY,Final/10
20190723,mlb,401076243,BAL,7,ARI,2,BAL,Final
20190723,mlb,401076245,CHC,4,SF,5,SF,Final/13
20190723,mlb,401076242,LAA,5,LAD,4,LAA,Final
20190723,mlb,401076256,TEX,7,SEA,2,TEX,Final
20190724,mlb,401076259,BOS,2,TB,3,TB,Final
20190724,mlb,401153313,COL,2,WSH,3,WSH,Final
20190724,mlb,401076266,PHI,4,DET,0,PHI,Final
20190724,mlb,401076261,CIN,4,MIL,5,MIL,Final
20190724,mlb,401076258,BAL,2,ARI,5,ARI,Final
20190724,mlb,401076268,TEX,3,SEA,5,SEA,Final
20190724,mlb,401076260,CHC,4,SF,1,CHC,Final
20190724,mlb,401076263,COL,0,WSH,2,WSH,Final
20190724,mlb,401076269,STL,14,PIT,8,STL,Final
20190724,mlb,401076262,CLE,4,TOR,0,CLE,Final
20190724,mlb,401076267,SD,7,NYM,2,SD,Final
20190724,mlb,401076270,KC,2,ATL,0,KC,Final
20190724,mlb,401076271,NYY,10,MIN,7,NYY,Final
20190724,mlb,401076264,MIA,2,CHW,0,MIA,Final
20190724,mlb,401076257,LAA,3,LAD,2,LAA,Final
20190725,mlb,401076277,SD,0,NYM,4,NYM,Final
20190725,mlb,401076278,STL,6,PIT,3,STL,Final
20190725,mlb,401076274,COL,8,WSH,7,COL,Final
20190725,mlb,401076276,NYY,3,BOS,19,BOS,Final
20190725,mlb,401076275,MIN,10,CHW,3,MIN,Final
20190725,mlb,401076273,CLE,5,KC,4,CLE,Final/14
20190725,mlb,401076272,BAL,10,LAA,8,BAL,Final/16
20190725,mlb,401076280,DET,2,SEA,10,SEA,Final
20190726,mlb,401076293,COL,12,CIN,2,COL,Final
20190726,mlb,401076285,LAD,4,WSH,2,LAD,Final
20190726,mlb,401076291,ATL,9,PHI,2,ATL,Final
20190726,mlb,401076290,TB,3,TOR,1,TB,Final
20190726,mlb,401076287,NYY,5,BOS,10,BOS,Final
20190726,mlb,401076288,PIT,3,NYM,6,NYM,Final
20190726,mlb,401076292,ARI,2,MIA,3,MIA,Final
20190726,mlb,401076282,CHC,2,MIL,3,MIL,Final
20190726,mlb,401076286,MIN,6,CHW,2,MIN,Final
20190726,mlb,401076283,CLE,8,KC,3,CLE,Final
20190726,mlb,401076284,HOU,3,STL,5,STL,Final
20190726,mlb,401076281,BAL,9,LAA,3,BAL,Final
20190726,mlb,401076289,SF,2,SD,1,SF,Final/11
20190726,mlb,401076295,DET,2,SEA,3,SEA,Final
20190727,mlb,401076305,TB,9,TOR,10,TOR,Final/12
20190727,mlb,401076300,LAD,9,WSH,3,LAD,Final
20190727,mlb,401076302,NYY,5,BOS,9,BOS,Final
20190727,mlb,401076306,DET,1,SEA,8,SEA,Final
20190727,mlb,401076307,ARI,9,MIA,2,ARI,Final
20190727,mlb,401076308,ATL,15,PHI,7,ATL,Final
20190727,mlb,401076297,CHC,3,MIL,5,MIL,Final/10
20190727,mlb,401076301,MIN,1,CHW,5,CHW,Final
20190727,mlb,401076303,PIT,0,NYM,3,NYM,Final
20190727,mlb,401076309,COL,1,CIN,3,CIN,Final
20190727,mlb,401076298,CLE,9,KC,1,CLE,Final
20190727,mlb,401076299,HOU,8,STL,2,HOU,Final
20190727,mlb,401076304,SF,1,SD,5,SD,Final
20190727,mlb,401076296,BAL,8,LAA,7,BAL,Final
20190728,mlb,401076321,ATL,4,PHI,9,PHI,Final
20190728,mlb,401076320,TB,10,TOR,9,TB,Final
20190728,mlb,401076318,PIT,7,NYM,8,NYM,Final
20190728,mlb,401076322,ARI,1,MIA,5,MIA,Final
20190728,mlb,401076323,COL,2,CIN,3,CIN,Final
20190728,mlb,401076315,LAD,4,WSH,11,WSH,Final
20190728,mlb,401076312,CHC,11,MIL,4,CHC,Final
20190728,mlb,401076316,MIN,11,CHW,1,MIN,Final
20190728,mlb,401076313,CLE,6,KC,9,KC,Final
20190728,mlb,401076314,HOU,6,STL,2,HOU,Final
20190728,mlb,401076311,BAL,4,LAA,5,LAA,Final
20190728,mlb,401076319,SF,7,SD,6,SF,Final
20190728,mlb,401076325,DET,2,SEA,3,SEA,Final/10
20190728,mlb,401076317,NYY,9,BOS,6,NYY,Final
20190729,mlb,401076326,ATL,3,WSH,6,WSH,Final
20190729,mlb,401076330,ARI,6,MIA,11,MIA,Final
20190729,mlb,401076331,PIT,6,CIN,11,CIN,Final
20190729,mlb,401076329,TOR,7,KC,3,TOR,Final
20190729,mlb,401076332,LAD,1,COL,9,COL,Final
20190729,mlb,401076328,DET,7,LAA,2,DET,Final
20190729,mlb,401076327,BAL,1,SD,8,SD,Final
20190730,mlb,401076335,BAL,8,SD,5,BAL,Final
20190730,mlb,401076334,ATL,11,WSH,8,ATL,Final
20190730,mlb,401076333,ARI,4,NYY,2,ARI,Final
20190730,mlb,401076343,SF,2,PHI,4,PHI,Final
20190730,mlb,401076338,HOU,2,CLE,0,HOU,Final
20190730,mlb,401076341,TB,6,BOS,5,TB,Final
20190730,mlb,401076344,MIN,2,MIA,1,MIN,Final
20190730,mlb,401076345,PIT,11,CIN,4,PIT,Final
20190730,mlb,401076340,SEA,8,TEX,5,SEA,Final
20190730,mlb,401076339,NYM,5,CHW,2,NYM,Final/11
20190730,mlb,401076336,CHC,1,STL,2,STL,Final
20190730,mlb,401076342,TOR,9,KC,2,TOR,Final
20190730,mlb,401076346,LAD,9,COL,4,LAD,Final
20190731,mlb,401076349,ATL,5,WSH,4,ATL,Final/10
20190731,mlb,401076357,PIT,1,CIN,4,CIN,Final
20190731,mlb,401076348,ARI,5,NYY,7,NYY,Final
20190731,mlb,401076356,TOR,4,KC,1,TOR,Final
20190731,mlb,401076358,LAD,5,COL,1,LAD,Final
20190731,mlb,401076351,DET,9,LAA,1,DET,Final
20190731,mlb,401076359,SF,5,PHI,1,SF,Final
20190731,mlb,401076352,HOU,4,CLE,10,CLE,Final
20190731,mlb,401076355,TB,8,BOS,5,TB,Final
20190731,mlb,401076360,MIN,7,MIA,4,MIN,Final
20190731,mlb,401076350,CHC,2,STL,0,CHC,Final
20190731,mlb,401076354,SEA,7,TEX,9,TEX,Final
20190731,mlb,401076353,NYM,4,CHW,2,NYM,Final
20190801,mlb,401076367,MIN,4,MIA,5,MIA,Final/12
20190801,mlb,401076368,SF,2,PHI,10,PHI,Final
20190801,mlb,401076364,NYM,4,CHW,0,NYM,Final
20190801,mlb,401076370,TOR,11,BAL,2,TOR,Final
20190801,mlb,401076363,HOU,7,CLE,1,HOU,Final
20190801,mlb,401076366,TB,9,BOS,4,TB,Final
20190801,mlb,401076362,CHC,0,STL,8,STL,Final
20190801,mlb,401076371,CIN,1,ATL,4,ATL,Final/7
20190801,mlb,401076365,SD,2,LAD,8,LAD,Final
20190802,mlb,401076375,MIL,2,CHC,6,CHC,Final
20190802,mlb,401076373,BOS,2,NYY,4,NYY,Final
20190802,mlb,401076379,CHW,4,PHI,3,CHW,Final/15
20190802,mlb,401076380,NYM,4,PIT,8,PIT,Final
20190802,mlb,401076381,TOR,5,BAL,2,TOR,Final
20190802,mlb,401076372,LAA,3,CLE,7,CLE,Final
20190802,mlb,401076382,CIN,5,ATL,2,CIN,Final
20190802,mlb,401076374,DET,4,TEX,5,TEX,Final
20190802,mlb,401076377,SEA,2,HOU,10,HOU,Final
20190802,mlb,401076383,KC,9,MIN,11,MIN,Final
20190802,mlb,401076384,SF,4,COL,5,COL,Final
20190802,mlb,401076378,WSH,3,ARI,0,WSH,Final
20190802,mlb,401076376,SD,5,LAD,2,SD,Final
20190803,mlb,401076386,BOS,2,NYY,9,NYY,Final
20190803,mlb,401076391,MIL,1,CHC,4,CHC,Final
20190803,mlb,401076390,MIA,6,TB,8,TB,Final
20190803,mlb,401076395,CHW,2,PHI,3,PHI,Final
20190803,mlb,401076396,NYM,7,PIT,5,NYM,Final
20190803,mlb,401076397,TOR,4,BAL,6,BAL,Final
20190803,mlb,401136073,BOS,4,NYY,6,NYY,Final
20190803,mlb,401076385,LAA,2,CLE,7,CLE,Final
20190803,mlb,401076389,KC,3,MIN,11,MIN,Final
20190803,mlb,401076393,SEA,0,HOU,9,HOU,Final
20190803,mlb,401076387,CIN,4,ATL,5,ATL,Final/10
20190803,mlb,401076394,WSH,7,ARI,18,ARI,Final
20190803,mlb,401076398,SF,6,COL,5,SF,Final
20190803,mlb,401076392,SD,1,LAD,4,LAD,Final
20190804,mlb,401076408,CHW,10,PHI,5,CHW,Final
20190804,mlb,401076409,TOR,5,BAL,6,BAL,Final
20190804,mlb,401076400,LAA,2,CLE,6,CLE,Final
20190804,mlb,401076403,MIA,2,TB,7,TB,Final
20190804,mlb,401076410,CIN,6,ATL,4,CIN,Final/10
20190804,mlb,401076411,NYM,13,PIT,2,NYM,Final
20190804,mlb,401076406,SEA,1,HOU,3,HOU,Final
20190804,mlb,401076412,KC,0,MIN,3,MIN,Final
20190804,mlb,401076404,MIL,2,CHC,7,CHC,Final
20190804,mlb,401076402,DET,4,TEX,9,TEX,Final
20190804,mlb,401076413,SF,2,COL,6,COL,Final
20190804,mlb,401076405,SD,10,LAD,11,LAD,Final
20190804,mlb,401076407,WSH,5,ARI,7,ARI,Final
20190804,mlb,401076401,BOS,4,NYY,7,NYY,Final
20190805,mlb,401131953,MIA,2,NYM,6,NYM,Final
20190805,mlb,401076424,MIL,9,PIT,7,MIL,Final
20190805,mlb,401076425,NYY,9,BAL,6,NYY,Final
20190805,mlb,401076415,CHW,7,DET,4,CHW,Final
20190805,mlb,401076416,KC,5,BOS,7,BOS,Final
20190805,mlb,401076417,MIA,4,NYM,5,NYM,Final
20190805,mlb,401076421,TEX,1,CLE,0,TEX,Final
20190805,mlb,401076422,TOR,2,TB,0,TOR,Final
20190805,mlb,401076426,LAA,4,CIN,7,CIN,Final
20190805,mlb,401076427,ATL,3,MIN,5,MIN,Final
20190805,mlb,401076419,PHI,7,ARI,3,PHI,Final
20190805,mlb,401076423,WSH,4,SF,0,WSH,Final
20190805,mlb,401076420,STL,0,LAD,8,LAD,Final
20190806,mlb,401128334,CHW,5,DET,3,CHW,Final
20190806,mlb,401076438,MIL,4,PIT,3,MIL,Final
20190806,mlb,401076439,NYY,9,BAL,4,NYY,Final
20190806,mlb,401076428,CHW,6,DET,10,DET,Final
20190806,mlb,401076430,KC,6,BOS,2,KC,Final
20190806,mlb,401076431,MIA,0,NYM,5,NYM,Final
20190806,mlb,401076436,TOR,6,TB,7,TB,Final/10
20190806,mlb,401076440,LAA,4,CIN,8,CIN,Final
20190806,mlb,401076429,COL,6,HOU,11,HOU,Final
20190806,mlb,401076441,ATL,12,MIN,7,ATL,Final
20190806,mlb,401076433,PHI,4,ARI,8,ARI,Final
20190806,mlb,401076437,WSH,5,SF,3,WSH,Final
20190806,mlb,401076434,STL,1,LAD,3,LAD,Final
20190806,mlb,401076442,SD,9,SEA,4,SD,Final
20190807,mlb,401076446,MIA,2,NYM,7,NYM,Final
20190807,mlb,401076443,CHW,8,DET,1,CHW,Final
20190807,mlb,401076451,TEX,0,CLE,2,CLE,Final
20190807,mlb,401076452,TOR,4,TB,3,TOR,Final
20190807,mlb,401076454,ATL,11,MIN,7,ATL,Final
20190807,mlb,401076450,STL,1,LAD,2,LAD,Final
20190807,mlb,401076453,WSH,4,SF,1,WSH,Final
20190807,mlb,401156993,TEX,1,CLE,5,CLE,Final
20190807,mlb,401076449,SD,2,SEA,3,SEA,Final
20190807,mlb,401076455,MIL,8,PIT,3,MIL,Final
20190807,mlb,401076456,NYY,14,BAL,2,NYY,Final
20190807,mlb,401076445,KC,4,BOS,5,BOS,Final/10
20190807,mlb,401076448,PHI,1,ARI,6,ARI,Final
20190808,mlb,401076460,NYY,12,TOR,6,NYY,Final
20190808,mlb,401076457,LAA,0,BOS,3,BOS,Final
20190808,mlb,401076459,KC,8,DET,10,DET,Final
20190808,mlb,401076462,ATL,2,MIA,9,MIA,Final
20190808,mlb,401076463,CHC,12,CIN,5,CHC,Final
20190808,mlb,401076464,CLE,7,MIN,5,CLE,Final
20190808,mlb,401076461,PHI,0,SF,5,SF,Final
20190808,mlb,401076458,COL,3,SD,9,SD,Final
20190809,mlb,401076475,HOU,3,BAL,2,HOU,Final
20190809,mlb,401076469,NYY,2,TOR,8,TOR,Final
20190809,mlb,401076465,LAA,4,BOS,16,BOS,Final
20190809,mlb,401076468,KC,2,DET,5,DET,Final
20190809,mlb,401076474,WSH,6,NYM,7,NYM,Final
20190809,mlb,401076476,ATL,8,MIA,4,ATL,Final
20190809,mlb,401076477,CHC,2,CIN,5,CIN,Final
20190809,mlb,401076473,TEX,5,MIL,6,MIL,Final
20190809,mlb,401076478,CLE,6,MIN,2,CLE,Final
20190809,mlb,401076472,PIT,2,STL,6,STL,Final
20190809,mlb,401076466,ARI,3,LAD,2,ARI,Final/11
20190809,mlb,401076467,COL,1,SD,7,SD,Final
20190809,mlb,401076479,TB,5,SEA,3,TB,Final
20190809,mlb,401076471,PHI,9,SF,6,PHI,Final
20190810,mlb,401076485,NYY,4,TOR,5,TOR,Final
20190810,mlb,401076480,LAA,12,BOS,4,LAA,Final
20190810,mlb,401076487,PHI,1,SF,3,SF,Final
20190810,mlb,401076484,KC,7,DET,0,KC,Final
20190810,mlb,401076491,ATL,6,MIA,7,MIA,Final/10
20190810,mlb,401076492,HOU,23,BAL,2,HOU,Final
20190810,mlb,401076482,CLE,1,MIN,4,MIN,Final
20190810,mlb,401076489,TEX,2,MIL,3,MIL,Final
20190810,mlb,401076490,WSH,3,NYM,4,NYM,Final
20190810,mlb,401076493,CHC,1,CIN,10,CIN,Final
20190810,mlb,401076488,PIT,1,STL,3,STL,Final
20190810,mlb,401076483,COL,5,SD,8,SD,Final
20190810,mlb,401076481,ARI,0,LAD,4,LAD,Final
20190810,mlb,401076494,TB,5,SEA,4,TB,Final
20190811,mlb,401076495,LAA,5,BOS,4,LAA,Final/10
20190811,mlb,401076505,HOU,7,BAL,8,BAL,Final
20190811,mlb,401076499,NYY,1,TOR,0,NYY,Final
20190811,mlb,401076498,KC,10,DET,2,KC,Final
20190811,mlb,401076504,WSH,7,NYM,4,WSH,Final
20190811,mlb,401076506,ATL,5,MIA,4,ATL,Final
20190811,mlb,401076507,CHC,6,CIN,3,CHC,Final
20190811,mlb,401076503,TEX,1,MIL,0,TEX,Final
20190811,mlb,401076508,CLE,7,MIN,3,CLE,Final/10
20190811,mlb,401076502,PIT,9,STL,11,STL,Final
20190811,mlb,401076497,COL,8,SD,3,COL,Final
20190811,mlb,401076496,ARI,3,LAD,9,LAD,Final
20190811,mlb,401076509,TB,1,SEA,0,TB,Final
20190811,mlb,401076501,PHI,6,SF,9,SF,Final
20190812,mlb,401132778,BAL,5,NYY,8,NYY,Final
20190812,mlb,401076511,BOS,5,CLE,6,CLE,Final
20190812,mlb,401076510,BAL,8,NYY,11,NYY,Final
20190812,mlb,401076512,CIN,6,WSH,7,WSH,Final
20190812,mlb,401076516,TEX,4,TOR,19,TOR,Final
20190812,mlb,401076517,ARI,8,COL,6,ARI,Final
20190812,mlb,401076514,PIT,10,LAA,2,PIT,Final
20190812,mlb,401076515,TB,10,SD,4,TB,Final
20190813,mlb,401161873,HOU,6,CHW,2,HOU,Final
20190813,mlb,401076518,BAL,3,NYY,8,NYY,Final
20190813,mlb,401076520,CIN,1,WSH,3,WSH,Final
20190813,mlb,401076529,CHC,2,PHI,4,PHI,Final
20190813,mlb,401076528,TEX,0,TOR,3,TOR,Final
20190813,mlb,401076519,BOS,7,CLE,6,BOS,Final/10
20190813,mlb,401076525,SEA,11,DET,6,SEA,Final
20190813,mlb,401076530,LAD,15,MIA,1,LAD,Final
20190813,mlb,401076531,NYM,3,ATL,5,ATL,Final
20190813,mlb,401076522,MIN,7,MIL,5,MIN,Final
20190813,mlb,401076526,STL,2,KC,0,STL,Final
20190813,mlb,401076532,ARI,9,COL,3,ARI,Final
20190813,mlb,401076521,HOU,1,CHW,4,CHW,Final
20190813,mlb,401076524,PIT,10,LAA,7,PIT,Final
20190813,mlb,401076527,TB,7,SD,5,TB,Final
20190814,mlb,401076543,TEX,7,TOR,3,TEX,Final
20190814,mlb,401076533,BAL,5,NYY,6,NYY,Final
20190814,mlb,401076534,BOS,5,CLE,1,BOS,Final
20190814,mlb,401076536,HOU,9,CHW,13,CHW,Final
20190814,mlb,401076537,MIN,5,MIL,6,MIL,Final
20190814,mlb,401076544,ARI,6,COL,7,COL,Final
20190814,mlb,401076542,TB,2,SD,7,SD,Final
20190814,mlb,401076535,CIN,7,WSH,17,WSH,Final
20190814,mlb,401076545,CHC,1,PHI,11,PHI,Final
20190814,mlb,401076540,SEA,2,DET,3,DET,Final
20190814,mlb,401076546,LAD,9,MIA,1,LAD,Final
20190814,mlb,401076547,NYM,4,ATL,6,ATL,Final
20190814,mlb,401076539,PIT,4,LAA,7,LAA,Final
20190814,mlb,401076541,STL,6,KC,0,STL,Final
20190815,mlb,401076551,SEA,7,DET,2,SEA,Final
20190815,mlb,401076553,LAD,7,MIA,13,MIA,Final
20190815,mlb,401076549,CLE,19,NYY,5,CLE,Final
20190815,mlb,401076554,CHC,5,PHI,7,PHI,Final
20190815,mlb,401076555,STL,1,CIN,2,CIN,Final
20190815,mlb,401076556,NYM,10,ATL,8,NYM,Final
20190815,mlb,401076550,MIN,13,TEX,6,MIN,Final
20190815,mlb,401076552,SF,7,ARI,0,SF,Final
20190815,mlb,401076548,CHW,7,LAA,8,LAA,Final
20190816,mlb,401076560,CLE,2,NYY,3,NYY,Final
20190816,mlb,401076562,MIL,1,WSH,2,WSH,Final
20190816,mlb,401076567,CHC,2,PIT,3,PIT,Final
20190816,mlb,401076568,SD,4,PHI,8,PHI,Final
20190816,mlb,401076565,SEA,3,TOR,7,TOR,Final
20190816,mlb,401076558,BAL,1,BOS,9,BOS,Final
20190816,mlb,401076561,DET,2,TB,0,DET,Final
20190816,mlb,401076569,STL,13,CIN,4,STL,Final
20190816,mlb,401076570,LAD,8,ATL,3,LAD,Final
20190816,mlb,401076563,MIN,4,TEX,3,MIN,Final
20190816,mlb,401076564,NYM,1,KC,4,KC,Final
20190816,mlb,401076571,MIA,0,COL,3,COL,Final
20190816,mlb,401076566,SF,10,ARI,9,SF,Final/11
20190816,mlb,401076559,CHW,7,LAA,2,CHW,Final
20190817,mlb,401076575,CLE,5,NYY,6,NYY,Final
20190817,mlb,401076583,CHC,2,PIT,0,CHC,Final
20190817,mlb,401076581,SEA,4,TOR,3,SEA,Final
20190817,mlb,401076576,DET,0,TB,1,TB,Final/13
20190817,mlb,401076585,STL,1,CIN,6,CIN,Final
20190817,mlb,401076578,MIL,15,WSH,14,MIL,Final/14
20190817,mlb,401076584,SD,5,PHI,3,SD,Final
20190817,mlb,401076573,BAL,0,BOS,4,BOS,Final
20190817,mlb,401076580,NYM,4,KC,1,NYM,Final
20190817,mlb,401076577,LAD,3,ATL,4,ATL,Final
20190817,mlb,401076579,MIN,12,TEX,7,MIN,Final
20190817,mlb,401076582,SF,11,ARI,6,SF,Final
20190817,mlb,401076586,MIA,4,COL,11,COL,Final
20190817,mlb,401076574,CHW,5,LAA,6,LAA,Final
20190818,mlb,401076588,BAL,7,BOS,13,BOS,Final
20190818,mlb,401076590,CLE,8,NYY,4,CLE,Final
20190818,mlb,401076597,SD,3,PHI,2,SD,Final
20190818,mlb,401076595,SEA,7,TOR,0,SEA,Final
20190818,mlb,401076591,DET,4,TB,5,TB,Final
20190818,mlb,401076598,STL,5,CIN,4,STL,Final
20190818,mlb,401076599,LAD,3,ATL,5,ATL,Final
20190818,mlb,401076592,MIL,8,WSH,16,WSH,Final
20190818,mlb,401076594,NYM,11,KC,5,NYM,Final
20190818,mlb,401076593,MIN,6,TEX,3,MIN,Final
20190818,mlb,401076600,MIA,6,COL,7,COL,Final/10
20190818,mlb,401076589,CHW,2,LAA,9,LAA,Final
20190818,mlb,401076596,SF,1,ARI,6,ARI,Final
20190818,mlb,401076602,CHC,7,PIT,1,CHC,Final
20190819,mlb,401076608,KC,5,BAL,4,KC,Final
20190819,mlb,401076609,WSH,13,PIT,0,WSH,Final
20190819,mlb,401076607,SEA,9,TB,3,SEA,Final
20190819,mlb,401076610,SD,3,CIN,2,SD,Final
20190819,mlb,401076606,MIL,0,STL,3,STL,Final
20190819,mlb,401076603,LAA,7,TEX,8,TEX,Final/11
20190819,mlb,401076605,DET,4,HOU,5,HOU,Final
20190819,mlb,401076611,CHW,6,MIN,4,CHW,Final
20190820,mlb,401151613,LAA,5,TEX,1,LAA,Final
20190820,mlb,401076621,KC,1,BAL,4,BAL,Final
20190820,mlb,401076622,WSH,1,PIT,4,PIT,Final
20190820,mlb,401076613,CLE,2,NYM,9,NYM,Final
20190820,mlb,401076617,PHI,3,BOS,2,PHI,Final
20190820,mlb,401076618,SEA,7,TB,4,SEA,Final
20190820,mlb,401076623,SD,2,CIN,3,CIN,Final
20190820,mlb,401076624,MIA,1,ATL,5,ATL,Final
20190820,mlb,401076616,MIL,4,STL,9,STL,Final
20190820,mlb,401076612,LAA,2,TEX,3,TEX,Final/11
20190820,mlb,401076619,SF,3,CHC,5,CHC,Final
20190820,mlb,401076615,DET,3,HOU,6,HOU,Final
20190820,mlb,401076625,CHW,4,MIN,14,MIN,Final
20190820,mlb,401076614,COL,7,ARI,8,ARI,Final
20190820,mlb,401076620,TOR,3,LAD,16,LAD,Final
20190821,mlb,401076636,SD,2,CIN,4,CIN,Final
20190821,mlb,401076633,SEA,6,TB,7,TB,Final
20190821,mlb,401076637,CHW,4,MIN,0,CHW,Final
20190821,mlb,401076629,COL,7,ARI,2,COL,Final
20190821,mlb,401076627,LAA,7,TEX,8,TEX,Final
20190821,mlb,401076638,KC,1,BAL,8,BAL,Final
20190821,mlb,401076639,WSH,11,PIT,1,WSH,Final
20190821,mlb,401076628,CLE,3,NYM,4,NYM,Final/10
20190821,mlb,401076632,PHI,5,BOS,2,PHI,Final
20190821,mlb,401076640,MIA,0,ATL,5,ATL,Final
20190821,mlb,401076631,MIL,5,STL,3,MIL,Final/8
20190821,mlb,401076634,SF,11,CHC,12,CHC,Final
20190821,mlb,401076630,DET,2,HOU,1,DET,Final
20190821,mlb,401076635,TOR,1,LAD,2,LAD,Final/10
20190822,mlb,401076645,SF,0,CHC,1,CHC,Final
20190822,mlb,401076648,TB,5,BAL,2,TB,Final
20190822,mlb,401076649,WSH,7,PIT,1,WSH,Final
20190822,mlb,401076642,CLE,0,NYM,2,NYM,Final/8
20190822,mlb,401076650,MIA,2,ATL,3,ATL,Final
20190822,mlb,401076643,COL,5,STL,6,STL,Final
20190822,mlb,401076644,DET,3,HOU,6,HOU,Final
20190822,mlb,401076646,TEX,1,CHW,6,CHW,Final
20190822,mlb,401076647,TOR,2,LAD,3,LAD,Final
20190823,mlb,401076660,WSH,9,CHC,3,WSH,Final
20190823,mlb,401076661,CIN,2,PIT,3,PIT,Final
20190823,mlb,401076662,TB,7,BAL,1,TB,Final
20190823,mlb,401076654,ATL,2,NYM,1,ATL,Final/14
20190823,mlb,401076657,KC,1,CLE,4,CLE,Final
20190823,mlb,401076663,PHI,11,MIA,19,MIA,Final
20190823,mlb,401076652,LAA,4,HOU,5,HOU,Final
20190823,mlb,401076653,ARI,1,MIL,6,MIL,Final
20190823,mlb,401076659,TEX,3,CHW,8,CHW,Final
20190823,mlb,401076664,DET,9,MIN,6,DET,Final
20190823,mlb,401076656,COL,3,STL,8,STL,Final
20190823,mlb,401076655,BOS,11,SD,0,BOS,Final
20190823,mlb,401076658,NYY,10,LAD,2,NYY,Final
20190823,mlb,401076665,TOR,4,SEA,7,SEA,Final
20190824,mlb,401076675,WSH,7,CHC,2,WSH,Final
20190824,mlb,401076673,NYY,1,LAD,2,LAD,Final
20190824,mlb,401076676,PHI,9,MIA,3,PHI,Final
20190824,mlb,401076677,CIN,0,PIT,14,PIT,Final
20190824,mlb,401076678,TB,1,BAL,7,BAL,Final
20190824,mlb,401076666,LAA,2,HOU,5,HOU,Final
20190824,mlb,401076667,ARI,0,MIL,4,MIL,Final
20190824,mlb,401076668,ATL,9,NYM,5,ATL,Final
20190824,mlb,401076671,DET,5,MIN,8,MIN,Final
20190824,mlb,401076672,KC,2,CLE,4,CLE,Final
20190824,mlb,401076674,TEX,4,CHW,0,TEX,Final
20190824,mlb,401076670,COL,0,STL,6,STL,Final
20190824,mlb,401076669,BOS,5,SD,4,BOS,Final
20190824,mlb,401076680,TOR,7,SEA,5,TOR,Final
20190825,mlb,401076690,TB,3,BAL,8,BAL,Final
20190825,mlb,401076683,ATL,2,NYM,1,ATL,Final
20190825,mlb,401076686,KC,9,CLE,8,KC,Final/10
20190825,mlb,401076691,PHI,2,MIA,3,MIA,Final
20190825,mlb,401076692,CIN,8,PIT,9,PIT,Final
20190825,mlb,401076681,LAA,2,HOU,11,HOU,Final
20190825,mlb,401076682,ARI,5,MIL,2,ARI,Final
20190825,mlb,401076688,TEX,0,CHW,2,CHW,Final
20190825,mlb,401076693,DET,4,MIN,7,MIN,Final
20190825,mlb,401076685,COL,4,STL,11,STL,Final
20190825,mlb,401076689,WSH,7,CHC,5,WSH,Final/11
20190825,mlb,401076684,BOS,1,SD,3,SD,Final
20190825,mlb,401076695,TOR,1,SEA,3,SEA,Final
20190825,mlb,401076687,NYY,5,LAD,1,NYY,Final
20190826,mlb,401126695,ATL,1,COL,3,COL,Final
20190826,mlb,401076699,STL,12,MIL,2,STL,Final
20190826,mlb,401076700,PIT,5,PHI,6,PHI,Final/11
20190826,mlb,401076701,CIN,6,MIA,3,CIN,Final
20190826,mlb,401076696,ARI,6,SF,4,ARI,Final
20190826,mlb,401076702,NYY,5,SEA,4,NYY,Final
20190826,mlb,401076697,LAD,3,SD,4,SD,Final
20190827,mlb,401076705,BAL,2,WSH,0,BAL,Final
20190827,mlb,401076714,PIT,5,PHI,4,PIT,Final
20190827,mlb,401076704,ATL,1,TOR,3,TOR,Final
20190827,mlb,401076706,CHC,5,NYM,2,CHC,Final
20190827,mlb,401076707,CLE,10,DET,1,CLE,Final
20190827,mlb,401076715,CIN,8,MIA,5,CIN,Final
20190827,mlb,401076711,STL,6,MIL,3,STL,Final
20190827,mlb,401076709,MIN,3,CHW,1,MIN,Final
20190827,mlb,401076712,TB,1,HOU,15,HOU,Final
20190827,mlb,401076716,BOS,10,COL,6,BOS,Final
20190827,mlb,401076703,ARI,3,SF,2,ARI,Final
20190827,mlb,401076713,TEX,2,LAA,5,LAA,Final
20190827,mlb,401076708,LAD,9,SD,0,LAD,Final
20190827,mlb,401076717,NYY,7,SEA,0,NYY,Final
20190828,mlb,401076725,STL,1,MIL,4,MIL,Final
20190828,mlb,401076728,NYY,7,SEA,3,NYY,Final
20190828,mlb,401076729,PIT,3,PHI,12,PHI,Final
20190828,mlb,401076719,BAL,4,WSH,8,WSH,Final
20190828,mlb,401076718,ATL,9,TOR,4,ATL,Final
20190828,mlb,401076720,CHC,10,NYM,7,CHC,Final
20190828,mlb,401076721,CLE,4,DET,2,CLE,Final
20190828,mlb,401076730,CIN,5,MIA,0,CIN,Final
20190828,mlb,401076723,MIN,8,CHW,2,MIN,Final
20190828,mlb,401076726,TB,6,HOU,8,HOU,Final
20190828,mlb,401076731,BOS,7,COL,4,BOS,Final
20190828,mlb,401076722,LAD,6,SD,4,LAD,Final/10
20190828,mlb,401076727,TEX,3,LAA,0,TEX,Final
20190829,mlb,401076733,CLE,2,DET,0,CLE,Final
20190829,mlb,401076735,MIN,10,CHW,5,MIN,Final
20190829,mlb,401076739,TB,9,HOU,8,TB,Final
20190829,mlb,401076732,CHC,4,NYM,1,CHC,Final
20190829,mlb,401076740,CIN,3,MIA,4,MIA,Final/12
20190829,mlb,401076738,SEA,5,TEX,3,SEA,Final
20190829,mlb,401076741,PIT,11,COL,8,PIT,Final
20190829,mlb,401076734,LAD,5,ARI,11,ARI,Final
20190829,mlb,401076737,SD,5,SF,3,SD,Final
20190830,mlb,401076749,MIL,1,CHC,7,CHC,Final
20190830,mlb,401076748,MIA,6,WSH,7,WSH,Final
20190830,mlb,401076754,NYM,11,PHI,5,NYM,Final
20190830,mlb,401076746,HOU,7,TOR,4,HOU,Final
20190830,mlb,401076745,CLE,0,TB,4,TB,Final
20190830,mlb,401076750,MIN,13,DET,5,MIN,Final
20190830,mlb,401076755,CHW,7,ATL,10,ATL,Final
20190830,mlb,401076753,SEA,3,TEX,6,TEX,Final
20190830,mlb,401076742,BAL,14,KC,2,BAL,Final
20190830,mlb,401076756,PIT,9,COL,4,PIT,Final
20190830,mlb,401076747,LAD,4,ARI,5,ARI,Final
20190830,mlb,401076743,BOS,7,LAA,6,BOS,Final/15
20190830,mlb,401076752,SD,3,SF,8,SF,Final
20190831,mlb,401136834,CIN,6,STL,10,STL,Final
20190831,mlb,401076765,MIL,2,CHC,0,MIL,Final
20190831,mlb,401076762,HOU,4,TOR,6,TOR,Final
20190831,mlb,401076770,NYM,6,PHI,3,NYM,Final
20190831,mlb,401076761,CLE,6,TB,9,TB,Final
20190831,mlb,401076766,MIN,7,DET,10,DET,Final
20190831,mlb,401076764,MIA,0,WSH,7,WSH,Final
20190831,mlb,401076757,BAL,5,KC,7,KC,Final
20190831,mlb,401076760,CIN,2,STL,3,STL,Final
20190831,mlb,401076759,CHW,5,ATL,11,ATL,Final
20190831,mlb,401076769,SEA,2,TEX,3,TEX,Final
20190831,mlb,401076763,LAD,5,ARI,6,ARI,Final
20190831,mlb,401076771,PIT,11,COL,4,PIT,Final
20190831,mlb,401076768,SD,4,SF,1,SD,Final
20190831,mlb,401076758,BOS,4,LAA,10,LAA,Final
20190901,mlb,401076774,CIN,3,STL,4,STL,Final
20190901,mlb,401076776,HOU,2,TOR,0,HOU,Final
20190901,mlb,401076775,CLE,2,TB,8,TB,Final
20190901,mlb,401076780,MIN,8,DET,3,MIN,Final
20190901,mlb,401076778,MIA,3,WSH,9,WSH,Final
20190901,mlb,401076772,BAL,4,KC,6,KC,Final
20190901,mlb,401076779,MIL,4,CHC,0,MIL,Final
20190901,mlb,401076783,SEA,11,TEX,3,SEA,Final
20190901,mlb,401076785,PIT,6,COL,2,PIT,Final
20190901,mlb,401076782,SD,8,SF,4,SD,Final
20190901,mlb,401076773,BOS,4,LAA,3,BOS,Final
20190901,mlb,401076777,LAD,4,ARI,3,LAD,Final/11
20190901,mlb,401076786,CHW,3,ATL,5,ATL,Final
20190901,mlb,401076784,NYM,2,PHI,5,PHI,Final
20190901,mlb,401164313,CIN,5,STL,3,CIN,Final
20190902,mlb,401076796,TEX,7,NYY,0,TEX,Final
20190902,mlb,401076792,NYM,7,WSH,3,NYM,Final
20190902,mlb,401076787,BAL,4,TB,5,TB,Final/10
20190902,mlb,401076791,MIN,4,DET,3,MIN,Final
20190902,mlb,401076797,TOR,3,ATL,6,ATL,Final
20190902,mlb,401076798,PHI,7,CIN,1,PHI,Final
20190902,mlb,401076795,SF,1,STL,3,STL,Final
20190902,mlb,401076794,SEA,1,CHC,5,CHC,Final
20190902,mlb,401076790,HOU,3,MIL,2,HOU,Final/10
20190902,mlb,401076793,SD,7,ARI,14,ARI,Final
20190902,mlb,401076788,CHW,3,CLE,11,CLE,Final
20190902,mlb,401076789,COL,9,LAD,16,LAD,Final
20190903,mlb,401076799,BAL,4,TB,2,BAL,Final
20190903,mlb,401076809,TEX,1,NYY,10,NYY,Final
20190903,mlb,401076810,PHI,6,CIN,2,PHI,Final
20190903,mlb,401076814,BAL,0,TB,2,TB,Final
20190903,mlb,401076805,NYM,10,WSH,11,WSH,Final
20190903,mlb,401076811,MIA,5,PIT,4,MIA,Final/10
20190903,mlb,401076800,CHW,6,CLE,5,CHW,Final
20190903,mlb,401076804,MIN,6,BOS,5,MIN,Final
20190903,mlb,401076812,TOR,2,ATL,7,ATL,Final
20190903,mlb,401076803,HOU,2,MIL,4,MIL,Final
20190903,mlb,401076808,SF,0,STL,1,STL,Final
20190903,mlb,401076807,SEA,1,CHC,6,CHC,Final
20190903,mlb,401076802,DET,5,KC,6,KC,Final
20190903,mlb,401076806,SD,1,ARI,2,ARI,Final
20190903,mlb,401076801,COL,3,LAD,5,LAD,Final
20190904,mlb,401076819,NYM,8,WSH,4,NYM,Final
20190904,mlb,401076822,TEX,1,NYY,4,NYY,Final
20190904,mlb,401076823,PHI,5,CIN,8,CIN,Final
20190904,mlb,401076824,MIA,5,PIT,6,PIT,Final
20190904,mlb,401076815,CHW,6,CLE,8,CLE,Final
20190904,mlb,401076818,MIN,2,BOS,6,BOS,Final
20190904,mlb,401076821,SF,9,STL,8,SF,Final
20190904,mlb,401076817,DET,4,KC,5,KC,Final
20190904,mlb,401076820,SD,1,ARI,4,ARI,Final
20190904,mlb,401076816,COL,3,LAD,7,LAD,Final
20190905,mlb,401076833,PHI,3,CIN,4,CIN,Final/11
20190905,mlb,401076826,CHW,7,CLE,1,CHW,Final
20190905,mlb,401076828,DET,6,KC,4,DET,Final
20190905,mlb,401076831,SF,0,STL,10,STL,Final
20190905,mlb,401076835,MIA,10,PIT,7,MIA,Final
20190905,mlb,401076836,TEX,3,BAL,1,TEX,Final
20190905,mlb,401076827,CHC,10,MIL,5,CHC,Final
20190905,mlb,401076829,MIN,2,BOS,1,MIN,Final
20190905,mlb,401076832,TOR,4,TB,6,TB,Final
20190905,mlb,401076837,WSH,2,ATL,4,ATL,Final
20190905,mlb,401076830,SEA,9,HOU,11,HOU,Final/13
20190906,mlb,401076846,STL,4,PIT,9,PIT,Final
20190906,mlb,401076847,TEX,7,BAL,6,TEX,Final
20190906,mlb,401076841,NYY,1,BOS,6,BOS,Final
20190906,mlb,401076842,PHI,4,NYM,5,NYM,Final
20190906,mlb,401076845,TOR,0,TB,5,TB,Final
20190906,mlb,401076848,ARI,7,CIN,5,ARI,Final
20190906,mlb,401076849,KC,3,MIA,0,KC,Final
20190906,mlb,401076850,WSH,3,ATL,4,ATL,Final
20190906,mlb,401076838,LAA,5,CHW,4,LAA,Final
20190906,mlb,401076839,CHC,1,MIL,7,MIL,Final
20190906,mlb,401076843,SEA,4,HOU,7,HOU,Final
20190906,mlb,401076851,CLE,6,MIN,2,CLE,Final/11
20190906,mlb,401076840,COL,3,SD,2,COL,Final
20190906,mlb,401076844,SF,5,LAD,4,SF,Final
20190907,mlb,401076857,NYY,5,BOS,1,NYY,Final
20190907,mlb,401076863,ARI,2,CIN,0,ARI,Final
20190907,mlb,401076861,TOR,3,TB,5,TB,Final
20190907,mlb,401076864,KC,7,MIA,2,KC,Final
20190907,mlb,401076865,STL,10,PIT,1,STL,Final
20190907,mlb,401076866,TEX,9,BAL,4,TEX,Final
20190907,mlb,401076853,LAA,8,CHW,7,LAA,Final
20190907,mlb,401076854,CHC,2,MIL,3,MIL,Final
20190907,mlb,401076855,CLE,3,MIN,5,MIN,Final
20190907,mlb,401076858,PHI,5,NYM,0,PHI,Final
20190907,mlb,401076859,SEA,1,HOU,2,HOU,Final
20190907,mlb,401076862,WSH,4,ATL,5,ATL,Final
20190907,mlb,401076856,COL,0,SD,3,SD,Final
20190907,mlb,401076860,SF,1,LAD,0,SF,Final
20190908,mlb,401076876,TEX,10,BAL,4,TEX,Final
20190908,mlb,401076872,PHI,10,NYM,7,PHI,Final
20190908,mlb,401076875,TOR,3,TB,8,TB,Final
20190908,mlb,401076877,ARI,3,CIN,4,CIN,Final
20190908,mlb,401076878,KC,0,MIA,9,MIA,Final
20190908,mlb,401076879,WSH,9,ATL,4,WSH,Final
20190908,mlb,401076880,STL,2,PIT,0,STL,Final
20190908,mlb,401076868,LAA,1,CHW,5,CHW,Final
20190908,mlb,401076869,CHC,5,MIL,8,MIL,Final
20190908,mlb,401076873,SEA,1,HOU,21,HOU,Final
20190908,mlb,401076881,CLE,5,MIN,2,CLE,Final
20190908,mlb,401076870,COL,1,SD,2,SD,Final/10
20190908,mlb,401076874,SF,0,LAD,5,LAD,Final
20190908,mlb,401076871,NYY,10,BOS,5,NYY,Final
20190909,mlb,401076889,ATL,7,PHI,2,ATL,Final
20190909,mlb,401076883,ARI,1,NYM,3,NYM,Final
20190909,mlb,401076886,NYY,5,BOS,0,NYY,Final
20190909,mlb,401076890,MIL,8,MIA,3,MIL,Final
20190909,mlb,401076888,PIT,6,SF,4,PIT,Final
20190909,mlb,401076885,CLE,6,LAA,2,CLE,Final
20190909,mlb,401076884,CHC,10,SD,2,CHC,Final
20190910,mlb,401076896,NYY,11,DET,12,DET,Final
20190910,mlb,401076900,ATL,5,PHI,6,PHI,Final
20190910,mlb,401076901,LAD,7,BAL,3,LAD,Final
20190910,mlb,401076892,BOS,3,TOR,4,TOR,Final
20190910,mlb,401076891,ARI,2,NYM,3,NYM,Final
20190910,mlb,401076902,MIL,4,MIA,3,MIL,Final
20190910,mlb,401076903,WSH,0,MIN,5,MIN,Final
20190910,mlb,401076899,TB,5,TEX,3,TB,Final/11
20190910,mlb,401076895,KC,3,CHW,7,CHW,Final
20190910,mlb,401076904,STL,1,COL,2,COL,Final
20190910,mlb,401076898,PIT,4,SF,5,SF,Final
20190910,mlb,401076894,CLE,8,LAA,0,CLE,Final
20190910,mlb,401076893,CHC,8,SD,9,SD,Final/10
20190910,mlb,401076905,CIN,3,SEA,4,SEA,Final
20190911,mlb,401076915,ATL,3,PHI,1,ATL,Final
20190911,mlb,401076916,LAD,3,BAL,7,BAL,Final
20190911,mlb,401076907,BOS,0,TOR,8,TOR,Final
20190911,mlb,401076906,ARI,0,NYM,9,NYM,Final
20190911,mlb,401076917,MIL,7,MIA,5,MIL,Final
20190911,mlb,401076918,WSH,6,MIN,2,WSH,Final
20190911,mlb,401076909,CLE,4,LAA,3,CLE,Final
20190911,mlb,401076910,KC,8,CHW,6,KC,Final
20190911,mlb,401076919,STL,1,COL,2,COL,Final
20190911,mlb,401076913,PIT,6,SF,3,PIT,Final
20190911,mlb,401076908,CHC,0,SD,4,SD,Final
20190911,mlb,401076920,CIN,3,SEA,5,SEA,Final
20190912,mlb,401076921,ARI,1,NYM,11,NYM,Final
20190912,mlb,401076925,NYY,10,DET,4,NYY,Final
20190912,mlb,401076932,MIL,3,MIA,2,MIL,Final
20190912,mlb,401076924,KC,6,CHW,3,KC,Final
20190912,mlb,401076929,STL,10,COL,3,STL,Final
20190912,mlb,401076923,CHC,4,SD,1,CHC,Final
20190912,mlb,401076927,PIT,4,SF,2,PIT,Final
20190912,mlb,401167116,NYY,6,DET,4,NYY,Final
20190912,mlb,401076922,BOS,7,TOR,4,BOS,Final
20190912,mlb,401076930,ATL,5,PHI,9,PHI,Final
20190912,mlb,401076931,LAD,4,BAL,2,LAD,Final
20190912,mlb,401076933,WSH,12,MIN,6,WSH,Final
20190912,mlb,401076928,TB,4,TEX,6,TEX,Final
20190912,mlb,401076934,CIN,11,SEA,5,CIN,Final
20190913,mlb,401076945,PIT,8,CHC,17,CHC,Final
20190913,mlb,401076935,ATL,5,WSH,0,ATL,Final
20190913,mlb,401076943,NYY,5,TOR,6,TOR,Final/12
20190913,mlb,401076936,BAL,6,DET,2,BAL,Final
20190913,mlb,401076939,LAD,9,NYM,2,LAD,Final
20190913,mlb,401076938,HOU,4,KC,1,HOU,Final
20190913,mlb,401076941,MIL,0,STL,10,STL,Final
20190913,mlb,401076947,SD,8,COL,10,COL,Final
20190913,mlb,401076937,CIN,4,ARI,3,CIN,Final
20190913,mlb,401076946,TB,11,LAA,4,TB,Final
20190913,mlb,401076948,CHW,9,SEA,7,CHW,Final
20190913,mlb,401076940,MIA,0,SF,1,SF,Final
20190914,mlb,401168693,MIN,2,CLE,0,MIN,Final
20190914,mlb,401076959,PIT,1,CHC,14,CHC,Final
20190914,mlb,401076957,NYY,13,TOR,3,NYY,Final
20190914,mlb,401076949,ATL,10,WSH,1,ATL,Final
20190914,mlb,401076950,BAL,4,DET,8,DET,Final/12
20190914,mlb,401076961,BOS,2,PHI,1,BOS,Final
20190914,mlb,401076953,LAD,0,NYM,3,NYM,Final
20190914,mlb,401076956,MIN,9,CLE,5,MIN,Final
20190914,mlb,401076952,HOU,6,KC,1,HOU,Final
20190914,mlb,401076955,MIL,5,STL,2,MIL,Final
20190914,mlb,401076951,CIN,0,ARI,1,ARI,Final
20190914,mlb,401076962,SD,10,COL,11,COL,Final
20190914,mlb,401076954,MIA,4,SF,2,MIA,Final
20190914,mlb,401076960,TB,3,LAA,1,TB,Final
20190914,mlb,401076963,CHW,1,SEA,2,SEA,Final/10
20190915,mlb,401076976,BOS,6,PHI,3,BOS,Final
20190915,mlb,401076972,NYY,4,TOR,6,TOR,Final
20190915,mlb,401076965,BAL,8,DET,2,BAL,Final
20190915,mlb,401076971,MIN,5,CLE,7,CLE,Final
20190915,mlb,401076964,ATL,0,WSH,7,WSH,Final
20190915,mlb,401076967,HOU,12,KC,3,HOU,Final
20190915,mlb,401076970,MIL,7,STL,6,MIL,Final
20190915,mlb,401076974,PIT,6,CHC,16,CHC,Final
20190915,mlb,401076977,SD,5,COL,10,COL,Final
20190915,mlb,401076969,MIA,1,SF,2,SF,Final
20190915,mlb,401076975,TB,4,LAA,6,LAA,Final
20190915,mlb,401076966,CIN,3,ARI,1,CIN,Final
20190915,mlb,401076978,CHW,10,SEA,11,SEA,Final
20190915,mlb,401076968,LAD,3,NYM,2,LAD,Final
20190916,mlb,401076979,BAL,2,DET,5,DET,Final
20190916,mlb,401076982,SD,1,MIL,5,MIL,Final
20190916,mlb,401076984,CHW,3,MIN,5,MIN,Final
20190916,mlb,401076983,WSH,2,STL,4,STL,Final
20190916,mlb,401076980,CIN,2,CHC,8,CHC,Final
20190916,mlb,401076985,NYM,4,COL,9,COL,Final
20190916,mlb,401076981,MIA,5,ARI,7,ARI,Final
20190917,mlb,401076987,LAA,0,NYY,8,NYY,Final
20190917,mlb,401076996,SEA,6,PIT,0,SEA,Final
20190917,mlb,401076997,TOR,8,BAL,5,TOR,Final
20190917,mlb,401076989,DET,2,CLE,7,CLE,Final
20190917,mlb,401076992,SF,7,BOS,6,SF,Final/15
20190917,mlb,401076998,PHI,5,ATL,4,PHI,Final
20190917,mlb,401076991,SD,1,MIL,3,MIL,Final
20190917,mlb,401076999,CHW,8,MIN,9,MIN,Final/12
20190917,mlb,401076995,WSH,6,STL,2,WSH,Final
20190917,mlb,401076988,CIN,4,CHC,2,CIN,Final
20190917,mlb,401076994,TEX,1,HOU,4,HOU,Final
20190917,mlb,401077000,NYM,6,COL,1,NYM,Final
20190917,mlb,401076990,MIA,12,ARI,6,MIA,Final
20190917,mlb,401076993,TB,5,LAD,7,LAD,Final
20190918,mlb,401077010,WSH,1,STL,5,STL,Final
20190918,mlb,401077011,NYM,7,COL,4,NYM,Final
20190918,mlb,401077005,MIA,4,ARI,5,ARI,Final
20190918,mlb,401077002,LAA,3,NYY,2,LAA,Final
20190918,mlb,401077013,SEA,4,PIT,1,SEA,Final
20190918,mlb,401077014,TOR,11,BAL,10,TOR,Final
20190918,mlb,401077004,DET,1,CLE,2,CLE,Final/10
20190918,mlb,401077007,SF,11,BOS,3,SF,Final
20190918,mlb,401077015,PHI,4,ATL,1,PHI,Final
20190918,mlb,401077006,SD,2,MIL,1,SD,Final
20190918,mlb,401077016,CHW,3,MIN,1,CHW,Final
20190918,mlb,401077003,CIN,3,CHC,2,CIN,Final/10
20190918,mlb,401077008,TB,8,LAD,7,TB,Final/11
20190918,mlb,401077009,TEX,2,HOU,3,HOU,Final
20190919,mlb,401077022,PHI,4,ATL,5,ATL,Final
20190919,mlb,401077023,SEA,6,PIT,5,SEA,Final/11
20190919,mlb,401077020,SF,4,BOS,5,BOS,Final
20190919,mlb,401077019,SD,1,MIL,5,MIL,Final
20190919,mlb,401077017,LAA,1,NYY,9,NYY,Final
20190919,mlb,401077024,TOR,8,BAL,4,TOR,Final
20190919,mlb,401077018,DET,0,CLE,7,CLE,Final
20190919,mlb,401077021,STL,5,CHC,4,STL,Final/10
20190919,mlb,401077025,KC,5,MIN,8,MIN,Final
20190920,mlb,401077033,STL,2,CHC,1,STL,Final
20190920,mlb,401077031,PHI,2,CLE,5,CLE,Final
20190920,mlb,401077034,TOR,4,NYY,3,TOR,Final
20190920,mlb,401077035,SEA,3,BAL,5,BAL,Final
20190920,mlb,401077028,BOS,4,TB,5,TB,Final/11
20190920,mlb,401077029,CHW,10,DET,1,CHW,Final
20190920,mlb,401077036,NYM,8,CIN,1,NYM,Final
20190920,mlb,401077037,WSH,6,MIA,4,WSH,Final
20190920,mlb,401077038,SF,0,ATL,6,ATL,Final
20190920,mlb,401077026,LAA,4,HOU,6,HOU,Final
20190920,mlb,401077032,PIT,1,MIL,10,MIL,Final
20190920,mlb,401077039,KC,3,MIN,4,MIN,Final
20190920,mlb,401077030,COL,5,LAD,12,LAD,Final
20190920,mlb,401077027,ARI,9,SD,0,ARI,Final
20190921,mlb,401077051,TOR,2,NYY,7,NYY,Final
20190921,mlb,401077050,STL,9,CHC,8,STL,Final
20190921,mlb,401077052,NYM,2,CIN,3,CIN,Final
20190921,mlb,401077043,BOS,4,TB,5,TB,Final/11
20190921,mlb,401077044,CHW,5,DET,3,CHW,Final
20190921,mlb,401077053,WSH,10,MIA,4,WSH,Final/10
20190921,mlb,401077054,SEA,7,BAL,6,SEA,Final/13
20190921,mlb,401077041,LAA,8,HOU,4,LAA,Final
20190921,mlb,401077046,KC,12,MIN,5,KC,Final
20190921,mlb,401077047,PHI,9,CLE,4,PHI,Final
20190921,mlb,401077048,PIT,1,MIL,10,MIL,Final
20190921,mlb,401077049,SF,1,ATL,8,ATL,Final
20190921,mlb,401077042,ARI,4,SD,2,ARI,Final
20190921,mlb,401077045,COL,4,LAD,2,COL,Final
20190922,mlb,401077064,TOR,3,NYY,8,NYY,Final
20190922,mlb,401077065,SEA,1,BAL,2,BAL,Final
20190922,mlb,401077058,BOS,7,TB,4,BOS,Final
20190922,mlb,401077059,CHW,3,DET,6,DET,Final
20190922,mlb,401077066,NYM,6,CIN,3,NYM,Final
20190922,mlb,401077067,WSH,3,MIA,5,MIA,Final
20190922,mlb,401077068,SF,4,ATL,1,SF,Final
20190922,mlb,401077056,LAA,5,HOU,13,HOU,Final
20190922,mlb,401077062,PIT,3,MIL,4,MIL,Final
20190922,mlb,401077069,KC,8,MIN,12,MIN,Final
20190922,mlb,401077063,STL,3,CHC,2,STL,Final
20190922,mlb,401077057,ARI,4,SD,6,SD,Final/10
20190922,mlb,401077060,COL,4,LAD,7,LAD,Final
20190922,mlb,401077061,PHI,1,CLE,10,CLE,Final
20190923,mlb,401077074,PHI,2,WSH,7,WSH,Final
20190923,mlb,401077071,BAL,10,TOR,11,TOR,Final/15
20190923,mlb,401077072,BOS,4,TB,7,TB,Final
20190923,mlb,401077073,MIA,8,NYM,4,MIA,Final
20190923,mlb,401077075,STL,9,ARI,7,STL,Final
20190924,mlb,401140972,PHI,1,WSH,4,WSH,Final
20190924,mlb,401077083,MIN,4,DET,2,MIN,Final
20190924,mlb,401077088,MIL,4,CIN,2,MIL,Final
20190924,mlb,401077086,PHI,5,WSH,6,WSH,Final
20190924,mlb,401077089,CHC,2,PIT,9,PIT,Final
20190924,mlb,401077077,BAL,11,TOR,4,BAL,Final
20190924,mlb,401077082,MIA,4,NYM,5,NYM,Final/11
20190924,mlb,401077084,NYY,1,TB,2,TB,Final/12
20190924,mlb,401077079,CLE,11,CHW,0,CLE,Final
20190924,mlb,401077078,BOS,12,TEX,10,BOS,Final
20190924,mlb,401077076,ATL,6,KC,9,KC,Final
20190924,mlb,401077087,STL,2,ARI,3,ARI,Final/19
20190924,mlb,401077080,COL,8,SF,5,COL,Final/16
20190924,mlb,401077081,LAD,6,SD,3,LAD,Final
20190924,mlb,401077090,HOU,3,SEA,0,HOU,Final
20190925,mlb,401077102,STL,7,ARI,9,ARI,Final
20190925,mlb,401077098,MIN,5,DET,1,MIN,Final
20190925,mlb,401077103,MIL,9,CIN,2,MIL,Final
20190925,mlb,401077099,NYY,0,TB,4,TB,Final
20190925,mlb,401077101,PHI,2,WSH,5,WSH,Final
20190925,mlb,401077104,CHC,2,PIT,4,PIT,Final
20190925,mlb,401077092,BAL,2,TOR,3,TOR,Final
20190925,mlb,401077097,MIA,3,NYM,10,NYM,Final
20190925,mlb,401077093,BOS,10,TEX,3,BOS,Final
20190925,mlb,401077094,CLE,3,CHW,8,CHW,Final
20190925,mlb,401077091,ATL,10,KC,2,ATL,Final
20190925,mlb,401077095,COL,1,SF,2,SF,Final
20190925,mlb,401077096,LAD,6,SD,4,LAD,Final
20190925,mlb,401077105,HOU,3,SEA,0,HOU,Final
20190926,mlb,401077114,MIL,5,CIN,3,MIL,Final
20190926,mlb,401077112,MIN,10,DET,4,MIN,Final
20190926,mlb,401077106,BOS,5,TEX,7,TEX,Final
20190926,mlb,401077110,LAD,1,SD,0,LAD,Final
20190926,mlb,401077108,COL,3,SF,8,SF,Final
20190926,mlb,401077113,PHI,3,WSH,6,WSH,Final
20190926,mlb,401077115,CHC,5,PIT,9,PIT,Final
20190926,mlb,401077111,MIA,4,NYM,2,MIA,Final
20190926,mlb,401077107,CLE,0,CHW,8,CHW,Final
20190926,mlb,401077109,HOU,3,LAA,4,LAA,Final/12
20190927,mlb,401077120,CLE,2,WSH,8,WSH,Final
20190927,mlb,401077128,CIN,5,PIT,6,PIT,Final
20190927,mlb,401077129,MIA,4,PHI,5,PHI,Final/15
20190927,mlb,401077127,TB,6,TOR,2,TB,Final
20190927,mlb,401077117,ATL,2,NYM,4,NYM,Final
20190927,mlb,401077118,BAL,4,BOS,1,BAL,Final
20190927,mlb,401077119,CHC,8,STL,2,CHC,Final
20190927,mlb,401077125,NYY,14,TEX,7,NYY,Final
20190927,mlb,401077130,MIL,7,COL,11,COL,Final
20190927,mlb,401077124,MIN,6,KC,2,MIN,Final/7
20190927,mlb,401077126,SD,3,ARI,6,ARI,Final
20190927,mlb,401077122,HOU,4,LAA,0,HOU,Final
20190927,mlb,401077123,LAD,9,SF,2,LAD,Final
20190928,mlb,401077133,BAL,9,BOS,4,BAL,Final
20190928,mlb,401077139,MIN,4,KC,3,MIN,Final
20190928,mlb,401077142,TB,1,TOR,4,TOR,Final
20190928,mlb,401077136,DET,1,CHW,7,CHW,Final
20190928,mlb,401077135,CLE,7,WSH,10,WSH,Final
20190928,mlb,401077138,LAD,2,SF,0,LAD,Final
20190928,mlb,401077143,MIA,3,PHI,9,PHI,Final
20190928,mlb,401172775,DET,4,CHW,3,DET,Final
20190928,mlb,401077144,CIN,4,PIT,2,CIN,Final/12
20190928,mlb,401077132,ATL,0,NYM,3,NYM,Final
20190928,mlb,401077134,CHC,8,STL,6,CHC,Final
20190928,mlb,401077140,NYY,4,TEX,9,TEX,Final
20190928,mlb,401077141,SD,5,ARI,6,ARI,Final
20190928,mlb,401077145,MIL,2,COL,3,COL,Final/10
20190928,mlb,401077137,HOU,6,LAA,3,HOU,Final
20190929,mlb,401077148,BAL,4,BOS,5,BOS,Final
20190929,mlb,401077150,CLE,2,WSH,8,WSH,Final
20190929,mlb,401077153,LAD,9,SF,0,LAD,Final
20190929,mlb,401077155,NYY,1,TEX,6,TEX,Final
20190929,mlb,401077158,CIN,3,PIT,1,CIN,Final
20190929,mlb,401077159,MIA,4,PHI,3,MIA,Final
20190929,mlb,401077152,HOU,8,LAA,5,HOU,Final
20190929,mlb,401077157,TB,3,TOR,8,TOR,Final
20190929,mlb,401077147,ATL,6,NYM,7,NYM,Final/11
20190929,mlb,401077151,DET,3,CHW,5,CHW,Final
20190929,mlb,401077156,SD,0,ARI,1,ARI,Final
20190929,mlb,401077161,MIL,3,COL,4,COL,Final/13
20190929,mlb,401077149,CHC,0,STL,9,STL,Final
20190929,mlb,401077154,MIN,4,KC,5,KC,Final
20191001,mlb,401169053,MIL,3,WSH,4,WSH,Final
20191003,mlb,401169074,STL,7,ATL,6,STL,Final
20191003,mlb,401169073,WSH,0,LAD,6,LAD,Final
20191004,mlb,401169075,TB,2,HOU,6,HOU,Final
20191004,mlb,401169078,STL,0,ATL,3,ATL,Final
20191004,mlb,401169076,MIN,4,NYY,10,NYY,Final
20191004,mlb,401169077,WSH,4,LAD,2,WSH,Final
20191005,mlb,401169080,MIN,2,NYY,8,NYY,Final
20191005,mlb,401169079,TB,1,HOU,3,HOU,Final
20191006,mlb,401169082,ATL,3,STL,1,ATL,Final
20191006,mlb,401169081,LAD,10,WSH,4,LAD,Final
20191007,mlb,401169083,HOU,3,TB,10,TB,Final
20191007,mlb,401169086,ATL,4,STL,5,STL,Final/10
20191007,mlb,401169085,LAD,1,WSH,6,WSH,Final
20191007,mlb,401169084,NYY,5,MIN,1,NYY,Final
20191008,mlb,401169087,HOU,1,TB,4,TB,Final
20191009,mlb,401169090,STL,13,ATL,1,STL,Final
20191009,mlb,401169089,WSH,7,LAD,3,WSH,Final/10
20191010,mlb,401169091,TB,1,HOU,6,HOU,Final
20191011,mlb,401169093,WSH,2,STL,0,WSH,Final
20191012,mlb,401169095,WSH,3,STL,1,WSH,Final
20191012,mlb,401169094,NYY,7,HOU,0,NYY,Final
20191013,mlb,401169096,NYY,2,HOU,3,HOU,Final/11
20191014,mlb,401169097,STL,1,WSH,8,WSH,Final
20191015,mlb,401169098,HOU,4,NYY,1,HOU,Final
20191015,mlb,401169099,STL,4,WSH,7,WSH,Final
20191017,mlb,401169102,HOU,8,NYY,3,HOU,Final
20191018,mlb,401180713,HOU,1,NYY,4,NYY,Final
20191019,mlb,401169104,NYY,4,HOU,6,HOU,Final
20191022,mlb,401169107,WSH,5,HOU,4,WSH,Final
20191023,mlb,401169112,WSH,12,HOU,3,WSH,Final
20191025,mlb,401169109,HOU,4,WSH,1,HOU,Final
20191026,mlb,401169110,HOU,8,WSH,1,HOU,Final
20191027,mlb,401169113,HOU,7,WSH,1,HOU,Final
20191029,mlb,401169114,WSH,7,HOU,2,WSH,Final
20191030,mlb,401169115,WSH,6,HOU,2,WSH,Final
20190320,mlb,401077162,SEA,9,ATH,7,SEA,Final
20190321,mlb,401077163,SEA,5,ATH,4,SEA,Final/12
20190328,mlb,401074743,LAA,0,ATH,4,ATH,Final
20190329,mlb,401074754,LAA,6,ATH,2,LAA,Final
20190330,mlb,401074769,LAA,2,ATH,4,ATH,Final
20190331,mlb,401074784,LAA,1,ATH,2,ATH,Final
20190401,mlb,401074797,BOS,0,ATH,7,ATH,Final
20190402,mlb,401074809,BOS,0,ATH,1,ATH,Final
20190403,mlb,401074824,BOS,6,ATH,3,BOS,Final
20190404,mlb,401074832,BOS,3,ATH,7,ATH,Final
20190405,mlb,401074837,ATH,2,HOU,3,HOU,Final
20190406,mlb,401074849,ATH,0,HOU,6,HOU,Final
20190407,mlb,401074863,ATH,8,HOU,9,HOU,Final
20190408,mlb,401074882,ATH,4,BAL,12,BAL,Final
20190409,mlb,401074896,ATH,13,BAL,2,ATH,Final
20190410,mlb,401074911,ATH,10,BAL,3,ATH,Final
20190411,mlb,401074921,ATH,8,BAL,5,ATH,Final
20190412,mlb,401074929,ATH,8,TEX,6,ATH,Final
20190414,mlb,401074957,ATH,7,TEX,8,TEX,Final
20190416,mlb,401074988,HOU,9,ATH,1,HOU,Final
20190417,mlb,401075003,HOU,1,ATH,2,ATH,Final
20190419,mlb,401075028,TOR,5,ATH,1,TOR,Final
20190420,mlb,401075039,TOR,10,ATH,1,TOR,Final
20190421,mlb,401075058,TOR,5,ATH,4,TOR,Final
20190422,mlb,401075068,TEX,1,ATH,6,ATH,Final
20190423,mlb,401075084,TEX,5,ATH,11,ATH,Final
20190424,mlb,401075096,TEX,5,ATH,6,ATH,Final
20190426,mlb,401075116,ATH,2,TOR,4,TOR,Final
20190427,mlb,401075133,ATH,1,TOR,7,TOR,Final
20190428,mlb,401075146,ATH,4,TOR,5,TOR,Final/11
20190429,mlb,401075158,ATH,4,BOS,9,BOS,Final
20190430,mlb,401075168,ATH,1,BOS,5,BOS,Final
20190501,mlb,401075183,ATH,3,BOS,7,BOS,Final
20190503,mlb,401075209,ATH,14,PIT,1,ATH,Final
20190504,mlb,401075225,ATH,4,PIT,6,PIT,Final
20190505,mlb,401075241,ATH,3,PIT,5,PIT,Final/13
20190507,mlb,401075271,CIN,0,ATH,2,ATH,Final
20190508,mlb,401075286,CIN,4,ATH,5,ATH,Final/13
20190509,mlb,401075296,CIN,3,ATH,0,CIN,Final
20190510,mlb,401075311,CLE,3,ATH,4,ATH,Final/12
20190511,mlb,401075326,CLE,2,ATH,3,ATH,Final
20190512,mlb,401075341,CLE,5,ATH,3,CLE,Final
20190513,mlb,401075348,ATH,5,SEA,6,SEA,Final/10
20190514,mlb,401075363,ATH,3,SEA,4,SEA,Final
20190516,mlb,401075379,ATH,17,DET,3,ATH,Final
20190517,mlb,401075391,ATH,7,DET,2,ATH,Final
20190518,mlb,401075407,ATH,4,DET,1,ATH,Final
20190519,mlb,401075421,ATH,7,DET,3,ATH,Final
20190520,mlb,401075437,ATH,6,CLE,4,ATH,Final
20190521,mlb,401075451,ATH,5,CLE,3,ATH,Final
20190522,mlb,401075466,ATH,7,CLE,2,ATH,Final
20190524,mlb,401075495,SEA,2,ATH,6,ATH,Final
20190525,mlb,401075510,SEA,5,ATH,6,ATH,Final
20190526,mlb,401075525,SEA,1,ATH,7,ATH,Final
20190527,mlb,401075536,LAA,5,ATH,8,ATH,Final
20190528,mlb,401075552,LAA,6,ATH,4,LAA,Final
20190529,mlb,401075561,LAA,12,ATH,7,LAA,Final/11
20190531,mlb,401075591,HOU,3,ATH,2,HOU,Final
20190601,mlb,401075606,HOU,5,ATH,1,HOU,Final
20190602,mlb,401075621,HOU,6,ATH,4,HOU,Final/12
20190604,mlb,401075635,ATH,4,LAA,2,ATH,Final
20190605,mlb,401075650,ATH,9,LAA,10,LAA,Final
20190606,mlb,401075663,ATH,7,LAA,4,ATH,Final
20190607,mlb,401075676,ATH,5,TEX,3,ATH,Final
20190608,mlb,401127493,ATH,5,TEX,10,TEX,Final
20190608,mlb,401075691,ATH,1,TEX,3,TEX,Final
20190609,mlb,401075706,ATH,9,TEX,8,ATH,Final
20190610,mlb,401075716,ATH,2,TB,6,TB,Final
20190611,mlb,401075728,ATH,4,TB,3,ATH,Final
20190612,mlb,401075741,ATH,6,TB,2,ATH,Final
20190614,mlb,401075775,SEA,9,ATH,2,SEA,Final
20190615,mlb,401075788,SEA,2,ATH,11,ATH,Final
20190616,mlb,401075805,SEA,6,ATH,3,SEA,Final
20190617,mlb,401075816,BAL,2,ATH,3,ATH,Final
20190618,mlb,401075831,BAL,2,ATH,16,ATH,Final
20190619,mlb,401075843,BAL,3,ATH,8,ATH,Final
20190620,mlb,401075858,TB,4,ATH,5,ATH,Final
20190621,mlb,401075873,TB,5,ATH,3,TB,Final
20190622,mlb,401075888,TB,2,ATH,4,ATH,Final
20190623,mlb,401075903,TB,8,ATH,2,TB,Final
20190625,mlb,401075918,ATH,7,STL,3,ATH,Final
20190626,mlb,401075933,ATH,2,STL,0,ATH,Final
20190627,mlb,401075943,ATH,3,LAA,8,LAA,Final
20190628,mlb,401075955,ATH,7,LAA,2,ATH,Final
20190629,mlb,401075972,ATH,4,LAA,0,ATH,Final
20190630,mlb,401075986,ATH,12,LAA,3,ATH,Final
20190702,mlb,401076015,MIN,6,ATH,8,ATH,Final
20190703,mlb,401076030,MIN,4,ATH,3,MIN,Final/12
20190704,mlb,401076041,MIN,2,ATH,7,ATH,Final
20190705,mlb,401076056,ATH,5,SEA,2,ATH,Final
20190706,mlb,401076071,ATH,3,SEA,6,SEA,Final
20190707,mlb,401076086,ATH,7,SEA,4,ATH,Final
20190712,mlb,401076103,CHW,1,ATH,5,ATH,Final
20190713,mlb,401076114,CHW,2,ATH,13,ATH,Final
20190714,mlb,401076133,CHW,2,ATH,3,ATH,Final
20190716,mlb,401076158,SEA,2,ATH,9,ATH,Final
20190717,mlb,401076170,SEA,2,ATH,10,ATH,Final
20190718,mlb,401076185,ATH,3,MIN,6,MIN,Final
20190719,mlb,401076199,ATH,5,MIN,3,ATH,Final
20190720,mlb,401076207,ATH,5,MIN,4,ATH,Final
20190721,mlb,401076229,ATH,6,MIN,7,MIN,Final
20190722,mlb,401076238,ATH,1,HOU,11,HOU,Final
20190723,mlb,401076250,ATH,4,HOU,3,ATH,Final/11
20190724,mlb,401076265,ATH,2,HOU,4,HOU,Final
20190725,mlb,401076279,TEX,11,ATH,3,TEX,Final
20190726,mlb,401076294,TEX,5,ATH,2,TEX,Final
20190727,mlb,401076310,TEX,4,ATH,5,ATH,Final
20190728,mlb,401076324,TEX,5,ATH,6,ATH,Final
20190730,mlb,401076347,MIL,2,ATH,3,ATH,Final/10
20190731,mlb,401076361,MIL,4,ATH,2,MIL,Final
20190801,mlb,401076369,MIL,3,ATH,5,ATH,Final
20190803,mlb,401076399,STL,3,ATH,8,ATH,Final
20190804,mlb,401076414,STL,2,ATH,4,ATH,Final
20190805,mlb,401076418,ATH,5,CHC,6,CHC,Final
20190806,mlb,401076432,ATH,11,CHC,4,ATH,Final
20190807,mlb,401076447,ATH,1,CHC,10,CHC,Final
20190809,mlb,401076470,ATH,7,CHW,0,ATH,Final
20190810,mlb,401076486,ATH,2,CHW,3,CHW,Final
20190811,mlb,401076500,ATH,2,CHW,0,ATH,Final
20190813,mlb,401076523,ATH,2,SF,3,SF,Final
20190814,mlb,401076538,ATH,9,SF,5,ATH,Final
20190815,mlb,401076557,HOU,6,ATH,7,ATH,Final
20190816,mlb,401076572,HOU,2,ATH,3,ATH,Final/13
20190817,mlb,401076587,HOU,4,ATH,8,ATH,Final
20190818,mlb,401076601,HOU,4,ATH,1,HOU,Final
20190820,mlb,401076626,NYY,2,ATH,6,ATH,Final
20190821,mlb,401076641,NYY,4,ATH,6,ATH,Final
20190822,mlb,401076651,NYY,3,ATH,5,ATH,Final
20190824,mlb,401076679,SF,10,ATH,5,SF,Final
20190825,mlb,401076694,SF,5,ATH,4,SF,Final
20190826,mlb,401076698,ATH,19,KC,4,ATH,Final
20190827,mlb,401076710,ATH,2,KC,1,ATH,Final
20190828,mlb,401076724,ATH,4,KC,6,KC,Final
20190829,mlb,401076736,ATH,9,KC,8,ATH,Final
20190830,mlb,401076751,ATH,8,NYY,2,ATH,Final
20190831,mlb,401076767,ATH,3,NYY,4,NYY,Final/11
20190901,mlb,401076781,ATH,4,NYY,5,NYY,Final
20190903,mlb,401076813,LAA,5,ATH,7,ATH,Final
20190904,mlb,401076825,LAA,0,ATH,4,ATH,Final
20190905,mlb,401076834,LAA,6,ATH,10,ATH,Final
20190906,mlb,401076852,DET,5,ATH,4,DET,Final/11
20190907,mlb,401076867,DET,2,ATH,10,ATH,Final
20190908,mlb,401076882,DET,1,ATH,3,ATH,Final
20190909,mlb,401076887,ATH,0,HOU,15,HOU,Final
20190910,mlb,401076897,ATH,21,HOU,7,ATH,Final
20190911,mlb,401076912,ATH,5,HOU,3,ATH,Final
20190912,mlb,401076926,ATH,3,HOU,2,ATH,Final
20190913,mlb,401076944,ATH,14,TEX,9,ATH,Final
20190914,mlb,401076958,ATH,8,TEX,6,ATH,Final
20190915,mlb,401076973,ATH,6,TEX,1,ATH,Final
20190916,mlb,401076986,KC,6,ATH,5,KC,Final
20190917,mlb,401077001,KC,1,ATH,2,ATH,Final
20190918,mlb,401077012,KC,0,ATH,1,ATH,Final/11
20190920,mlb,401077040,TEX,0,ATH,8,ATH,Final
20190921,mlb,401077055,TEX,3,ATH,12,ATH,Final
20190922,mlb,401077070,TEX,8,ATH,3,TEX,Final
20190924,mlb,401077085,ATH,2,LAA,3,LAA,Final
20190925,mlb,401077100,ATH,3,LAA,2,ATH,Final
20190926,mlb,401077116,ATH,3,SEA,1,ATH,Final
20190927,mlb,401077131,ATH,3,SEA,4,SEA,Final
20190928,mlb,401077146,ATH,1,SEA,0,ATH,Final
20190929,mlb,401077160,ATH,1,SEA,3,SEA,Final
20190702,mlb,401076008,MIA,2,WSH,3,WSH,Final
