date,league,game_id,away_team,away_score,home_team,home_score,winner,status
20170309,mlb,400933120,DET,5,NYM,5,,Final
20170318,mlb,400933177,HOU,5,WSH,4,HOU,Final
20170402,mlb,370402130,NYY,3,TB,7,TB,Final
20170402,mlb,370402129,SF,5,ARI,6,ARI,Final
20170402,mlb,370402124,CHC,3,STL,4,STL,Final
20170403,mlb,400905593,ATL,0,NYM,6,NYM,Final
20170403,mlb,370403120,MIA,2,WSH,4,WSH,Final
20170403,mlb,370403102,PIT,3,BOS,5,BOS,Final
20170403,mlb,400905596,COL,7,MIL,5,COL,Final
20170403,mlb,370403101,TOR,2,BAL,3,BAL,Final/11
20170403,mlb,370403119,SD,3,LAD,14,LAD,Final
20170403,mlb,370403109,KC,1,MIN,7,MIN,Final
20170403,mlb,370403117,PHI,4,CIN,3,PHI,Final
20170403,mlb,370403113,CLE,8,TEX,5,CLE,Final
20170403,mlb,400905603,SEA,0,HOU,3,HOU,Final
20170404,mlb,370404104,DET,6,CHW,3,DET,Final
20170404,mlb,370404130,NYY,5,TB,0,NYY,Final
20170404,mlb,370404108,COL,6,MIL,5,COL,Final
20170404,mlb,370404113,CLE,4,TEX,3,CLE,Final
20170404,mlb,370404118,SEA,1,HOU,2,HOU,Final
20170404,mlb,400905614,CHC,2,STL,1,CHC,Final
20170404,mlb,370404129,SF,8,ARI,4,SF,Final
20170404,mlb,370404119,SD,4,LAD,0,SD,Final
20170405,mlb,370405109,KC,1,MIN,9,MIN,Final
20170405,mlb,370405101,TOR,1,BAL,3,BAL,Final
20170405,mlb,370405120,MIA,4,WSH,6,WSH,Final
20170405,mlb,370405102,PIT,0,BOS,3,BOS,Final/12
20170405,mlb,370405121,ATL,3,NYM,1,ATL,Final/12
20170405,mlb,370405130,NYY,1,TB,4,TB,Final
20170405,mlb,370405117,PHI,0,CIN,2,CIN,Final
20170405,mlb,370405113,CLE,9,TEX,6,CLE,Final
20170405,mlb,370405108,COL,1,MIL,6,MIL,Final
20170405,mlb,370405118,SEA,3,HOU,5,HOU,Final/13
20170405,mlb,370405129,SF,6,ARI,8,ARI,Final
20170405,mlb,370405119,SD,1,LAD,3,LAD,Final
20170406,mlb,370406117,PHI,4,CIN,7,CIN,Final
20170406,mlb,370406109,KC,3,MIN,5,MIN,Final
20170406,mlb,370406108,COL,2,MIL,1,COL,Final
20170406,mlb,370406124,CHC,6,STL,4,CHC,Final
20170406,mlb,370406104,DET,2,CHW,11,CHW,Final
20170406,mlb,370406119,SD,2,LAD,10,LAD,Final
20170406,mlb,370406120,MIA,4,WSH,3,MIA,Final/10
20170406,mlb,370406121,ATL,2,NYM,6,NYM,Final
20170406,mlb,370406130,TOR,5,TB,2,TOR,Final
20170406,mlb,370406118,SEA,4,HOU,2,SEA,Final
20170406,mlb,370406129,SF,3,ARI,9,ARI,Final
20170407,mlb,370407123,ATL,4,PIT,5,PIT,Final
20170407,mlb,370407106,BOS,5,DET,6,DET,Final
20170407,mlb,370407122,WSH,7,PHI,6,WSH,Final
20170407,mlb,370407127,LAD,1,COL,2,COL,Final
20170407,mlb,370407125,SF,6,SD,7,SD,Final
20170407,mlb,370407101,NYY,5,BAL,6,BAL,Final
20170407,mlb,370407121,MIA,7,NYM,2,MIA,Final
20170407,mlb,370407130,TOR,8,TB,10,TB,Final
20170407,mlb,370407104,MIN,3,CHW,1,MIN,Final
20170407,mlb,370407108,CHC,1,MIL,2,MIL,Final/11
20170407,mlb,370407118,KC,5,HOU,1,KC,Final
20170407,mlb,370407124,CIN,2,STL,0,CIN,Final
20170407,mlb,370407129,CLE,3,ARI,7,ARI,Final
20170407,mlb,370407103,SEA,1,LAA,5,LAA,Final
20170408,mlb,370408106,BOS,1,DET,4,DET,Final
20170408,mlb,370408104,MIN,2,CHW,6,CHW,Final
20170408,mlb,370408124,CIN,4,STL,10,STL,Final
20170408,mlb,370408101,NYY,4,BAL,5,BAL,Final
20170408,mlb,370408130,TOR,2,TB,3,TB,Final/11
20170408,mlb,370408122,WSH,3,PHI,17,PHI,Final
20170408,mlb,370408123,ATL,4,PIT,6,PIT,Final
20170408,mlb,370408108,CHC,11,MIL,6,CHC,Final
20170408,mlb,370408118,KC,7,HOU,3,KC,Final
20170408,mlb,370408121,MIA,8,NYM,1,MIA,Final
20170408,mlb,370408127,LAD,2,COL,4,COL,Final
20170408,mlb,370408129,CLE,2,ARI,11,ARI,Final
20170408,mlb,370408125,SF,1,SD,2,SD,Final
20170408,mlb,370408103,SEA,4,LAA,5,LAA,Final
20170409,mlb,370409106,BOS,7,DET,5,BOS,Final
20170409,mlb,370409130,TOR,2,TB,7,TB,Final
20170409,mlb,370409101,NYY,7,BAL,3,NYY,Final
20170409,mlb,370409122,WSH,3,PHI,4,PHI,Final
20170409,mlb,370409123,ATL,5,PIT,6,PIT,Final/10
20170409,mlb,370409104,MIN,4,CHW,1,MIN,Final
20170409,mlb,370409108,CHC,7,MIL,4,CHC,Final
20170409,mlb,370409118,KC,4,HOU,5,HOU,Final/12
20170409,mlb,370409124,CIN,8,STL,0,CIN,Final
20170409,mlb,370409127,LAD,10,COL,6,LAD,Final
20170409,mlb,400905681,SEA,9,LAA,10,LAA,Final
20170409,mlb,370409129,CLE,2,ARI,3,ARI,Final
20170409,mlb,370409125,SF,5,SD,3,SF,Final
20170409,mlb,370409121,MIA,2,NYM,5,NYM,Final
20170410,mlb,370410110,TB,1,NYY,8,NYY,Final
20170410,mlb,370410106,BOS,1,DET,2,DET,Final
20170410,mlb,370410126,ARI,1,SF,4,SF,Final
20170410,mlb,370410112,HOU,0,SEA,6,SEA,Final
20170410,mlb,370410120,STL,6,WSH,14,WSH,Final
20170410,mlb,370410122,NYM,4,PHI,3,NYM,Final
20170410,mlb,370410123,CIN,7,PIT,1,CIN,Final
20170410,mlb,370410116,LAD,2,CHC,3,CHC,Final
20170410,mlb,370410127,SD,5,COL,3,SD,Final
20170411,mlb,370411106,MIN,1,DET,2,DET,Final
20170411,mlb,370411105,CHW,1,CLE,2,CLE,Final/10
20170411,mlb,370411120,STL,3,WSH,8,WSH,Final
20170411,mlb,370411122,NYM,14,PHI,4,NYM,Final
20170411,mlb,370411123,CIN,6,PIT,2,CIN,Final
20170411,mlb,370411114,MIL,4,TOR,3,MIL,Final
20170411,mlb,370411102,BAL,1,BOS,8,BOS,Final
20170411,mlb,370411128,ATL,4,MIA,8,MIA,Final
20170411,mlb,370411127,SD,2,COL,3,COL,Final
20170411,mlb,370411103,TEX,5,LAA,6,LAA,Final/10
20170411,mlb,370411112,HOU,7,SEA,5,HOU,Final
20170411,mlb,370411126,ARI,4,SF,3,ARI,Final
20170412,mlb,370412110,TB,4,NYY,8,NYY,Final
20170412,mlb,370412106,MIN,3,DET,5,DET,Final
20170412,mlb,370412127,SD,6,COL,0,SD,Final
20170412,mlb,370412120,STL,6,WSH,1,STL,Final
20170412,mlb,400905710,CHW,2,CLE,1,CHW,Final
20170412,mlb,370412122,NYM,5,PHI,4,NYM,Final
20170412,mlb,370412123,CIN,9,PIT,2,CIN,Final
20170412,mlb,370412114,MIL,2,TOR,0,MIL,Final
20170412,mlb,370412102,BAL,12,BOS,5,BAL,Final
20170412,mlb,370412128,ATL,5,MIA,4,ATL,Final
20170412,mlb,370412116,LAD,2,CHC,0,LAD,Final
20170412,mlb,370412103,TEX,8,LAA,3,TEX,Final
20170412,mlb,370412112,HOU,10,SEA,5,HOU,Final
20170412,mlb,370412126,ARI,2,SF,6,SF,Final
20170413,mlb,370413106,MIN,11,DET,5,MIN,Final
20170413,mlb,370413102,PIT,3,BOS,4,BOS,Final
20170413,mlb,370413116,LAD,0,CHC,4,CHC,Final
20170413,mlb,370413103,TEX,8,LAA,3,TEX,Final
20170413,mlb,370413105,CHW,10,CLE,4,CHW,Final
20170413,mlb,370413110,TB,2,NYY,3,NYY,Final
20170413,mlb,370413114,BAL,2,TOR,1,BAL,Final
20170413,mlb,370413117,MIL,5,CIN,1,MIL,Final
20170413,mlb,370413128,NYM,9,MIA,8,NYM,Final/16
20170413,mlb,370413126,COL,3,SF,1,COL,Final
20170414,mlb,370414116,PIT,4,CHC,2,PIT,Final
20170414,mlb,370414120,PHI,2,WSH,3,WSH,Final/10
20170414,mlb,370414110,STL,3,NYY,4,NYY,Final
20170414,mlb,370414114,BAL,6,TOR,4,BAL,Final
20170414,mlb,370414102,TB,10,BOS,5,TB,Final
20170414,mlb,370414105,DET,7,CLE,6,DET,Final
20170414,mlb,370414117,MIL,10,CIN,4,MIL,Final
20170414,mlb,370414128,NYM,2,MIA,3,MIA,Final
20170414,mlb,370414115,SD,2,ATL,5,ATL,Final
20170414,mlb,370414109,CHW,2,MIN,1,CHW,Final
20170414,mlb,370414107,LAA,1,KC,7,KC,Final
20170414,mlb,370414112,TEX,1,SEA,2,SEA,Final
20170414,mlb,370414119,ARI,1,LAD,7,LAD,Final
20170414,mlb,370414126,COL,2,SF,8,SF,Final
20170415,mlb,370415110,STL,2,NYY,3,NYY,Final
20170415,mlb,370415120,PHI,4,WSH,2,PHI,Final
20170415,mlb,370415114,BAL,1,TOR,2,TOR,Final
20170415,mlb,370415117,MIL,5,CIN,7,CIN,Final
20170415,mlb,370415109,CHW,0,MIN,6,MIN,Final
20170415,mlb,370415116,PIT,8,CHC,7,PIT,Final
20170415,mlb,370415102,TB,1,BOS,2,BOS,Final
20170415,mlb,370415126,COL,5,SF,0,COL,Final
20170415,mlb,370415105,DET,6,CLE,13,CLE,Final
20170415,mlb,370415115,SD,2,ATL,4,ATL,Final
20170415,mlb,370415128,NYM,4,MIA,5,MIA,Final
20170415,mlb,370415107,LAA,2,KC,3,KC,Final
20170415,mlb,370415112,TEX,0,SEA,5,SEA,Final
20170415,mlb,370415119,ARI,4,LAD,8,LAD,Final
20170416,mlb,370416114,BAL,11,TOR,4,BAL,Final
20170416,mlb,370416105,DET,4,CLE,1,DET,Final
20170416,mlb,370416117,MIL,4,CIN,2,MIL,Final
20170416,mlb,370416128,NYM,2,MIA,4,MIA,Final
20170416,mlb,370416102,TB,5,BOS,7,BOS,Final
20170416,mlb,370416115,SD,2,ATL,9,ATL,Final
20170416,mlb,370416120,PHI,4,WSH,6,WSH,Final
20170416,mlb,370416107,LAA,0,KC,1,KC,Final
20170416,mlb,370416116,PIT,6,CHC,1,PIT,Final
20170416,mlb,370416126,COL,4,SF,3,COL,Final
20170416,mlb,370416109,CHW,3,MIN,1,CHW,Final/10
20170416,mlb,370416112,TEX,7,SEA,8,SEA,Final
20170416,mlb,370416119,ARI,3,LAD,1,ARI,Final
20170416,mlb,370416110,STL,3,NYY,9,NYY,Final
20170417,mlb,370417102,TB,3,BOS,4,BOS,Final
20170417,mlb,370417124,PIT,1,STL,2,STL,Final
20170417,mlb,370417110,CHW,4,NYY,7,NYY,Final
20170417,mlb,370417115,SD,4,ATL,5,ATL,Final
20170417,mlb,370417116,MIL,6,CHC,3,MIL,Final
20170417,mlb,370417109,CLE,3,MIN,1,CLE,Final
20170417,mlb,400905777,LAA,0,HOU,3,HOU,Final
20170417,mlb,370417112,MIA,1,SEA,6,SEA,Final
20170417,mlb,370417119,ARI,4,LAD,2,ARI,Final
20170418,mlb,370418110,CHW,4,NYY,1,CHW,Final
20170418,mlb,370418114,BOS,8,TOR,7,BOS,Final
20170418,mlb,370418117,BAL,3,CIN,9,CIN,Final
20170418,mlb,370418121,PHI,6,NYM,2,PHI,Final/10
20170418,mlb,370418130,DET,1,TB,5,TB,Final
20170418,mlb,370418115,WSH,3,ATL,1,WSH,Final
20170418,mlb,370418116,MIL,7,CHC,9,CHC,Final
20170418,mlb,370418109,CLE,11,MIN,4,CLE,Final
20170418,mlb,370418118,LAA,5,HOU,2,LAA,Final
20170418,mlb,370418107,SF,2,KC,1,SF,Final/11
20170418,mlb,370418124,PIT,1,STL,2,STL,Final
20170418,mlb,370418112,MIA,5,SEA,0,MIA,Final
20170418,mlb,370418119,COL,4,LAD,3,COL,Final
20170418,mlb,370418125,ARI,11,SD,2,ARI,Final
20170419,mlb,370419124,PIT,1,STL,2,STL,Final
20170419,mlb,370419116,MIL,4,CHC,7,CHC,Final
20170419,mlb,370419112,MIA,5,SEA,10,SEA,Final
20170419,mlb,370419110,CHW,1,NYY,9,NYY,Final
20170419,mlb,370419114,BOS,0,TOR,3,TOR,Final
20170419,mlb,370419117,BAL,2,CIN,0,BAL,Final
20170419,mlb,370419121,PHI,4,NYM,5,NYM,Final
20170419,mlb,370419130,DET,7,TB,8,TB,Final
20170419,mlb,370419115,WSH,14,ATL,4,WSH,Final
20170419,mlb,370419118,LAA,1,HOU,5,HOU,Final
20170419,mlb,370419107,SF,0,KC,2,KC,Final
20170419,mlb,370419119,COL,2,LAD,4,LAD,Final
20170419,mlb,370419125,ARI,0,SD,1,SD,Final
20170420,mlb,370420114,BOS,4,TOR,1,BOS,Final/10
20170420,mlb,370420109,CLE,6,MIN,2,CLE,Final
20170420,mlb,370420130,DET,1,TB,8,TB,Final
20170420,mlb,370420118,LAA,1,HOU,2,HOU,Final
20170420,mlb,370420117,BAL,2,CIN,1,BAL,Final/10
20170420,mlb,370420121,PHI,6,NYM,4,PHI,Final
20170420,mlb,370420115,WSH,3,ATL,2,WSH,Final
20170420,mlb,370420113,KC,0,TEX,1,TEX,Final/13
20170420,mlb,370420108,STL,5,MIL,7,MIL,Final
20170420,mlb,370420125,ARI,1,SD,4,SD,Final
20170421,mlb,370421101,BOS,0,BAL,2,BAL,Final
20170421,mlb,370421122,ATL,3,PHI,4,PHI,Final
20170421,mlb,370421123,NYY,3,PIT,6,PIT,Final
20170421,mlb,370421117,CHC,6,CIN,5,CHC,Final/11
20170421,mlb,370421121,WSH,4,NYM,3,WSH,Final/11
20170421,mlb,370421130,HOU,6,TB,3,HOU,Final
20170421,mlb,370421113,KC,2,TEX,6,TEX,Final
20170421,mlb,370421104,CLE,3,CHW,0,CLE,Final
20170421,mlb,370421108,STL,6,MIL,3,STL,Final
20170421,mlb,370421109,DET,3,MIN,6,MIN,Final
20170421,mlb,370421127,SF,5,COL,6,COL,Final
20170421,mlb,370421129,LAD,5,ARI,13,ARI,Final
20170421,mlb,370421103,TOR,8,LAA,7,TOR,Final/13
20170421,mlb,370421125,MIA,3,SD,5,SD,Final
20170422,mlb,370422117,CHC,12,CIN,8,CHC,Final
20170422,mlb,370422109,DET,5,MIN,4,DET,Final
20170422,mlb,370422121,WSH,3,NYM,1,WSH,Final
20170422,mlb,370422123,NYY,11,PIT,5,NYY,Final
20170422,mlb,370422130,HOU,3,TB,6,TB,Final
20170422,mlb,370422101,BOS,2,BAL,4,BAL,Final
20170422,mlb,370422122,ATL,3,PHI,4,PHI,Final/10
20170422,mlb,370422104,CLE,7,CHW,0,CLE,Final
20170422,mlb,370422108,STL,4,MIL,1,STL,Final
20170422,mlb,370422113,KC,1,TEX,2,TEX,Final
20170422,mlb,370422127,SF,3,COL,12,COL,Final
20170422,mlb,370422129,LAD,5,ARI,11,ARI,Final
20170422,mlb,370422125,MIA,6,SD,3,MIA,Final/11
20170422,mlb,370422103,TOR,4,LAA,5,LAA,Final
20170423,mlb,370423117,CHC,5,CIN,7,CIN,Final
20170423,mlb,370423130,HOU,6,TB,4,HOU,Final/10
20170423,mlb,370423101,BOS,6,BAL,2,BOS,Final
20170423,mlb,370423122,ATL,2,PHI,5,PHI,Final
20170423,mlb,370423123,NYY,1,PIT,2,PIT,Final
20170423,mlb,370423104,CLE,2,CHW,6,CHW,Final
20170423,mlb,370423108,STL,6,MIL,4,STL,Final
20170423,mlb,370423109,DET,13,MIN,4,DET,Final
20170423,mlb,370423113,KC,2,TEX,5,TEX,Final
20170423,mlb,370423127,SF,0,COL,8,COL,Final
20170423,mlb,370423103,TOR,6,LAA,2,TOR,Final
20170423,mlb,370423129,LAD,6,ARI,2,LAD,Final
20170423,mlb,370423125,MIA,7,SD,3,MIA,Final
20170423,mlb,370423121,WSH,6,NYM,3,WSH,Final
20170424,mlb,370424123,CHC,14,PIT,3,CHC,Final
20170424,mlb,370424101,TB,3,BAL,6,BAL,Final
20170424,mlb,370424108,CIN,7,MIL,11,MIL,Final
20170424,mlb,370424113,MIN,3,TEX,2,MIN,Final
20170424,mlb,370424104,KC,1,CHW,12,CHW,Final
20170424,mlb,370424127,WSH,4,COL,8,COL,Final
20170424,mlb,370424129,SD,6,ARI,7,ARI,Final
20170424,mlb,370424103,TOR,1,LAA,2,LAA,Final
20170424,mlb,370424126,LAD,1,SF,2,SF,Final
20170425,mlb,370425105,HOU,4,CLE,2,HOU,Final
20170425,mlb,370425101,TB,2,BAL,0,TB,Final
20170425,mlb,370425123,CHC,1,PIT,0,CHC,Final
20170425,mlb,370425106,SEA,9,DET,19,DET,Final
20170425,mlb,370425108,CIN,1,MIL,9,MIL,Final
20170425,mlb,370425113,MIN,8,TEX,1,MIN,Final
20170425,mlb,370425104,KC,5,CHW,10,CHW,Final
20170425,mlb,370425124,TOR,6,STL,5,TOR,Final/11
20170425,mlb,370425127,WSH,15,COL,12,WSH,Final
20170425,mlb,370425129,SD,3,ARI,9,ARI,Final
20170425,mlb,370425126,LAD,2,SF,1,LAD,Final
20170426,mlb,370426108,CIN,4,MIL,9,MIL,Final
20170426,mlb,370426104,KC,2,CHW,5,CHW,Final
20170426,mlb,370426105,HOU,6,CLE,7,CLE,Final
20170426,mlb,370426102,NYY,3,BOS,1,NYY,Final
20170426,mlb,370426101,TB,4,BAL,5,BAL,Final/11
20170426,mlb,370426122,MIA,4,PHI,7,PHI,Final
20170426,mlb,370426123,CHC,5,PIT,6,PIT,Final
20170426,mlb,370426106,SEA,8,DET,0,SEA,Final
20170426,mlb,370426121,ATL,8,NYM,2,ATL,Final
20170426,mlb,370426113,MIN,3,TEX,14,TEX,Final
20170426,mlb,370426127,WSH,11,COL,4,WSH,Final
20170426,mlb,370426129,SD,8,ARI,5,SD,Final
20170426,mlb,370426126,LAD,3,SF,4,SF,Final/10
20170427,mlb,370427122,MIA,2,PHI,3,PHI,Final
20170427,mlb,370427106,SEA,2,DET,1,SEA,Final
20170427,mlb,370427121,ATL,7,NYM,5,ATL,Final
20170427,mlb,370427224,TOR,4,STL,8,STL,Final/11
20170427,mlb,370427127,WSH,16,COL,5,WSH,Final
20170427,mlb,400905914,LAD,5,SF,1,LAD,Final/10
20170427,mlb,370427105,HOU,3,CLE,4,CLE,Final
20170427,mlb,370427102,NYY,3,BOS,0,NYY,Final
20170427,mlb,370427324,TOR,4,STL,6,STL,Final
20170427,mlb,370427129,SD,2,ARI,6,ARI,Final
20170428,mlb,370428110,BAL,11,NYY,14,NYY,Final/10
20170428,mlb,370428120,NYM,7,WSH,5,NYM,Final
20170428,mlb,370428114,TB,7,TOR,4,TB,Final
20170428,mlb,370428102,CHC,4,BOS,5,BOS,Final
20170428,mlb,370428105,SEA,3,CLE,1,SEA,Final
20170428,mlb,370428106,CHW,7,DET,3,CHW,Final
20170428,mlb,370428128,PIT,12,MIA,2,PIT,Final
20170428,mlb,370428113,LAA,6,TEX,3,LAA,Final
20170428,mlb,370428108,ATL,10,MIL,8,ATL,Final
20170428,mlb,370428107,MIN,6,KC,4,MIN,Final
20170428,mlb,370428124,CIN,5,STL,7,STL,Final
20170428,mlb,370428129,COL,3,ARI,1,COL,Final
20170428,mlb,370428119,PHI,3,LAD,5,LAD,Final
20170428,mlb,370428126,SD,3,SF,4,SF,Final
20170429,mlb,370429110,BAL,4,NYY,12,NYY,Final
20170429,mlb,370429120,NYM,5,WSH,3,NYM,Final
20170429,mlb,370429114,TB,1,TOR,4,TOR,Final
20170429,mlb,370429106,CHW,6,DET,4,CHW,Final/10
20170429,mlb,370429102,CHC,7,BOS,4,CHC,Final
20170429,mlb,370429105,SEA,3,CLE,4,CLE,Final
20170429,mlb,370429108,ATL,11,MIL,3,ATL,Final
20170429,mlb,370429128,PIT,4,MIA,0,PIT,Final
20170429,mlb,370429113,LAA,3,TEX,6,TEX,Final
20170429,mlb,370429129,COL,7,ARI,6,COL,Final
20170429,mlb,370429126,SD,12,SF,4,SD,Final
20170429,mlb,370429119,PHI,5,LAD,6,LAD,Final
20170430,mlb,370430110,BAL,7,NYY,4,BAL,Final/11
20170430,mlb,370430114,TB,1,TOR,3,TOR,Final
20170430,mlb,370430105,SEA,4,CLE,12,CLE,Final
20170430,mlb,370430106,CHW,3,DET,7,DET,Final
20170430,mlb,370430128,PIT,3,MIA,10,MIA,Final
20170430,mlb,370430120,NYM,5,WSH,23,WSH,Final
20170430,mlb,370430108,ATL,3,MIL,4,MIL,Final
20170430,mlb,370430107,MIN,7,KC,5,MIN,Final
20170430,mlb,370430124,CIN,5,STL,4,CIN,Final
20170430,mlb,370430113,LAA,5,TEX,2,LAA,Final
20170430,mlb,370430126,SD,5,SF,2,SD,Final/12
20170430,mlb,370430119,PHI,3,LAD,5,LAD,Final
20170430,mlb,370430129,COL,0,ARI,2,ARI,Final/13
20170430,mlb,370430102,CHC,2,BOS,6,BOS,Final
20170501,mlb,370501102,BAL,5,BOS,2,BAL,Final
20170501,mlb,400905977,TOR,7,NYY,1,TOR,Final
20170501,mlb,370501106,CLE,1,DET,7,DET,Final
20170501,mlb,370501117,PIT,3,CIN,4,CIN,Final/10
20170501,mlb,370501128,TB,4,MIA,2,TB,Final
20170501,mlb,370501115,NYM,7,ATL,5,NYM,Final
20170501,mlb,370501116,PHI,10,CHC,2,PHI,Final
20170501,mlb,370501118,TEX,2,HOU,6,HOU,Final
20170501,mlb,370501107,CHW,1,KC,6,KC,Final
20170501,mlb,370501124,MIL,7,STL,5,MIL,Final/10
20170501,mlb,370501119,SF,4,LAD,3,SF,Final
20170502,mlb,370502110,TOR,5,NYY,11,NYY,Final
20170502,mlb,370502120,ARI,6,WSH,3,ARI,Final
20170502,mlb,370502102,BAL,2,BOS,5,BOS,Final
20170502,mlb,370502106,CLE,2,DET,5,DET,Final
20170502,mlb,370502117,PIT,12,CIN,3,PIT,Final
20170502,mlb,370502128,TB,3,MIA,1,TB,Final
20170502,mlb,370502115,NYM,7,ATL,9,ATL,Final
20170502,mlb,370502116,PHI,3,CHC,8,CHC,Final
20170502,mlb,370502118,TEX,7,HOU,8,HOU,Final
20170502,mlb,370502107,CHW,6,KC,0,CHW,Final
20170502,mlb,370502124,MIL,1,STL,2,STL,Final
20170502,mlb,370502112,LAA,6,SEA,4,LAA,Final/11
20170502,mlb,370502119,SF,5,LAD,13,LAD,Final
20170502,mlb,400905983,COL,2,SD,6,SD,Final
20170503,mlb,400906007,TOR,6,NYY,8,NYY,Final
20170503,mlb,370503120,ARI,1,WSH,2,WSH,Final
20170503,mlb,370503102,BAL,2,BOS,4,BOS,Final
20170503,mlb,370503106,CLE,3,DET,2,CLE,Final
20170503,mlb,370503117,PIT,2,CIN,7,CIN,Final
20170503,mlb,370503130,MIA,10,TB,6,MIA,Final
20170503,mlb,370503115,NYM,16,ATL,5,NYM,Final
20170503,mlb,370503116,PHI,4,CHC,5,CHC,Final
20170503,mlb,370503118,TEX,1,HOU,10,HOU,Final
20170503,mlb,370503107,CHW,1,KC,6,KC,Final
20170503,mlb,370503112,LAA,7,SEA,8,SEA,Final
20170503,mlb,370503119,SF,4,LAD,1,SF,Final/11
20170503,mlb,370503125,COL,11,SD,3,COL,Final
20170504,mlb,370504117,PIT,2,CIN,4,CIN,Final
20170504,mlb,370504120,ARI,2,WSH,4,WSH,Final
20170504,mlb,370504118,TEX,10,HOU,4,TEX,Final
20170504,mlb,370504107,CHW,8,KC,3,CHW,Final
20170504,mlb,370504116,PHI,4,CHC,5,CHC,Final/13
20170504,mlb,370504125,COL,3,SD,2,COL,Final/11
20170504,mlb,370504102,BAL,8,BOS,3,BAL,Final
20170504,mlb,370504130,MIA,1,TB,5,TB,Final
20170504,mlb,370504124,MIL,5,STL,4,MIL,Final
20170504,mlb,370504112,LAA,3,SEA,11,SEA,Final
20170505,mlb,370505116,NYY,3,CHC,2,NYY,Final
20170505,mlb,370505101,CHW,2,BAL,4,BAL,Final
20170505,mlb,370505122,WSH,4,PHI,2,WSH,Final
20170505,mlb,370505123,MIL,0,PIT,4,PIT,Final
20170505,mlb,370505121,MIA,7,NYM,8,NYM,Final
20170505,mlb,370505130,TOR,8,TB,4,TOR,Final
20170505,mlb,370505115,STL,10,ATL,0,STL,Final
20170505,mlb,370505109,BOS,3,MIN,4,MIN,Final
20170505,mlb,370505107,CLE,1,KC,3,KC,Final
20170505,mlb,370505117,SF,3,CIN,13,CIN,Final
20170505,mlb,370505127,ARI,6,COL,3,ARI,Final
20170505,mlb,370505103,HOU,7,LAA,6,HOU,Final/10
20170505,mlb,370505112,TEX,3,SEA,1,TEX,Final/13
20170505,mlb,370505125,LAD,8,SD,2,LAD,Final
20170506,mlb,370506109,BOS,11,MIN,1,BOS,Final
20170506,mlb,370506130,TOR,1,TB,6,TB,Final
20170506,mlb,370506107,CLE,3,KC,1,CLE,Final
20170506,mlb,370506101,CHW,5,BAL,6,BAL,Final
20170506,mlb,370506122,WSH,6,PHI,2,WSH,Final
20170506,mlb,370506123,MIL,1,PIT,2,PIT,Final/10
20170506,mlb,370506115,STL,5,ATL,3,STL,Final
20170506,mlb,370506117,SF,2,CIN,14,CIN,Final
20170506,mlb,370506121,MIA,3,NYM,11,NYM,Final
20170506,mlb,370506116,NYY,11,CHC,6,NYY,Final
20170506,mlb,370506127,ARI,1,COL,9,COL,Final
20170506,mlb,370506125,LAD,10,SD,2,LAD,Final
20170506,mlb,370506103,HOU,1,LAA,2,LAA,Final
20170506,mlb,370506112,TEX,2,SEA,8,SEA,Final
20170507,mlb,370507121,MIA,7,NYM,0,MIA,Final
20170507,mlb,370507130,TOR,2,TB,1,TOR,Final
20170507,mlb,370507101,CHW,0,BAL,4,BAL,Final
20170507,mlb,370507115,STL,6,ATL,4,STL,Final/14
20170507,mlb,370507123,MIL,6,PIT,2,MIL,Final
20170507,mlb,370507109,BOS,17,MIN,6,BOS,Final
20170507,mlb,370507107,CLE,1,KC,0,CLE,Final
20170507,mlb,370507122,WSH,5,PHI,6,PHI,Final/10
20170507,mlb,370507127,ARI,2,COL,5,COL,Final
20170507,mlb,370507103,HOU,5,LAA,3,HOU,Final
20170507,mlb,370507112,TEX,3,SEA,4,SEA,Final
20170507,mlb,370507117,SF,0,CIN,4,CIN,Final
20170507,mlb,370507116,NYY,5,CHC,4,NYY,Final/18
20170508,mlb,370508121,SF,3,NYM,4,NYM,Final
20170508,mlb,370508101,WSH,4,BAL,6,BAL,Final
20170508,mlb,370508114,CLE,2,TOR,4,TOR,Final
20170508,mlb,370508117,NYY,10,CIN,4,NYY,Final
20170508,mlb,370508128,STL,9,MIA,4,STL,Final
20170508,mlb,370508130,KC,7,TB,3,KC,Final
20170508,mlb,370508119,PIT,1,LAD,12,LAD,Final
20170508,mlb,370508125,TEX,1,SD,5,SD,Final
20170509,mlb,370509227,CHC,4,COL,10,COL,Final
20170509,mlb,370509125,TEX,11,SD,0,TEX,Final
20170509,mlb,370509101,WSH,4,BAL,5,BAL,Final/12
20170509,mlb,370509122,SEA,10,PHI,9,SEA,Final
20170509,mlb,370509114,CLE,6,TOR,0,CLE,Final
20170509,mlb,370509117,NYY,3,CIN,5,CIN,Final
20170509,mlb,370509121,SF,1,NYM,6,NYM,Final
20170509,mlb,370509128,STL,6,MIA,5,STL,Final
20170509,mlb,400906082,KC,7,TB,6,KC,Final/12
20170509,mlb,370509108,BOS,7,MIL,11,MIL,Final
20170509,mlb,370509104,MIN,7,CHW,2,MIN,Final
20170509,mlb,370509118,ATL,3,HOU,8,HOU,Final
20170509,mlb,370509327,CHC,8,COL,1,CHC,Final
20170509,mlb,370509129,DET,7,ARI,3,DET,Final
20170509,mlb,370509119,PIT,3,LAD,4,LAD,Final/10
20170510,mlb,370510122,SEA,11,PHI,6,SEA,Final
20170510,mlb,370510121,SF,6,NYM,5,SF,Final
20170510,mlb,370510118,ATL,2,HOU,4,HOU,Final
20170510,mlb,370510127,CHC,0,COL,3,COL,Final
20170510,mlb,370510128,STL,7,MIA,5,STL,Final
20170510,mlb,370510120,BAL,6,WSH,7,WSH,Final
20170510,mlb,370510114,CLE,7,TOR,8,TOR,Final
20170510,mlb,370510130,KC,1,TB,12,TB,Final
20170510,mlb,370510113,SD,3,TEX,4,TEX,Final
20170510,mlb,370510108,BOS,4,MIL,7,MIL,Final
20170510,mlb,370510129,DET,1,ARI,7,ARI,Final
20170510,mlb,370510119,PIT,2,LAD,5,LAD,Final
20170511,mlb,370511108,BOS,4,MIL,1,BOS,Final
20170511,mlb,370511130,KC,6,TB,0,KC,Final
20170511,mlb,370511110,HOU,3,NYY,2,HOU,Final
20170511,mlb,370511114,SEA,2,TOR,7,TOR,Final
20170511,mlb,370511113,SD,2,TEX,5,TEX,Final
20170511,mlb,370511104,MIN,7,CHW,6,MIN,Final
20170511,mlb,370511127,LAD,7,COL,10,COL,Final
20170511,mlb,370511129,PIT,1,ARI,2,ARI,Final
20170511,mlb,370511103,DET,7,LAA,1,DET,Final
20170511,mlb,370511126,CIN,3,SF,2,CIN,Final
20170512,mlb,370512110,HOU,5,NYY,1,HOU,Final
20170512,mlb,370512114,SEA,0,TOR,4,TOR,Final
20170512,mlb,370512102,TB,5,BOS,4,TB,Final
20170512,mlb,370512105,MIN,1,CLE,0,MIN,Final
20170512,mlb,370512128,ATL,8,MIA,4,ATL,Final
20170512,mlb,370512104,SD,6,CHW,3,SD,Final
20170512,mlb,370512108,NYM,4,MIL,7,MIL,Final
20170512,mlb,370512107,BAL,2,KC,3,KC,Final
20170512,mlb,370512124,CHC,3,STL,2,CHC,Final
20170512,mlb,370512127,LAD,6,COL,2,LAD,Final
20170512,mlb,370512129,PIT,4,ARI,11,ARI,Final
20170512,mlb,370512103,DET,0,LAA,7,LAA,Final
20170512,mlb,370512126,CIN,2,SF,3,SF,Final/17
20170513,mlb,370513102,TB,3,BOS,6,BOS,Final
20170513,mlb,370513114,SEA,2,TOR,7,TOR,Final
20170513,mlb,370513124,CHC,3,STL,5,STL,Final
20170513,mlb,370513126,CIN,1,SF,3,SF,Final
20170513,mlb,370513105,MIN,4,CLE,1,MIN,Final
20170513,mlb,370513120,PHI,4,WSH,6,WSH,Final
20170513,mlb,370513104,SD,4,CHW,5,CHW,Final
20170513,mlb,370513108,NYM,4,MIL,11,MIL,Final
20170513,mlb,370513128,ATL,3,MIA,1,ATL,Final
20170513,mlb,370513107,BAL,3,KC,4,KC,Final
20170513,mlb,370513127,LAD,4,COL,0,LAD,Final
20170513,mlb,370513129,PIT,4,ARI,3,PIT,Final
20170513,mlb,370513103,DET,4,LAA,3,DET,Final
20170514,mlb,370514114,SEA,2,TOR,3,TOR,Final
20170514,mlb,370514105,MIN,3,CLE,8,CLE,Final
20170514,mlb,370514128,ATL,1,MIA,3,MIA,Final
20170514,mlb,370514102,TB,11,BOS,2,TB,Final
20170514,mlb,370514220,PHI,4,WSH,3,PHI,Final
20170514,mlb,400953661,HOU,6,NYY,11,NYY,Final
20170514,mlb,370514104,SD,3,CHW,9,CHW,Final
20170514,mlb,370514108,NYM,9,MIL,11,MIL,Final
20170514,mlb,370514107,BAL,8,KC,9,KC,Final
20170514,mlb,370514124,CHC,0,STL,5,STL,Final
20170514,mlb,370514127,LAD,6,COL,9,COL,Final
20170514,mlb,370514103,DET,1,LAA,4,LAA,Final
20170514,mlb,370514126,CIN,3,SF,8,SF,Final
20170514,mlb,370514129,PIT,6,ARI,4,PIT,Final/10
20170514,mlb,370514320,PHI,5,WSH,6,WSH,Final
20170514,mlb,370514310,HOU,10,NYY,7,HOU,Final
20170515,mlb,370515105,TB,7,CLE,8,CLE,Final
20170515,mlb,370515128,HOU,7,MIA,2,HOU,Final
20170515,mlb,370515114,ATL,10,TOR,6,ATL,Final
20170515,mlb,370515129,NYM,3,ARI,7,ARI,Final
20170515,mlb,370515103,CHW,3,LAA,5,LAA,Final
20170515,mlb,370515125,MIL,5,SD,6,SD,Final/10
20170515,mlb,370515126,LAD,4,SF,8,SF,Final
20170516,mlb,370516114,ATL,9,TOR,5,ATL,Final
20170516,mlb,370516105,TB,6,CLE,4,TB,Final
20170516,mlb,370516123,WSH,8,PIT,4,WSH,Final
20170516,mlb,370516106,BAL,13,DET,11,BAL,Final/13
20170516,mlb,370516128,HOU,12,MIA,2,HOU,Final
20170516,mlb,370516113,PHI,1,TEX,5,TEX,Final
20170516,mlb,370516116,CIN,5,CHC,9,CHC,Final
20170516,mlb,370516109,COL,7,MIN,3,COL,Final
20170516,mlb,370516107,NYY,7,KC,1,NYY,Final
20170516,mlb,370516124,BOS,6,STL,3,BOS,Final
20170516,mlb,370516129,NYM,4,ARI,5,ARI,Final
20170516,mlb,370516103,CHW,6,LAA,7,LAA,Final/11
20170516,mlb,370516125,MIL,6,SD,2,MIL,Final
20170516,mlb,370516126,LAD,1,SF,2,SF,Final
20170517,mlb,370517105,TB,7,CLE,4,TB,Final
20170517,mlb,370517128,HOU,3,MIA,0,HOU,Final
20170517,mlb,370517129,NYM,4,ARI,5,ARI,Final/11
20170517,mlb,370517126,LAD,6,SF,1,LAD,Final
20170517,mlb,370517123,WSH,1,PIT,6,PIT,Final
20170517,mlb,370517106,BAL,4,DET,5,DET,Final
20170517,mlb,370517115,TOR,4,ATL,8,ATL,Final
20170517,mlb,370517124,BOS,5,STL,4,BOS,Final/13
20170517,mlb,370517113,PHI,3,TEX,9,TEX,Final
20170517,mlb,370517116,CIN,5,CHC,7,CHC,Final
20170517,mlb,370517107,NYY,11,KC,7,NYY,Final
20170517,mlb,370517103,CHW,8,LAA,12,LAA,Final
20170517,mlb,370517125,MIL,3,SD,1,MIL,Final
20170518,mlb,370518123,WSH,4,PIT,10,PIT,Final
20170518,mlb,370518106,BAL,5,DET,6,DET,Final
20170518,mlb,370518209,COL,5,MIN,1,COL,Final
20170518,mlb,370518113,PHI,4,TEX,8,TEX,Final
20170518,mlb,370518116,CIN,5,CHC,9,CHC,Final
20170518,mlb,370518125,MIL,4,SD,2,MIL,Final
20170518,mlb,370518309,COL,0,MIN,2,MIN,Final
20170518,mlb,370518115,TOR,9,ATL,0,TOR,Final
20170518,mlb,370518107,NYY,1,KC,5,KC,Final
20170518,mlb,370518112,CHW,4,SEA,5,SEA,Final
20170518,mlb,370518119,MIA,2,LAD,7,LAD,Final
20170519,mlb,370519116,MIL,6,CHC,3,MIL,Final
20170519,mlb,370519101,TOR,3,BAL,5,BAL,Final/10
20170519,mlb,370519123,PHI,7,PIT,2,PHI,Final
20170519,mlb,370519106,TEX,5,DET,3,TEX,Final
20170519,mlb,370519117,COL,12,CIN,6,COL,Final
20170519,mlb,370519121,LAA,0,NYM,3,NYM,Final
20170519,mlb,370519130,NYY,4,TB,5,TB,Final
20170519,mlb,370519115,WSH,4,ATL,7,ATL,Final
20170519,mlb,370519109,KC,3,MIN,4,MIN,Final/10
20170519,mlb,370519118,CLE,5,HOU,3,CLE,Final
20170519,mlb,370519124,SF,6,STL,5,SF,Final
20170519,mlb,370519112,CHW,2,SEA,1,CHW,Final/10
20170519,mlb,370519119,MIA,2,LAD,7,LAD,Final
20170519,mlb,370519125,ARI,10,SD,1,ARI,Final
20170520,mlb,370520123,PHI,3,PIT,6,PIT,Final
20170520,mlb,370520115,WSH,2,ATL,5,ATL,Final
20170520,mlb,370520117,COL,8,CIN,12,CIN,Final
20170520,mlb,370520118,CLE,3,HOU,0,CLE,Final
20170520,mlb,370520130,NYY,5,TB,9,TB,Final
20170520,mlb,370520106,TEX,3,DET,9,DET,Final
20170520,mlb,370520121,LAA,5,NYM,7,NYM,Final
20170520,mlb,370520124,SF,3,STL,1,SF,Final/13
20170520,mlb,370520101,TOR,5,BAL,7,BAL,Final
20170520,mlb,370520112,CHW,16,SEA,1,CHW,Final
20170520,mlb,370520119,MIA,10,LAD,6,MIA,Final
20170520,mlb,370520125,ARI,9,SD,1,ARI,Final
20170521,mlb,370521117,COL,6,CIN,4,COL,Final
20170521,mlb,370521121,LAA,12,NYM,5,LAA,Final
20170521,mlb,370521130,NYY,3,TB,2,NYY,Final
20170521,mlb,370521101,TOR,3,BAL,1,TOR,Final
20170521,mlb,370521115,WSH,3,ATL,2,WSH,Final
20170521,mlb,370521123,PHI,0,PIT,1,PIT,Final
20170521,mlb,370521118,CLE,8,HOU,6,CLE,Final
20170521,mlb,400906246,KC,6,MIN,4,KC,Final
20170521,mlb,370521124,SF,3,STL,8,STL,Final
20170521,mlb,370521116,MIL,6,CHC,13,CHC,Final
20170521,mlb,370521112,CHW,8,SEA,1,CHW,Final
20170521,mlb,370521119,MIA,3,LAD,6,LAD,Final
20170521,mlb,370521125,ARI,1,SD,5,SD,Final
20170521,mlb,370521309,KC,4,MIN,8,MIN,Final
20170521,mlb,370521106,TEX,5,DET,2,TEX,Final
20170522,mlb,370522101,MIN,14,BAL,7,MIN,Final
20170522,mlb,370522110,KC,2,NYY,4,NYY,Final
20170522,mlb,370522122,COL,8,PHI,1,COL,Final
20170522,mlb,370522117,CLE,1,CIN,5,CIN,Final
20170522,mlb,370522130,LAA,3,TB,2,LAA,Final
20170522,mlb,370522115,PIT,2,ATL,5,ATL,Final
20170522,mlb,370522116,SF,6,CHC,4,SF,Final
20170522,mlb,370522118,DET,0,HOU,1,HOU,Final
20170522,mlb,370522129,CHW,1,ARI,5,ARI,Final
20170523,mlb,370523116,SF,1,CHC,4,CHC,Final
20170523,mlb,370523101,MIN,2,BAL,0,MIN,Final
20170523,mlb,370523110,KC,6,NYY,2,KC,Final
20170523,mlb,370523120,SEA,1,WSH,10,WSH,Final
20170523,mlb,370523122,COL,8,PHI,2,COL,Final
20170523,mlb,370523102,TEX,6,BOS,11,BOS,Final
20170523,mlb,370523117,CLE,8,CIN,7,CLE,Final
20170523,mlb,370523121,SD,3,NYM,9,NYM,Final
20170523,mlb,370523130,LAA,4,TB,0,LAA,Final
20170523,mlb,370523115,PIT,5,ATL,6,ATL,Final
20170523,mlb,370523108,TOR,4,MIL,3,TOR,Final
20170523,mlb,370523118,DET,2,HOU,6,HOU,Final
20170523,mlb,370523129,CHW,4,ARI,5,ARI,Final
20170523,mlb,370523119,STL,1,LAD,2,LAD,Final/13
20170524,mlb,370524101,MIN,4,BAL,3,MIN,Final
20170524,mlb,370524108,TOR,8,MIL,4,TOR,Final
20170524,mlb,370524129,CHW,6,ARI,8,ARI,Final
20170524,mlb,370524105,CIN,4,CLE,3,CIN,Final
20170524,mlb,370524110,KC,0,NYY,3,NYY,Final
20170524,mlb,370524120,SEA,1,WSH,5,WSH,Final
20170524,mlb,370524122,COL,7,PHI,2,COL,Final
20170524,mlb,370524102,TEX,4,BOS,9,BOS,Final
20170524,mlb,370524121,SD,6,NYM,5,SD,Final
20170524,mlb,370524130,LAA,2,TB,5,TB,Final
20170524,mlb,370524115,PIT,12,ATL,5,PIT,Final/10
20170524,mlb,370524116,SF,4,CHC,5,CHC,Final
20170524,mlb,370524118,DET,6,HOU,3,DET,Final
20170524,mlb,370524119,STL,6,LAD,1,STL,Final
20170525,mlb,370525120,SEA,4,WSH,2,SEA,Final
20170525,mlb,370525115,PIT,9,ATL,4,PIT,Final
20170525,mlb,370525122,COL,1,PHI,2,PHI,Final/11
20170525,mlb,370525130,LAA,0,TB,4,TB,Final
20170525,mlb,370525116,SF,1,CHC,5,CHC,Final
20170525,mlb,370525102,TEX,2,BOS,6,BOS,Final
20170525,mlb,370525121,SD,4,NYM,3,SD,Final
20170525,mlb,370525108,ARI,4,MIL,0,ARI,Final
20170525,mlb,370525118,DET,6,HOU,7,HOU,Final
20170525,mlb,370525119,STL,3,LAD,7,LAD,Final
20170526,mlb,370526120,SD,1,WSH,5,WSH,Final
20170526,mlb,370526122,CIN,5,PHI,2,CIN,Final
20170526,mlb,370526123,NYM,8,PIT,1,NYM,Final
20170526,mlb,370526114,TEX,6,TOR,7,TOR,Final
20170526,mlb,370526102,SEA,0,BOS,3,BOS,Final
20170526,mlb,370526105,KC,6,CLE,4,KC,Final
20170526,mlb,370526128,LAA,5,MIA,8,MIA,Final
20170526,mlb,370526108,ARI,4,MIL,2,ARI,Final/10
20170526,mlb,370526109,TB,5,MIN,2,TB,Final
20170526,mlb,370526118,BAL,0,HOU,2,HOU,Final
20170526,mlb,370526304,DET,2,CHW,8,CHW,Final
20170526,mlb,370526127,STL,0,COL,10,COL,Final
20170526,mlb,370526119,CHC,0,LAD,4,LAD,Final
20170526,mlb,370526126,ATL,2,SF,0,ATL,Final
20170527,mlb,370527114,TEX,1,TOR,3,TOR,Final
20170527,mlb,370527109,TB,3,MIN,5,MIN,Final
20170527,mlb,400906327,DET,0,CHW,3,CHW,Final
20170527,mlb,370527102,SEA,0,BOS,6,BOS,Final
20170527,mlb,370527120,SD,0,WSH,3,WSH,Final
20170527,mlb,370527122,CIN,3,PHI,4,PHI,Final
20170527,mlb,370527105,KC,5,CLE,2,KC,Final
20170527,mlb,370527108,ARI,1,MIL,6,MIL,Final
20170527,mlb,370527128,LAA,5,MIA,2,LAA,Final
20170527,mlb,370527304,DET,4,CHW,3,DET,Final
20170527,mlb,370527118,BAL,2,HOU,5,HOU,Final
20170527,mlb,370527119,CHC,0,LAD,5,LAD,Final
20170527,mlb,370527123,NYM,4,PIT,5,PIT,Final/10
20170527,mlb,370527127,STL,3,COL,0,STL,Final
20170527,mlb,370527126,ATL,3,SF,6,SF,Final
20170528,mlb,370528114,TEX,3,TOR,1,TEX,Final
20170528,mlb,370528105,KC,1,CLE,10,CLE,Final
20170528,mlb,370528128,LAA,2,MIA,9,MIA,Final
20170528,mlb,370528102,SEA,5,BOS,0,SEA,Final
20170528,mlb,370528120,SD,5,WSH,3,SD,Final
20170528,mlb,370528122,CIN,8,PHI,4,CIN,Final
20170528,mlb,370528104,DET,3,CHW,7,CHW,Final
20170528,mlb,370528108,ARI,5,MIL,9,MIL,Final
20170528,mlb,370528109,TB,8,MIN,6,TB,Final/15
20170528,mlb,370528118,BAL,4,HOU,8,HOU,Final
20170528,mlb,370528127,STL,4,COL,8,COL,Final
20170528,mlb,370528126,ATL,1,SF,7,SF,Final
20170528,mlb,370528119,CHC,4,LAD,9,LAD,Final
20170528,mlb,370528123,NYM,7,PIT,2,NYM,Final
20170529,mlb,370529101,NYY,2,BAL,3,BAL,Final
20170529,mlb,370529104,BOS,4,CHW,5,CHW,Final
20170529,mlb,370529109,HOU,16,MIN,8,HOU,Final
20170529,mlb,370529124,LAD,5,STL,1,LAD,Final
20170529,mlb,370529127,SEA,6,COL,5,SEA,Final
20170529,mlb,370529126,WSH,3,SF,0,WSH,Final
20170529,mlb,370529123,ARI,3,PIT,4,PIT,Final
20170529,mlb,370529121,MIL,2,NYM,4,NYM,Final
20170529,mlb,370529125,CHC,2,SD,5,SD,Final
20170529,mlb,370529107,DET,10,KC,7,DET,Final
20170529,mlb,370529114,CIN,2,TOR,17,TOR,Final
20170529,mlb,370529128,PHI,1,MIA,4,MIA,Final
20170529,mlb,370529113,TB,10,TEX,8,TB,Final
20170529,mlb,370529103,ATL,6,LAA,3,ATL,Final
20170530,mlb,370530124,LAD,9,STL,4,LAD,Final
20170530,mlb,370530101,NYY,8,BAL,3,NYY,Final
20170530,mlb,370530123,ARI,3,PIT,0,ARI,Final
20170530,mlb,370530114,CIN,4,TOR,6,TOR,Final
20170530,mlb,370530121,MIL,4,NYM,5,NYM,Final/12
20170530,mlb,370530127,SEA,10,COL,4,SEA,Final
20170530,mlb,370530128,PHI,2,MIA,7,MIA,Final
20170530,mlb,370530113,TB,5,TEX,9,TEX,Final
20170530,mlb,370530104,BOS,13,CHW,7,BOS,Final
20170530,mlb,370530109,HOU,7,MIN,2,HOU,Final
20170530,mlb,370530107,DET,0,KC,1,KC,Final
20170530,mlb,370530126,WSH,6,SF,3,WSH,Final
20170530,mlb,370530103,ATL,3,LAA,9,LAA,Final
20170530,mlb,370530125,CHC,2,SD,6,SD,Final
20170531,mlb,370531123,ARI,6,PIT,5,ARI,Final/14
20170531,mlb,370531114,CIN,4,TOR,5,TOR,Final
20170531,mlb,370531109,HOU,17,MIN,6,HOU,Final
20170531,mlb,370531128,PHI,2,MIA,10,MIA,Final
20170531,mlb,370531125,CHC,1,SD,2,SD,Final
20170531,mlb,370531101,NYY,4,BAL,10,BAL,Final
20170531,mlb,370531121,MIL,7,NYM,1,MIL,Final
20170531,mlb,370531113,TB,7,TEX,5,TB,Final/10
20170531,mlb,370531104,BOS,4,CHW,1,BOS,Final
20170531,mlb,370531107,DET,6,KC,5,DET,Final
20170531,mlb,370531124,LAD,1,STL,2,STL,Final
20170531,mlb,370531103,ATL,1,LAA,2,LAA,Final
20170531,mlb,370531112,COL,0,SEA,5,SEA,Final
20170531,mlb,370531126,WSH,3,SF,1,WSH,Final
20170601,mlb,370601121,MIL,2,NYM,1,MIL,Final
20170601,mlb,370601124,LAD,0,STL,2,STL,Final
20170601,mlb,370601112,COL,6,SEA,3,COL,Final
20170601,mlb,370601101,BOS,5,BAL,7,BAL,Final
20170601,mlb,370601114,NYY,12,TOR,2,NYY,Final
20170601,mlb,370601128,ARI,3,MIA,2,ARI,Final
20170601,mlb,370601103,MIN,4,LAA,2,MIN,Final
20170602,mlb,370602116,STL,2,CHC,3,CHC,Final
20170602,mlb,370602101,BOS,2,BAL,3,BAL,Final
20170602,mlb,370602122,SF,10,PHI,0,SF,Final
20170602,mlb,370602114,NYY,5,TOR,7,TOR,Final
20170602,mlb,370602106,CHW,5,DET,15,DET,Final
20170602,mlb,370602117,ATL,2,CIN,3,CIN,Final/10
20170602,mlb,370602121,PIT,12,NYM,7,PIT,Final
20170602,mlb,370602128,ARI,5,MIA,7,MIA,Final
20170602,mlb,370602113,HOU,7,TEX,1,HOU,Final
20170602,mlb,370602108,LAD,2,MIL,1,LAD,Final/12
20170602,mlb,370602107,CLE,0,KC,4,KC,Final
20170602,mlb,370602103,MIN,11,LAA,5,MIN,Final
20170602,mlb,370602112,TB,4,SEA,12,SEA,Final
20170602,mlb,370602125,COL,5,SD,8,SD,Final
20170603,mlb,370603114,NYY,7,TOR,0,NYY,Final
20170603,mlb,370603107,CLE,5,KC,12,KC,Final
20170603,mlb,370603116,STL,3,CHC,5,CHC,Final
20170603,mlb,370603122,SF,3,PHI,5,PHI,Final
20170603,mlb,370603106,CHW,1,DET,10,DET,Final
20170603,mlb,370603108,LAD,10,MIL,8,LAD,Final
20170603,mlb,370603117,ATL,6,CIN,5,ATL,Final/12
20170603,mlb,370603125,COL,10,SD,1,COL,Final
20170603,mlb,370603128,ARI,0,MIA,3,MIA,Final
20170603,mlb,370603101,BOS,5,BAL,2,BOS,Final
20170603,mlb,370603113,HOU,6,TEX,5,HOU,Final
20170603,mlb,370603121,PIT,2,NYM,4,NYM,Final
20170603,mlb,370603103,MIN,2,LAA,7,LAA,Final
20170603,mlb,370603112,TB,2,SEA,9,SEA,Final
20170604,mlb,370604114,NYY,2,TOR,3,TOR,Final
20170604,mlb,370604106,CHW,4,DET,7,DET,Final
20170604,mlb,370604117,ATL,13,CIN,8,ATL,Final
20170604,mlb,370604121,PIT,11,NYM,1,PIT,Final
20170604,mlb,370604128,ARI,5,MIA,6,MIA,Final
20170604,mlb,370604101,BOS,7,BAL,3,BOS,Final
20170604,mlb,370604122,SF,7,PHI,9,PHI,Final
20170604,mlb,370604108,LAD,0,MIL,3,MIL,Final
20170604,mlb,370604107,CLE,8,KC,0,CLE,Final
20170604,mlb,370604113,HOU,7,TEX,2,HOU,Final
20170604,mlb,370604103,MIN,3,LAA,2,MIN,Final
20170604,mlb,370604112,TB,1,SEA,7,SEA,Final
20170604,mlb,370604125,COL,3,SD,1,COL,Final
20170604,mlb,370604116,STL,6,CHC,7,CHC,Final
20170605,mlb,370605117,STL,2,CIN,4,CIN,Final
20170605,mlb,370605115,PHI,11,ATL,4,PHI,Final
20170605,mlb,370605108,SF,7,MIL,2,SF,Final
20170605,mlb,370605116,MIA,1,CHC,3,CHC,Final
20170605,mlb,370605107,HOU,7,KC,3,HOU,Final
20170605,mlb,370605119,WSH,4,LAD,2,WSH,Final
20170606,mlb,370606101,PIT,5,BAL,6,BAL,Final/10
20170606,mlb,370606110,BOS,5,NYY,4,BOS,Final
20170606,mlb,370606106,LAA,5,DET,3,LAA,Final
20170606,mlb,370606117,STL,1,CIN,13,CIN,Final
20170606,mlb,370606130,CHW,4,TB,2,CHW,Final
20170606,mlb,370606115,PHI,3,ATL,1,PHI,Final
20170606,mlb,370606108,SF,2,MIL,5,MIL,Final
20170606,mlb,370606113,NYM,8,TEX,10,TEX,Final
20170606,mlb,370606116,MIA,2,CHC,10,CHC,Final
20170606,mlb,370606107,HOU,7,KC,9,KC,Final
20170606,mlb,370606127,CLE,3,COL,11,COL,Final
20170606,mlb,370606129,SD,2,ARI,10,ARI,Final
20170606,mlb,370606112,MIN,3,SEA,12,SEA,Final
20170606,mlb,370606119,WSH,2,LAD,1,WSH,Final
20170607,mlb,370607119,WSH,1,LAD,2,LAD,Final
20170607,mlb,370607127,CLE,1,COL,8,COL,Final
20170607,mlb,370607101,PIT,6,BAL,9,BAL,Final/11
20170607,mlb,370607110,BOS,0,NYY,8,NYY,Final
20170607,mlb,370607106,LAA,0,DET,4,DET,Final
20170607,mlb,370607117,STL,4,CIN,6,CIN,Final
20170607,mlb,370607130,CHW,1,TB,3,TB,Final
20170607,mlb,370607115,PHI,1,ATL,14,ATL,Final
20170607,mlb,370607113,NYM,4,TEX,3,NYM,Final
20170607,mlb,370607116,MIA,6,CHC,5,MIA,Final
20170607,mlb,370607108,SF,3,MIL,6,MIL,Final
20170607,mlb,370607107,HOU,5,KC,7,KC,Final
20170607,mlb,370607129,SD,4,ARI,7,ARI,Final
20170607,mlb,370607112,MIN,5,SEA,6,SEA,Final
20170608,mlb,370608117,STL,2,CIN,5,CIN,Final
20170608,mlb,370608106,LAA,11,DET,4,LAA,Final
20170608,mlb,370608108,SF,9,MIL,5,SF,Final/10
20170608,mlb,370608129,SD,3,ARI,15,ARI,Final
20170608,mlb,370608110,BOS,1,NYY,9,NYY,Final
20170608,mlb,370608120,BAL,1,WSH,6,WSH,Final
20170608,mlb,370608123,MIA,7,PIT,1,MIA,Final
20170608,mlb,370608130,CHW,5,TB,7,TB,Final
20170608,mlb,370608115,PHI,1,ATL,3,ATL,Final
20170608,mlb,370608116,COL,4,CHC,1,COL,Final
20170608,mlb,370608107,HOU,6,KC,1,HOU,Final
20170608,mlb,370608112,MIN,2,SEA,1,MIN,Final
20170609,mlb,370609116,COL,5,CHC,3,COL,Final
20170609,mlb,370609120,TEX,5,WSH,2,TEX,Final
20170609,mlb,370609123,MIA,12,PIT,7,MIA,Final
20170609,mlb,370609102,DET,3,BOS,5,BOS,Final
20170609,mlb,370609105,CHW,3,CLE,7,CLE,Final
20170609,mlb,370609110,BAL,2,NYY,8,NYY,Final
20170609,mlb,370609115,NYM,2,ATL,3,ATL,Final
20170609,mlb,370609118,LAA,9,HOU,4,LAA,Final
20170609,mlb,370609124,PHI,2,STL,3,STL,Final
20170609,mlb,370609129,MIL,8,ARI,6,MIL,Final
20170609,mlb,370609112,TOR,2,SEA,4,SEA,Final
20170609,mlb,370609119,CIN,2,LAD,7,LAD,Final
20170609,mlb,370609125,KC,3,SD,6,SD,Final
20170609,mlb,370609126,MIN,4,SF,0,MIN,Final
20170610,mlb,370610120,TEX,6,WSH,3,TEX,Final/11
20170610,mlb,370610215,NYM,6,ATL,1,NYM,Final
20170610,mlb,370610124,PHI,0,STL,7,STL,Final
20170610,mlb,370610116,COL,9,CHC,1,COL,Final
20170610,mlb,370610123,MIA,6,PIT,7,PIT,Final
20170610,mlb,370610126,MIN,3,SF,2,MIN,Final
20170610,mlb,370610118,LAA,1,HOU,3,HOU,Final
20170610,mlb,370610125,KC,12,SD,6,KC,Final
20170610,mlb,370610315,NYM,8,ATL,1,NYM,Final
20170610,mlb,370610102,DET,3,BOS,11,BOS,Final
20170610,mlb,370610105,CHW,5,CLE,3,CHW,Final
20170610,mlb,370610110,BAL,3,NYY,16,NYY,Final
20170610,mlb,370610112,TOR,4,SEA,2,TOR,Final
20170610,mlb,370610119,CIN,4,LAD,5,LAD,Final
20170610,mlb,370610129,MIL,2,ARI,3,ARI,Final
20170611,mlb,370611110,BAL,3,NYY,14,NYY,Final
20170611,mlb,370611105,CHW,2,CLE,4,CLE,Final
20170611,mlb,370611115,NYM,2,ATL,1,NYM,Final
20170611,mlb,370611123,MIA,1,PIT,3,PIT,Final
20170611,mlb,370611118,LAA,12,HOU,6,LAA,Final
20170611,mlb,370611124,PHI,5,STL,6,STL,Final
20170611,mlb,370611116,COL,5,CHC,7,CHC,Final
20170611,mlb,370611120,TEX,5,WSH,1,TEX,Final
20170611,mlb,400906629,MIN,8,SF,13,SF,Final
20170611,mlb,370611112,TOR,4,SEA,0,TOR,Final
20170611,mlb,370611119,CIN,7,LAD,9,LAD,Final
20170611,mlb,370611129,MIL,1,ARI,11,ARI,Final
20170611,mlb,370611125,KC,8,SD,3,KC,Final
20170611,mlb,370611102,DET,8,BOS,3,DET,Final
20170612,mlb,370612120,ATL,11,WSH,10,ATL,Final
20170612,mlb,370612123,COL,2,PIT,7,PIT,Final
20170612,mlb,370612102,PHI,5,BOS,6,BOS,Final/11
20170612,mlb,370612121,CHC,1,NYM,6,NYM,Final
20170612,mlb,370612104,BAL,7,CHW,10,CHW,Final
20170612,mlb,370612109,SEA,14,MIN,3,SEA,Final
20170612,mlb,370612118,TEX,6,HOU,1,TEX,Final
20170612,mlb,370612103,NYY,5,LAA,3,NYY,Final
20170612,mlb,370612125,CIN,3,SD,9,SD,Final
20170613,mlb,370613224,MIL,0,STL,6,STL,Final
20170613,mlb,370613120,ATL,5,WSH,10,WSH,Final
20170613,mlb,370613123,COL,2,PIT,5,PIT,Final
20170613,mlb,370613114,TB,8,TOR,1,TB,Final
20170613,mlb,370613102,PHI,3,BOS,4,BOS,Final/12
20170613,mlb,370613105,LAD,7,CLE,5,LAD,Final
20170613,mlb,370613106,ARI,7,DET,6,ARI,Final
20170613,mlb,370613121,CHC,14,NYM,3,CHC,Final
20170613,mlb,370613104,BAL,1,CHW,6,CHW,Final
20170613,mlb,370613109,SEA,7,MIN,20,MIN,Final
20170613,mlb,370613118,TEX,4,HOU,2,TEX,Final
20170613,mlb,370613324,MIL,8,STL,5,MIL,Final
20170613,mlb,370613103,NYY,2,LAA,3,LAA,Final/11
20170613,mlb,370613125,CIN,2,SD,6,SD,Final
20170613,mlb,370613126,KC,8,SF,1,KC,Final
20170614,mlb,370614125,CIN,2,SD,4,SD,Final
20170614,mlb,370614126,KC,7,SF,2,KC,Final
20170614,mlb,370614120,ATL,13,WSH,2,ATL,Final
20170614,mlb,370614122,BOS,7,PHI,3,BOS,Final
20170614,mlb,370614123,COL,5,PIT,1,COL,Final
20170614,mlb,370614114,TB,6,TOR,7,TOR,Final
20170614,mlb,370614105,LAD,6,CLE,4,LAD,Final
20170614,mlb,370614106,ARI,2,DET,1,ARI,Final
20170614,mlb,370614121,CHC,4,NYM,9,NYM,Final
20170614,mlb,370614104,BAL,10,CHW,6,BAL,Final
20170614,mlb,370614109,SEA,6,MIN,4,SEA,Final
20170614,mlb,370614118,TEX,2,HOU,13,HOU,Final
20170614,mlb,370614124,MIL,7,STL,6,MIL,Final
20170614,mlb,370614103,NYY,5,LAA,7,LAA,Final
20170615,mlb,370615105,LAD,5,CLE,12,CLE,Final
20170615,mlb,370615109,SEA,2,MIN,6,MIN,Final
20170615,mlb,370615104,BAL,2,CHW,5,CHW,Final
20170615,mlb,370615122,BOS,0,PHI,1,PHI,Final
20170615,mlb,370615106,TB,3,DET,5,DET,Final
20170615,mlb,370615121,WSH,8,NYM,3,WSH,Final
20170615,mlb,370615124,MIL,6,STL,4,MIL,Final
20170615,mlb,370615127,SF,9,COL,10,COL,Final
20170615,mlb,370615103,KC,7,LAA,2,KC,Final
20170616,mlb,370616121,WSH,7,NYM,2,WSH,Final
20170616,mlb,370616101,STL,11,BAL,2,STL,Final
20170616,mlb,370616122,ARI,5,PHI,4,ARI,Final
20170616,mlb,370616123,CHC,9,PIT,5,CHC,Final
20170616,mlb,370616114,CHW,11,TOR,4,CHW,Final
20170616,mlb,370616106,TB,4,DET,13,DET,Final
20170616,mlb,370616117,LAD,3,CIN,1,LAD,Final
20170616,mlb,370616115,MIA,5,ATL,0,MIA,Final
20170616,mlb,370616113,SEA,4,TEX,10,TEX,Final
20170616,mlb,370616108,SD,5,MIL,6,MIL,Final/10
20170616,mlb,370616109,CLE,8,MIN,1,CLE,Final
20170616,mlb,370616118,BOS,2,HOU,1,BOS,Final
20170616,mlb,370616127,SF,8,COL,10,COL,Final
20170616,mlb,370616103,KC,3,LAA,1,KC,Final
20170617,mlb,370617114,CHW,5,TOR,2,CHW,Final
20170617,mlb,370617209,CLE,9,MIN,3,CLE,Final
20170617,mlb,370617127,SF,1,COL,5,COL,Final
20170617,mlb,370617101,STL,7,BAL,15,BAL,Final
20170617,mlb,370617122,ARI,5,PHI,1,ARI,Final
20170617,mlb,370617106,TB,3,DET,2,TB,Final
20170617,mlb,370617108,SD,7,MIL,5,SD,Final/11
20170617,mlb,370617115,MIA,7,ATL,8,ATL,Final/10
20170617,mlb,370617117,LAD,10,CIN,2,LAD,Final
20170617,mlb,370617121,WSH,7,NYM,4,WSH,Final
20170617,mlb,370617113,SEA,4,TEX,10,TEX,Final
20170617,mlb,370617309,CLE,6,MIN,2,CLE,Final
20170617,mlb,370617103,KC,0,LAA,9,LAA,Final
20170617,mlb,370617118,BOS,1,HOU,7,HOU,Final
20170617,mlb,370617123,CHC,3,PIT,4,PIT,Final
20170618,mlb,370618114,CHW,3,TOR,7,TOR,Final
20170618,mlb,370618106,TB,9,DET,1,TB,Final
20170618,mlb,370618117,LAD,8,CIN,7,LAD,Final
20170618,mlb,370618121,WSH,1,NYM,5,NYM,Final
20170618,mlb,370618101,STL,5,BAL,8,BAL,Final
20170618,mlb,370618115,MIA,4,ATL,5,ATL,Final
20170618,mlb,370618122,ARI,5,PHI,4,ARI,Final/10
20170618,mlb,370618123,CHC,7,PIT,1,CHC,Final
20170618,mlb,370618108,SD,1,MIL,2,MIL,Final
20170618,mlb,370618109,CLE,5,MIN,2,CLE,Final
20170618,mlb,370618113,SEA,7,TEX,3,SEA,Final
20170618,mlb,370618127,SF,5,COL,7,COL,Final
20170618,mlb,370618103,KC,7,LAA,3,KC,Final
20170618,mlb,370618118,BOS,6,HOU,5,BOS,Final
20170619,mlb,370619101,CLE,12,BAL,0,CLE,Final
20170619,mlb,370619128,WSH,7,MIA,8,MIA,Final
20170619,mlb,370619130,CIN,7,TB,3,CIN,Final
20170619,mlb,370619115,SF,0,ATL,9,ATL,Final
20170619,mlb,370619108,PIT,8,MIL,1,PIT,Final
20170619,mlb,370619113,TOR,7,TEX,6,TOR,Final
20170619,mlb,370619116,SD,2,CHC,3,CHC,Final
20170619,mlb,370619107,BOS,2,KC,4,KC,Final
20170619,mlb,370619112,DET,2,SEA,6,SEA,Final
20170619,mlb,370619119,NYM,6,LAD,10,LAD,Final
20170620,mlb,370620101,CLE,5,BAL,6,BAL,Final
20170620,mlb,370620110,LAA,8,NYY,3,LAA,Final
20170620,mlb,370620122,STL,8,PHI,1,STL,Final/11
20170620,mlb,370620128,WSH,12,MIA,3,WSH,Final
20170620,mlb,370620130,CIN,5,TB,6,TB,Final
20170620,mlb,370620115,SF,6,ATL,3,SF,Final
20170620,mlb,370620108,PIT,7,MIL,3,PIT,Final
20170620,mlb,370620113,TOR,1,TEX,6,TEX,Final
20170620,mlb,370620116,SD,0,CHC,4,CHC,Final
20170620,mlb,370620109,CHW,7,MIN,9,MIN,Final
20170620,mlb,370620107,BOS,8,KC,3,BOS,Final
20170620,mlb,370620127,ARI,3,COL,4,COL,Final
20170620,mlb,370620119,NYM,0,LAD,12,LAD,Final
20170620,mlb,370620112,DET,4,SEA,5,SEA,Final/10
20170621,mlb,370621128,WSH,1,MIA,2,MIA,Final
20170621,mlb,370621130,CIN,3,TB,8,TB,Final
20170621,mlb,370621107,BOS,4,KC,6,KC,Final
20170621,mlb,370621116,SD,3,CHC,2,SD,Final
20170621,mlb,370621101,CLE,5,BAL,1,CLE,Final
20170621,mlb,370621110,LAA,4,NYY,8,NYY,Final
20170621,mlb,370621122,STL,7,PHI,6,STL,Final/10
20170621,mlb,370621115,SF,3,ATL,5,ATL,Final/11
20170621,mlb,370621113,TOR,7,TEX,5,TOR,Final
20170621,mlb,370621108,PIT,3,MIL,4,MIL,Final
20170621,mlb,370621109,CHW,2,MIN,4,MIN,Final
20170621,mlb,370621127,ARI,16,COL,5,ARI,Final
20170621,mlb,370621119,NYM,2,LAD,8,LAD,Final
20170621,mlb,370621112,DET,5,SEA,7,SEA,Final
20170622,mlb,370622122,STL,1,PHI,5,PHI,Final
20170622,mlb,370622109,CHW,9,MIN,0,CHW,Final
20170622,mlb,370622113,TOR,4,TEX,11,TEX,Final
20170622,mlb,370622108,PIT,2,MIL,4,MIL,Final
20170622,mlb,370622127,ARI,10,COL,3,ARI,Final
20170622,mlb,370622101,CLE,6,BAL,3,CLE,Final
20170622,mlb,370622110,LAA,10,NYY,5,LAA,Final
20170622,mlb,370622128,CHC,11,MIA,1,CHC,Final
20170622,mlb,400906847,SF,11,ATL,12,ATL,Final
20170622,mlb,370622112,DET,6,SEA,9,SEA,Final
20170622,mlb,370622119,NYM,3,LAD,6,LAD,Final
20170623,mlb,370623120,CIN,5,WSH,6,WSH,Final/10
20170623,mlb,370623102,LAA,4,BOS,9,BOS,Final
20170623,mlb,370623105,MIN,5,CLE,0,MIN,Final
20170623,mlb,370623128,CHC,0,MIA,2,MIA,Final
20170623,mlb,370623130,BAL,5,TB,15,TB,Final
20170623,mlb,370623115,MIL,4,ATL,5,ATL,Final
20170623,mlb,370623107,TOR,4,KC,5,KC,Final
20170623,mlb,370623124,PIT,4,STL,3,PIT,Final
20170623,mlb,370623110,TEX,1,NYY,2,NYY,Final/10
20170623,mlb,370623129,PHI,6,ARI,1,PHI,Final
20170623,mlb,370623112,HOU,3,SEA,13,SEA,Final
20170623,mlb,370623119,COL,1,LAD,6,LAD,Final
20170623,mlb,370623125,DET,0,SD,1,SD,Final
20170623,mlb,370623126,NYM,11,SF,4,NYM,Final
20170624,mlb,370624110,TEX,8,NYY,1,TEX,Final
20170624,mlb,370624107,TOR,2,KC,3,KC,Final
20170624,mlb,370624120,CIN,3,WSH,18,WSH,Final
20170624,mlb,370624105,MIN,4,CLE,2,MIN,Final
20170624,mlb,370624115,MIL,1,ATL,3,ATL,Final
20170624,mlb,370624128,CHC,5,MIA,3,CHC,Final
20170624,mlb,370624130,BAL,8,TB,3,BAL,Final
20170624,mlb,370624102,LAA,6,BOS,3,LAA,Final
20170624,mlb,370624124,PIT,7,STL,3,PIT,Final
20170624,mlb,370624126,NYM,5,SF,2,NYM,Final
20170624,mlb,370624112,HOU,5,SEA,2,HOU,Final
20170624,mlb,370624119,COL,0,LAD,4,LAD,Final
20170624,mlb,370624125,DET,3,SD,7,SD,Final
20170624,mlb,370624129,PHI,2,ARI,9,ARI,Final
20170625,mlb,370625105,MIN,4,CLE,0,MIN,Final
20170625,mlb,370625128,CHC,2,MIA,4,MIA,Final
20170625,mlb,370625130,BAL,8,TB,5,BAL,Final
20170625,mlb,370625102,LAA,4,BOS,2,LAA,Final
20170625,mlb,370625115,MIL,7,ATL,0,MIL,Final
20170625,mlb,370625120,CIN,6,WSH,2,CIN,Final
20170625,mlb,370625110,TEX,7,NYY,6,TEX,Final
20170625,mlb,370625107,TOR,8,KC,2,TOR,Final
20170625,mlb,370625126,NYM,8,SF,2,NYM,Final
20170625,mlb,370625112,HOU,8,SEA,2,HOU,Final
20170625,mlb,370625119,COL,6,LAD,12,LAD,Final
20170625,mlb,370625129,PHI,1,ARI,2,ARI,Final/11
20170625,mlb,370625125,DET,7,SD,5,DET,Final
20170625,mlb,370625124,PIT,4,STL,8,STL,Final
20170626,mlb,370626129,PHI,1,ARI,6,ARI,Final
20170626,mlb,370626124,CIN,2,STL,8,STL,Final
20170626,mlb,370626120,CHC,5,WSH,4,CHC,Final
20170626,mlb,370626102,MIN,1,BOS,4,BOS,Final
20170626,mlb,370626105,TEX,9,CLE,15,CLE,Final
20170626,mlb,370626104,NYY,6,CHW,5,NYY,Final
20170626,mlb,370626126,COL,2,SF,9,SF,Final
20170626,mlb,370626119,LAA,4,LAD,0,LAA,Final
20170627,mlb,370627120,CHC,1,WSH,6,WSH,Final
20170627,mlb,370627123,TB,4,PIT,2,TB,Final/10
20170627,mlb,370627114,BAL,3,TOR,1,BAL,Final
20170627,mlb,370627102,MIN,2,BOS,9,BOS,Final
20170627,mlb,370627105,TEX,2,CLE,1,TEX,Final
20170627,mlb,370627106,KC,3,DET,5,DET,Final
20170627,mlb,370627117,MIL,6,CIN,8,CIN,Final
20170627,mlb,370627128,NYM,3,MIA,6,MIA,Final
20170627,mlb,370627104,NYY,3,CHW,4,CHW,Final
20170627,mlb,370627129,STL,5,ARI,6,ARI,Final/10
20170627,mlb,370627112,PHI,8,SEA,2,PHI,Final
20170627,mlb,370627119,LAA,0,LAD,4,LAD,Final
20170627,mlb,370627125,ATL,3,SD,0,ATL,Final
20170627,mlb,370627126,COL,3,SF,4,SF,Final/14
20170628,mlb,370628112,PHI,5,SEA,4,PHI,Final
20170628,mlb,370628126,COL,3,SF,5,SF,Final
20170628,mlb,370628120,CHC,4,WSH,8,WSH,Final
20170628,mlb,370628123,TB,2,PIT,6,PIT,Final
20170628,mlb,370628114,BAL,0,TOR,4,TOR,Final
20170628,mlb,370628102,MIN,4,BOS,1,MIN,Final
20170628,mlb,370628105,TEX,3,CLE,5,CLE,Final
20170628,mlb,370628106,KC,8,DET,2,KC,Final
20170628,mlb,370628117,MIL,3,CIN,4,CIN,Final
20170628,mlb,370628128,NYM,8,MIA,0,NYM,Final
20170628,mlb,370628104,NYY,12,CHW,3,NYY,Final
20170628,mlb,370628129,STL,4,ARI,3,STL,Final
20170628,mlb,370628103,LAD,2,LAA,3,LAA,Final
20170628,mlb,370628125,ATL,4,SD,7,SD,Final
20170629,mlb,370629105,TEX,1,CLE,5,CLE,Final
20170629,mlb,370629106,KC,3,DET,7,DET,Final
20170629,mlb,370629129,STL,10,ARI,4,STL,Final
20170629,mlb,370629120,CHC,5,WSH,4,CHC,Final
20170629,mlb,370629102,MIN,3,BOS,6,BOS,Final
20170629,mlb,370629123,TB,0,PIT,4,PIT,Final
20170629,mlb,370629114,BAL,2,TOR,0,BAL,Final
20170629,mlb,370629117,MIL,11,CIN,3,MIL,Final
20170629,mlb,370629128,NYM,6,MIA,3,NYM,Final
20170629,mlb,370629104,NYY,3,CHW,4,CHW,Final
20170629,mlb,370629125,ATL,0,SD,6,SD,Final
20170629,mlb,370629103,LAD,6,LAA,2,LAD,Final
20170630,mlb,370630101,TB,6,BAL,4,TB,Final/10
20170630,mlb,370630123,SF,13,PIT,5,SF,Final
20170630,mlb,370630114,BOS,7,TOR,4,BOS,Final/11
20170630,mlb,370630117,CHC,0,CIN,5,CIN,Final
20170630,mlb,370630121,PHI,1,NYM,2,NYM,Final
20170630,mlb,370630104,TEX,7,CHW,8,CHW,Final
20170630,mlb,370630108,MIA,2,MIL,3,MIL,Final
20170630,mlb,370630118,NYY,13,HOU,4,NYY,Final
20170630,mlb,370630107,MIN,1,KC,8,KC,Final
20170630,mlb,370630124,WSH,1,STL,8,STL,Final
20170630,mlb,370630129,COL,6,ARI,3,COL,Final
20170630,mlb,370630103,SEA,10,LAA,0,SEA,Final
20170630,mlb,370630125,LAD,10,SD,4,LAD,Final
20170701,mlb,370701114,BOS,7,TOR,1,BOS,Final
20170701,mlb,370701206,CLE,4,DET,7,DET,Final
20170701,mlb,370701104,TEX,10,CHW,4,TEX,Final
20170701,mlb,370701207,MIN,6,KC,11,KC,Final
20170701,mlb,370701101,TB,10,BAL,3,TB,Final
20170701,mlb,370701123,SF,2,PIT,1,SF,Final/11
20170701,mlb,370701108,MIA,4,MIL,8,MIL,Final
20170701,mlb,370701117,CHC,3,CIN,5,CIN,Final
20170701,mlb,370701121,PHI,6,NYM,7,NYM,Final
20170701,mlb,370701118,NYY,6,HOU,7,HOU,Final
20170701,mlb,370701124,WSH,1,STL,2,STL,Final
20170701,mlb,370701306,CLE,4,DET,1,CLE,Final
20170701,mlb,370701307,MIN,10,KC,5,MIN,Final
20170701,mlb,370701103,SEA,0,LAA,4,LAA,Final
20170701,mlb,370701125,LAD,8,SD,0,LAD,Final
20170701,mlb,400907015,COL,2,ARI,6,ARI,Final
20170702,mlb,370702114,BOS,15,TOR,1,BOS,Final
20170702,mlb,370702106,CLE,11,DET,8,CLE,Final
20170702,mlb,370702117,CHC,6,CIN,2,CHC,Final
20170702,mlb,370702121,PHI,7,NYM,1,PHI,Final
20170702,mlb,370702101,TB,1,BAL,7,BAL,Final
20170702,mlb,370702123,SF,5,PIT,3,SF,Final
20170702,mlb,370702104,TEX,5,CHW,6,CHW,Final
20170702,mlb,370702108,MIA,10,MIL,3,MIA,Final
20170702,mlb,370702118,NYY,1,HOU,8,HOU,Final
20170702,mlb,370702107,MIN,2,KC,6,KC,Final
20170702,mlb,370702103,SEA,5,LAA,3,SEA,Final
20170702,mlb,370702129,COL,3,ARI,4,ARI,Final
20170702,mlb,370702125,LAD,3,SD,5,SD,Final
20170702,mlb,370702124,WSH,7,STL,2,WSH,Final
20170703,mlb,370703108,BAL,1,MIL,8,MIL,Final
20170703,mlb,370703120,NYM,2,WSH,3,WSH,Final
20170703,mlb,370703110,TOR,3,NYY,6,NYY,Final
20170703,mlb,370703122,PIT,0,PHI,4,PHI,Final
20170703,mlb,370703124,MIA,6,STL,14,STL,Final
20170703,mlb,370703113,BOS,7,TEX,5,BOS,Final/11
20170703,mlb,370703109,LAA,5,MIN,9,MIN,Final
20170703,mlb,370703127,CIN,3,COL,5,COL,Final
20170703,mlb,370703112,KC,3,SEA,1,KC,Final
20170704,mlb,370704120,NYM,4,WSH,11,WSH,Final
20170704,mlb,370704110,TOR,4,NYY,1,TOR,Final
20170704,mlb,370704106,SF,3,DET,5,DET,Final
20170704,mlb,370704109,LAA,4,MIN,5,MIN,Final
20170704,mlb,370704124,MIA,5,STL,2,MIA,Final
20170704,mlb,370704116,TB,6,CHC,5,TB,Final
20170704,mlb,370704122,PIT,3,PHI,0,PIT,Final
20170704,mlb,370704108,BAL,2,MIL,6,MIL,Final
20170704,mlb,370704112,KC,7,SEA,3,KC,Final
20170704,mlb,370704105,SD,1,CLE,0,SD,Final
20170704,mlb,370704115,HOU,16,ATL,4,HOU,Final
20170704,mlb,370704113,BOS,11,TEX,4,BOS,Final
20170704,mlb,370704127,CIN,8,COL,1,CIN,Final
20170704,mlb,370704119,ARI,3,LAD,4,LAD,Final
20170705,mlb,370705110,TOR,7,NYY,6,TOR,Final
20170705,mlb,370705116,TB,3,CHC,7,CHC,Final
20170705,mlb,370705122,PIT,5,PHI,2,PIT,Final
20170705,mlb,370705105,SD,6,CLE,2,SD,Final
20170705,mlb,370705106,SF,5,DET,4,SF,Final
20170705,mlb,370705108,BAL,0,MIL,4,MIL,Final
20170705,mlb,370705115,HOU,10,ATL,4,HOU,Final
20170705,mlb,370705113,BOS,2,TEX,8,TEX,Final
20170705,mlb,370705109,LAA,2,MIN,1,LAA,Final
20170705,mlb,370705124,MIA,9,STL,6,MIA,Final
20170705,mlb,370705127,CIN,3,COL,5,COL,Final
20170705,mlb,370705112,KC,9,SEA,6,KC,Final/10
20170705,mlb,370705119,ARI,0,LAD,1,LAD,Final
20170706,mlb,370706106,SF,2,DET,6,DET,Final
20170706,mlb,370706124,MIA,3,STL,4,STL,Final
20170706,mlb,370706116,MIL,11,CHC,2,MIL,Final
20170706,mlb,370706127,CIN,6,COL,3,CIN,Final
20170706,mlb,370706122,PIT,6,PHI,3,PIT,Final
20170706,mlb,370706114,HOU,4,TOR,7,TOR,Final
20170706,mlb,370706105,SD,2,CLE,11,CLE,Final
20170706,mlb,370706130,BOS,1,TB,4,TB,Final
20170706,mlb,370706109,BAL,4,MIN,6,MIN,Final
20170706,mlb,370706119,ARI,4,LAD,5,LAD,Final
20170706,mlb,370706120,ATL,5,WSH,2,ATL,Final
20170707,mlb,370707116,PIT,1,CHC,6,CHC,Final
20170707,mlb,370707122,SD,4,PHI,3,SD,Final
20170707,mlb,370707110,MIL,9,NYY,4,MIL,Final
20170707,mlb,370707120,ATL,4,WSH,5,WSH,Final/10
20170707,mlb,370707114,HOU,12,TOR,2,HOU,Final
20170707,mlb,370707105,DET,2,CLE,11,CLE,Final
20170707,mlb,370707130,BOS,8,TB,3,BOS,Final
20170707,mlb,370707113,LAA,0,TEX,10,TEX,Final
20170707,mlb,370707109,BAL,6,MIN,9,MIN,Final
20170707,mlb,370707124,NYM,6,STL,5,NYM,Final
20170707,mlb,370707127,CHW,4,COL,12,COL,Final
20170707,mlb,370707129,CIN,3,ARI,6,ARI,Final
20170707,mlb,370707119,KC,1,LAD,4,LAD,Final
20170707,mlb,370707126,MIA,6,SF,1,MIA,Final
20170708,mlb,370708110,MIL,3,NYY,5,NYY,Final
20170708,mlb,370708114,HOU,2,TOR,7,TOR,Final
20170708,mlb,370708109,BAL,5,MIN,1,BAL,Final
20170708,mlb,370708120,ATL,13,WSH,0,ATL,Final
20170708,mlb,370708122,SD,2,PHI,1,SD,Final
20170708,mlb,370708124,NYM,1,STL,4,STL,Final
20170708,mlb,370708130,BOS,0,TB,1,TB,Final
20170708,mlb,370708105,DET,0,CLE,4,CLE,Final
20170708,mlb,370708116,PIT,4,CHC,2,PIT,Final
20170708,mlb,370708119,KC,4,LAD,5,LAD,Final/10
20170708,mlb,370708113,LAA,2,TEX,5,TEX,Final
20170708,mlb,370708127,CHW,5,COL,4,CHW,Final
20170708,mlb,370708126,MIA,5,SF,4,MIA,Final
20170708,mlb,370708129,CIN,7,ARI,0,CIN,Final
20170709,mlb,370709110,MIL,5,NYY,3,MIL,Final
20170709,mlb,370709114,HOU,19,TOR,1,HOU,Final
20170709,mlb,370709116,PIT,14,CHC,3,PIT,Final
20170709,mlb,370709130,BOS,3,TB,5,TB,Final
20170709,mlb,370709120,ATL,5,WSH,10,WSH,Final
20170709,mlb,370709122,SD,1,PHI,7,PHI,Final
20170709,mlb,370709109,BAL,11,MIN,5,BAL,Final
20170709,mlb,370709124,NYM,0,STL,6,STL,Final
20170709,mlb,370709113,LAA,3,TEX,0,LAA,Final
20170709,mlb,400907175,CHW,0,COL,10,COL,Final
20170709,mlb,370709126,MIA,10,SF,8,MIA,Final/11
20170709,mlb,370709119,KC,2,LAD,5,LAD,Final
20170709,mlb,370709129,CIN,2,ARI,1,CIN,Final
20170709,mlb,370709105,DET,5,CLE,3,DET,Final
20170714,mlb,370714101,CHC,9,BAL,8,CHC,Final
20170714,mlb,370714123,STL,2,PIT,5,PIT,Final
20170714,mlb,370714102,NYY,4,BOS,5,BOS,Final
20170714,mlb,370714106,TOR,7,DET,2,TOR,Final
20170714,mlb,370714117,WSH,5,CIN,0,WSH,Final
20170714,mlb,370714121,COL,2,NYM,14,NYM,Final
20170714,mlb,370714128,LAD,6,MIA,4,LAD,Final
20170714,mlb,370714115,ARI,3,ATL,4,ATL,Final
20170714,mlb,370714104,SEA,4,CHW,2,SEA,Final
20170714,mlb,370714108,PHI,6,MIL,9,MIL,Final
20170714,mlb,370714118,MIN,5,HOU,10,HOU,Final
20170714,mlb,370714107,TEX,5,KC,3,TEX,Final
20170714,mlb,370714103,TB,2,LAA,1,TB,Final/10
20170714,mlb,370714125,SF,5,SD,4,SF,Final
20170715,mlb,370715102,NYY,4,BOS,1,NYY,Final/16
20170715,mlb,370715106,TOR,1,DET,11,DET,Final
20170715,mlb,370715101,CHC,10,BAL,3,CHC,Final
20170715,mlb,370715123,STL,4,PIT,0,STL,Final
20170715,mlb,370715104,SEA,4,CHW,3,SEA,Final
20170715,mlb,370715108,PHI,2,MIL,3,MIL,Final
20170715,mlb,370715115,ARI,5,ATL,8,ATL,Final
20170715,mlb,370715117,WSH,10,CIN,7,WSH,Final
20170715,mlb,370715118,MIN,4,HOU,2,MIN,Final
20170715,mlb,370715121,COL,3,NYM,9,NYM,Final
20170715,mlb,370715128,LAD,7,MIA,1,LAD,Final
20170715,mlb,370715107,TEX,1,KC,0,TEX,Final
20170715,mlb,370715125,SF,3,SD,5,SD,Final
20170715,mlb,370715103,TB,6,LAA,3,TB,Final
20170716,mlb,370716202,NYY,3,BOS,0,NYY,Final
20170716,mlb,370716106,TOR,5,DET,6,DET,Final/11
20170716,mlb,370716117,WSH,14,CIN,4,WSH,Final
20170716,mlb,370716121,COL,13,NYM,4,COL,Final
20170716,mlb,370716128,LAD,3,MIA,2,LAD,Final
20170716,mlb,370716101,CHC,8,BAL,0,CHC,Final
20170716,mlb,370716115,ARI,1,ATL,7,ATL,Final
20170716,mlb,370716123,STL,3,PIT,4,PIT,Final
20170716,mlb,370716104,SEA,7,CHW,6,SEA,Final/10
20170716,mlb,370716108,PHI,5,MIL,2,PHI,Final
20170716,mlb,370716118,MIN,3,HOU,5,HOU,Final
20170716,mlb,370716107,TEX,3,KC,4,KC,Final
20170716,mlb,370716103,TB,3,LAA,4,LAA,Final
20170716,mlb,370716125,SF,1,SD,7,SD,Final
20170716,mlb,370716302,NYY,0,BOS,3,BOS,Final
20170717,mlb,370717117,WSH,6,CIN,1,WSH,Final
20170717,mlb,370717102,TOR,4,BOS,3,TOR,Final
20170717,mlb,370717101,TEX,1,BAL,3,BAL,Final
20170717,mlb,370717123,MIL,2,PIT,4,PIT,Final
20170717,mlb,370717121,STL,6,NYM,3,STL,Final
20170717,mlb,370717128,PHI,5,MIA,6,MIA,Final/10
20170717,mlb,370717115,CHC,4,ATL,3,CHC,Final
20170717,mlb,370717109,NYY,2,MIN,4,MIN,Final
20170717,mlb,370717118,SEA,9,HOU,7,SEA,Final/10
20170717,mlb,370717107,DET,10,KC,2,DET,Final
20170717,mlb,370717127,SD,6,COL,9,COL,Final
20170717,mlb,370717126,CLE,5,SF,3,CLE,Final
20170718,mlb,370718101,TEX,1,BAL,12,BAL,Final
20170718,mlb,370718123,MIL,3,PIT,4,PIT,Final
20170718,mlb,370718117,ARI,11,CIN,2,ARI,Final
20170718,mlb,370718121,STL,5,NYM,0,STL,Final
20170718,mlb,370718128,PHI,5,MIA,2,PHI,Final
20170718,mlb,370718115,CHC,5,ATL,1,CHC,Final
20170718,mlb,370718109,NYY,6,MIN,3,NYY,Final
20170718,mlb,370718102,TOR,4,BOS,5,BOS,Final/15
20170718,mlb,370718104,LAD,1,CHW,0,LAD,Final
20170718,mlb,370718118,SEA,2,HOU,6,HOU,Final
20170718,mlb,370718107,DET,9,KC,3,DET,Final
20170718,mlb,370718127,SD,7,COL,9,COL,Final
20170718,mlb,370718103,WSH,4,LAA,3,WSH,Final
20170718,mlb,370718126,CLE,1,SF,2,SF,Final/10
20170719,mlb,370719115,CHC,8,ATL,2,CHC,Final
20170719,mlb,370719128,PHI,10,MIA,3,PHI,Final
20170719,mlb,370719109,NYY,1,MIN,6,MIN,Final
20170719,mlb,370719118,SEA,4,HOU,1,SEA,Final
20170719,mlb,370719127,SD,4,COL,18,COL,Final
20170719,mlb,370719126,CLE,4,SF,5,SF,Final
20170719,mlb,370719121,STL,3,NYM,7,NYM,Final
20170719,mlb,370719101,TEX,2,BAL,10,BAL,Final
20170719,mlb,370719123,MIL,2,PIT,3,PIT,Final/10
20170719,mlb,370719102,TOR,1,BOS,5,BOS,Final
20170719,mlb,370719117,ARI,3,CIN,4,CIN,Final/11
20170719,mlb,370719104,LAD,9,CHW,1,LAD,Final/8
20170719,mlb,370719107,DET,3,KC,4,KC,Final
20170719,mlb,370719103,WSH,0,LAA,7,LAA,Final
20170720,mlb,370720121,STL,2,NYM,3,NYM,Final
20170720,mlb,370720117,ARI,12,CIN,2,ARI,Final
20170720,mlb,370720123,MIL,2,PIT,4,PIT,Final
20170720,mlb,370720102,TOR,8,BOS,6,TOR,Final
20170720,mlb,370720101,TEX,7,BAL,9,BAL,Final
20170720,mlb,370720107,DET,4,KC,16,KC,Final
20170720,mlb,370720112,NYY,4,SEA,1,NYY,Final
20170720,mlb,370720119,ATL,6,LAD,3,ATL,Final
20170720,mlb,370720126,SD,5,SF,2,SD,Final
20170721,mlb,370721116,STL,11,CHC,4,STL,Final
20170721,mlb,370721101,HOU,8,BAL,7,HOU,Final
20170721,mlb,370721122,MIL,1,PHI,6,PHI,Final
20170721,mlb,370721105,TOR,3,CLE,13,CLE,Final
20170721,mlb,370721117,MIA,3,CIN,1,MIA,Final
20170721,mlb,370721130,TEX,4,TB,3,TEX,Final/10
20170721,mlb,370721109,DET,6,MIN,3,DET,Final
20170721,mlb,370721107,CHW,6,KC,7,KC,Final/10
20170721,mlb,370721127,PIT,13,COL,5,PIT,Final
20170721,mlb,370721129,WSH,5,ARI,6,ARI,Final
20170721,mlb,370721103,BOS,6,LAA,2,BOS,Final
20170721,mlb,370721112,NYY,5,SEA,1,NYY,Final
20170721,mlb,370721119,ATL,12,LAD,3,ATL,Final
20170721,mlb,370721126,SD,12,SF,9,SD,Final/11
20170722,mlb,370722116,STL,2,CHC,3,CHC,Final
20170722,mlb,400907366,SD,4,SF,5,SF,Final/12
20170722,mlb,370722101,HOU,8,BAL,4,HOU,Final
20170722,mlb,370722122,MIL,9,PHI,8,MIL,Final
20170722,mlb,370722105,TOR,1,CLE,2,CLE,Final/10
20170722,mlb,370722109,DET,5,MIN,6,MIN,Final
20170722,mlb,370722117,MIA,5,CIN,4,MIA,Final
20170722,mlb,370722130,TEX,4,TB,3,TEX,Final
20170722,mlb,370722107,CHW,2,KC,7,KC,Final
20170722,mlb,370722127,PIT,3,COL,7,COL,Final
20170722,mlb,370722129,WSH,4,ARI,3,WSH,Final
20170722,mlb,370722103,BOS,3,LAA,7,LAA,Final
20170722,mlb,370722112,NYY,5,SEA,6,SEA,Final/10
20170722,mlb,370722119,ATL,2,LAD,6,LAD,Final
20170723,mlb,370723105,TOR,1,CLE,8,CLE,Final
20170723,mlb,370723117,MIA,3,CIN,6,CIN,Final
20170723,mlb,400907392,TEX,6,TB,5,TEX,Final
20170723,mlb,370723101,HOU,7,BAL,9,BAL,Final
20170723,mlb,370723122,MIL,3,PHI,6,PHI,Final
20170723,mlb,370723109,DET,9,MIN,6,DET,Final
20170723,mlb,370723107,CHW,4,KC,5,KC,Final
20170723,mlb,370723127,PIT,3,COL,13,COL,Final
20170723,mlb,370723103,BOS,2,LAA,3,LAA,Final
20170723,mlb,370723126,SD,5,SF,2,SD,Final
20170723,mlb,370723112,NYY,6,SEA,4,NYY,Final
20170723,mlb,370723119,ATL,4,LAD,5,LAD,Final/10
20170723,mlb,370723129,WSH,6,ARI,2,WSH,Final
20170723,mlb,370723116,STL,3,CHC,5,CHC,Final
20170724,mlb,370724116,CHW,3,CHC,1,CHW,Final
20170724,mlb,370724122,HOU,13,PHI,4,HOU,Final
20170724,mlb,370724105,CIN,2,CLE,6,CLE,Final
20170724,mlb,370724106,KC,5,DET,3,KC,Final/12
20170724,mlb,370724130,BAL,5,TB,0,BAL,Final
20170724,mlb,370724124,COL,2,STL,8,STL,Final
20170724,mlb,370724113,MIA,4,TEX,0,MIA,Final
20170724,mlb,370724129,ATL,2,ARI,10,ARI,Final
20170724,mlb,370724112,BOS,0,SEA,4,SEA,Final
20170724,mlb,370724119,MIN,4,LAD,6,LAD,Final
20170724,mlb,370724125,NYM,5,SD,3,NYM,Final
20170724,mlb,370724126,PIT,10,SF,3,PIT,Final
20170725,mlb,370725116,CHW,2,CHC,7,CHC,Final
20170725,mlb,370725110,CIN,2,NYY,4,NYY,Final
20170725,mlb,370725120,MIL,8,WSH,0,MIL,Final
20170725,mlb,370725122,HOU,5,PHI,0,HOU,Final
20170725,mlb,370725105,LAA,7,CLE,11,CLE,Final/11
20170725,mlb,370725106,KC,3,DET,1,KC,Final
20170725,mlb,370725130,BAL,4,TB,5,TB,Final
20170725,mlb,370725113,MIA,4,TEX,10,TEX,Final
20170725,mlb,370725124,COL,2,STL,3,STL,Final
20170725,mlb,370725129,ATL,8,ARI,3,ATL,Final
20170725,mlb,370725112,BOS,5,SEA,6,SEA,Final/13
20170725,mlb,370725119,MIN,2,LAD,6,LAD,Final
20170725,mlb,370725125,NYM,6,SD,5,NYM,Final
20170725,mlb,370725126,PIT,3,SF,11,SF,Final
20170726,mlb,370726130,BAL,1,TB,5,TB,Final
20170726,mlb,370726110,CIN,5,NYY,9,NYY,Final
20170726,mlb,370726112,BOS,4,SEA,0,BOS,Final
20170726,mlb,370726129,ATL,3,ARI,10,ARI,Final
20170726,mlb,370726126,PIT,1,SF,2,SF,Final
20170726,mlb,370726122,HOU,0,PHI,9,PHI,Final
20170726,mlb,400907449,MIL,5,WSH,8,WSH,Final
20170726,mlb,370726106,KC,16,DET,2,KC,Final
20170726,mlb,400907437,LAA,4,CLE,10,CLE,Final
20170726,mlb,370726104,CHC,8,CHW,3,CHC,Final
20170726,mlb,370726113,MIA,22,TEX,10,MIA,Final
20170726,mlb,370726124,COL,5,STL,10,STL,Final
20170726,mlb,370726119,MIN,5,LAD,6,LAD,Final
20170726,mlb,370726125,NYM,3,SD,6,SD,Final
20170727,mlb,370727120,MIL,2,WSH,15,WSH,Final
20170727,mlb,370727105,LAA,1,CLE,2,CLE,Final
20170727,mlb,370727110,TB,5,NYY,6,NYY,Final/11
20170727,mlb,370727128,CIN,1,MIA,4,MIA,Final
20170727,mlb,370727104,CHC,6,CHW,3,CHC,Final
20170727,mlb,370727124,ARI,4,STL,0,ARI,Final
20170727,mlb,370727125,NYM,5,SD,7,SD,Final
20170728,mlb,370728110,TB,1,NYY,6,NYY,Final
20170728,mlb,370728122,ATL,3,PHI,10,PHI,Final
20170728,mlb,370728114,LAA,7,TOR,2,LAA,Final
20170728,mlb,370728102,KC,4,BOS,2,KC,Final
20170728,mlb,370728106,HOU,6,DET,5,HOU,Final
20170728,mlb,370728128,CIN,4,MIA,7,MIA,Final
20170728,mlb,370728113,BAL,2,TEX,8,TEX,Final
20170728,mlb,370728104,CLE,9,CHW,3,CLE,Final
20170728,mlb,370728108,CHC,1,MIL,2,MIL,Final
20170728,mlb,370728124,ARI,0,STL,1,STL,Final
20170728,mlb,370728112,NYM,7,SEA,5,NYM,Final
20170728,mlb,370728119,SF,4,LAD,6,LAD,Final
20170728,mlb,370728125,PIT,2,SD,3,SD,Final
20170729,mlb,370729110,TB,4,NYY,5,NYY,Final
20170729,mlb,370729114,LAA,6,TOR,5,LAA,Final
20170729,mlb,370729119,SF,1,LAD,2,LAD,Final
20170729,mlb,370729112,NYM,2,SEA,3,SEA,Final
20170729,mlb,370729106,HOU,3,DET,5,DET,Final
20170729,mlb,370729120,COL,4,WSH,2,COL,Final
20170729,mlb,370729122,ATL,3,PHI,4,PHI,Final/11
20170729,mlb,370729102,KC,8,BOS,9,BOS,Final/10
20170729,mlb,370729104,CLE,5,CHW,4,CLE,Final
20170729,mlb,370729108,CHC,2,MIL,1,CHC,Final/11
20170729,mlb,370729128,CIN,3,MIA,7,MIA,Final
20170729,mlb,370729124,ARI,7,STL,1,ARI,Final
20170729,mlb,370729113,BAL,4,TEX,0,BAL,Final
20170729,mlb,370729125,PIT,2,SD,4,SD,Final
20170730,mlb,370730110,TB,5,NYY,3,TB,Final
20170730,mlb,370730114,LAA,10,TOR,11,TOR,Final
20170730,mlb,370730106,HOU,1,DET,13,DET,Final
20170730,mlb,370730128,CIN,6,MIA,4,CIN,Final
20170730,mlb,370730102,KC,5,BOS,3,KC,Final
20170730,mlb,370730122,ATL,1,PHI,2,PHI,Final
20170730,mlb,370730220,COL,10,WSH,6,COL,Final
20170730,mlb,370730104,CLE,1,CHW,3,CHW,Final
20170730,mlb,370730108,CHC,4,MIL,2,CHC,Final
20170730,mlb,370730124,ARI,2,STL,3,STL,Final
20170730,mlb,370730113,BAL,10,TEX,6,BAL,Final
20170730,mlb,370730112,NYM,1,SEA,9,SEA,Final
20170730,mlb,370730125,PIT,7,SD,1,PIT,Final
20170730,mlb,370730320,COL,1,WSH,3,WSH,Final
20170730,mlb,370730119,SF,2,LAD,3,LAD,Final/11
20170731,mlb,370731122,ATL,6,PHI,7,PHI,Final
20170731,mlb,370731102,CLE,2,BOS,6,BOS,Final
20170731,mlb,370731101,KC,1,BAL,2,BAL,Final
20170731,mlb,370731110,DET,3,NYY,7,NYY,Final
20170731,mlb,370731128,WSH,1,MIA,0,WSH,Final
20170731,mlb,370731113,SEA,6,TEX,4,SEA,Final
20170731,mlb,370731104,TOR,6,CHW,7,CHW,Final
20170731,mlb,370731118,TB,7,HOU,14,HOU,Final
20170801,mlb,370801101,KC,2,BAL,7,BAL,Final
20170801,mlb,370801110,DET,4,NYY,3,DET,Final
20170801,mlb,370801123,CIN,9,PIT,1,CIN,Final
20170801,mlb,370801102,CLE,10,BOS,12,BOS,Final
20170801,mlb,370801128,WSH,6,MIA,7,MIA,Final
20170801,mlb,370801115,LAD,3,ATL,2,LAD,Final
20170801,mlb,370801108,STL,2,MIL,3,MIL,Final
20170801,mlb,370801113,SEA,8,TEX,7,SEA,Final
20170801,mlb,370801116,ARI,4,CHC,16,CHC,Final
20170801,mlb,370801104,TOR,8,CHW,4,TOR,Final
20170801,mlb,370801118,TB,6,HOU,4,TB,Final
20170801,mlb,370801127,NYM,4,COL,5,COL,Final
20170801,mlb,370801103,PHI,1,LAA,7,LAA,Final
20170801,mlb,370801125,MIN,0,SD,3,SD,Final
20170802,mlb,370802110,DET,2,NYY,0,DET,Final
20170802,mlb,370802104,TOR,5,CHW,1,TOR,Final
20170802,mlb,370802125,MIN,5,SD,2,MIN,Final
20170802,mlb,370802101,KC,0,BAL,6,BAL,Final
20170802,mlb,370802123,CIN,5,PIT,2,CIN,Final
20170802,mlb,370802128,WSH,0,MIA,7,MIA,Final
20170802,mlb,370802115,LAD,3,ATL,5,ATL,Final
20170802,mlb,370802113,SEA,1,TEX,5,TEX,Final
20170802,mlb,370802116,ARI,3,CHC,0,ARI,Final
20170802,mlb,370802108,STL,5,MIL,4,STL,Final
20170802,mlb,370802118,TB,3,HOU,0,TB,Final
20170802,mlb,370802127,NYM,10,COL,5,NYM,Final
20170802,mlb,370802103,PHI,0,LAA,7,LAA,Final
20170803,mlb,370803108,STL,1,MIL,2,MIL,Final
20170803,mlb,370803116,ARI,10,CHC,8,ARI,Final
20170803,mlb,370803127,NYM,4,COL,5,COL,Final
20170803,mlb,370803101,DET,7,BAL,5,DET,Final
20170803,mlb,370803123,CIN,0,PIT,6,PIT,Final
20170803,mlb,370803102,CHW,5,BOS,9,BOS,Final
20170803,mlb,370803105,NYY,1,CLE,5,CLE,Final
20170803,mlb,370803115,LAD,7,ATL,4,LAD,Final
20170803,mlb,370803109,TEX,4,MIN,1,TEX,Final
20170803,mlb,370803118,TB,5,HOU,3,TB,Final
20170803,mlb,370803107,SEA,4,KC,6,KC,Final
20170803,mlb,370803103,PHI,4,LAA,5,LAA,Final
20170804,mlb,370804116,WSH,4,CHC,2,WSH,Final
20170804,mlb,370804117,STL,2,CIN,3,CIN,Final
20170804,mlb,370804101,DET,5,BAL,2,DET,Final
20170804,mlb,370804123,SD,6,PIT,10,PIT,Final
20170804,mlb,370804102,CHW,2,BOS,3,BOS,Final/11
20170804,mlb,370804105,NYY,2,CLE,7,CLE,Final
20170804,mlb,370804121,LAD,6,NYM,0,LAD,Final
20170804,mlb,370804130,MIL,2,TB,0,MIL,Final
20170804,mlb,370804115,MIA,3,ATL,5,ATL,Final
20170804,mlb,370804109,TEX,4,MIN,8,MIN,Final
20170804,mlb,370804118,TOR,7,HOU,16,HOU,Final
20170804,mlb,370804107,SEA,5,KC,2,SEA,Final
20170804,mlb,370804127,PHI,3,COL,4,COL,Final
20170804,mlb,370804126,ARI,2,SF,1,ARI,Final
20170805,mlb,370805116,WSH,4,CHC,7,CHC,Final
20170805,mlb,370805121,LAD,7,NYM,4,LAD,Final
20170805,mlb,370805130,MIL,3,TB,0,MIL,Final
20170805,mlb,370805101,DET,2,BAL,5,BAL,Final
20170805,mlb,370805123,SD,5,PIT,2,SD,Final
20170805,mlb,370805102,CHW,1,BOS,4,BOS,Final
20170805,mlb,370805105,NYY,2,CLE,1,NYY,Final
20170805,mlb,370805109,TEX,4,MIN,1,TEX,Final
20170805,mlb,370805115,MIA,2,ATL,7,ATL,Final
20170805,mlb,370805117,STL,4,CIN,1,STL,Final
20170805,mlb,400907646,TOR,4,HOU,3,TOR,Final/10
20170805,mlb,370805127,PHI,5,COL,8,COL,Final
20170805,mlb,370805126,ARI,4,SF,5,SF,Final/10
20170806,mlb,370806105,NYY,8,CLE,1,NYY,Final
20170806,mlb,370806117,STL,13,CIN,4,STL,Final
20170806,mlb,370806130,MIL,1,TB,2,TB,Final
20170806,mlb,370806101,DET,3,BAL,12,BAL,Final
20170806,mlb,370806102,CHW,3,BOS,6,BOS,Final
20170806,mlb,370806115,MIA,4,ATL,1,MIA,Final
20170806,mlb,370806123,SD,4,PIT,5,PIT,Final/12
20170806,mlb,370806109,TEX,5,MIN,6,MIN,Final
20170806,mlb,370806118,TOR,6,HOU,7,HOU,Final
20170806,mlb,400907663,SEA,8,KC,7,SEA,Final
20170806,mlb,370806116,WSH,9,CHC,4,WSH,Final
20170806,mlb,370806127,PHI,3,COL,2,PHI,Final
20170806,mlb,370806126,ARI,3,SF,6,SF,Final
20170806,mlb,370806307,SEA,1,KC,9,KC,Final
20170806,mlb,370806121,LAD,8,NYM,0,LAD,Final
20170807,mlb,370807120,MIA,2,WSH,3,WSH,Final
20170807,mlb,370807123,DET,0,PIT,3,PIT,Final
20170807,mlb,370807117,SD,3,CIN,11,CIN,Final
20170807,mlb,370807109,MIL,4,MIN,5,MIN,Final
20170807,mlb,370807107,STL,11,KC,3,STL,Final
20170807,mlb,370807126,CHC,5,SF,3,CHC,Final
20170807,mlb,370807103,BAL,6,LAA,2,BAL,Final
20170808,mlb,370808120,MIA,7,WSH,3,MIA,Final
20170808,mlb,370808123,DET,3,PIT,6,PIT,Final
20170808,mlb,370808114,NYY,2,TOR,4,TOR,Final
20170808,mlb,370808105,COL,1,CLE,4,CLE,Final
20170808,mlb,370808117,SD,7,CIN,3,SD,Final
20170808,mlb,370808121,TEX,4,NYM,5,NYM,Final
20170808,mlb,370808130,BOS,2,TB,0,BOS,Final
20170808,mlb,370808115,PHI,5,ATL,2,PHI,Final
20170808,mlb,370808104,HOU,5,CHW,8,CHW,Final
20170808,mlb,370808109,MIL,4,MIN,11,MIN,Final
20170808,mlb,370808107,STL,10,KC,3,STL,Final
20170808,mlb,370808129,LAD,3,ARI,6,ARI,Final
20170808,mlb,370808103,BAL,2,LAA,3,LAA,Final
20170808,mlb,370808126,CHC,3,SF,6,SF,Final
20170809,mlb,370809105,COL,3,CLE,2,COL,Final/12
20170809,mlb,370809121,TEX,5,NYM,1,TEX,Final
20170809,mlb,370809103,BAL,1,LAA,5,LAA,Final
20170809,mlb,370809126,CHC,1,SF,3,SF,Final
20170809,mlb,370809130,BOS,8,TB,2,BOS,Final
20170809,mlb,370809120,MIA,1,WSH,10,WSH,Final
20170809,mlb,370809114,NYY,11,TOR,5,NYY,Final
20170809,mlb,370809106,PIT,0,DET,10,DET,Final
20170809,mlb,370809117,SD,3,CIN,8,CIN,Final
20170809,mlb,370809115,PHI,3,ATL,2,PHI,Final
20170809,mlb,370809104,HOU,1,CHW,7,CHW,Final
20170809,mlb,370809108,MIN,4,MIL,0,MIN,Final
20170809,mlb,370809124,KC,5,STL,8,STL,Final
20170809,mlb,370809129,LAD,3,ARI,2,LAD,Final
20170810,mlb,370810117,SD,3,CIN,10,CIN,Final
20170810,mlb,370810106,PIT,7,DET,5,PIT,Final
20170810,mlb,370810120,MIA,2,WSH,3,WSH,Final
20170810,mlb,370810122,NYM,10,PHI,0,NYM,Final
20170810,mlb,370810114,NYY,0,TOR,4,TOR,Final
20170810,mlb,370810130,CLE,1,TB,4,TB,Final
20170810,mlb,370810124,KC,6,STL,8,STL,Final
20170810,mlb,370810104,HOU,2,CHW,3,CHW,Final/11
20170810,mlb,370810108,MIN,7,MIL,2,MIN,Final
20170810,mlb,370810129,LAD,8,ARI,6,LAD,Final
20170810,mlb,370810112,LAA,6,SEA,3,LAA,Final
20170811,mlb,370811110,BOS,4,NYY,5,NYY,Final
20170811,mlb,370811122,NYM,7,PHI,6,NYM,Final
20170811,mlb,370811114,PIT,4,TOR,2,PIT,Final
20170811,mlb,370811106,MIN,9,DET,4,MIN,Final
20170811,mlb,370811128,COL,3,MIA,6,MIA,Final
20170811,mlb,370811130,CLE,5,TB,0,CLE,Final
20170811,mlb,370811113,HOU,4,TEX,6,TEX,Final
20170811,mlb,370811104,KC,3,CHW,6,CHW,Final
20170811,mlb,370811108,CIN,11,MIL,10,CIN,Final
20170811,mlb,370811124,ATL,5,STL,8,STL,Final
20170811,mlb,370811129,CHC,8,ARI,3,CHC,Final
20170811,mlb,370811112,LAA,6,SEA,5,LAA,Final
20170811,mlb,370811119,SD,4,LAD,3,SD,Final
20170812,mlb,370812114,PIT,2,TOR,7,TOR,Final
20170812,mlb,370812110,BOS,10,NYY,5,BOS,Final
20170812,mlb,370812106,MIN,11,DET,12,DET,Final
20170812,mlb,370812130,CLE,3,TB,0,CLE,Final
20170812,mlb,370812120,SF,1,WSH,3,WSH,Final
20170812,mlb,370812122,NYM,1,PHI,3,PHI,Final
20170812,mlb,370812104,KC,5,CHW,4,KC,Final
20170812,mlb,370812108,CIN,5,MIL,6,MIL,Final/10
20170812,mlb,370812128,COL,3,MIA,4,MIA,Final
20170812,mlb,370812124,ATL,5,STL,6,STL,Final
20170812,mlb,370812113,HOU,3,TEX,8,TEX,Final
20170812,mlb,370812129,CHC,2,ARI,6,ARI,Final
20170812,mlb,370812112,LAA,6,SEA,3,LAA,Final
20170812,mlb,370812119,SD,3,LAD,6,LAD,Final
20170813,mlb,370813220,SF,4,WSH,2,SF,Final
20170813,mlb,370813114,PIT,1,TOR,7,TOR,Final
20170813,mlb,370813106,MIN,6,DET,4,MIN,Final
20170813,mlb,370813128,COL,3,MIA,5,MIA,Final
20170813,mlb,370813130,CLE,4,TB,3,CLE,Final
20170813,mlb,370813122,NYM,6,PHI,2,NYM,Final
20170813,mlb,370813104,KC,14,CHW,6,KC,Final
20170813,mlb,370813108,CIN,4,MIL,7,MIL,Final
20170813,mlb,370813124,ATL,6,STL,3,ATL,Final
20170813,mlb,370813113,HOU,2,TEX,1,HOU,Final
20170813,mlb,370813112,LAA,4,SEA,2,LAA,Final
20170813,mlb,370813119,SD,4,LAD,6,LAD,Final
20170813,mlb,370813129,CHC,7,ARI,2,CHC,Final
20170813,mlb,370813320,SF,2,WSH,6,WSH,Final/11
20170813,mlb,370813110,BOS,3,NYY,2,BOS,Final/10
20170814,mlb,370814102,CLE,7,BOS,3,CLE,Final
20170814,mlb,370814110,NYM,2,NYY,4,NYY,Final
20170814,mlb,370814114,TB,1,TOR,2,TOR,Final
20170814,mlb,370814128,SF,3,MIA,8,MIA,Final
20170814,mlb,370814113,DET,2,TEX,6,TEX,Final
20170814,mlb,370814116,CIN,5,CHC,15,CHC,Final
20170814,mlb,370814127,ATL,0,COL,3,COL,Final
20170814,mlb,370814129,HOU,0,ARI,2,ARI,Final
20170814,mlb,370814112,BAL,11,SEA,3,BAL,Final
20170814,mlb,370814125,PHI,4,SD,7,SD,Final
20170815,mlb,370815129,HOU,9,ARI,4,HOU,Final
20170815,mlb,370815110,NYM,4,NYY,5,NYY,Final
20170815,mlb,370815120,LAA,1,WSH,3,WSH,Final
20170815,mlb,400907837,TB,6,TOR,4,TB,Final
20170815,mlb,370815102,STL,4,BOS,10,BOS,Final
20170815,mlb,370815128,SF,9,MIA,4,SF,Final
20170815,mlb,370815108,PIT,1,MIL,3,MIL,Final
20170815,mlb,370815113,DET,4,TEX,10,TEX,Final
20170815,mlb,370815116,CIN,2,CHC,1,CIN,Final
20170815,mlb,370815109,CLE,8,MIN,1,CLE,Final
20170815,mlb,370815127,ATL,4,COL,3,ATL,Final
20170815,mlb,370815112,BAL,1,SEA,3,SEA,Final
20170815,mlb,370815119,CHW,1,LAD,6,LAD,Final
20170815,mlb,370815125,PHI,4,SD,8,SD,Final
20170816,mlb,370816120,LAA,3,WSH,2,LAA,Final
20170816,mlb,370816128,SF,1,MIA,8,MIA,Final
20170816,mlb,370816108,PIT,6,MIL,7,MIL,Final
20170816,mlb,370816112,BAL,6,SEA,7,SEA,Final
20170816,mlb,370816125,PHI,0,SD,3,SD,Final
20170816,mlb,370816121,NYY,5,NYM,3,NYY,Final
20170816,mlb,370816114,TB,2,TOR,3,TOR,Final
20170816,mlb,370816102,STL,4,BOS,5,BOS,Final
20170816,mlb,370816113,DET,6,TEX,12,TEX,Final
20170816,mlb,370816116,CIN,6,CHC,7,CHC,Final
20170816,mlb,370816118,ARI,5,HOU,9,HOU,Final
20170816,mlb,370816127,ATL,2,COL,17,COL,Final
20170816,mlb,370816119,CHW,4,LAD,5,LAD,Final
20170817,mlb,370817209,CLE,9,MIN,3,CLE,Final
20170817,mlb,370817118,ARI,4,HOU,0,ARI,Final
20170817,mlb,370817116,CIN,13,CHC,10,CIN,Final
20170817,mlb,370817127,ATL,10,COL,4,ATL,Final
20170817,mlb,370817114,TB,3,TOR,5,TOR,Final
20170817,mlb,370817123,STL,11,PIT,7,STL,Final
20170817,mlb,370817121,NYY,7,NYM,5,NYY,Final
20170817,mlb,370817309,CLE,2,MIN,4,MIN,Final
20170817,mlb,370817113,CHW,8,TEX,9,TEX,Final
20170817,mlb,370817125,WSH,2,SD,1,WSH,Final
20170817,mlb,370817126,PHI,4,SF,5,SF,Final
20170818,mlb,370818116,TOR,4,CHC,7,CHC,Final
20170818,mlb,370818101,LAA,7,BAL,9,BAL,Final
20170818,mlb,370818123,STL,11,PIT,10,STL,Final
20170818,mlb,370818102,NYY,6,BOS,9,BOS,Final
20170818,mlb,370818106,LAD,8,DET,5,LAD,Final
20170818,mlb,370818121,MIA,3,NYM,1,MIA,Final
20170818,mlb,370818130,SEA,7,TB,1,SEA,Final
20170818,mlb,370818115,CIN,5,ATL,3,CIN,Final
20170818,mlb,370818113,CHW,4,TEX,3,CHW,Final
20170818,mlb,370818109,ARI,3,MIN,10,MIN,Final
20170818,mlb,370818107,CLE,10,KC,1,CLE,Final
20170818,mlb,370818127,MIL,4,COL,8,COL,Final
20170818,mlb,370818125,WSH,7,SD,1,WSH,Final
20170818,mlb,370818126,PHI,2,SF,10,SF,Final
20170819,mlb,370819116,TOR,3,CHC,4,CHC,Final
20170819,mlb,370819106,LAD,3,DET,0,LAD,Final
20170819,mlb,370819123,STL,4,PIT,6,PIT,Final
20170819,mlb,370819130,SEA,7,TB,6,SEA,Final
20170819,mlb,370819101,LAA,5,BAL,1,LAA,Final
20170819,mlb,370819102,NYY,4,BOS,3,NYY,Final
20170819,mlb,370819109,ARI,0,MIN,5,MIN,Final
20170819,mlb,370819115,CIN,11,ATL,8,CIN,Final
20170819,mlb,370819121,MIA,1,NYM,8,NYM,Final
20170819,mlb,370819107,CLE,5,KC,0,CLE,Final
20170819,mlb,370819113,CHW,7,TEX,17,TEX,Final
20170819,mlb,370819127,MIL,6,COL,3,MIL,Final
20170819,mlb,370819125,WSH,1,SD,3,SD,Final
20170819,mlb,370819126,PHI,12,SF,9,PHI,Final
20170820,mlb,370820106,LAD,1,DET,6,DET,Final
20170820,mlb,370820121,MIA,6,NYM,4,MIA,Final
20170820,mlb,370820130,SEA,0,TB,3,TB,Final
20170820,mlb,370820102,NYY,1,BOS,5,BOS,Final
20170820,mlb,370820101,LAA,5,BAL,4,LAA,Final
20170820,mlb,370820115,CIN,1,ATL,8,ATL,Final
20170820,mlb,370820109,ARI,5,MIN,12,MIN,Final
20170820,mlb,370820107,CLE,4,KC,7,KC,Final
20170820,mlb,370820116,TOR,5,CHC,6,CHC,Final/10
20170820,mlb,370820113,CHW,3,TEX,2,CHW,Final
20170820,mlb,370820127,MIL,8,COL,4,MIL,Final
20170820,mlb,370820126,PHI,5,SF,2,PHI,Final
20170820,mlb,370820125,WSH,4,SD,1,WSH,Final
20170820,mlb,370820123,STL,3,PIT,6,PIT,Final
20170821,mlb,400907946,MIN,6,CHW,7,CHW,Final
20170821,mlb,370821123,LAD,6,PIT,5,LAD,Final/12
20170821,mlb,370821105,BOS,4,CLE,5,CLE,Final
20170821,mlb,370821121,ARI,3,NYM,2,ARI,Final/10
20170821,mlb,370821115,SEA,6,ATL,5,SEA,Final
20170821,mlb,370821304,MIN,10,CHW,2,MIN,Final
20170821,mlb,370821103,TEX,5,LAA,3,TEX,Final
20170821,mlb,370821126,MIL,0,SF,2,SF,Final
20170822,mlb,400952457,MIA,12,PHI,8,MIA,Final
20170822,mlb,370822123,LAD,8,PIT,5,LAD,Final
20170822,mlb,370822105,BOS,9,CLE,1,BOS,Final
20170822,mlb,370822106,NYY,13,DET,4,NYY,Final
20170822,mlb,370822117,CHC,13,CIN,9,CHC,Final
20170822,mlb,370822121,ARI,7,NYM,4,ARI,Final
20170822,mlb,370822130,TOR,5,TB,6,TB,Final
20170822,mlb,370822115,SEA,0,ATL,4,ATL,Final
20170822,mlb,370822322,MIA,7,PHI,4,MIA,Final
20170822,mlb,370822104,MIN,4,CHW,1,MIN,Final
20170822,mlb,370822118,WSH,4,HOU,3,WSH,Final
20170822,mlb,370822107,COL,2,KC,3,KC,Final
20170822,mlb,370822124,SD,12,STL,4,SD,Final
20170822,mlb,370822103,TEX,1,LAA,10,LAA,Final
20170822,mlb,370822126,MIL,4,SF,3,MIL,Final
20170823,mlb,370823126,MIL,2,SF,4,SF,Final
20170823,mlb,370823122,MIA,0,PHI,8,PHI,Final
20170823,mlb,370823123,LAD,0,PIT,1,PIT,Final/10
20170823,mlb,370823105,BOS,6,CLE,1,BOS,Final
20170823,mlb,370823106,NYY,10,DET,2,NYY,Final
20170823,mlb,370823117,CHC,9,CIN,3,CHC,Final
20170823,mlb,370823121,ARI,2,NYM,4,NYM,Final
20170823,mlb,370823130,TOR,7,TB,6,TOR,Final
20170823,mlb,370823115,SEA,9,ATL,6,SEA,Final
20170823,mlb,370823104,MIN,3,CHW,4,CHW,Final
20170823,mlb,370823118,WSH,1,HOU,6,HOU,Final
20170823,mlb,370823107,COL,4,KC,6,KC,Final
20170823,mlb,370823124,SD,2,STL,6,STL,Final
20170823,mlb,370823103,TEX,7,LAA,5,TEX,Final/10
20170824,mlb,370824121,ARI,3,NYM,2,ARI,Final
20170824,mlb,370824122,MIA,9,PHI,8,MIA,Final
20170824,mlb,370824106,NYY,6,DET,10,DET,Final
20170824,mlb,370824130,TOR,0,TB,2,TB,Final
20170824,mlb,370824107,COL,3,KC,2,COL,Final
20170824,mlb,370824123,LAD,5,PIT,2,LAD,Final
20170824,mlb,370824105,BOS,6,CLE,13,CLE,Final
20170824,mlb,370824117,CHC,2,CIN,4,CIN,Final
20170824,mlb,370824124,SD,4,STL,3,SD,Final
20170824,mlb,370824104,MIN,1,CHW,5,CHW,Final
20170824,mlb,370824118,WSH,5,HOU,4,WSH,Final/11
20170824,mlb,370824103,TEX,3,LAA,0,TEX,Final
20170825,mlb,370825110,SEA,2,NYY,1,SEA,Final/11
20170825,mlb,370825120,NYM,4,WSH,2,NYM,Final
20170825,mlb,370825122,CHC,1,PHI,7,PHI,Final
20170825,mlb,370825114,MIN,6,TOR,1,MIN,Final
20170825,mlb,370825102,BAL,16,BOS,3,BAL,Final
20170825,mlb,370825105,KC,0,CLE,4,CLE,Final
20170825,mlb,370825117,PIT,5,CIN,9,CIN,Final
20170825,mlb,370825128,SD,6,MIA,8,MIA,Final
20170825,mlb,370825115,COL,2,ATL,5,ATL,Final
20170825,mlb,370825104,DET,2,CHW,3,CHW,Final
20170825,mlb,370825124,TB,7,STL,3,TB,Final
20170825,mlb,370825129,SF,3,ARI,4,ARI,Final
20170825,mlb,370825103,HOU,2,LAA,1,HOU,Final
20170825,mlb,370825119,MIL,1,LAD,3,LAD,Final
20170826,mlb,370826110,SEA,3,NYY,6,NYY,Final
20170826,mlb,370826114,MIN,9,TOR,10,TOR,Final
20170826,mlb,370826102,BAL,7,BOS,0,BAL,Final
20170826,mlb,370826120,NYM,4,WSH,9,WSH,Final
20170826,mlb,370826117,PIT,1,CIN,0,PIT,Final
20170826,mlb,370826122,CHC,17,PHI,2,CHC,Final
20170826,mlb,370826104,DET,6,CHW,3,DET,Final
20170826,mlb,370826115,COL,7,ATL,6,COL,Final
20170826,mlb,370826128,SD,1,MIA,2,MIA,Final/11
20170826,mlb,370826105,KC,0,CLE,4,CLE,Final
20170826,mlb,370826124,TB,4,STL,6,STL,Final
20170826,mlb,370826129,SF,1,ARI,2,ARI,Final
20170826,mlb,370826103,HOU,6,LAA,7,LAA,Final
20170826,mlb,370826119,MIL,3,LAD,0,MIL,Final
20170827,mlb,370827110,SEA,1,NYY,10,NYY,Final
20170827,mlb,370827114,MIN,7,TOR,2,MIN,Final
20170827,mlb,370827105,KC,0,CLE,12,CLE,Final
20170827,mlb,370827117,PIT,5,CIN,2,PIT,Final
20170827,mlb,370827128,SD,2,MIA,6,MIA,Final
20170827,mlb,370827102,BAL,2,BOS,1,BAL,Final
20170827,mlb,370827115,COL,3,ATL,0,COL,Final
20170827,mlb,370827122,CHC,3,PHI,6,PHI,Final
20170827,mlb,370827220,NYM,6,WSH,5,NYM,Final
20170827,mlb,370827104,DET,1,CHW,7,CHW,Final
20170827,mlb,370827124,TB,3,STL,2,TB,Final/10
20170827,mlb,370827103,HOU,7,LAA,5,HOU,Final
20170827,mlb,370827119,MIL,3,LAD,2,MIL,Final
20170827,mlb,370827129,SF,0,ARI,11,ARI,Final
20170827,mlb,370827320,NYM,4,WSH,5,WSH,Final
20170828,mlb,370828110,CLE,6,NYY,2,CLE,Final
20170828,mlb,370828101,SEA,6,BAL,7,BAL,Final
20170828,mlb,370828120,MIA,2,WSH,11,WSH,Final
20170828,mlb,370828122,ATL,1,PHI,6,PHI,Final
20170828,mlb,370828114,BOS,6,TOR,5,BOS,Final
20170828,mlb,370828116,PIT,1,CHC,6,CHC,Final
20170828,mlb,370828107,TB,12,KC,0,TB,Final
20170828,mlb,370828127,DET,4,COL,3,DET,Final
20170828,mlb,370828125,SF,3,SD,0,SF,Final
20170829,mlb,370829101,SEA,0,BAL,4,BAL,Final
20170829,mlb,370829120,MIA,3,WSH,8,WSH,Final
20170829,mlb,370829114,BOS,3,TOR,0,BOS,Final
20170829,mlb,370829117,NYM,4,CIN,14,CIN,Final
20170829,mlb,370829118,TEX,12,HOU,2,TEX,Final
20170829,mlb,370829108,STL,10,MIL,2,STL,Final
20170829,mlb,370829116,PIT,1,CHC,4,CHC,Final
20170829,mlb,370829109,CHW,4,MIN,6,MIN,Final
20170829,mlb,370829107,TB,2,KC,6,KC,Final
20170829,mlb,370829127,DET,3,COL,7,COL,Final
20170829,mlb,370829129,LAD,6,ARI,7,ARI,Final
20170829,mlb,370829125,SF,3,SD,6,SD,Final
20170830,mlb,400908112,ATL,9,PHI,1,ATL,Final
20170830,mlb,400908116,CLE,2,NYY,1,CLE,Final
20170830,mlb,370830108,STL,5,MIL,6,MIL,Final
20170830,mlb,370830101,SEA,7,BAL,8,BAL,Final
20170830,mlb,370830127,DET,6,COL,2,DET,Final
20170830,mlb,370830322,ATL,5,PHI,2,ATL,Final
20170830,mlb,370830120,MIA,0,WSH,4,WSH,Final
20170830,mlb,370830310,CLE,9,NYY,4,CLE,Final
20170830,mlb,370830118,TEX,8,HOU,1,TEX,Final
20170830,mlb,370830114,BOS,7,TOR,1,BOS,Final
20170830,mlb,370830117,NYM,2,CIN,0,NYM,Final
20170830,mlb,370830116,PIT,3,CHC,17,CHC,Final
20170830,mlb,370830109,CHW,1,MIN,11,MIN,Final
20170830,mlb,370830107,TB,5,KC,3,TB,Final
20170830,mlb,370830125,SF,0,SD,5,SD,Final
20170830,mlb,370830129,LAD,4,ARI,6,ARI,Final
20170831,mlb,370831117,NYM,2,CIN,7,CIN,Final
20170831,mlb,370831109,CHW,4,MIN,5,MIN,Final
20170831,mlb,370831118,TEX,1,HOU,5,HOU,Final
20170831,mlb,370831129,LAD,1,ARI,8,ARI,Final
20170831,mlb,370831101,TOR,11,BAL,8,TOR,Final
20170831,mlb,370831110,BOS,2,NYY,6,NYY,Final
20170831,mlb,370831128,PHI,3,MIA,2,PHI,Final
20170831,mlb,370831116,ATL,2,CHC,6,CHC,Final
20170831,mlb,370831108,WSH,3,MIL,6,MIL,Final
20170831,mlb,370831126,STL,5,SF,2,STL,Final
20170901,mlb,370901206,CLE,3,DET,2,CLE,Final
20170901,mlb,370901116,ATL,0,CHC,2,CHC,Final
20170901,mlb,370901101,TOR,0,BAL,1,BAL,Final/13
20170901,mlb,370901110,BOS,4,NYY,1,BOS,Final
20170901,mlb,370901123,CIN,7,PIT,3,CIN,Final
20170901,mlb,370901128,PHI,2,MIA,1,PHI,Final
20170901,mlb,370901306,CLE,10,DET,0,CLE,Final
20170901,mlb,370901113,LAA,9,TEX,10,TEX,Final
20170901,mlb,370901104,TB,3,CHW,1,TB,Final
20170901,mlb,370901108,WSH,0,MIL,1,MIL,Final
20170901,mlb,370901109,KC,7,MIN,6,KC,Final
20170901,mlb,370901127,ARI,9,COL,5,ARI,Final
20170901,mlb,370901125,LAD,1,SD,0,LAD,Final
20170901,mlb,370901126,STL,11,SF,6,STL,Final
20170902,mlb,370902110,BOS,1,NYY,5,NYY,Final
20170902,mlb,370902218,NYM,8,HOU,12,HOU,Final
20170902,mlb,370902116,ATL,12,CHC,14,CHC,Final
20170902,mlb,370902225,LAD,5,SD,6,SD,Final
20170902,mlb,370902126,STL,1,SF,2,SF,Final/10
20170902,mlb,370902106,CLE,5,DET,2,CLE,Final
20170902,mlb,370902101,TOR,7,BAL,2,TOR,Final
20170902,mlb,370902123,CIN,0,PIT,5,PIT,Final
20170902,mlb,370902104,TB,4,CHW,5,CHW,Final
20170902,mlb,370902108,WSH,3,MIL,2,WSH,Final
20170902,mlb,370902109,KC,0,MIN,17,MIN,Final
20170902,mlb,370902128,PHI,9,MIA,10,MIA,Final
20170902,mlb,370902113,LAA,7,TEX,4,LAA,Final/10
20170902,mlb,370902127,ARI,6,COL,2,ARI,Final
20170902,mlb,370902318,NYM,1,HOU,4,HOU,Final
20170902,mlb,370902325,LAD,2,SD,7,SD,Final
20170903,mlb,370903106,CLE,11,DET,1,CLE,Final
20170903,mlb,370903128,PHI,3,MIA,1,PHI,Final/12
20170903,mlb,370903101,TOR,4,BAL,5,BAL,Final/12
20170903,mlb,370903123,CIN,1,PIT,3,PIT,Final
20170903,mlb,370903104,TB,2,CHW,6,CHW,Final
20170903,mlb,370903108,WSH,2,MIL,7,MIL,Final
20170903,mlb,370903109,KC,5,MIN,4,KC,Final
20170903,mlb,370903118,NYM,6,HOU,8,HOU,Final
20170903,mlb,370903116,ATL,5,CHC,1,ATL,Final
20170903,mlb,370903113,LAA,6,TEX,7,TEX,Final
20170903,mlb,370903127,ARI,5,COL,1,ARI,Final
20170903,mlb,370903126,STL,7,SF,3,STL,Final
20170903,mlb,370903125,LAD,4,SD,6,SD,Final
20170903,mlb,370903110,BOS,2,NYY,9,NYY,Final
20170904,mlb,370904117,MIL,4,CIN,5,CIN,Final
20170904,mlb,370904106,KC,7,DET,6,KC,Final
20170904,mlb,370904121,PHI,7,NYM,11,NYM,Final
20170904,mlb,370904101,NYY,7,BAL,4,NYY,Final
20170904,mlb,370904104,CLE,5,CHW,3,CLE,Final
20170904,mlb,370904127,SF,3,COL,4,COL,Final
20170904,mlb,370904123,CHC,0,PIT,12,PIT,Final
20170904,mlb,370904125,STL,2,SD,0,STL,Final
20170904,mlb,370904112,HOU,6,SEA,2,HOU,Final
20170904,mlb,370904102,TOR,10,BOS,4,TOR,Final
20170904,mlb,370904128,WSH,7,MIA,2,WSH,Final
20170904,mlb,370904130,MIN,4,TB,11,TB,Final
20170904,mlb,370904115,TEX,8,ATL,2,TEX,Final
20170904,mlb,370904119,ARI,13,LAD,0,ARI,Final
20170905,mlb,370905123,CHC,3,PIT,4,PIT,Final
20170905,mlb,370905102,TOR,2,BOS,3,BOS,Final/19
20170905,mlb,370905106,KC,2,DET,13,DET,Final
20170905,mlb,370905117,MIL,3,CIN,9,CIN,Final
20170905,mlb,370905121,PHI,9,NYM,1,PHI,Final
20170905,mlb,370905128,WSH,2,MIA,1,WSH,Final
20170905,mlb,370905130,MIN,1,TB,2,TB,Final
20170905,mlb,370905104,CLE,9,CHW,4,CLE,Final
20170905,mlb,370905127,SF,6,COL,9,COL,Final
20170905,mlb,370905101,NYY,6,BAL,7,BAL,Final
20170905,mlb,370905112,HOU,3,SEA,1,HOU,Final
20170905,mlb,370905119,ARI,3,LAD,1,ARI,Final/10
20170905,mlb,370905125,STL,8,SD,4,STL,Final
20170906,mlb,370906117,MIL,1,CIN,7,CIN,Final
20170906,mlb,370906130,MIN,10,TB,6,MIN,Final
20170906,mlb,370906215,TEX,12,ATL,8,TEX,Final
20170906,mlb,370906123,CHC,1,PIT,0,CHC,Final
20170906,mlb,370906102,TOR,1,BOS,6,BOS,Final
20170906,mlb,370906106,KC,13,DET,2,KC,Final
20170906,mlb,370906121,PHI,3,NYM,6,NYM,Final/6
20170906,mlb,370906128,WSH,8,MIA,1,WSH,Final
20170906,mlb,370906315,TEX,4,ATL,5,ATL,Final
20170906,mlb,370906104,CLE,5,CHW,1,CLE,Final
20170906,mlb,370906127,SF,11,COL,3,SF,Final
20170906,mlb,370906112,HOU,5,SEA,3,HOU,Final
20170906,mlb,370906119,ARI,3,LAD,1,ARI,Final
20170906,mlb,370906125,STL,3,SD,1,STL,Final
20170907,mlb,370907101,NYY,9,BAL,1,NYY,Final
20170907,mlb,370907120,PHI,3,WSH,4,WSH,Final
20170907,mlb,370907123,CHC,8,PIT,2,CHC,Final
20170907,mlb,370907121,CIN,2,NYM,7,NYM,Final
20170907,mlb,370907115,MIA,5,ATL,6,ATL,Final
20170907,mlb,370907104,CLE,11,CHW,2,CLE,Final
20170907,mlb,370907107,MIN,4,KC,2,MIN,Final
20170907,mlb,370907125,STL,0,SD,3,SD,Final
20170907,mlb,370907119,COL,9,LAD,1,COL,Final
20170908,mlb,370908120,PHI,10,WSH,11,WSH,Final
20170908,mlb,370908114,DET,5,TOR,4,DET,Final
20170908,mlb,370908102,TB,3,BOS,9,BOS,Final
20170908,mlb,370908105,BAL,0,CLE,5,CLE,Final
20170908,mlb,370908121,CIN,1,NYM,5,NYM,Final
20170908,mlb,370908115,MIA,7,ATL,1,MIA,Final
20170908,mlb,370908113,NYY,5,TEX,11,TEX,Final
20170908,mlb,370908116,MIL,2,CHC,0,MIL,Final
20170908,mlb,370908104,SF,9,CHW,2,SF,Final
20170908,mlb,370908107,MIN,8,KC,5,MIN,Final
20170908,mlb,370908124,PIT,1,STL,4,STL,Final
20170908,mlb,370908129,SD,10,ARI,6,SD,Final
20170908,mlb,370908112,LAA,3,SEA,4,SEA,Final
20170908,mlb,370908119,COL,5,LAD,4,COL,Final
20170909,mlb,370909105,BAL,2,CLE,4,CLE,Final
20170909,mlb,370909113,NYY,3,TEX,1,NYY,Final
20170909,mlb,370909116,MIL,15,CHC,2,MIL,Final
20170909,mlb,370909114,DET,4,TOR,5,TOR,Final
20170909,mlb,370909120,PHI,5,WSH,4,PHI,Final
20170909,mlb,370909102,TB,0,BOS,9,BOS,Final
20170909,mlb,370909104,SF,1,CHW,13,CHW,Final
20170909,mlb,370909115,MIA,5,ATL,6,ATL,Final
20170909,mlb,370909121,CIN,1,NYM,6,NYM,Final
20170909,mlb,370909107,MIN,2,KC,5,KC,Final
20170909,mlb,370909124,PIT,3,STL,4,STL,Final
20170909,mlb,370909129,SD,8,ARI,7,SD,Final
20170909,mlb,370909112,LAA,1,SEA,8,SEA,Final
20170909,mlb,370909119,COL,6,LAD,5,COL,Final
20170910,mlb,370910114,DET,2,TOR,8,TOR,Final
20170910,mlb,370910121,CIN,10,NYM,5,CIN,Final
20170910,mlb,370910102,TB,4,BOS,1,TB,Final
20170910,mlb,370910115,MIA,8,ATL,10,ATL,Final/11
20170910,mlb,370910120,PHI,2,WSH,3,WSH,Final
20170910,mlb,370910104,SF,1,CHW,8,CHW,Final
20170910,mlb,370910107,MIN,3,KC,11,KC,Final
20170910,mlb,370910124,PIT,0,STL,7,STL,Final
20170910,mlb,370910116,MIL,3,CHC,1,MIL,Final
20170910,mlb,370910113,NYY,16,TEX,7,NYY,Final
20170910,mlb,370910112,LAA,5,SEA,3,LAA,Final
20170910,mlb,370910119,COL,8,LAD,1,COL,Final
20170910,mlb,370910129,SD,2,ARI,3,ARI,Final
20170910,mlb,370910105,BAL,2,CLE,3,CLE,Final
20170911,mlb,370911114,BAL,3,TOR,4,TOR,Final
20170911,mlb,370911105,DET,0,CLE,11,CLE,Final
20170911,mlb,370911130,NYY,5,TB,1,NYY,Final
20170911,mlb,370911108,PIT,7,MIL,0,PIT,Final
20170911,mlb,370911113,SEA,3,TEX,5,TEX,Final
20170911,mlb,370911107,CHW,11,KC,3,CHW,Final
20170911,mlb,370911129,COL,5,ARI,4,COL,Final
20170911,mlb,370911126,LAD,6,SF,8,SF,Final
20170912,mlb,370912107,CHW,3,KC,4,KC,Final
20170912,mlb,370912120,ATL,8,WSH,0,ATL,Final
20170912,mlb,370912122,MIA,8,PHI,9,PHI,Final/15
20170912,mlb,370912114,BAL,2,TOR,3,TOR,Final
20170912,mlb,370912105,DET,0,CLE,2,CLE,Final
20170912,mlb,370912130,NYY,1,TB,2,TB,Final
20170912,mlb,370912108,PIT,2,MIL,5,MIL,Final
20170912,mlb,370912113,SEA,10,TEX,3,SEA,Final
20170912,mlb,370912116,NYM,3,CHC,8,CHC,Final
20170912,mlb,370912109,SD,0,MIN,16,MIN,Final
20170912,mlb,370912124,CIN,4,STL,13,STL,Final
20170912,mlb,370912129,COL,4,ARI,2,COL,Final
20170912,mlb,370912103,HOU,1,LAA,0,HOU,Final
20170912,mlb,370912126,LAD,5,SF,3,LAD,Final
20170913,mlb,370913105,DET,3,CLE,5,CLE,Final
20170913,mlb,370913130,NYY,3,TB,2,NYY,Final
20170913,mlb,370913107,CHW,5,KC,3,CHW,Final
20170913,mlb,370913120,ATL,8,WSH,2,ATL,Final
20170913,mlb,370913122,MIA,1,PHI,8,PHI,Final
20170913,mlb,370913114,BAL,2,TOR,1,BAL,Final
20170913,mlb,370913113,SEA,8,TEX,1,SEA,Final
20170913,mlb,370913116,NYM,5,CHC,17,CHC,Final
20170913,mlb,370913108,PIT,2,MIL,8,MIL,Final
20170913,mlb,370913109,SD,1,MIN,3,MIN,Final/10
20170913,mlb,370913124,CIN,6,STL,0,CIN,Final
20170913,mlb,370913129,COL,2,ARI,8,ARI,Final
20170913,mlb,370913126,LAD,4,SF,1,LAD,Final
20170913,mlb,370913103,HOU,1,LAA,9,LAA,Final
20170914,mlb,370914106,CHW,17,DET,7,CHW,Final
20170914,mlb,370914124,CIN,2,STL,5,STL,Final
20170914,mlb,370914129,COL,0,ARI,7,ARI,Final
20170914,mlb,370914110,BAL,5,NYY,13,NYY,Final
20170914,mlb,370914120,ATL,2,WSH,5,WSH,Final
20170914,mlb,370914122,MIA,0,PHI,10,PHI,Final
20170914,mlb,370914105,KC,2,CLE,3,CLE,Final/10
20170914,mlb,370914113,SEA,10,TEX,4,SEA,Final
20170914,mlb,370914116,NYM,6,CHC,14,CHC,Final
20170914,mlb,370914109,TOR,2,MIN,3,MIN,Final/10
20170914,mlb,370914103,HOU,5,LAA,2,HOU,Final
20170915,mlb,370915116,STL,2,CHC,8,CHC,Final
20170915,mlb,370915110,BAL,2,NYY,8,NYY,Final
20170915,mlb,370915120,LAD,7,WSH,0,LAD,Final
20170915,mlb,370915105,KC,4,CLE,3,KC,Final
20170915,mlb,370915106,CHW,2,DET,3,DET,Final
20170915,mlb,370915117,PIT,2,CIN,4,CIN,Final
20170915,mlb,370915130,BOS,13,TB,6,BOS,Final/15
20170915,mlb,370915115,NYM,2,ATL,3,ATL,Final
20170915,mlb,370915109,TOR,4,MIN,3,TOR,Final
20170915,mlb,370915118,SEA,2,HOU,5,HOU,Final
20170915,mlb,370915128,MIL,10,MIA,2,MIL,Final
20170915,mlb,370915127,SD,1,COL,6,COL,Final
20170915,mlb,370915103,TEX,6,LAA,7,LAA,Final
20170915,mlb,370915126,ARI,3,SF,2,ARI,Final
20170916,mlb,370916118,SEA,6,HOU,8,HOU,Final
20170916,mlb,370916120,LAD,3,WSH,2,LAD,Final
20170916,mlb,370916110,BAL,3,NYY,9,NYY,Final
20170916,mlb,370916116,STL,1,CHC,4,CHC,Final
20170916,mlb,370916105,KC,4,CLE,8,CLE,Final
20170916,mlb,370916117,PIT,1,CIN,2,CIN,Final
20170916,mlb,370916106,CHW,10,DET,4,CHW,Final
20170916,mlb,370916130,BOS,3,TB,1,BOS,Final
20170916,mlb,370916109,TOR,7,MIN,2,TOR,Final
20170916,mlb,370916115,NYM,7,ATL,3,NYM,Final
20170916,mlb,370916128,MIL,4,MIA,7,MIA,Final
20170916,mlb,370916127,SD,0,COL,16,COL,Final
20170916,mlb,370916126,ARI,2,SF,0,ARI,Final
20170916,mlb,370916103,TEX,0,LAA,2,LAA,Final
20170917,mlb,370917110,BAL,6,NYY,4,BAL,Final
20170917,mlb,370917105,KC,2,CLE,3,CLE,Final
20170917,mlb,370917106,CHW,0,DET,12,DET,Final
20170917,mlb,370917117,PIT,2,CIN,5,CIN,Final
20170917,mlb,370917130,BOS,2,TB,3,TB,Final
20170917,mlb,370917115,NYM,5,ATL,1,NYM,Final
20170917,mlb,370917109,TOR,7,MIN,13,MIN,Final
20170917,mlb,370917118,SEA,1,HOU,7,HOU,Final
20170917,mlb,370917128,MIL,10,MIA,3,MIL,Final
20170917,mlb,370917116,STL,3,CHC,4,CHC,Final
20170917,mlb,370917127,SD,4,COL,3,SD,Final
20170917,mlb,370917103,TEX,4,LAA,2,TEX,Final
20170917,mlb,370917126,ARI,2,SF,7,SF,Final
20170917,mlb,370917120,LAD,1,WSH,7,WSH,Final
20170918,mlb,370918101,BOS,10,BAL,8,BOS,Final/11
20170918,mlb,370918110,MIN,1,NYY,2,NYY,Final
20170918,mlb,370918122,LAD,3,PHI,4,PHI,Final
20170918,mlb,370918123,MIL,3,PIT,0,MIL,Final
20170918,mlb,370918128,NYM,1,MIA,13,MIA,Final
20170918,mlb,370918125,ARI,2,SD,4,SD,Final
20170919,mlb,370919110,MIN,2,NYY,5,NYY,Final
20170919,mlb,370919101,BOS,1,BAL,0,BOS,Final/11
20170919,mlb,370919122,LAD,2,PHI,6,PHI,Final
20170919,mlb,370919123,MIL,1,PIT,0,MIL,Final
20170919,mlb,370919114,KC,2,TOR,5,TOR,Final
20170919,mlb,370919117,STL,8,CIN,7,STL,Final/10
20170919,mlb,370919128,NYM,4,MIA,5,MIA,Final/10
20170919,mlb,370919130,CHC,2,TB,1,CHC,Final
20170919,mlb,370919115,WSH,4,ATL,2,WSH,Final
20170919,mlb,370919118,CHW,1,HOU,3,HOU,Final
20170919,mlb,370919103,CLE,6,LAA,3,CLE,Final
20170919,mlb,370919112,TEX,3,SEA,1,TEX,Final
20170919,mlb,370919125,ARI,2,SD,6,SD,Final
20170919,mlb,370919126,COL,3,SF,4,SF,Final
20170920,mlb,370920110,MIN,3,NYY,11,NYY,Final
20170920,mlb,370920128,NYM,2,MIA,9,MIA,Final
20170920,mlb,370920126,COL,0,SF,4,SF,Final
20170920,mlb,370920101,BOS,9,BAL,0,BOS,Final
20170920,mlb,370920122,LAD,5,PHI,7,PHI,Final
20170920,mlb,370920123,MIL,4,PIT,6,PIT,Final
20170920,mlb,370920114,KC,15,TOR,5,KC,Final
20170920,mlb,370920117,STL,9,CIN,2,STL,Final
20170920,mlb,370920130,CHC,1,TB,8,TB,Final
20170920,mlb,370920115,WSH,7,ATL,3,WSH,Final
20170920,mlb,370920118,CHW,3,HOU,4,HOU,Final
20170920,mlb,370920125,ARI,13,SD,7,ARI,Final
20170920,mlb,370920103,CLE,6,LAA,5,CLE,Final
20170920,mlb,370920112,TEX,8,SEA,6,TEX,Final
20170921,mlb,370921122,LAD,5,PHI,4,LAD,Final
20170921,mlb,370921103,CLE,4,LAA,1,CLE,Final
20170921,mlb,370921101,TB,1,BAL,3,BAL,Final
20170921,mlb,370921114,KC,1,TOR,0,KC,Final
20170921,mlb,370921106,MIN,12,DET,1,MIN,Final
20170921,mlb,370921117,STL,8,CIN,5,STL,Final
20170921,mlb,370921115,WSH,2,ATL,3,ATL,Final
20170921,mlb,370921108,CHC,5,MIL,3,CHC,Final/10
20170921,mlb,370921118,CHW,3,HOU,1,CHW,Final
20170921,mlb,370921112,TEX,4,SEA,2,TEX,Final
20170921,mlb,370921125,COL,0,SD,3,SD,Final
20170922,mlb,370922101,TB,8,BAL,3,TB,Final
20170922,mlb,370922123,STL,4,PIT,3,STL,Final
20170922,mlb,370922114,NYY,1,TOR,8,TOR,Final
20170922,mlb,370922106,MIN,7,DET,3,MIN,Final
20170922,mlb,370922117,BOS,5,CIN,4,BOS,Final
20170922,mlb,370922121,WSH,6,NYM,7,NYM,Final
20170922,mlb,370922108,CHC,5,MIL,4,CHC,Final/10
20170922,mlb,370922115,PHI,2,ATL,7,ATL,Final
20170922,mlb,370922104,KC,6,CHW,7,CHW,Final
20170922,mlb,370922118,LAA,0,HOU,3,HOU,Final
20170922,mlb,370922129,MIA,11,ARI,13,ARI,Final
20170922,mlb,370922112,CLE,1,SEA,3,SEA,Final
20170922,mlb,370922119,SF,2,LAD,4,LAD,Final
20170922,mlb,370922125,COL,4,SD,1,COL,Final
20170923,mlb,370923108,CHC,3,MIL,4,MIL,Final/10
20170923,mlb,370923118,LAA,2,HOU,6,HOU,Final
20170923,mlb,370923114,NYY,5,TOR,1,NYY,Final
20170923,mlb,370923112,CLE,11,SEA,4,CLE,Final
20170923,mlb,370923117,BOS,5,CIN,0,BOS,Final
20170923,mlb,400910076,MIN,10,DET,4,MIN,Final
20170923,mlb,370923101,TB,9,BAL,6,TB,Final
20170923,mlb,370923123,STL,6,PIT,11,PIT,Final
20170923,mlb,370923104,KC,8,CHW,2,KC,Final
20170923,mlb,370923115,PHI,2,ATL,4,ATL,Final
20170923,mlb,370923121,WSH,4,NYM,3,WSH,Final/10
20170923,mlb,370923129,MIA,12,ARI,6,MIA,Final
20170923,mlb,370923125,COL,0,SD,5,SD,Final
20170923,mlb,370923119,SF,2,LAD,1,SF,Final
20170924,mlb,370924106,MIN,10,DET,4,MIN,Final
20170924,mlb,370924114,NYY,5,TOR,9,TOR,Final
20170924,mlb,370924117,BOS,5,CIN,4,BOS,Final
20170924,mlb,370924121,WSH,3,NYM,2,WSH,Final
20170924,mlb,370924101,TB,4,BAL,9,BAL,Final
20170924,mlb,370924115,PHI,2,ATL,0,PHI,Final
20170924,mlb,370924123,STL,1,PIT,4,PIT,Final
20170924,mlb,370924104,KC,1,CHW,8,CHW,Final
20170924,mlb,370924108,CHC,5,MIL,0,CHC,Final
20170924,mlb,370924112,CLE,4,SEA,2,CLE,Final
20170924,mlb,370924119,SF,1,LAD,3,LAD,Final
20170924,mlb,370924129,MIA,2,ARI,3,ARI,Final
20170924,mlb,370924125,COL,8,SD,4,COL,Final
20170924,mlb,370924118,LAA,7,HOU,5,LAA,Final
20170925,mlb,370925110,KC,3,NYY,11,NYY,Final
20170925,mlb,400952224,ATL,9,NYM,2,ATL,Final
20170925,mlb,370925122,WSH,3,PHI,1,WSH,Final
20170925,mlb,370925102,TOR,6,BOS,4,TOR,Final
20170925,mlb,370925321,ATL,2,NYM,3,NYM,Final
20170925,mlb,370925113,HOU,11,TEX,2,HOU,Final
20170925,mlb,370925104,LAA,2,CHW,4,CHW,Final
20170925,mlb,400910099,LAA,2,CHW,4,CHW,Final
20170925,mlb,370925124,CHC,10,STL,2,CHC,Final
20170925,mlb,370925127,MIA,5,COL,4,MIA,Final
20170925,mlb,370925129,SF,9,ARI,2,SF,Final
20170925,mlb,370925119,SD,3,LAD,9,LAD,Final
20170926,mlb,370926110,TB,1,NYY,6,NYY,Final
20170926,mlb,370926122,WSH,1,PHI,4,PHI,Final
20170926,mlb,370926123,BAL,1,PIT,10,PIT,Final
20170926,mlb,370926102,TOR,9,BOS,4,TOR,Final
20170926,mlb,370926105,MIN,8,CLE,6,MIN,Final
20170926,mlb,370926121,ATL,3,NYM,4,NYM,Final
20170926,mlb,370926108,CIN,6,MIL,7,MIL,Final
20170926,mlb,400910112,CHC,7,STL,8,STL,Final
20170926,mlb,370926113,HOU,14,TEX,3,HOU,Final
20170926,mlb,370926104,LAA,9,CHW,3,LAA,Final
20170926,mlb,370926107,DET,1,KC,2,KC,Final
20170926,mlb,370926127,MIA,0,COL,6,COL,Final
20170926,mlb,370926129,SF,4,ARI,11,ARI,Final
20170926,mlb,370926119,SD,2,LAD,9,LAD,Final
20170927,mlb,370927113,HOU,12,TEX,2,HOU,Final
20170927,mlb,370927127,MIA,9,COL,15,COL,Final
20170927,mlb,370927129,SF,3,ARI,4,ARI,Final
20170927,mlb,370927124,CHC,5,STL,1,CHC,Final
20170927,mlb,370927110,TB,1,NYY,6,NYY,Final
20170927,mlb,370927122,WSH,5,PHI,7,PHI,Final
20170927,mlb,370927123,BAL,3,PIT,5,PIT,Final
20170927,mlb,370927102,TOR,7,BOS,10,BOS,Final
20170927,mlb,370927105,MIN,2,CLE,4,CLE,Final
20170927,mlb,370927121,ATL,1,NYM,7,NYM,Final
20170927,mlb,370927104,LAA,4,CHW,6,CHW,Final/10
20170927,mlb,370927108,CIN,6,MIL,0,CIN,Final
20170927,mlb,370927107,DET,4,KC,7,KC,Final
20170927,mlb,370927119,SD,0,LAD,10,LAD,Final
20170928,mlb,370928105,MIN,2,CLE,5,CLE,Final
20170928,mlb,370928108,CIN,3,MIL,4,MIL,Final
20170928,mlb,370928110,TB,9,NYY,6,TB,Final
20170928,mlb,370928120,PIT,4,WSH,5,WSH,Final
20170928,mlb,370928102,HOU,12,BOS,2,HOU,Final
20170928,mlb,370928128,ATL,1,MIA,7,MIA,Final
20170928,mlb,370928124,CHC,2,STL,1,CHC,Final/11
20170928,mlb,370928104,LAA,4,CHW,5,CHW,Final
20170928,mlb,370928107,DET,4,KC,1,DET,Final
20170929,mlb,370929110,TOR,0,NYY,4,NYY,Final
20170929,mlb,370929116,CIN,4,CHC,5,CHC,Final
20170929,mlb,370929120,PIT,1,WSH,6,WSH,Final
20170929,mlb,370929122,NYM,2,PHI,6,PHI,Final
20170929,mlb,370929102,HOU,3,BOS,2,HOU,Final
20170929,mlb,370929105,CHW,1,CLE,10,CLE,Final
20170929,mlb,370929128,ATL,5,MIA,6,MIA,Final
20170929,mlb,370929130,BAL,0,TB,7,TB,Final
20170929,mlb,370929109,DET,3,MIN,6,MIN,Final
20170929,mlb,370929127,LAD,1,COL,9,COL,Final
20170929,mlb,370929107,ARI,1,KC,2,KC,Final
20170929,mlb,370929124,MIL,5,STL,3,MIL,Final
20170929,mlb,370929103,SEA,5,LAA,6,LAA,Final
20170929,mlb,370929126,SD,0,SF,8,SF,Final
20170930,mlb,370930102,HOU,3,BOS,6,BOS,Final
20170930,mlb,370930110,TOR,1,NYY,2,NYY,Final
20170930,mlb,370930116,CIN,0,CHC,9,CHC,Final
20170930,mlb,370930126,SD,3,SF,2,SD,Final
20170930,mlb,370930124,MIL,6,STL,7,STL,Final
20170930,mlb,370930130,BAL,3,TB,4,TB,Final
20170930,mlb,370930120,PIT,4,WSH,1,PIT,Final
20170930,mlb,370930122,NYM,7,PHI,4,NYM,Final/11
20170930,mlb,370930105,CHW,2,CLE,1,CHW,Final
20170930,mlb,370930109,DET,3,MIN,2,DET,Final
20170930,mlb,370930128,ATL,2,MIA,10,MIA,Final
20170930,mlb,370930107,ARI,3,KC,4,KC,Final
20170930,mlb,370930127,LAD,5,COL,3,LAD,Final
20170930,mlb,370930103,SEA,6,LAA,4,SEA,Final
20171001,mlb,371001102,HOU,4,BOS,3,HOU,Final
20171001,mlb,371001110,TOR,2,NYY,1,TOR,Final
20171001,mlb,371001120,PIT,11,WSH,8,PIT,Final
20171001,mlb,371001122,NYM,0,PHI,11,PHI,Final
20171001,mlb,371001126,SD,4,SF,5,SF,Final
20171001,mlb,371001103,SEA,2,LAA,6,LAA,Final
20171001,mlb,371001105,CHW,1,CLE,3,CLE,Final
20171001,mlb,371001109,DET,1,MIN,5,MIN,Final
20171001,mlb,371001127,LAD,6,COL,3,LAD,Final
20171001,mlb,371001128,ATL,8,MIA,5,ATL,Final
20171001,mlb,400910181,BAL,0,TB,6,TB,Final
20171001,mlb,371001107,ARI,14,KC,2,ARI,Final
20171001,mlb,371001124,MIL,6,STL,1,MIL,Final
20171001,mlb,371001116,CIN,3,CHC,1,CIN,Final
20171003,mlb,371003110,MIN,4,NYY,8,NYY,Final
20171004,mlb,371004129,COL,8,ARI,11,ARI,Final
20171005,mlb,371005118,BOS,2,HOU,8,HOU,Final
20171005,mlb,371005105,NYY,0,CLE,4,CLE,Final
20171006,mlb,371006118,BOS,2,HOU,8,HOU,Final
20171006,mlb,371006105,NYY,8,CLE,9,CLE,Final/13
20171006,mlb,371006120,CHC,3,WSH,0,CHC,Final
20171006,mlb,371006119,ARI,5,LAD,9,LAD,Final
20171007,mlb,371007120,CHC,3,WSH,6,WSH,Final
20171007,mlb,371007119,ARI,5,LAD,8,LAD,Final
20171008,mlb,371008102,HOU,3,BOS,10,BOS,Final
20171008,mlb,371008110,CLE,0,NYY,1,NYY,Final
20171009,mlb,371009102,HOU,5,BOS,4,HOU,Final
20171009,mlb,371009116,WSH,1,CHC,2,CHC,Final
20171009,mlb,371009110,CLE,3,NYY,7,NYY,Final
20171009,mlb,371009129,LAD,3,ARI,1,LAD,Final
20171011,mlb,371011116,WSH,5,CHC,0,WSH,Final
20171011,mlb,371011105,NYY,5,CLE,2,NYY,Final
20171012,mlb,371012120,CHC,9,WSH,8,CHC,Final
20171013,mlb,371013118,NYY,1,HOU,2,HOU,Final
20171014,mlb,371014118,NYY,1,HOU,2,HOU,Final
20171014,mlb,371014119,CHC,2,LAD,5,LAD,Final
20171015,mlb,371015119,CHC,1,LAD,4,LAD,Final
20171016,mlb,371016110,HOU,1,NYY,8,NYY,Final
20171017,mlb,371017110,HOU,4,NYY,6,NYY,Final
20171017,mlb,371017116,LAD,6,CHC,1,LAD,Final
20171018,mlb,371018110,HOU,0,NYY,5,NYY,Final
20171018,mlb,371018116,LAD,2,CHC,3,CHC,Final
20171019,mlb,371019116,LAD,11,CHC,1,LAD,Final
20171020,mlb,371020118,NYY,1,HOU,7,HOU,Final
20171021,mlb,371021118,NYY,0,HOU,4,HOU,Final
20171024,mlb,371024119,HOU,1,LAD,3,LAD,Final
20171025,mlb,371025119,HOU,7,LAD,6,HOU,Final/11
20171027,mlb,371027118,LAD,3,HOU,5,HOU,Final
20171028,mlb,371028118,LAD,6,HOU,2,LAD,Final
20171029,mlb,371029118,LAD,12,HOU,13,HOU,Final/10
20171031,mlb,371031119,HOU,1,LAD,3,LAD,Final
20171101,mlb,371101119,HOU,5,LAD,1,HOU,Final
