date,league,game_id,away_team,away_score,home_team,home_score,winner,status
20120313,mlb,400698128,BOS,1,NYY,0,BOS,Final
20120404,mlb,400698288,CHW,5,HOU,5,,Final
20120404,mlb,320404128,STL,4,MIA,1,STL,Final
20120405,mlb,320405106,BOS,2,DET,3,DET,Final
20120405,mlb,320405121,ATL,0,NYM,1,NYM,Final
20120405,mlb,320405123,PHI,1,PIT,0,PHI,Final
20120405,mlb,320405116,WSH,2,CHC,1,WSH,Final
20120405,mlb,320405105,TOR,7,CLE,4,TOR,Final/16
20120405,mlb,320405117,MIA,0,CIN,4,CIN,Final
20120405,mlb,320405125,LAD,5,SD,3,LAD,Final
20120406,mlb,320406113,CHW,2,TEX,3,TEX,Final
20120406,mlb,320406101,MIN,2,BAL,4,BAL,Final
20120406,mlb,320406130,NYY,6,TB,7,TB,Final
20120406,mlb,320406108,STL,11,MIL,5,STL,Final
20120406,mlb,320406129,SF,4,ARI,5,ARI,Final
20120406,mlb,320406118,COL,5,HOU,3,COL,Final
20120406,mlb,320406103,KC,0,LAA,5,LAA,Final
20120406,mlb,320406125,LAD,6,SD,0,LAD,Final
20120407,mlb,320407105,TOR,7,CLE,4,TOR,Final/12
20120407,mlb,320407116,WSH,7,CHC,4,WSH,Final
20120407,mlb,320407121,ATL,2,NYM,4,NYM,Final
20120407,mlb,320407103,KC,6,LAA,3,KC,Final
20120407,mlb,320407106,BOS,0,DET,10,DET,Final
20120407,mlb,320407108,STL,0,MIL,6,MIL,Final
20120407,mlb,320407129,SF,4,ARI,5,ARI,Final
20120407,mlb,320407101,MIN,2,BAL,8,BAL,Final
20120407,mlb,320407118,COL,3,HOU,7,HOU,Final
20120407,mlb,320407123,PHI,1,PIT,2,PIT,Final/10
20120407,mlb,320407117,MIA,8,CIN,3,MIA,Final
20120407,mlb,320407130,NYY,6,TB,8,TB,Final
20120407,mlb,320407113,CHW,4,TEX,3,CHW,Final
20120407,mlb,320407125,LAD,6,SD,5,LAD,Final/11
20120408,mlb,320408105,TOR,3,CLE,4,CLE,Final
20120408,mlb,320408106,BOS,12,DET,13,DET,Final/11
20120408,mlb,320408117,MIA,5,CIN,6,CIN,Final
20120408,mlb,320408121,ATL,5,NYM,7,NYM,Final
20120408,mlb,320408101,MIN,1,BAL,3,BAL,Final
20120408,mlb,320408123,PHI,4,PIT,5,PIT,Final
20120408,mlb,320408130,NYY,0,TB,3,TB,Final
20120408,mlb,320408118,COL,2,HOU,3,HOU,Final
20120408,mlb,320408108,STL,9,MIL,3,STL,Final
20120408,mlb,320408116,WSH,3,CHC,4,CHC,Final
20120408,mlb,320408103,KC,7,LAA,3,KC,Final
20120408,mlb,320408125,LAD,4,SD,8,SD,Final
20120408,mlb,320408129,SF,6,ARI,7,ARI,Final
20120408,mlb,320408113,CHW,0,TEX,5,TEX,Final
20120409,mlb,320409122,MIA,6,PHI,2,MIA,Final
20120409,mlb,320409109,LAA,5,MIN,1,LAA,Final
20120409,mlb,320409127,SF,7,COL,0,SF,Final
20120409,mlb,320409116,MIL,7,CHC,5,MIL,Final
20120409,mlb,320409101,NYY,6,BAL,2,NYY,Final
20120409,mlb,320409105,CHW,4,CLE,2,CHW,Final
20120409,mlb,320409114,BOS,4,TOR,2,BOS,Final
20120409,mlb,320409117,STL,7,CIN,1,STL,Final
20120409,mlb,320409121,WSH,3,NYM,4,NYM,Final
20120409,mlb,320409113,SEA,5,TEX,11,TEX,Final
20120409,mlb,320409118,ATL,3,HOU,8,HOU,Final
20120410,mlb,320410106,TB,2,DET,5,DET,Final
20120410,mlb,320410119,PIT,1,LAD,2,LAD,Final
20120410,mlb,320410101,NYY,5,BAL,4,NYY,Final/12
20120410,mlb,320410114,BOS,3,TOR,7,TOR,Final
20120410,mlb,320410117,STL,3,CIN,1,STL,Final
20120410,mlb,320410121,WSH,6,NYM,2,WSH,Final
20120410,mlb,320410113,SEA,0,TEX,1,TEX,Final
20120410,mlb,320410116,MIL,7,CHC,4,MIL,Final
20120410,mlb,320410118,ATL,6,HOU,4,ATL,Final
20120410,mlb,320410125,ARI,4,SD,2,ARI,Final/11
20120411,mlb,320411105,CHW,10,CLE,6,CHW,Final
20120411,mlb,320411117,STL,3,CIN,4,CIN,Final
20120411,mlb,320411114,BOS,1,TOR,3,TOR,Final
20120411,mlb,320411106,TB,4,DET,2,TB,Final
20120411,mlb,320411121,WSH,4,NYM,0,WSH,Final
20120411,mlb,320411116,MIL,2,CHC,1,MIL,Final
20120411,mlb,320411125,ARI,1,SD,2,SD,Final
20120411,mlb,320411122,MIA,1,PHI,7,PHI,Final
20120411,mlb,320411101,NYY,6,BAL,4,NYY,Final/10
20120411,mlb,320411113,SEA,4,TEX,3,SEA,Final
20120411,mlb,320411118,ATL,6,HOU,3,ATL,Final
20120411,mlb,320411109,LAA,5,MIN,6,MIN,Final
20120411,mlb,320411127,SF,8,COL,17,COL,Final
20120411,mlb,320411119,PIT,1,LAD,4,LAD,Final
20120412,mlb,320412106,TB,2,DET,7,DET,Final
20120412,mlb,320412120,CIN,2,WSH,3,WSH,Final/10
20120412,mlb,320412109,LAA,9,MIN,10,MIN,Final
20120412,mlb,320412113,SEA,3,TEX,5,TEX,Final
20120412,mlb,320412116,MIL,0,CHC,8,CHC,Final
20120412,mlb,320412127,SF,4,COL,2,SF,Final
20120412,mlb,320412122,MIA,1,PHI,3,PHI,Final
20120412,mlb,320412125,ARI,3,SD,1,ARI,Final
20120412,mlb,320412119,PIT,2,LAD,3,LAD,Final
20120413,mlb,320413110,LAA,0,NYY,5,NYY,Final
20120413,mlb,320413102,TB,2,BOS,12,BOS,Final
20120413,mlb,320413104,DET,2,CHW,5,CHW,Final
20120413,mlb,320413124,CHC,9,STL,5,CHC,Final
20120413,mlb,320413107,CLE,8,KC,3,CLE,Final
20120413,mlb,320413126,PIT,0,SF,5,SF,Final
20120413,mlb,320413120,CIN,1,WSH,2,WSH,Final/13
20120413,mlb,320413122,NYM,5,PHI,2,NYM,Final
20120413,mlb,320413114,BAL,7,TOR,5,BAL,Final
20120413,mlb,320413128,HOU,4,MIA,5,MIA,Final/11
20120413,mlb,320413115,MIL,8,ATL,10,ATL,Final
20120413,mlb,320413109,TEX,4,MIN,1,TEX,Final
20120413,mlb,320413127,ARI,6,COL,7,COL,Final
20120413,mlb,320413119,SD,8,LAD,9,LAD,Final
20120414,mlb,320414110,LAA,7,NYY,1,LAA,Final
20120414,mlb,320414124,CHC,1,STL,5,STL,Final
20120414,mlb,320414109,TEX,6,MIN,2,TEX,Final
20120414,mlb,320414102,TB,5,BOS,13,BOS,Final
20120414,mlb,320414120,CIN,1,WSH,4,WSH,Final
20120414,mlb,320414122,NYM,5,PHI,0,NYM,Final
20120414,mlb,320414114,BAL,6,TOR,4,BAL,Final
20120414,mlb,320414104,DET,1,CHW,5,CHW,Final
20120414,mlb,320414107,CLE,11,KC,9,CLE,Final/10
20120414,mlb,320414115,MIL,1,ATL,2,ATL,Final
20120414,mlb,320414128,HOU,5,MIA,4,HOU,Final
20120414,mlb,320414127,ARI,7,COL,8,COL,Final
20120414,mlb,320414126,PIT,3,SF,4,SF,Final
20120414,mlb,320414119,SD,1,LAD,6,LAD,Final
20120415,mlb,320415114,BAL,2,TOR,9,TOR,Final
20120415,mlb,320415128,HOU,4,MIA,5,MIA,Final/11
20120415,mlb,320415102,TB,4,BOS,6,BOS,Final
20120415,mlb,320415115,MIL,4,ATL,7,ATL,Final
20120415,mlb,320415120,CIN,8,WSH,5,CIN,Final/11
20120415,mlb,320415122,NYM,2,PHI,8,PHI,Final
20120415,mlb,320415104,DET,5,CHW,2,DET,Final
20120415,mlb,320415107,CLE,13,KC,7,CLE,Final
20120415,mlb,320415109,TEX,4,MIN,3,TEX,Final
20120415,mlb,320415124,CHC,3,STL,10,STL,Final
20120415,mlb,320415127,ARI,5,COL,2,ARI,Final
20120415,mlb,320415126,PIT,4,SF,1,PIT,Final
20120415,mlb,320415119,SD,4,LAD,5,LAD,Final
20120415,mlb,320415110,LAA,5,NYY,11,NYY,Final
20120416,mlb,320416102,TB,1,BOS,0,TB,Final
20120416,mlb,320416110,MIN,7,NYY,3,MIN,Final
20120416,mlb,320416120,HOU,3,WSH,6,WSH,Final
20120416,mlb,400744328,NYM,6,ATL,1,NYM,Final
20120416,mlb,320416104,BAL,10,CHW,4,BAL,Final/10
20120416,mlb,320416107,DET,3,KC,2,DET,Final
20120416,mlb,320416127,SD,7,COL,1,SD,Final
20120416,mlb,320416129,PIT,1,ARI,5,ARI,Final
20120416,mlb,320416126,PHI,5,SF,2,PHI,Final
20120417,mlb,320417110,MIN,3,NYY,8,NYY,Final
20120417,mlb,320417120,HOU,0,WSH,1,WSH,Final
20120417,mlb,320417114,TB,3,TOR,7,TOR,Final
20120417,mlb,320417102,TEX,18,BOS,3,TEX,Final
20120417,mlb,320417115,NYM,3,ATL,9,ATL,Final
20120417,mlb,320417128,CHC,2,MIA,5,MIA,Final
20120417,mlb,320417104,BAL,3,CHW,2,BAL,Final
20120417,mlb,320417107,DET,3,KC,1,DET,Final
20120417,mlb,320417108,LAD,4,MIL,5,MIL,Final
20120417,mlb,320417124,CIN,1,STL,2,STL,Final/10
20120417,mlb,320417127,SD,3,COL,5,COL,Final
20120417,mlb,320417129,PIT,5,ARI,4,PIT,Final
20120417,mlb,320417112,CLE,9,SEA,8,CLE,Final
20120417,mlb,320417126,PHI,2,SF,4,SF,Final
20120418,mlb,320418115,NYM,6,ATL,14,ATL,Final
20120418,mlb,320418129,PIT,2,ARI,1,PIT,Final
20120418,mlb,320418102,TEX,6,BOS,3,TEX,Final
20120418,mlb,320418110,MIN,6,NYY,5,MIN,Final
20120418,mlb,320418120,HOU,2,WSH,3,WSH,Final
20120418,mlb,320418114,TB,12,TOR,2,TB,Final
20120418,mlb,320418128,CHC,1,MIA,9,MIA,Final
20120418,mlb,320418104,BAL,1,CHW,8,CHW,Final
20120418,mlb,320418107,DET,4,KC,3,DET,Final
20120418,mlb,320418108,LAD,2,MIL,3,MIL,Final/10
20120418,mlb,320418124,CIN,1,STL,11,STL,Final
20120418,mlb,320418127,SD,4,COL,8,COL,Final
20120418,mlb,320418112,CLE,1,SEA,4,SEA,Final
20120418,mlb,320418126,PHI,0,SF,1,SF,Final/11
20120419,mlb,320419128,CHC,3,MIA,5,MIA,Final
20120419,mlb,320419108,LAD,4,MIL,3,LAD,Final
20120419,mlb,320419124,CIN,6,STL,3,CIN,Final
20120419,mlb,320419104,BAL,5,CHW,3,BAL,Final
20120419,mlb,320419106,TEX,10,DET,3,TEX,Final
20120419,mlb,320419110,MIN,6,NYY,7,NYY,Final
20120419,mlb,320419120,HOU,11,WSH,4,HOU,Final
20120419,mlb,320419114,TB,9,TOR,4,TB,Final
20120419,mlb,320419129,ATL,10,ARI,2,ATL,Final
20120419,mlb,320419125,PHI,2,SD,0,PHI,Final
20120419,mlb,320419112,CLE,2,SEA,1,CLE,Final
20120420,mlb,320420116,CIN,9,CHC,4,CIN,Final
20120420,mlb,320420102,NYY,6,BOS,2,NYY,Final
20120420,mlb,320420120,MIA,0,WSH,2,WSH,Final
20120420,mlb,320420123,STL,4,PIT,1,STL,Final
20120420,mlb,320420121,SF,4,NYM,3,SF,Final/10
20120420,mlb,320420130,MIN,5,TB,4,MIN,Final
20120420,mlb,320420118,LAD,3,HOU,1,LAD,Final
20120420,mlb,320420107,TOR,4,KC,3,TOR,Final
20120420,mlb,320420108,COL,4,MIL,3,COL,Final
20120420,mlb,320420129,ATL,9,ARI,1,ATL,Final
20120420,mlb,320420103,BAL,3,LAA,6,LAA,Final
20120420,mlb,320420125,PHI,4,SD,1,PHI,Final
20120420,mlb,320420112,CHW,7,SEA,3,CHW,Final
20120421,mlb,320421116,CIN,1,CHC,6,CHC,Final
20120421,mlb,320421120,MIA,2,WSH,3,WSH,Final/10
20120421,mlb,320421206,TEX,10,DET,4,TEX,Final
20120421,mlb,320421121,SF,4,NYM,5,NYM,Final
20120421,mlb,320421102,NYY,15,BOS,9,NYY,Final
20120421,mlb,320421112,CHW,4,SEA,0,CHW,Final
20120421,mlb,320421118,LAD,5,HOU,1,LAD,Final
20120421,mlb,320421123,STL,0,PIT,2,PIT,Final
20120421,mlb,320421306,TEX,2,DET,3,DET,Final
20120421,mlb,320421107,TOR,9,KC,5,TOR,Final
20120421,mlb,320421108,COL,4,MIL,9,MIL,Final
20120421,mlb,320421130,MIN,1,TB,4,TB,Final
20120421,mlb,320421129,ATL,3,ARI,2,ATL,Final
20120421,mlb,320421125,PHI,1,SD,5,SD,Final
20120421,mlb,320421103,BAL,3,LAA,6,LAA,Final
20120422,mlb,320422106,TEX,3,DET,2,TEX,Final/11
20120422,mlb,320422123,STL,5,PIT,1,STL,Final
20120422,mlb,320422130,MIN,2,TB,6,TB,Final
20120422,mlb,320422118,LAD,0,HOU,12,HOU,Final
20120422,mlb,320422107,TOR,5,KC,3,TOR,Final
20120422,mlb,320422108,COL,4,MIL,1,COL,Final
20120422,mlb,320422116,CIN,4,CHC,3,CIN,Final
20120422,mlb,320422103,BAL,3,LAA,2,BAL,Final/10
20120422,mlb,320422125,PHI,1,SD,6,SD,Final
20120422,mlb,320422112,CHW,7,SEA,4,CHW,Final
20120422,mlb,400744370,ATL,4,ARI,6,ARI,Final
20120423,mlb,320423221,SF,6,NYM,1,SF,Final
20120423,mlb,320423113,NYY,7,TEX,4,NYY,Final
20120423,mlb,320423321,SF,7,NYM,2,SF,Final
20120423,mlb,320423116,STL,2,CHC,3,CHC,Final
20120423,mlb,320423107,TOR,4,KC,1,TOR,Final
20120423,mlb,320423108,HOU,5,MIL,6,MIL,Final
20120423,mlb,320423109,BOS,6,MIN,5,BOS,Final
20120423,mlb,320423129,PHI,5,ARI,9,ARI,Final
20120423,mlb,320423119,ATL,2,LAD,7,LAD,Final
20120424,mlb,320424101,TOR,1,BAL,2,BAL,Final
20120424,mlb,320424105,KC,3,CLE,4,CLE,Final
20120424,mlb,320424106,SEA,7,DET,4,SEA,Final
20120424,mlb,320424123,COL,4,PIT,5,PIT,Final
20120424,mlb,320424117,SF,2,CIN,9,CIN,Final
20120424,mlb,320424121,MIA,1,NYM,2,NYM,Final
20120424,mlb,320424130,LAA,0,TB,5,TB,Final
20120424,mlb,320424113,NYY,0,TEX,2,TEX,Final
20120424,mlb,320424116,STL,2,CHC,3,CHC,Final/10
20120424,mlb,320424108,HOU,6,MIL,9,MIL,Final
20120424,mlb,320424109,BOS,11,MIN,2,BOS,Final
20120424,mlb,320424129,PHI,8,ARI,5,PHI,Final
20120424,mlb,320424125,WSH,3,SD,1,WSH,Final
20120424,mlb,320424119,ATL,4,LAD,3,ATL,Final
20120425,mlb,320425223,COL,2,PIT,1,COL,Final
20120425,mlb,320425108,HOU,7,MIL,5,HOU,Final
20120425,mlb,320425116,STL,5,CHC,1,STL,Final
20120425,mlb,320425129,PHI,7,ARI,2,PHI,Final
20120425,mlb,320425323,COL,1,PIT,5,PIT,Final
20120425,mlb,320425125,WSH,7,SD,2,WSH,Final
20120425,mlb,320425130,LAA,2,TB,3,TB,Final
20120425,mlb,320425101,TOR,0,BAL,3,BAL,Final
20120425,mlb,320425105,KC,8,CLE,2,KC,Final
20120425,mlb,320425106,SEA,9,DET,1,SEA,Final
20120425,mlb,320425117,SF,2,CIN,4,CIN,Final
20120425,mlb,320425121,MIA,1,NYM,5,NYM,Final
20120425,mlb,320425113,NYY,3,TEX,7,TEX,Final
20120425,mlb,320425109,BOS,7,MIN,6,BOS,Final
20120425,mlb,320425119,ATL,4,LAD,2,ATL,Final
20120426,mlb,320426105,KC,4,CLE,2,KC,Final
20120426,mlb,320426117,SF,6,CIN,5,SF,Final
20120426,mlb,320426106,SEA,5,DET,4,SEA,Final
20120426,mlb,320426121,MIA,2,NYM,3,NYM,Final
20120426,mlb,320426130,LAA,3,TB,4,TB,Final
20120426,mlb,320426101,TOR,2,BAL,5,BAL,Final
20120426,mlb,320426104,BOS,10,CHW,3,BOS,Final
20120426,mlb,320426125,WSH,1,SD,2,SD,Final
20120427,mlb,320427105,LAA,2,CLE,3,CLE,Final
20120427,mlb,320427110,DET,6,NYY,7,NYY,Final
20120427,mlb,320427122,CHC,5,PHI,1,CHC,Final
20120427,mlb,320427114,SEA,9,TOR,5,SEA,Final/10
20120427,mlb,320427117,HOU,6,CIN,4,HOU,Final
20120427,mlb,320427128,ARI,5,MIA,0,ARI,Final
20120427,mlb,320427115,PIT,1,ATL,6,ATL,Final
20120427,mlb,320427113,TB,8,TEX,4,TB,Final
20120427,mlb,320427104,BOS,10,CHW,3,BOS,Final
20120427,mlb,320427109,KC,7,MIN,6,KC,Final
20120427,mlb,320427124,MIL,1,STL,13,STL,Final
20120427,mlb,320427127,NYM,9,COL,18,COL,Final
20120427,mlb,320427119,WSH,2,LAD,3,LAD,Final
20120427,mlb,320427126,SD,5,SF,3,SD,Final
20120428,mlb,320428105,LAA,2,CLE,1,LAA,Final
20120428,mlb,320428124,MIL,3,STL,7,STL,Final
20120428,mlb,320428110,DET,7,NYY,5,DET,Final
20120428,mlb,320428114,SEA,0,TOR,7,TOR,Final
20120428,mlb,320428117,HOU,0,CIN,6,CIN,Final
20120428,mlb,320428122,CHC,2,PHI,5,PHI,Final
20120428,mlb,320428104,BOS,1,CHW,0,BOS,Final
20120428,mlb,320428115,PIT,4,ATL,2,PIT,Final
20120428,mlb,320428128,ARI,2,MIA,3,MIA,Final
20120428,mlb,320428113,TB,2,TEX,7,TEX,Final
20120428,mlb,320428127,NYM,7,COL,5,NYM,Final
20120428,mlb,320428126,SD,1,SF,2,SF,Final
20120428,mlb,320428119,WSH,3,LAD,4,LAD,Final/10
20120429,mlb,320429105,LAA,0,CLE,4,CLE,Final
20120429,mlb,320429110,DET,2,NYY,6,NYY,Final
20120429,mlb,320429114,SEA,2,TOR,7,TOR,Final
20120429,mlb,320429117,HOU,5,CIN,6,CIN,Final
20120429,mlb,320429128,ARI,8,MIA,4,ARI,Final
20120429,mlb,320429115,PIT,3,ATL,4,ATL,Final
20120429,mlb,320429122,CHC,5,PHI,1,CHC,Final
20120429,mlb,320429104,BOS,1,CHW,4,CHW,Final
20120429,mlb,320429109,KC,4,MIN,7,MIN,Final
20120429,mlb,320429124,MIL,3,STL,2,MIL,Final
20120429,mlb,320429127,NYM,6,COL,5,NYM,Final/11
20120429,mlb,320429126,SD,1,SF,4,SF,Final
20120429,mlb,320429119,WSH,0,LAD,2,LAD,Final
20120429,mlb,320429113,TB,5,TEX,2,TB,Final
20120430,mlb,320430128,ARI,9,MIA,5,ARI,Final
20120430,mlb,320430114,TEX,4,TOR,1,TEX,Final
20120430,mlb,320430110,BAL,1,NYY,2,NYY,Final
20120430,mlb,320430122,CHC,4,PHI,6,PHI,Final
20120430,mlb,320430115,PIT,9,ATL,3,PIT,Final
20120430,mlb,320430130,SEA,2,TB,3,TB,Final/12
20120430,mlb,320430118,NYM,3,HOU,4,HOU,Final
20120430,mlb,320430127,LAD,2,COL,6,COL,Final
20120430,mlb,320430103,MIN,3,LAA,4,LAA,Final
20120430,mlb,320430125,MIL,8,SD,3,MIL,Final
20120501,mlb,320501106,KC,3,DET,9,DET,Final
20120501,mlb,320501110,BAL,7,NYY,1,BAL,Final
20120501,mlb,320501120,ARI,5,WSH,1,ARI,Final
20120501,mlb,320501114,TEX,7,TOR,8,TOR,Final
20120501,mlb,320501115,PHI,4,ATL,2,PHI,Final
20120501,mlb,320501130,SEA,1,TB,3,TB,Final
20120501,mlb,320501118,NYM,3,HOU,6,HOU,Final
20120501,mlb,320501104,CLE,2,CHW,7,CHW,Final
20120501,mlb,320501124,PIT,7,STL,10,STL,Final
20120501,mlb,320501127,LAD,7,COL,6,LAD,Final
20120501,mlb,320501103,MIN,0,LAA,4,LAA,Final
20120501,mlb,320501125,MIL,0,SD,2,SD,Final
20120501,mlb,320501126,MIA,2,SF,1,MIA,Final
20120502,mlb,320502114,TEX,5,TOR,11,TOR,Final
20120502,mlb,320502106,KC,3,DET,2,KC,Final
20120502,mlb,320502118,NYM,1,HOU,8,HOU,Final
20120502,mlb,320502127,LAD,5,COL,8,COL,Final
20120502,mlb,320502125,MIL,0,SD,5,SD,Final
20120502,mlb,320502110,BAL,5,NYY,0,BAL,Final
20120502,mlb,320502120,ARI,4,WSH,5,WSH,Final
20120502,mlb,320502115,PHI,13,ATL,15,ATL,Final/11
20120502,mlb,320502117,CHC,3,CIN,1,CHC,Final
20120502,mlb,320502130,SEA,4,TB,5,TB,Final
20120502,mlb,320502104,CLE,6,CHW,3,CLE,Final
20120502,mlb,320502124,PIT,3,STL,12,STL,Final
20120502,mlb,320502103,MIN,0,LAA,9,LAA,Final
20120502,mlb,320502126,MIA,3,SF,2,MIA,Final/10
20120503,mlb,320503115,PHI,4,ATL,0,PHI,Final
20120503,mlb,320503117,CHC,3,CIN,4,CIN,Final/10
20120503,mlb,320503130,SEA,3,TB,4,TB,Final
20120503,mlb,320503124,PIT,6,STL,3,PIT,Final
20120503,mlb,320503126,MIA,3,SF,2,MIA,Final
20120503,mlb,320503120,ARI,1,WSH,2,WSH,Final
20120503,mlb,320503104,CLE,7,CHW,5,CLE,Final
20120503,mlb,320503107,NYY,3,KC,4,KC,Final
20120503,mlb,320503103,TOR,5,LAA,0,TOR,Final
20120504,mlb,320504116,LAD,4,CHC,5,CHC,Final
20120504,mlb,320504105,TEX,3,CLE,6,CLE,Final
20120504,mlb,320504106,CHW,4,DET,5,DET,Final
20120504,mlb,320504120,PHI,3,WSH,4,WSH,Final/11
20120504,mlb,320504123,CIN,6,PIT,1,CIN,Final
20120504,mlb,320504102,BAL,6,BOS,4,BAL,Final/13
20120504,mlb,320504121,ARI,5,NYM,4,ARI,Final
20120504,mlb,320504118,STL,4,HOU,5,HOU,Final
20120504,mlb,320504107,NYY,6,KC,2,NYY,Final
20120504,mlb,320504127,ATL,9,COL,8,ATL,Final/11
20120504,mlb,320504103,TOR,4,LAA,0,TOR,Final
20120504,mlb,320504125,MIA,9,SD,8,MIA,Final/12
20120504,mlb,320504112,MIN,3,SEA,2,MIN,Final
20120504,mlb,320504126,MIL,6,SF,4,MIL,Final
20120505,mlb,320505116,LAD,5,CHC,1,LAD,Final
20120505,mlb,320505120,PHI,1,WSH,7,WSH,Final
20120505,mlb,320505102,BAL,8,BOS,2,BAL,Final
20120505,mlb,320505106,CHW,3,DET,2,CHW,Final
20120505,mlb,320505121,ARI,3,NYM,4,NYM,Final
20120505,mlb,320505126,MIL,2,SF,5,SF,Final
20120505,mlb,320505105,TEX,5,CLE,2,TEX,Final/11
20120505,mlb,320505118,STL,2,HOU,8,HOU,Final
20120505,mlb,320505123,CIN,2,PIT,3,PIT,Final
20120505,mlb,320505107,NYY,1,KC,5,KC,Final
20120505,mlb,320505127,ATL,13,COL,9,ATL,Final
20120505,mlb,320505125,MIA,4,SD,1,MIA,Final
20120505,mlb,320505103,TOR,2,LAA,6,LAA,Final
20120505,mlb,320505112,MIN,0,SEA,7,SEA,Final
20120506,mlb,320506105,TEX,2,CLE,4,CLE,Final
20120506,mlb,320506106,CHW,1,DET,3,DET,Final
20120506,mlb,320506121,ARI,1,NYM,3,NYM,Final
20120506,mlb,320506102,BAL,9,BOS,6,BAL,Final/17
20120506,mlb,320506123,CIN,5,PIT,0,CIN,Final
20120506,mlb,320506118,STL,8,HOU,1,STL,Final
20120506,mlb,320506107,NYY,10,KC,4,NYY,Final
20120506,mlb,320506116,LAD,3,CHC,4,CHC,Final/11
20120506,mlb,320506127,ATL,7,COL,2,ATL,Final
20120506,mlb,320506103,TOR,3,LAA,4,LAA,Final
20120506,mlb,320506125,MIA,6,SD,3,MIA,Final
20120506,mlb,320506126,MIL,3,SF,4,SF,Final/11
20120506,mlb,320506112,MIN,2,SEA,5,SEA,Final
20120506,mlb,320506120,PHI,9,WSH,3,PHI,Final
20120507,mlb,320507205,CHW,6,CLE,8,CLE,Final
20120507,mlb,320507122,NYM,5,PHI,2,NYM,Final
20120507,mlb,320507305,CHW,2,CLE,3,CLE,Final
20120507,mlb,400651739,TEX,14,BAL,3,TEX,Final
20120507,mlb,320507116,ATL,1,CHC,5,CHC,Final
20120507,mlb,320507118,MIA,4,HOU,0,MIA,Final
20120507,mlb,320507107,BOS,11,KC,5,BOS,Final
20120507,mlb,320507108,CIN,6,MIL,1,CIN,Final
20120507,mlb,320507109,LAA,8,MIN,3,LAA,Final
20120507,mlb,320507129,STL,9,ARI,6,STL,Final
20120507,mlb,320507125,COL,2,SD,3,SD,Final
20120507,mlb,320507112,DET,2,SEA,3,SEA,Final
20120507,mlb,320507119,SF,1,LAD,9,LAD,Final
20120508,mlb,320508101,TEX,10,BAL,3,TEX,Final
20120508,mlb,320508105,CHW,5,CLE,3,CHW,Final/10
20120508,mlb,320508110,TB,3,NYY,5,NYY,Final
20120508,mlb,320508122,NYM,7,PHI,4,NYM,Final
20120508,mlb,320508123,WSH,4,PIT,5,PIT,Final
20120508,mlb,320508116,ATL,3,CHC,1,ATL,Final
20120508,mlb,320508118,MIA,2,HOU,3,HOU,Final
20120508,mlb,320508107,BOS,4,KC,6,KC,Final
20120508,mlb,320508108,CIN,3,MIL,8,MIL,Final
20120508,mlb,320508109,LAA,0,MIN,5,MIN,Final
20120508,mlb,320508129,STL,6,ARI,1,STL,Final
20120508,mlb,320508125,COL,1,SD,3,SD,Final
20120508,mlb,320508112,DET,6,SEA,4,DET,Final
20120508,mlb,320508119,SF,2,LAD,1,SF,Final
20120509,mlb,320509108,CIN,2,MIL,1,CIN,Final
20120509,mlb,320509116,ATL,0,CHC,1,CHC,Final
20120509,mlb,320509125,COL,6,SD,2,COL,Final
20120509,mlb,320509110,TB,4,NYY,1,TB,Final
20120509,mlb,320509105,CHW,8,CLE,1,CHW,Final
20120509,mlb,320509122,NYM,10,PHI,6,NYM,Final
20120509,mlb,320509123,WSH,2,PIT,4,PIT,Final
20120509,mlb,320509118,MIA,5,HOU,3,MIA,Final/12
20120509,mlb,320509107,BOS,3,KC,4,KC,Final
20120509,mlb,320509109,LAA,6,MIN,2,LAA,Final
20120509,mlb,320509129,STL,7,ARI,2,STL,Final
20120509,mlb,320509112,DET,1,SEA,2,SEA,Final
20120509,mlb,320509119,SF,2,LAD,6,LAD,Final
20120510,mlb,320510201,TEX,5,BAL,6,BAL,Final
20120510,mlb,320510110,TB,3,NYY,5,NYY,Final
20120510,mlb,320510123,WSH,4,PIT,2,WSH,Final
20120510,mlb,320510301,TEX,7,BAL,3,TEX,Final
20120510,mlb,320510102,CLE,8,BOS,3,CLE,Final
20120510,mlb,320510109,TOR,6,MIN,2,TOR,Final
20120511,mlb,320511101,TB,3,BAL,4,BAL,Final
20120511,mlb,320511110,SEA,2,NYY,6,NYY,Final
20120511,mlb,320511122,SD,3,PHI,7,PHI,Final
20120511,mlb,320511123,HOU,1,PIT,0,HOU,Final
20120511,mlb,320511102,CLE,5,BOS,7,BOS,Final
20120511,mlb,320511117,WSH,7,CIN,3,WSH,Final
20120511,mlb,320511128,NYM,5,MIA,6,MIA,Final
20120511,mlb,320511113,LAA,3,TEX,10,TEX,Final
20120511,mlb,320511104,KC,0,CHW,5,CHW,Final
20120511,mlb,320511108,CHC,7,MIL,8,MIL,Final/13
20120511,mlb,320511109,TOR,6,MIN,7,MIN,Final
20120511,mlb,320511124,ATL,9,STL,7,ATL,Final/12
20120511,mlb,320511129,SF,1,ARI,5,ARI,Final
20120511,mlb,320511119,COL,3,LAD,7,LAD,Final
20120512,mlb,320512108,CHC,2,MIL,8,MIL,Final
20120512,mlb,320512113,LAA,4,TEX,2,LAA,Final
20120512,mlb,400744515,NYM,9,MIA,3,NYM,Final
20120512,mlb,320512110,SEA,2,NYY,6,NYY,Final
20120512,mlb,320512101,TB,3,BAL,5,BAL,Final
20120512,mlb,320512122,SD,2,PHI,1,SD,Final
20120512,mlb,320512123,HOU,2,PIT,5,PIT,Final
20120512,mlb,320512102,CLE,1,BOS,4,BOS,Final
20120512,mlb,320512104,KC,5,CHW,0,KC,Final
20120512,mlb,320512109,TOR,2,MIN,1,TOR,Final
20120512,mlb,320512117,WSH,2,CIN,1,WSH,Final
20120512,mlb,320512124,ATL,7,STL,2,ATL,Final
20120512,mlb,320512129,SF,5,ARI,2,SF,Final
20120512,mlb,320512119,COL,1,LAD,2,LAD,Final
20120513,mlb,320513110,SEA,6,NYY,2,SEA,Final
20120513,mlb,320513128,NYM,4,MIA,8,MIA,Final
20120513,mlb,320513101,TB,9,BAL,8,TB,Final
20120513,mlb,320513102,CLE,1,BOS,12,BOS,Final
20120513,mlb,320513122,SD,2,PHI,3,PHI,Final
20120513,mlb,320513123,HOU,2,PIT,3,PIT,Final/12
20120513,mlb,320513104,KC,9,CHW,1,KC,Final
20120513,mlb,320513108,CHC,8,MIL,2,CHC,Final
20120513,mlb,320513109,TOR,3,MIN,4,MIN,Final
20120513,mlb,320513124,ATL,7,STL,4,ATL,Final
20120513,mlb,320513119,COL,5,LAD,11,LAD,Final
20120513,mlb,320513129,SF,7,ARI,3,SF,Final
20120513,mlb,320513117,WSH,6,CIN,9,CIN,Final
20120513,mlb,320513113,LAA,6,TEX,13,TEX,Final
20120514,mlb,320514124,CHC,6,STL,4,CHC,Final
20120514,mlb,320514101,NYY,8,BAL,5,NYY,Final
20120514,mlb,320514120,SD,5,WSH,8,WSH,Final
20120514,mlb,320514122,HOU,1,PHI,5,PHI,Final
20120514,mlb,320514114,TB,7,TOR,1,TB,Final
20120514,mlb,320514102,SEA,1,BOS,6,BOS,Final
20120514,mlb,320514115,CIN,3,ATL,1,CIN,Final
20120514,mlb,320514121,MIL,1,NYM,3,NYM,Final
20120514,mlb,320514128,PIT,3,MIA,2,PIT,Final
20120514,mlb,320514113,KC,3,TEX,1,KC,Final
20120514,mlb,320514104,DET,5,CHW,7,CHW,Final
20120514,mlb,320514109,CLE,5,MIN,4,CLE,Final
20120514,mlb,320514119,ARI,1,LAD,3,LAD,Final
20120514,mlb,320514126,COL,2,SF,3,SF,Final
20120515,mlb,320515120,SD,6,WSH,1,SD,Final
20120515,mlb,320515122,HOU,3,PHI,4,PHI,Final/10
20120515,mlb,320515109,CLE,5,MIN,0,CLE,Final
20120515,mlb,320515124,CHC,6,STL,7,STL,Final
20120515,mlb,320515104,DET,10,CHW,8,DET,Final
20120515,mlb,320515102,SEA,0,BOS,5,BOS,Final
20120515,mlb,320515101,NYY,2,BAL,5,BAL,Final
20120515,mlb,320515114,TB,4,TOR,3,TB,Final
20120515,mlb,320515115,CIN,2,ATL,6,ATL,Final
20120515,mlb,320515121,MIL,8,NYM,0,MIL,Final
20120515,mlb,320515128,PIT,2,MIA,6,MIA,Final
20120515,mlb,320515113,KC,7,TEX,4,KC,Final
20120515,mlb,320515119,ARI,5,LAD,1,ARI,Final
20120515,mlb,320515126,COL,5,SF,4,COL,Final
20120516,mlb,320516125,LAD,2,SD,4,SD,Final
20120516,mlb,320516130,BOS,1,TB,2,TB,Final
20120516,mlb,320516105,SEA,3,CLE,9,CLE,Final
20120516,mlb,320516106,MIN,11,DET,7,MIN,Final
20120516,mlb,320516120,PIT,4,WSH,7,WSH,Final
20120516,mlb,320516114,NYY,1,TOR,8,TOR,Final
20120516,mlb,320516115,MIA,8,ATL,4,MIA,Final
20120516,mlb,320516121,CIN,6,NYM,3,CIN,Final
20120516,mlb,320516116,PHI,9,CHC,2,PHI,Final
20120516,mlb,320516118,MIL,3,HOU,8,HOU,Final
20120516,mlb,320516107,BAL,4,KC,3,BAL,Final/15
20120516,mlb,320516127,ARI,1,COL,6,COL,Final
20120516,mlb,320516103,CHW,2,LAA,7,LAA,Final
20120516,mlb,320516126,STL,4,SF,1,STL,Final
20120517,mlb,320517105,SEA,5,CLE,6,CLE,Final/11
20120517,mlb,320517106,MIN,4,DET,3,MIN,Final
20120517,mlb,320517121,CIN,4,NYM,9,NYM,Final
20120517,mlb,320517107,BAL,5,KC,3,BAL,Final
20120517,mlb,320517127,ARI,9,COL,7,ARI,Final
20120517,mlb,320517103,CHW,6,LAA,1,CHW,Final
20120517,mlb,320517126,STL,5,SF,7,SF,Final
20120517,mlb,320517120,PIT,5,WSH,3,PIT,Final
20120517,mlb,320517114,NYY,1,TOR,4,TOR,Final
20120517,mlb,320517115,MIA,0,ATL,7,ATL,Final
20120517,mlb,400651811,BOS,5,TB,3,BOS,Final
20120517,mlb,320517116,PHI,8,CHC,7,PHI,Final
20120517,mlb,320517118,MIL,0,HOU,4,HOU,Final
20120517,mlb,320517125,LAD,8,SD,1,LAD,Final
20120518,mlb,320518116,CHW,3,CHC,2,CHW,Final
20120518,mlb,320518105,MIA,3,CLE,2,MIA,Final
20120518,mlb,320518106,PIT,0,DET,6,DET,Final
20120518,mlb,320518110,CIN,0,NYY,4,NYY,Final
20120518,mlb,320518120,BAL,2,WSH,1,BAL,Final/11
20120518,mlb,320518122,BOS,4,PHI,6,PHI,Final
20120518,mlb,320518114,NYM,5,TOR,14,TOR,Final
20120518,mlb,320518130,ATL,5,TB,3,ATL,Final
20120518,mlb,320518118,TEX,4,HOU,1,TEX,Final
20120518,mlb,320518107,ARI,6,KC,4,ARI,Final
20120518,mlb,320518108,MIN,11,MIL,3,MIN,Final
20120518,mlb,320518127,SEA,4,COL,0,SEA,Final
20120518,mlb,320518125,LAA,7,SD,2,LAA,Final
20120518,mlb,320518119,STL,5,LAD,6,LAD,Final
20120519,mlb,320519110,CIN,6,NYY,5,CIN,Final
20120519,mlb,320519114,NYM,0,TOR,2,TOR,Final
20120519,mlb,320519105,MIA,0,CLE,2,CLE,Final
20120519,mlb,320519106,PIT,4,DET,3,PIT,Final
20120519,mlb,320519108,MIN,5,MIL,4,MIN,Final/11
20120519,mlb,320519127,SEA,10,COL,3,SEA,Final
20120519,mlb,320519130,ATL,2,TB,5,TB,Final
20120519,mlb,320519107,ARI,3,KC,7,KC,Final
20120519,mlb,320519116,CHW,7,CHC,4,CHW,Final
20120519,mlb,320519118,TEX,5,HOU,6,HOU,Final
20120519,mlb,320519120,BAL,6,WSH,5,BAL,Final
20120519,mlb,320519122,BOS,7,PHI,5,BOS,Final
20120519,mlb,320519125,LAA,2,SD,3,SD,Final
20120519,mlb,320519119,STL,0,LAD,6,LAD,Final
20120520,mlb,320520105,MIA,5,CLE,3,MIA,Final
20120520,mlb,320520106,PIT,3,DET,4,DET,Final
20120520,mlb,320520110,CIN,5,NYY,2,CIN,Final
20120520,mlb,320520114,NYM,6,TOR,5,NYM,Final
20120520,mlb,320520120,BAL,3,WSH,9,WSH,Final
20120520,mlb,320520122,BOS,5,PHI,1,BOS,Final
20120520,mlb,320520130,ATL,2,TB,0,ATL,Final
20120520,mlb,320520118,TEX,6,HOU,1,TEX,Final
20120520,mlb,320520107,ARI,2,KC,0,ARI,Final
20120520,mlb,320520108,MIN,4,MIL,16,MIL,Final
20120520,mlb,320520116,CHW,6,CHC,0,CHW,Final
20120520,mlb,320520127,SEA,6,COL,4,SEA,Final
20120520,mlb,320520125,LAA,2,SD,3,SD,Final/13
20120520,mlb,320520119,STL,5,LAD,6,LAD,Final
20120521,mlb,320521117,ATL,1,CIN,4,CIN,Final
20120521,mlb,320521101,BOS,8,BAL,6,BOS,Final
20120521,mlb,320521110,KC,6,NYY,0,KC,Final
20120521,mlb,320521122,WSH,2,PHI,1,WSH,Final
20120521,mlb,320521123,NYM,4,PIT,5,PIT,Final
20120521,mlb,320521128,COL,4,MIA,7,MIA,Final
20120521,mlb,320521130,TOR,6,TB,2,TOR,Final
20120521,mlb,320521118,CHC,4,HOU,8,HOU,Final
20120521,mlb,320521108,SF,4,MIL,3,SF,Final/14
20120521,mlb,320521124,SD,3,STL,4,STL,Final
20120521,mlb,320521129,LAD,6,ARI,1,LAD,Final
20120521,mlb,320521112,TEX,1,SEA,6,SEA,Final
20120522,mlb,320522101,BOS,1,BAL,4,BAL,Final
20120522,mlb,320522105,DET,3,CLE,5,CLE,Final
20120522,mlb,320522110,KC,2,NYY,3,NYY,Final
20120522,mlb,320522122,WSH,5,PHI,2,WSH,Final
20120522,mlb,320522123,NYM,3,PIT,2,NYM,Final
20120522,mlb,320522117,ATL,3,CIN,4,CIN,Final
20120522,mlb,320522128,COL,6,MIA,7,MIA,Final
20120522,mlb,320522130,TOR,5,TB,8,TB,Final
20120522,mlb,320522118,CHC,1,HOU,2,HOU,Final
20120522,mlb,320522104,MIN,9,CHW,2,MIN,Final
20120522,mlb,320522108,SF,6,MIL,4,SF,Final
20120522,mlb,320522124,SD,0,STL,4,STL,Final
20120522,mlb,320522129,LAD,8,ARI,7,LAD,Final
20120522,mlb,320522112,TEX,3,SEA,1,TEX,Final
20120523,mlb,320523101,BOS,6,BAL,5,BOS,Final
20120523,mlb,320523123,NYM,3,PIT,1,NYM,Final
20120523,mlb,320523108,SF,5,MIL,8,MIL,Final
20120523,mlb,320523130,TOR,4,TB,5,TB,Final/11
20120523,mlb,320523112,TEX,3,SEA,5,SEA,Final
20120523,mlb,320523122,WSH,1,PHI,4,PHI,Final
20120523,mlb,320523105,DET,2,CLE,4,CLE,Final
20120523,mlb,320523110,KC,3,NYY,8,NYY,Final
20120523,mlb,320523117,ATL,1,CIN,2,CIN,Final
20120523,mlb,320523128,COL,8,MIA,4,COL,Final
20120523,mlb,320523118,CHC,1,HOU,5,HOU,Final
20120523,mlb,320523104,MIN,0,CHW,6,CHW,Final
20120523,mlb,320523124,SD,3,STL,6,STL,Final
20120523,mlb,320523129,LAD,4,ARI,11,ARI,Final
20120524,mlb,320524105,DET,1,CLE,2,CLE,Final
20120524,mlb,320524117,ATL,3,CIN,6,CIN,Final
20120524,mlb,320524121,SD,11,NYM,5,SD,Final
20120524,mlb,320524128,SF,14,MIA,7,SF,Final
20120524,mlb,320524104,MIN,8,CHW,11,CHW,Final
20120524,mlb,320524124,PHI,10,STL,9,PHI,Final
20120524,mlb,320524112,LAA,3,SEA,0,LAA,Final
20120525,mlb,320525101,KC,2,BAL,8,BAL,Final
20120525,mlb,320525123,CHC,0,PIT,1,PIT,Final
20120525,mlb,320525102,TB,7,BOS,4,TB,Final
20120525,mlb,320525117,COL,6,CIN,3,COL,Final
20120525,mlb,320525121,SD,1,NYM,6,NYM,Final
20120525,mlb,320525128,SF,6,MIA,7,MIA,Final
20120525,mlb,320525115,WSH,7,ATL,4,WSH,Final
20120525,mlb,320525113,TOR,3,TEX,14,TEX,Final
20120525,mlb,320525104,CLE,3,CHW,9,CHW,Final
20120525,mlb,320525109,DET,10,MIN,6,DET,Final
20120525,mlb,320525124,PHI,5,STL,3,PHI,Final/10
20120525,mlb,320525129,MIL,7,ARI,1,MIL,Final
20120525,mlb,320525112,LAA,6,SEA,4,LAA,Final
20120525,mlb,320525119,HOU,3,LAD,1,HOU,Final
20120526,mlb,320526121,SD,0,NYM,9,NYM,Final
20120526,mlb,320526109,DET,6,MIN,3,DET,Final
20120526,mlb,320526113,TOR,7,TEX,8,TEX,Final/13
20120526,mlb,320526101,KC,4,BAL,3,KC,Final
20120526,mlb,320526115,WSH,8,ATL,4,WSH,Final
20120526,mlb,320526104,CLE,7,CHW,14,CHW,Final
20120526,mlb,320526128,SF,3,MIA,5,MIA,Final
20120526,mlb,320526102,TB,2,BOS,3,BOS,Final
20120526,mlb,320526112,LAA,5,SEA,3,LAA,Final
20120526,mlb,320526117,COL,3,CIN,10,CIN,Final
20120526,mlb,320526123,CHC,2,PIT,3,PIT,Final
20120526,mlb,320526124,PHI,4,STL,0,PHI,Final
20120526,mlb,320526119,HOU,3,LAD,6,LAD,Final
20120526,mlb,320526129,MIL,5,ARI,8,ARI,Final
20120527,mlb,320527117,COL,5,CIN,7,CIN,Final
20120527,mlb,320527121,SD,0,NYM,2,NYM,Final
20120527,mlb,320527128,SF,3,MIA,2,SF,Final
20120527,mlb,320527101,KC,4,BAL,2,KC,Final
20120527,mlb,320527102,TB,4,BOS,3,TB,Final
20120527,mlb,320527123,CHC,4,PIT,10,PIT,Final
20120527,mlb,320527104,CLE,6,CHW,12,CHW,Final
20120527,mlb,320527109,DET,4,MIN,3,DET,Final
20120527,mlb,320527124,PHI,3,STL,8,STL,Final
20120527,mlb,320527113,TOR,6,TEX,12,TEX,Final
20120527,mlb,320527112,LAA,4,SEA,2,LAA,Final
20120527,mlb,320527119,HOU,1,LAD,5,LAD,Final
20120527,mlb,320527129,MIL,3,ARI,4,ARI,Final
20120527,mlb,320527115,WSH,7,ATL,2,WSH,Final
20120528,mlb,320528115,STL,8,ATL,2,STL,Final
20120528,mlb,320528121,PHI,8,NYM,4,PHI,Final
20120528,mlb,320528128,WSH,3,MIA,5,MIA,Final
20120528,mlb,320528102,DET,4,BOS,7,BOS,Final
20120528,mlb,320528123,CIN,1,PIT,4,PIT,Final
20120528,mlb,320528116,SD,7,CHC,11,CHC,Final
20120528,mlb,320528130,CHW,2,TB,1,CHW,Final
20120528,mlb,320528227,HOU,7,COL,9,COL,Final
20120528,mlb,320528105,KC,5,CLE,8,CLE,Final
20120528,mlb,320528126,ARI,2,SF,4,SF,Final
20120528,mlb,320528114,BAL,2,TOR,6,TOR,Final
20120528,mlb,320528113,SEA,2,TEX,4,TEX,Final
20120528,mlb,320528119,MIL,3,LAD,2,MIL,Final
20120528,mlb,400744618,HOU,6,COL,7,COL,Final/10
20120528,mlb,320528103,NYY,8,LAA,9,LAA,Final
20120529,mlb,320529116,SD,3,CHC,5,CHC,Final
20120529,mlb,320529102,DET,3,BOS,6,BOS,Final
20120529,mlb,320529105,KC,8,CLE,2,KC,Final
20120529,mlb,320529123,CIN,8,PIT,1,CIN,Final
20120529,mlb,320529114,BAL,6,TOR,8,TOR,Final
20120529,mlb,320529115,STL,4,ATL,5,ATL,Final
20120529,mlb,320529121,PHI,3,NYM,6,NYM,Final
20120529,mlb,320529128,WSH,1,MIA,3,MIA,Final
20120529,mlb,320529130,CHW,7,TB,2,CHW,Final
20120529,mlb,320529113,SEA,10,TEX,3,SEA,Final
20120529,mlb,320529103,NYY,1,LAA,5,LAA,Final
20120529,mlb,320529119,MIL,2,LAD,1,MIL,Final
20120529,mlb,320529126,ARI,1,SF,3,SF,Final
20120530,mlb,320530105,KC,6,CLE,3,KC,Final
20120530,mlb,320530130,CHW,4,TB,3,CHW,Final
20120530,mlb,320530116,SD,6,CHC,8,CHC,Final
20120530,mlb,320530123,CIN,1,PIT,2,PIT,Final
20120530,mlb,320530114,BAL,1,TOR,4,TOR,Final
20120530,mlb,320530102,DET,4,BOS,6,BOS,Final
20120530,mlb,320530115,STL,7,ATL,10,ATL,Final
20120530,mlb,320530121,PHI,10,NYM,6,PHI,Final
20120530,mlb,320530128,WSH,3,MIA,5,MIA,Final
20120530,mlb,320530113,SEA,21,TEX,8,SEA,Final
20120530,mlb,320530127,HOU,5,COL,13,COL,Final
20120530,mlb,320530103,NYY,6,LAA,5,NYY,Final
20120530,mlb,320530119,MIL,6,LAD,3,MIL,Final
20120530,mlb,320530126,ARI,4,SF,1,ARI,Final
20120531,mlb,320531102,DET,7,BOS,3,DET,Final
20120531,mlb,320531127,HOU,5,COL,11,COL,Final
20120531,mlb,320531119,MIL,6,LAD,2,MIL,Final
20120601,mlb,320601105,MIN,1,CLE,7,CLE,Final
20120601,mlb,320601106,NYY,9,DET,4,NYY,Final
20120601,mlb,320601122,MIA,4,PHI,6,PHI,Final
20120601,mlb,400651885,BOS,7,TOR,2,BOS,Final
20120601,mlb,320601121,STL,0,NYM,8,NYM,Final
20120601,mlb,320601130,BAL,0,TB,5,TB,Final
20120601,mlb,320601118,CIN,4,HOU,1,CIN,Final
20120601,mlb,320601104,SEA,4,CHW,7,CHW,Final
20120601,mlb,320601108,PIT,8,MIL,2,PIT,Final
20120601,mlb,320601127,LAD,3,COL,13,COL,Final
20120601,mlb,320601103,TEX,2,LAA,4,LAA,Final
20120601,mlb,320601125,ARI,1,SD,7,SD,Final
20120601,mlb,320601126,CHC,3,SF,4,SF,Final
20120602,mlb,320602114,BOS,7,TOR,4,BOS,Final
20120602,mlb,320602120,ATL,0,WSH,2,WSH,Final
20120602,mlb,320602122,MIA,5,PHI,4,MIA,Final
20120602,mlb,320602104,SEA,10,CHW,8,SEA,Final/12
20120602,mlb,320602121,STL,0,NYM,5,NYM,Final
20120602,mlb,320602127,LAD,6,COL,2,LAD,Final
20120602,mlb,320602130,BAL,2,TB,1,BAL,Final
20120602,mlb,320602108,PIT,1,MIL,5,MIL,Final
20120602,mlb,320602105,MIN,7,CLE,4,MIN,Final
20120602,mlb,320602106,NYY,3,DET,4,DET,Final
20120602,mlb,320602118,CIN,12,HOU,9,CIN,Final
20120602,mlb,320602125,ARI,4,SD,2,ARI,Final
20120602,mlb,320602126,CHC,1,SF,2,SF,Final
20120602,mlb,320602103,TEX,2,LAA,3,LAA,Final
20120603,mlb,320603106,NYY,5,DET,1,NYY,Final
20120603,mlb,320603114,BOS,1,TOR,5,TOR,Final
20120603,mlb,320603120,ATL,3,WSH,2,ATL,Final
20120603,mlb,320603122,MIA,5,PHI,1,MIA,Final
20120603,mlb,320603130,BAL,4,TB,8,TB,Final
20120603,mlb,320603118,CIN,3,HOU,5,HOU,Final
20120603,mlb,320603104,SEA,2,CHW,4,CHW,Final
20120603,mlb,320603108,PIT,6,MIL,5,PIT,Final
20120603,mlb,320603105,MIN,6,CLE,3,MIN,Final
20120603,mlb,320603127,LAD,2,COL,3,COL,Final
20120603,mlb,320603103,TEX,7,LAA,3,TEX,Final
20120603,mlb,320603126,CHC,0,SF,2,SF,Final
20120603,mlb,320603125,ARI,6,SD,0,ARI,Final
20120603,mlb,320603121,STL,1,NYM,6,NYM,Final
20120604,mlb,320604121,STL,5,NYM,4,STL,Final
20120604,mlb,320604126,CHC,2,SF,3,SF,Final
20120604,mlb,320604122,LAD,4,PHI,3,LAD,Final
20120604,mlb,320604107,MIN,10,KC,7,MIN,Final
20120604,mlb,320604129,COL,4,ARI,0,COL,Final
20120604,mlb,320604103,SEA,8,LAA,6,SEA,Final
20120605,mlb,320605106,CLE,4,DET,2,CLE,Final
20120605,mlb,320605110,TB,0,NYY,7,NYY,Final
20120605,mlb,320605120,NYM,6,WSH,7,WSH,Final/12
20120605,mlb,320605122,LAD,2,PHI,1,LAD,Final
20120605,mlb,320605102,BAL,8,BOS,6,BAL,Final/10
20120605,mlb,320605117,PIT,8,CIN,4,PIT,Final
20120605,mlb,320605128,ATL,11,MIA,0,ATL,Final
20120605,mlb,320605118,STL,8,HOU,9,HOU,Final
20120605,mlb,320605104,TOR,9,CHW,5,TOR,Final
20120605,mlb,320605107,MIN,0,KC,1,KC,Final
20120605,mlb,320605108,CHC,10,MIL,0,CHC,Final
20120605,mlb,320605129,COL,0,ARI,10,ARI,Final
20120605,mlb,320605103,SEA,1,LAA,6,LAA,Final
20120605,mlb,320605125,SF,5,SD,6,SD,Final
20120606,mlb,320606125,SF,6,SD,5,SF,Final
20120606,mlb,320606106,CLE,9,DET,6,CLE,Final
20120606,mlb,320606110,TB,1,NYY,4,NYY,Final
20120606,mlb,320606120,NYM,3,WSH,5,WSH,Final
20120606,mlb,320606122,LAD,6,PHI,5,LAD,Final
20120606,mlb,320606102,BAL,2,BOS,1,BAL,Final
20120606,mlb,320606117,PIT,4,CIN,5,CIN,Final
20120606,mlb,320606128,ATL,2,MIA,1,ATL,Final
20120606,mlb,320606118,STL,4,HOU,3,STL,Final
20120606,mlb,320606104,TOR,4,CHW,0,TOR,Final
20120606,mlb,320606107,MIN,4,KC,2,MIN,Final
20120606,mlb,320606108,CHC,0,MIL,8,MIL,Final
20120606,mlb,320606129,COL,1,ARI,6,ARI,Final
20120606,mlb,320606103,SEA,8,LAA,6,SEA,Final
20120607,mlb,320607106,CLE,5,DET,7,DET,Final
20120607,mlb,320607120,NYM,3,WSH,1,NYM,Final
20120607,mlb,320607122,LAD,8,PHI,3,LAD,Final
20120607,mlb,320607108,CHC,3,MIL,4,MIL,Final/10
20120607,mlb,320607125,SF,8,SD,3,SF,Final
20120607,mlb,320607110,TB,7,NYY,3,TB,Final
20120607,mlb,320607102,BAL,0,BOS,7,BOS,Final
20120607,mlb,320607117,PIT,5,CIN,4,PIT,Final/10
20120607,mlb,320607128,ATL,8,MIA,2,ATL,Final
20120607,mlb,320607118,STL,14,HOU,2,STL,Final
20120607,mlb,320607104,TOR,3,CHW,4,CHW,Final
20120608,mlb,320608101,PHI,9,BAL,6,PHI,Final
20120608,mlb,320608110,NYM,1,NYY,9,NYY,Final
20120608,mlb,320608123,KC,2,PIT,4,PIT,Final
20120608,mlb,320608102,WSH,7,BOS,4,WSH,Final
20120608,mlb,320608117,DET,5,CIN,6,CIN,Final/10
20120608,mlb,320608128,TB,5,MIA,1,TB,Final
20120608,mlb,320608115,TOR,3,ATL,4,ATL,Final/10
20120608,mlb,320608104,HOU,8,CHW,3,HOU,Final
20120608,mlb,320608108,SD,5,MIL,9,MIL,Final
20120608,mlb,320608109,CHC,7,MIN,8,MIN,Final/10
20120608,mlb,320608124,CLE,6,STL,2,CLE,Final
20120608,mlb,320608127,LAA,7,COL,2,LAA,Final
20120608,mlb,320608112,LAD,0,SEA,1,SEA,Final
20120608,mlb,320608126,TEX,5,SF,0,TEX,Final
20120609,mlb,320609109,CHC,3,MIN,11,MIN,Final
20120609,mlb,320609101,PHI,4,BAL,6,BAL,Final/12
20120609,mlb,320609102,WSH,4,BOS,2,WSH,Final
20120609,mlb,320609115,TOR,2,ATL,5,ATL,Final
20120609,mlb,320609126,TEX,2,SF,5,SF,Final
20120609,mlb,320609104,HOU,1,CHW,10,CHW,Final
20120609,mlb,320609108,SD,5,MIL,2,SD,Final
20120609,mlb,320609117,DET,3,CIN,2,DET,Final
20120609,mlb,320609127,LAA,11,COL,5,LAA,Final
20120609,mlb,320609110,NYM,2,NYY,4,NYY,Final
20120609,mlb,320609112,LAD,8,SEA,3,LAD,Final
20120609,mlb,320609123,KC,3,PIT,5,PIT,Final
20120609,mlb,320609124,CLE,0,STL,2,STL,Final
20120609,mlb,320609128,TB,13,MIA,4,TB,Final
20120610,mlb,320610110,NYM,4,NYY,5,NYY,Final
20120610,mlb,320610128,TB,4,MIA,2,TB,Final
20120610,mlb,320610101,PHI,4,BAL,5,BAL,Final/10
20120610,mlb,320610102,WSH,4,BOS,3,WSH,Final
20120610,mlb,320610115,TOR,12,ATL,4,TOR,Final
20120610,mlb,320610123,KC,2,PIT,3,PIT,Final
20120610,mlb,320610104,HOU,11,CHW,9,HOU,Final
20120610,mlb,320610108,SD,5,MIL,6,MIL,Final
20120610,mlb,320610109,CHC,8,MIN,2,CHC,Final
20120610,mlb,320610124,CLE,4,STL,1,CLE,Final
20120610,mlb,320610127,LAA,10,COL,8,LAA,Final
20120610,mlb,320610126,TEX,5,SF,0,TEX,Final
20120610,mlb,320610112,LAD,8,SEA,2,LAD,Final
20120610,mlb,320610117,DET,7,CIN,6,DET,Final
20120611,mlb,320611114,WSH,6,TOR,3,WSH,Final
20120611,mlb,320611115,NYY,3,ATL,0,NYY,Final
20120611,mlb,320611128,BOS,1,MIA,4,MIA,Final
20120611,mlb,320611119,LAA,3,LAD,2,LAA,Final
20120612,mlb,320612101,PIT,6,BAL,8,BAL,Final
20120612,mlb,320612114,WSH,4,TOR,2,WSH,Final
20120612,mlb,320612115,NYY,6,ATL,4,NYY,Final
20120612,mlb,320612117,CLE,1,CIN,7,CIN,Final
20120612,mlb,320612128,BOS,2,MIA,1,BOS,Final
20120612,mlb,320612130,NYM,11,TB,2,NYM,Final
20120612,mlb,320612113,ARI,1,TEX,9,TEX,Final
20120612,mlb,320612116,DET,3,CHC,4,CHC,Final
20120612,mlb,320612107,MIL,1,KC,2,KC,Final
20120612,mlb,320612109,PHI,7,MIN,11,MIN,Final
20120612,mlb,320612124,CHW,6,STL,1,CHW,Final
20120612,mlb,320612112,SD,5,SEA,4,SD,Final
20120612,mlb,320612119,LAA,2,LAD,5,LAD,Final
20120612,mlb,320612126,HOU,3,SF,6,SF,Final
20120613,mlb,320613114,WSH,6,TOR,2,WSH,Final
20120613,mlb,320613115,NYY,3,ATL,2,NYY,Final
20120613,mlb,320613101,PIT,1,BAL,7,BAL,Final
20120613,mlb,320613117,CLE,3,CIN,5,CIN,Final
20120613,mlb,320613128,BOS,10,MIA,2,BOS,Final
20120613,mlb,320613130,NYM,9,TB,1,NYM,Final
20120613,mlb,320613113,ARI,0,TEX,1,TEX,Final
20120613,mlb,320613116,DET,8,CHC,4,DET,Final
20120613,mlb,320613107,MIL,3,KC,4,KC,Final/11
20120613,mlb,320613109,PHI,9,MIN,8,PHI,Final
20120613,mlb,320613124,CHW,0,STL,1,STL,Final
20120613,mlb,320613112,SD,1,SEA,0,SD,Final
20120613,mlb,320613119,LAA,2,LAD,1,LAA,Final
20120613,mlb,320613126,HOU,0,SF,10,SF,Final
20120614,mlb,320614117,CLE,5,CIN,12,CIN,Final
20120614,mlb,320614130,NYM,9,TB,6,NYM,Final
20120614,mlb,320614116,DET,5,CHC,3,DET,Final
20120614,mlb,320614126,HOU,6,SF,3,HOU,Final
20120614,mlb,320614101,PIT,6,BAL,12,BAL,Final
20120614,mlb,320614113,ARI,11,TEX,3,ARI,Final
20120614,mlb,320614107,MIL,3,KC,4,KC,Final
20120614,mlb,320614109,PHI,6,MIN,1,PHI,Final
20120614,mlb,320614124,CHW,3,STL,5,STL,Final
20120614,mlb,320614112,SD,6,SEA,2,SD,Final
20120615,mlb,320615116,BOS,0,CHC,3,CHC,Final
20120615,mlb,320615105,PIT,0,CLE,2,CLE,Final
20120615,mlb,320615106,COL,12,DET,4,COL,Final/10
20120615,mlb,320615120,NYY,7,WSH,2,NYY,Final
20120615,mlb,320615114,PHI,0,TOR,3,TOR,Final
20120615,mlb,320615121,CIN,7,NYM,3,CIN,Final
20120615,mlb,320615130,MIA,0,TB,11,TB,Final
20120615,mlb,320615115,BAL,2,ATL,4,ATL,Final
20120615,mlb,320615113,HOU,2,TEX,6,TEX,Final
20120615,mlb,320615109,MIL,5,MIN,3,MIL,Final
20120615,mlb,320615124,KC,3,STL,2,KC,Final
20120615,mlb,320615103,ARI,5,LAA,0,ARI,Final
20120615,mlb,320615112,SF,4,SEA,2,SF,Final
20120615,mlb,320615119,CHW,6,LAD,7,LAD,Final
20120616,mlb,320616120,NYY,5,WSH,3,NYY,Final/14
20120616,mlb,320616114,PHI,5,TOR,6,TOR,Final/10
20120616,mlb,320616109,MIL,6,MIN,2,MIL,Final
20120616,mlb,320616124,KC,7,STL,10,STL,Final
20120616,mlb,320616105,PIT,9,CLE,2,PIT,Final
20120616,mlb,320616106,COL,1,DET,4,DET,Final
20120616,mlb,320616113,HOU,3,TEX,8,TEX,Final
20120616,mlb,320616115,BAL,5,ATL,0,BAL,Final
20120616,mlb,320616116,BOS,4,CHC,3,BOS,Final
20120616,mlb,320616121,CIN,4,NYM,1,CIN,Final
20120616,mlb,320616130,MIA,4,TB,3,MIA,Final/15
20120616,mlb,320616103,ARI,0,LAA,2,LAA,Final
20120616,mlb,320616112,SF,4,SEA,7,SEA,Final
20120616,mlb,320616119,CHW,5,LAD,4,CHW,Final
20120617,mlb,320617105,PIT,9,CLE,5,PIT,Final
20120617,mlb,320617106,COL,0,DET,5,DET,Final
20120617,mlb,320617114,PHI,2,TOR,6,TOR,Final
20120617,mlb,320617121,CIN,3,NYM,1,CIN,Final
20120617,mlb,320617115,BAL,2,ATL,0,BAL,Final
20120617,mlb,320617120,NYY,4,WSH,1,NYY,Final
20120617,mlb,320617130,MIA,0,TB,3,TB,Final
20120617,mlb,320617109,MIL,4,MIN,5,MIN,Final/15
20120617,mlb,320617124,KC,5,STL,3,KC,Final/15
20120617,mlb,320617113,HOU,3,TEX,9,TEX,Final
20120617,mlb,320617103,ARI,0,LAA,2,LAA,Final
20120617,mlb,320617112,SF,1,SEA,2,SEA,Final
20120617,mlb,320617119,CHW,1,LAD,2,LAD,Final/10
20120617,mlb,320617116,BOS,7,CHC,4,BOS,Final
20120618,mlb,320618110,ATL,2,NYY,6,NYY,Final
20120618,mlb,320618105,CIN,9,CLE,10,CLE,Final
20120618,mlb,320618121,BAL,0,NYM,5,NYM,Final
20120618,mlb,320618118,KC,7,HOU,9,HOU,Final
20120618,mlb,320618104,CHC,12,CHW,3,CHC,Final
20120618,mlb,320618108,TOR,6,MIL,7,MIL,Final
20120618,mlb,320618129,SEA,1,ARI,7,ARI,Final
20120618,mlb,320618103,SF,5,LAA,3,SF,Final
20120618,mlb,320618125,TEX,2,SD,1,TEX,Final
20120619,mlb,320619105,CIN,2,CLE,3,CLE,Final/10
20120619,mlb,320619106,STL,3,DET,6,DET,Final
20120619,mlb,320619110,ATL,4,NYY,3,ATL,Final
20120619,mlb,320619120,TB,5,WSH,4,TB,Final
20120619,mlb,320619122,COL,2,PHI,7,PHI,Final
20120619,mlb,320619123,MIN,2,PIT,7,PIT,Final
20120619,mlb,320619102,MIA,5,BOS,7,BOS,Final
20120619,mlb,320619121,BAL,0,NYM,5,NYM,Final
20120619,mlb,320619118,KC,2,HOU,0,KC,Final
20120619,mlb,320619104,CHC,2,CHW,1,CHC,Final
20120619,mlb,320619108,TOR,10,MIL,9,TOR,Final
20120619,mlb,320619129,SEA,12,ARI,9,SEA,Final/10
20120619,mlb,320619103,SF,5,LAA,12,LAA,Final
20120619,mlb,320619125,TEX,7,SD,3,TEX,Final
20120620,mlb,320620110,ATL,10,NYY,5,ATL,Final
20120620,mlb,320620118,KC,2,HOU,1,KC,Final
20120620,mlb,320620108,TOR,3,MIL,8,MIL,Final
20120620,mlb,320620129,SEA,10,ARI,14,ARI,Final
20120620,mlb,320620125,TEX,4,SD,2,TEX,Final
20120620,mlb,320620106,STL,3,DET,1,STL,Final
20120620,mlb,320620105,CIN,1,CLE,8,CLE,Final
20120620,mlb,320620120,TB,2,WSH,3,WSH,Final
20120620,mlb,320620122,COL,6,PHI,7,PHI,Final
20120620,mlb,320620123,MIN,2,PIT,1,MIN,Final
20120620,mlb,320620102,MIA,5,BOS,15,BOS,Final
20120620,mlb,320620121,BAL,3,NYM,4,NYM,Final
20120620,mlb,320620104,CHC,0,CHW,7,CHW,Final
20120620,mlb,320620103,SF,0,LAA,6,LAA,Final
20120621,mlb,320621106,STL,1,DET,2,DET,Final/10
20120621,mlb,320621120,TB,2,WSH,5,WSH,Final
20120621,mlb,320621122,COL,4,PHI,1,COL,Final
20120621,mlb,320621123,MIN,1,PIT,9,PIT,Final
20120621,mlb,320621102,MIA,5,BOS,6,BOS,Final
20120622,mlb,320622101,WSH,1,BAL,2,BAL,Final
20120622,mlb,320622123,DET,1,PIT,4,PIT,Final
20120622,mlb,320622102,ATL,4,BOS,1,ATL,Final
20120622,mlb,320622117,MIN,5,CIN,4,MIN,Final
20120622,mlb,320622121,NYY,4,NYM,6,NYM,Final
20120622,mlb,320622128,TOR,12,MIA,5,TOR,Final
20120622,mlb,320622113,COL,1,TEX,4,TEX,Final
20120622,mlb,320622118,CLE,2,HOU,0,CLE,Final
20120622,mlb,320622104,MIL,1,CHW,0,MIL,Final/10
20120622,mlb,320622107,STL,11,KC,4,STL,Final
20120622,mlb,320622129,CHC,1,ARI,6,ARI,Final
20120622,mlb,320622103,LAD,5,LAA,8,LAA,Final
20120622,mlb,320622125,SEA,5,SD,9,SD,Final
20120623,mlb,320623128,TOR,7,MIA,1,TOR,Final
20120623,mlb,320623107,STL,8,KC,2,STL,Final
20120623,mlb,320623113,COL,11,TEX,7,COL,Final
20120623,mlb,320623118,CLE,1,HOU,8,HOU,Final
20120623,mlb,320623122,TB,6,PHI,7,PHI,Final
20120623,mlb,320623123,DET,1,PIT,4,PIT,Final
20120623,mlb,320623117,MIN,0,CIN,6,CIN,Final
20120623,mlb,320623101,WSH,3,BAL,1,WSH,Final
20120623,mlb,320623102,ATL,4,BOS,8,BOS,Final
20120623,mlb,320623103,LAD,3,LAA,1,LAD,Final
20120623,mlb,320623104,MIL,6,CHW,8,CHW,Final
20120623,mlb,320623121,NYY,4,NYM,3,NYY,Final
20120623,mlb,320623125,SEA,5,SD,1,SEA,Final
20120623,mlb,320623129,CHC,5,ARI,10,ARI,Final
20120624,mlb,320624222,TB,3,PHI,2,TB,Final
20120624,mlb,320624117,MIN,4,CIN,3,MIN,Final
20120624,mlb,320624128,TOR,0,MIA,9,MIA,Final
20120624,mlb,320624101,WSH,1,BAL,2,BAL,Final
20120624,mlb,320624102,ATL,4,BOS,9,BOS,Final
20120624,mlb,320624123,DET,3,PIT,2,DET,Final
20120624,mlb,320624118,CLE,1,HOU,7,HOU,Final
20120624,mlb,320624104,MIL,0,CHW,1,CHW,Final/10
20120624,mlb,320624107,STL,11,KC,8,STL,Final
20120624,mlb,320624103,LAD,3,LAA,5,LAA,Final
20120624,mlb,320624125,SEA,0,SD,2,SD,Final
20120624,mlb,320624129,CHC,1,ARI,5,ARI,Final
20120624,mlb,320624322,TB,7,PHI,3,TB,Final
20120624,mlb,320624113,COL,2,TEX,4,TEX,Final
20120624,mlb,320624121,NYY,6,NYM,5,NYY,Final
20120625,mlb,320625110,CLE,1,NYY,7,NYY,Final
20120625,mlb,320625122,PIT,3,PHI,8,PHI,Final
20120625,mlb,320625102,TOR,9,BOS,6,TOR,Final
20120625,mlb,320625117,MIL,1,CIN,3,CIN,Final
20120625,mlb,320625128,STL,8,MIA,7,STL,Final/10
20120625,mlb,320625113,DET,8,TEX,2,DET,Final
20120625,mlb,320625116,NYM,1,CHC,6,CHC,Final
20120625,mlb,320625118,SD,8,HOU,7,SD,Final/10
20120625,mlb,320625107,TB,0,KC,8,KC,Final
20120625,mlb,320625109,CHW,1,MIN,4,MIN,Final
20120625,mlb,320625127,WSH,2,COL,4,COL,Final
20120625,mlb,320625126,LAD,0,SF,8,SF,Final
20120626,mlb,320626101,LAA,7,BAL,3,LAA,Final
20120626,mlb,320626110,CLE,4,NYY,6,NYY,Final
20120626,mlb,320626122,PIT,4,PHI,5,PHI,Final
20120626,mlb,320626102,TOR,1,BOS,5,BOS,Final
20120626,mlb,320626115,ARI,1,ATL,8,ATL,Final
20120626,mlb,320626117,MIL,3,CIN,4,CIN,Final
20120626,mlb,320626128,STL,5,MIA,2,STL,Final
20120626,mlb,320626113,DET,5,TEX,7,TEX,Final
20120626,mlb,320626116,NYM,3,CHC,5,CHC,Final
20120626,mlb,320626118,SD,3,HOU,5,HOU,Final
20120626,mlb,320626107,TB,2,KC,8,KC,Final
20120626,mlb,320626109,CHW,3,MIN,2,CHW,Final
20120626,mlb,320626127,WSH,12,COL,5,WSH,Final
20120626,mlb,320626126,LAD,0,SF,2,SF,Final
20120627,mlb,320627117,MIL,8,CIN,4,MIL,Final
20120627,mlb,320627110,CLE,4,NYY,5,NYY,Final
20120627,mlb,320627109,CHW,12,MIN,5,CHW,Final
20120627,mlb,320627102,TOR,4,BOS,10,BOS,Final
20120627,mlb,320627107,TB,4,KC,5,KC,Final
20120627,mlb,320627116,NYM,17,CHC,1,NYM,Final
20120627,mlb,320627126,LAD,0,SF,3,SF,Final
20120627,mlb,320627101,LAA,13,BAL,1,LAA,Final
20120627,mlb,320627122,PIT,11,PHI,7,PIT,Final
20120627,mlb,320627115,ARI,4,ATL,6,ATL,Final
20120627,mlb,320627128,STL,3,MIA,5,MIA,Final
20120627,mlb,320627113,DET,9,TEX,13,TEX,Final
20120627,mlb,320627118,SD,0,HOU,1,HOU,Final
20120627,mlb,320627127,WSH,11,COL,5,WSH,Final
20120628,mlb,320628122,PIT,5,PHI,4,PIT,Final
20120628,mlb,320628127,WSH,10,COL,11,COL,Final/11
20120628,mlb,320628101,CLE,7,BAL,2,CLE,Final
20120628,mlb,320628110,CHW,4,NYY,3,CHW,Final
20120628,mlb,320628114,LAA,9,TOR,7,LAA,Final
20120628,mlb,320628115,ARI,3,ATL,2,ARI,Final
20120628,mlb,320628130,DET,5,TB,2,DET,Final
20120628,mlb,320628118,SD,7,HOU,3,SD,Final
20120628,mlb,320628112,BOS,0,SEA,1,SEA,Final
20120628,mlb,320628119,NYM,3,LAD,2,NYM,Final
20120628,mlb,320628126,CIN,0,SF,5,SF,Final
20120629,mlb,320629116,HOU,0,CHC,4,CHC,Final
20120629,mlb,320629101,CLE,8,BAL,9,BAL,Final
20120629,mlb,320629110,CHW,14,NYY,7,CHW,Final
20120629,mlb,320629114,LAA,5,TOR,7,TOR,Final
20120629,mlb,320629128,PHI,2,MIA,6,MIA,Final
20120629,mlb,320629130,DET,2,TB,4,TB,Final
20120629,mlb,320629115,WSH,5,ATL,4,WSH,Final
20120629,mlb,320629108,ARI,9,MIL,3,ARI,Final
20120629,mlb,320629109,KC,4,MIN,3,KC,Final
20120629,mlb,320629127,SD,2,COL,10,COL,Final
20120629,mlb,320629124,PIT,14,STL,5,PIT,Final
20120629,mlb,320629112,BOS,5,SEA,0,BOS,Final
20120629,mlb,320629119,NYM,9,LAD,0,NYM,Final
20120629,mlb,320629126,CIN,5,SF,1,CIN,Final
20120630,mlb,320630110,CHW,0,NYY,4,NYY,Final
20120630,mlb,320630114,LAA,2,TOR,11,TOR,Final
20120630,mlb,320630209,KC,2,MIN,7,MIN,Final
20120630,mlb,320630124,PIT,7,STL,3,PIT,Final
20120630,mlb,320630101,CLE,11,BAL,5,CLE,Final
20120630,mlb,320630115,WSH,5,ATL,7,ATL,Final
20120630,mlb,320630116,HOU,2,CHC,3,CHC,Final
20120630,mlb,320630126,CIN,2,SF,1,CIN,Final
20120630,mlb,320630128,PHI,2,MIA,3,MIA,Final
20120630,mlb,320630309,KC,1,MIN,5,MIN,Final
20120630,mlb,320630108,ARI,2,MIL,10,MIL,Final
20120630,mlb,320630119,NYM,5,LAD,0,NYM,Final
20120630,mlb,320630127,SD,8,COL,4,SD,Final
20120630,mlb,320630130,DET,6,TB,2,DET,Final
20120630,mlb,320630112,BOS,2,SEA,3,SEA,Final/11
20120701,mlb,320701128,PHI,2,MIA,5,MIA,Final
20120701,mlb,320701101,CLE,6,BAL,2,CLE,Final
20120701,mlb,320701115,WSH,8,ATL,4,WSH,Final
20120701,mlb,320701130,DET,5,TB,3,DET,Final
20120701,mlb,320701110,CHW,2,NYY,4,NYY,Final
20120701,mlb,320701108,ARI,1,MIL,2,MIL,Final
20120701,mlb,320701109,KC,8,MIN,10,MIN,Final
20120701,mlb,320701124,PIT,4,STL,5,STL,Final
20120701,mlb,320701116,HOU,0,CHC,3,CHC,Final
20120701,mlb,320701114,LAA,10,TOR,6,LAA,Final
20120701,mlb,320701127,SD,2,COL,0,SD,Final
20120701,mlb,320701126,CIN,3,SF,4,SF,Final
20120701,mlb,320701112,BOS,2,SEA,1,BOS,Final/10
20120701,mlb,320701119,NYM,3,LAD,8,LAD,Final
20120702,mlb,320702130,NYY,3,TB,4,TB,Final
20120702,mlb,320702105,LAA,3,CLE,0,LAA,Final
20120702,mlb,320702106,MIN,6,DET,4,MIN,Final
20120702,mlb,320702123,HOU,2,PIT,11,PIT,Final
20120702,mlb,320702114,KC,11,TOR,3,KC,Final
20120702,mlb,320702115,CHC,4,ATL,1,CHC,Final
20120702,mlb,320702108,MIA,5,MIL,6,MIL,Final
20120702,mlb,320702124,COL,3,STL,9,STL,Final
20120702,mlb,320702129,SD,6,ARI,2,SD,Final
20120702,mlb,320702112,BAL,3,SEA,6,SEA,Final
20120702,mlb,320702119,CIN,8,LAD,2,CIN,Final
20120703,mlb,320703108,MIA,12,MIL,13,MIL,Final/10
20120703,mlb,320703120,SF,3,WSH,9,WSH,Final
20120703,mlb,320703105,LAA,5,CLE,9,CLE,Final
20120703,mlb,320703106,MIN,8,DET,6,MIN,Final
20120703,mlb,320703123,HOU,7,PIT,8,PIT,Final
20120703,mlb,320703114,KC,3,TOR,6,TOR,Final
20120703,mlb,320703115,CHC,3,ATL,10,ATL,Final
20120703,mlb,320703121,PHI,1,NYM,11,NYM,Final
20120703,mlb,320703130,NYY,4,TB,7,TB,Final
20120703,mlb,320703104,TEX,2,CHW,19,CHW,Final
20120703,mlb,320703124,COL,3,STL,2,COL,Final
20120703,mlb,320703129,SD,9,ARI,5,SD,Final
20120703,mlb,320703112,BAL,5,SEA,4,BAL,Final
20120703,mlb,320703119,CIN,1,LAD,3,LAD,Final
20120704,mlb,320704120,SF,4,WSH,9,WSH,Final
20120704,mlb,320704121,PHI,9,NYM,2,PHI,Final
20120704,mlb,320704123,HOU,4,PIT,6,PIT,Final
20120704,mlb,320704130,NYY,4,TB,3,NYY,Final
20120704,mlb,320704105,LAA,3,CLE,12,CLE,Final
20120704,mlb,320704108,MIA,7,MIL,6,MIA,Final/10
20120704,mlb,320704112,BAL,4,SEA,2,BAL,Final
20120704,mlb,320704104,TEX,4,CHW,5,CHW,Final/10
20120704,mlb,320704106,MIN,1,DET,5,DET,Final
20120704,mlb,320704114,KC,1,TOR,4,TOR,Final
20120704,mlb,320704115,CHC,5,ATL,1,CHC,Final
20120704,mlb,320704124,COL,1,STL,4,STL,Final
20120704,mlb,320704119,CIN,1,LAD,4,LAD,Final
20120704,mlb,320704129,SD,8,ARI,6,SD,Final
20120705,mlb,320705106,MIN,3,DET,7,DET,Final
20120705,mlb,320705104,TEX,1,CHW,2,CHW,Final
20120705,mlb,320705108,MIA,4,MIL,0,MIA,Final
20120705,mlb,320705105,TB,1,CLE,3,CLE,Final
20120705,mlb,320705120,SF,5,WSH,6,WSH,Final
20120705,mlb,320705123,HOU,0,PIT,2,PIT,Final
20120705,mlb,320705114,KC,9,TOR,6,KC,Final
20120705,mlb,320705115,CHC,3,ATL,7,ATL,Final
20120705,mlb,320705121,PHI,5,NYM,6,NYM,Final
20120705,mlb,320705124,COL,2,STL,6,STL,Final
20120705,mlb,320705129,LAD,4,ARI,1,LAD,Final
20120705,mlb,320705103,BAL,7,LAA,9,LAA,Final
20120705,mlb,320705125,CIN,1,SD,2,SD,Final
20120706,mlb,320706105,TB,10,CLE,3,TB,Final
20120706,mlb,320706106,KC,2,DET,4,DET,Final
20120706,mlb,320706120,COL,5,WSH,1,COL,Final
20120706,mlb,320706122,ATL,5,PHI,0,ATL,Final
20120706,mlb,320706123,SF,6,PIT,5,SF,Final
20120706,mlb,320706102,NYY,10,BOS,8,NYY,Final
20120706,mlb,320706121,CHC,8,NYM,7,CHC,Final
20120706,mlb,320706113,MIN,5,TEX,1,MIN,Final
20120706,mlb,320706118,MIL,7,HOU,1,MIL,Final
20120706,mlb,320706104,TOR,2,CHW,4,CHW,Final
20120706,mlb,320706124,MIA,3,STL,2,MIA,Final
20120706,mlb,320706129,LAD,3,ARI,5,ARI,Final
20120706,mlb,320706103,BAL,3,LAA,2,BAL,Final
20120706,mlb,320706125,CIN,6,SD,0,CIN,Final
20120707,mlb,320707202,NYY,6,BOS,1,NYY,Final
20120707,mlb,320707106,KC,7,DET,8,DET,Final
20120707,mlb,320707118,MIL,3,HOU,6,HOU,Final
20120707,mlb,320707120,COL,1,WSH,4,WSH,Final
20120707,mlb,320707123,SF,1,PIT,3,PIT,Final
20120707,mlb,320707104,TOR,0,CHW,2,CHW,Final
20120707,mlb,320707121,CHC,1,NYM,3,NYM,Final
20120707,mlb,320707124,MIA,2,STL,3,STL,Final
20120707,mlb,320707105,TB,3,CLE,7,CLE,Final
20120707,mlb,320707113,MIN,3,TEX,4,TEX,Final/10
20120707,mlb,320707122,ATL,6,PHI,3,ATL,Final
20120707,mlb,320707302,NYY,5,BOS,9,BOS,Final
20120707,mlb,320707103,BAL,0,LAA,3,LAA,Final
20120707,mlb,320707125,CIN,6,SD,5,CIN,Final
20120707,mlb,320707129,LAD,3,ARI,5,ARI,Final
20120708,mlb,320708105,TB,7,CLE,6,TB,Final
20120708,mlb,320708106,KC,1,DET,7,DET,Final
20120708,mlb,320708121,CHC,7,NYM,0,CHC,Final
20120708,mlb,320708120,COL,4,WSH,3,COL,Final
20120708,mlb,320708122,ATL,4,PHI,3,ATL,Final
20120708,mlb,320708123,SF,2,PIT,13,PIT,Final
20120708,mlb,320708118,MIL,5,HOU,3,MIL,Final/10
20120708,mlb,320708104,TOR,11,CHW,9,TOR,Final
20120708,mlb,320708124,MIA,4,STL,5,STL,Final
20120708,mlb,320708103,BAL,0,LAA,6,LAA,Final
20120708,mlb,320708125,CIN,4,SD,2,CIN,Final
20120708,mlb,320708129,LAD,1,ARI,7,ARI,Final
20120708,mlb,320708113,MIN,3,TEX,4,TEX,Final/13
20120708,mlb,320708102,NYY,7,BOS,3,NYY,Final
20120713,mlb,320713116,ARI,1,CHC,8,CHC,Final
20120713,mlb,320713101,DET,7,BAL,2,DET,Final
20120713,mlb,320713110,LAA,5,NYY,6,NYY,Final
20120713,mlb,320713114,CLE,1,TOR,0,CLE,Final
20120713,mlb,320713117,STL,3,CIN,5,CIN,Final
20120713,mlb,320713128,WSH,5,MIA,1,WSH,Final
20120713,mlb,320713130,BOS,3,TB,1,BOS,Final
20120713,mlb,320713115,NYM,5,ATL,7,ATL,Final
20120713,mlb,320713107,CHW,9,KC,8,CHW,Final/14
20120713,mlb,320713108,PIT,7,MIL,10,MIL,Final
20120713,mlb,320713127,PHI,2,COL,6,COL,Final
20120713,mlb,320713112,TEX,3,SEA,2,TEX,Final
20120713,mlb,320713119,SD,1,LAD,2,LAD,Final
20120713,mlb,320713126,HOU,1,SF,5,SF,Final
20120714,mlb,320714110,LAA,3,NYY,5,NYY,Final
20120714,mlb,320714116,ARI,1,CHC,4,CHC,Final
20120714,mlb,320714114,CLE,9,TOR,11,TOR,Final
20120714,mlb,320714101,DET,6,BAL,8,BAL,Final/13
20120714,mlb,320714115,NYM,7,ATL,8,ATL,Final
20120714,mlb,320714117,STL,2,CIN,3,CIN,Final/10
20120714,mlb,320714107,CHW,3,KC,6,KC,Final
20120714,mlb,320714108,PIT,6,MIL,4,PIT,Final
20120714,mlb,320714128,WSH,1,MIA,2,MIA,Final
20120714,mlb,320714130,BOS,3,TB,5,TB,Final
20120714,mlb,320714127,PHI,8,COL,5,PHI,Final
20120714,mlb,320714126,HOU,2,SF,3,SF,Final/12
20120714,mlb,320714112,TEX,0,SEA,7,SEA,Final
20120714,mlb,320714119,SD,7,LAD,6,SD,Final
20120715,mlb,320715110,LAA,10,NYY,8,LAA,Final
20120715,mlb,320715114,CLE,0,TOR,3,TOR,Final
20120715,mlb,320715128,WSH,4,MIA,0,WSH,Final
20120715,mlb,320715101,DET,4,BAL,0,DET,Final
20120715,mlb,320715115,NYM,1,ATL,6,ATL,Final
20120715,mlb,320715130,BOS,7,TB,3,BOS,Final
20120715,mlb,320715107,CHW,2,KC,1,CHW,Final
20120715,mlb,320715108,PIT,1,MIL,4,MIL,Final
20120715,mlb,320715116,ARI,1,CHC,3,CHC,Final
20120715,mlb,320715127,PHI,5,COL,1,PHI,Final
20120715,mlb,320715126,HOU,2,SF,3,SF,Final
20120715,mlb,320715112,TEX,4,SEA,0,TEX,Final
20120715,mlb,320715119,SD,7,LAD,2,SD,Final
20120715,mlb,320715117,STL,2,CIN,4,CIN,Final
20120716,mlb,320716106,LAA,6,DET,8,DET,Final
20120716,mlb,320716110,TOR,3,NYY,6,NYY,Final
20120716,mlb,320716102,CHW,1,BOS,5,BOS,Final
20120716,mlb,320716117,ARI,5,CIN,3,ARI,Final
20120716,mlb,320716128,WSH,3,MIA,5,MIA,Final
20120716,mlb,320716130,CLE,3,TB,2,CLE,Final
20120716,mlb,320716107,SEA,9,KC,4,SEA,Final
20120716,mlb,320716108,STL,3,MIL,2,STL,Final
20120716,mlb,320716109,BAL,7,MIN,19,MIN,Final
20120716,mlb,320716127,PIT,4,COL,5,COL,Final
20120716,mlb,320716125,HOU,2,SD,0,HOU,Final
20120716,mlb,320716119,PHI,3,LAD,2,PHI,Final
20120717,mlb,320717106,LAA,13,DET,0,LAA,Final
20120717,mlb,320717110,TOR,1,NYY,6,NYY,Final
20120717,mlb,320717120,NYM,4,WSH,5,WSH,Final/10
20120717,mlb,320717102,CHW,7,BOS,5,CHW,Final
20120717,mlb,320717115,SF,9,ATL,0,SF,Final
20120717,mlb,320717117,ARI,0,CIN,4,CIN,Final
20120717,mlb,320717130,CLE,2,TB,4,TB,Final
20120717,mlb,320717116,MIA,9,CHC,5,MIA,Final
20120717,mlb,320717107,SEA,9,KC,6,SEA,Final
20120717,mlb,320717108,STL,2,MIL,3,MIL,Final
20120717,mlb,320717109,BAL,4,MIN,6,MIN,Final
20120717,mlb,320717127,PIT,6,COL,2,PIT,Final
20120717,mlb,320717125,HOU,2,SD,8,SD,Final
20120717,mlb,320717119,PHI,3,LAD,2,PHI,Final
20120718,mlb,320718110,TOR,0,NYY,6,NYY,Final/7
20120718,mlb,320718108,STL,3,MIL,4,MIL,Final
20120718,mlb,320718119,PHI,3,LAD,5,LAD,Final/12
20120718,mlb,320718127,PIT,9,COL,6,PIT,Final
20120718,mlb,320718125,HOU,4,SD,8,SD,Final
20120718,mlb,320718120,NYM,3,WSH,4,WSH,Final
20120718,mlb,320718106,LAA,2,DET,7,DET,Final
20120718,mlb,320718102,CHW,1,BOS,10,BOS,Final
20120718,mlb,320718115,SF,9,ATL,4,SF,Final/11
20120718,mlb,320718117,ARI,7,CIN,1,ARI,Final
20120718,mlb,320718130,CLE,10,TB,6,CLE,Final
20120718,mlb,320718116,MIA,1,CHC,5,CHC,Final/8
20120718,mlb,320718107,SEA,7,KC,8,KC,Final
20120718,mlb,320718109,BAL,2,MIN,1,BAL,Final
20120719,mlb,320719115,SF,2,ATL,3,ATL,Final
20120719,mlb,320719130,CLE,0,TB,6,TB,Final
20120719,mlb,320719117,ARI,6,CIN,7,CIN,Final
20120719,mlb,320719120,NYM,9,WSH,5,NYM,Final
20120719,mlb,320719106,LAA,1,DET,5,DET,Final
20120719,mlb,320719109,BAL,4,MIN,3,BAL,Final
20120719,mlb,320719107,SEA,6,KC,1,SEA,Final
20120719,mlb,320719116,MIA,2,CHC,4,CHC,Final
20120719,mlb,320719102,CHW,1,BOS,3,BOS,Final
20120719,mlb,320719125,HOU,0,SD,1,SD,Final
20120720,mlb,320720105,BAL,10,CLE,2,BAL,Final
20120720,mlb,320720106,CHW,2,DET,4,DET,Final
20120720,mlb,320720120,ATL,11,WSH,10,ATL,Final/11
20120720,mlb,320720122,SF,7,PHI,2,SF,Final
20120720,mlb,320720123,MIA,3,PIT,4,PIT,Final
20120720,mlb,320720102,TOR,6,BOS,1,TOR,Final
20120720,mlb,320720117,MIL,1,CIN,3,CIN,Final
20120720,mlb,320720121,LAD,7,NYM,6,LAD,Final
20120720,mlb,320720130,SEA,3,TB,4,TB,Final/14
20120720,mlb,320720107,MIN,2,KC,1,MIN,Final/11
20120720,mlb,320720124,CHC,1,STL,4,STL,Final
20120720,mlb,320720129,HOU,8,ARI,13,ARI,Final
20120720,mlb,320720103,TEX,1,LAA,6,LAA,Final
20120720,mlb,320720125,COL,5,SD,9,SD,Final
20120721,mlb,320721220,ATL,4,WSH,0,ATL,Final
20120721,mlb,320721121,LAD,8,NYM,5,LAD,Final
20120721,mlb,320721103,TEX,9,LAA,2,TEX,Final
20120721,mlb,320721106,CHW,1,DET,7,DET,Final
20120721,mlb,320721122,SF,6,PHI,5,SF,Final/10
20120721,mlb,320721105,BAL,3,CLE,1,BAL,Final
20120721,mlb,320721123,MIA,1,PIT,5,PIT,Final
20120721,mlb,320721320,ATL,2,WSH,5,WSH,Final
20120721,mlb,320721102,TOR,7,BOS,3,TOR,Final
20120721,mlb,320721107,MIN,3,KC,7,KC,Final
20120721,mlb,320721117,MIL,2,CIN,6,CIN,Final
20120721,mlb,320721130,SEA,2,TB,1,SEA,Final
20120721,mlb,320721124,CHC,0,STL,12,STL,Final
20120721,mlb,320721129,HOU,3,ARI,12,ARI,Final
20120721,mlb,320721125,COL,8,SD,6,COL,Final/12
20120722,mlb,320722106,CHW,4,DET,6,DET,Final
20120722,mlb,320722117,MIL,1,CIN,2,CIN,Final
20120722,mlb,320722121,LAD,8,NYM,3,LAD,Final/12
20120722,mlb,320722102,TOR,15,BOS,7,TOR,Final
20120722,mlb,320722120,ATL,2,WSH,9,WSH,Final
20120722,mlb,320722122,SF,3,PHI,4,PHI,Final/12
20120722,mlb,320722123,MIA,0,PIT,3,PIT,Final
20120722,mlb,320722130,SEA,2,TB,1,SEA,Final
20120722,mlb,320722107,MIN,7,KC,5,MIN,Final
20120722,mlb,320722124,CHC,0,STL,7,STL,Final
20120722,mlb,320722105,BAL,4,CLE,3,BAL,Final
20120722,mlb,320722125,COL,2,SD,3,SD,Final
20120722,mlb,320722129,HOU,2,ARI,8,ARI,Final
20120722,mlb,320722103,TEX,4,LAA,7,LAA,Final
20120723,mlb,320723105,BAL,1,CLE,3,CLE,Final
20120723,mlb,320723122,MIL,6,PHI,7,PHI,Final
20120723,mlb,320723123,CHC,2,PIT,0,CHC,Final
20120723,mlb,320723121,WSH,8,NYM,2,WSH,Final/10
20120723,mlb,320723128,ATL,1,MIA,2,MIA,Final
20120723,mlb,320723113,BOS,1,TEX,9,TEX,Final
20120723,mlb,320723118,CIN,8,HOU,3,CIN,Final
20120723,mlb,320723104,MIN,4,CHW,7,CHW,Final
20120723,mlb,320723124,LAD,5,STL,3,LAD,Final
20120723,mlb,320723129,COL,3,ARI,6,ARI,Final
20120723,mlb,320723103,KC,3,LAA,6,LAA,Final
20120723,mlb,320723112,NYY,4,SEA,1,NYY,Final
20120723,mlb,320723126,SD,1,SF,7,SF,Final
20120724,mlb,320724101,TB,3,BAL,1,TB,Final
20120724,mlb,320724105,DET,2,CLE,3,CLE,Final
20120724,mlb,320724122,MIL,6,PHI,7,PHI,Final
20120724,mlb,320724123,CHC,5,PIT,1,CHC,Final
20120724,mlb,320724121,WSH,5,NYM,2,WSH,Final
20120724,mlb,320724128,ATL,4,MIA,3,ATL,Final
20120724,mlb,320724113,BOS,2,TEX,1,BOS,Final
20120724,mlb,320724118,CIN,4,HOU,2,CIN,Final
20120724,mlb,320724104,MIN,4,CHW,11,CHW,Final
20120724,mlb,320724124,LAD,2,STL,8,STL,Final
20120724,mlb,320724129,COL,2,ARI,6,ARI,Final
20120724,mlb,320724103,KC,4,LAA,1,KC,Final
20120724,mlb,320724112,NYY,2,SEA,4,SEA,Final
20120724,mlb,320724126,SD,2,SF,3,SF,Final
20120725,mlb,320725121,WSH,5,NYM,2,WSH,Final
20120725,mlb,320725123,CHC,2,PIT,3,PIT,Final
20120725,mlb,320725128,ATL,7,MIA,1,ATL,Final
20120725,mlb,320725122,MIL,6,PHI,7,PHI,Final/10
20120725,mlb,320725104,MIN,2,CHW,8,CHW,Final
20120725,mlb,320725103,KC,6,LAA,11,LAA,Final
20120725,mlb,320725112,NYY,5,SEA,2,NYY,Final
20120725,mlb,320725126,SD,6,SF,3,SD,Final
20120725,mlb,320725101,TB,10,BAL,1,TB,Final
20120725,mlb,320725105,DET,5,CLE,3,DET,Final
20120725,mlb,320725124,LAD,2,STL,3,STL,Final/12
20120725,mlb,320725113,BOS,3,TEX,5,TEX,Final
20120725,mlb,320725118,CIN,5,HOU,3,CIN,Final
20120725,mlb,320725129,COL,4,ARI,2,COL,Final
20120726,mlb,320726101,TB,2,BAL,6,BAL,Final
20120726,mlb,320726124,LAD,4,STL,7,STL,Final
20120726,mlb,320726105,DET,3,CLE,5,CLE,Final
20120726,mlb,320726118,PIT,5,HOU,3,PIT,Final
20120726,mlb,320726108,WSH,8,MIL,2,WSH,Final
20120726,mlb,320726129,NYM,3,ARI,1,NYM,Final
20120726,mlb,320726112,KC,1,SEA,4,SEA,Final
20120727,mlb,320727116,STL,9,CHC,6,STL,Final
20120727,mlb,320727110,BOS,3,NYY,10,NYY,Final
20120727,mlb,320727114,DET,3,TOR,8,TOR,Final
20120727,mlb,320727128,SD,7,MIA,2,SD,Final
20120727,mlb,320727115,PHI,1,ATL,6,ATL,Final
20120727,mlb,320727113,CHW,9,TEX,5,CHW,Final
20120727,mlb,320727118,PIT,6,HOU,5,PIT,Final
20120727,mlb,320727108,WSH,0,MIL,6,MIL,Final
20120727,mlb,320727109,CLE,0,MIN,11,MIN,Final
20120727,mlb,320727127,CIN,3,COL,0,CIN,Final
20120727,mlb,320727129,NYM,5,ARI,11,ARI,Final
20120727,mlb,320727103,TB,1,LAA,3,LAA,Final
20120727,mlb,320727112,KC,1,SEA,6,SEA,Final
20120727,mlb,320727126,LAD,5,SF,3,LAD,Final/10
20120728,mlb,320728116,STL,2,CHC,3,CHC,Final
20120728,mlb,320728114,DET,1,TOR,5,TOR,Final
20120728,mlb,320728110,BOS,8,NYY,6,BOS,Final
20120728,mlb,320728126,LAD,10,SF,0,LAD,Final
20120728,mlb,320728112,KC,3,SEA,4,SEA,Final
20120728,mlb,320728118,PIT,4,HOU,3,PIT,Final
20120728,mlb,320728108,WSH,4,MIL,1,WSH,Final
20120728,mlb,320728109,CLE,5,MIN,12,MIN,Final
20120728,mlb,320728115,PHI,1,ATL,2,ATL,Final
20120728,mlb,320728128,SD,2,MIA,4,MIA,Final
20120728,mlb,320728113,CHW,5,TEX,2,CHW,Final
20120728,mlb,320728127,CIN,9,COL,7,CIN,Final
20120728,mlb,320728129,NYM,3,ARI,6,ARI,Final
20120728,mlb,320728103,TB,3,LAA,0,TB,Final
20120729,mlb,320729114,DET,4,TOR,1,DET,Final
20120729,mlb,320729128,SD,4,MIA,5,MIA,Final/10
20120729,mlb,320729115,PHI,2,ATL,6,ATL,Final
20120729,mlb,320729118,PIT,5,HOU,9,HOU,Final
20120729,mlb,320729108,WSH,11,MIL,10,WSH,Final/11
20120729,mlb,320729109,CLE,1,MIN,5,MIN,Final
20120729,mlb,320729116,STL,2,CHC,4,CHC,Final/10
20120729,mlb,320729127,CIN,7,COL,2,CIN,Final
20120729,mlb,320729103,TB,2,LAA,0,TB,Final
20120729,mlb,320729126,LAD,4,SF,0,LAD,Final
20120729,mlb,320729112,KC,6,SEA,7,SEA,Final
20120729,mlb,320729129,NYM,5,ARI,1,NYM,Final
20120729,mlb,320729113,CHW,0,TEX,2,TEX,Final
20120729,mlb,320729110,BOS,3,NYY,2,BOS,Final/10
20120730,mlb,320730113,LAA,15,TEX,8,LAA,Final
20120730,mlb,320730110,BAL,5,NYY,4,BAL,Final
20120730,mlb,320730102,DET,3,BOS,7,BOS,Final
20120730,mlb,320730115,MIA,2,ATL,8,ATL,Final
20120730,mlb,320730117,SD,11,CIN,5,SD,Final
20120730,mlb,320730116,PIT,4,CHC,14,CHC,Final
20120730,mlb,320730108,HOU,7,MIL,8,MIL,Final
20120730,mlb,320730109,CHW,6,MIN,7,MIN,Final
20120730,mlb,320730112,TOR,1,SEA,4,SEA,Final
20120730,mlb,320730119,ARI,7,LAD,2,ARI,Final
20120730,mlb,320730126,NYM,8,SF,7,NYM,Final/10
20120731,mlb,320731110,BAL,11,NYY,5,BAL,Final
20120731,mlb,320731120,PHI,8,WSH,0,PHI,Final
20120731,mlb,320731102,DET,1,BOS,4,BOS,Final/6
20120731,mlb,320731115,MIA,1,ATL,7,ATL,Final
20120731,mlb,320731117,SD,6,CIN,7,CIN,Final
20120731,mlb,320731113,LAA,6,TEX,2,LAA,Final
20120731,mlb,320731116,PIT,5,CHC,0,PIT,Final
20120731,mlb,320731107,CLE,3,KC,8,KC,Final
20120731,mlb,320731108,HOU,1,MIL,10,MIL,Final
20120731,mlb,320731109,CHW,4,MIN,3,CHW,Final
20120731,mlb,320731127,STL,11,COL,6,STL,Final
20120731,mlb,320731112,TOR,2,SEA,7,SEA,Final
20120731,mlb,320731119,ARI,8,LAD,2,ARI,Final
20120731,mlb,320731126,NYM,1,SF,4,SF,Final
20120801,mlb,320801110,BAL,3,NYY,12,NYY,Final
20120801,mlb,320801109,CHW,3,MIN,2,CHW,Final
20120801,mlb,320801108,HOU,4,MIL,13,MIL,Final
20120801,mlb,320801116,PIT,8,CHC,4,PIT,Final
20120801,mlb,320801119,ARI,4,LAD,0,ARI,Final
20120801,mlb,320801102,DET,7,BOS,5,DET,Final
20120801,mlb,320801120,PHI,3,WSH,2,PHI,Final
20120801,mlb,320801115,MIA,4,ATL,2,MIA,Final
20120801,mlb,320801117,SD,4,CIN,6,CIN,Final
20120801,mlb,320801113,LAA,10,TEX,11,TEX,Final/10
20120801,mlb,320801107,CLE,2,KC,5,KC,Final
20120801,mlb,320801127,STL,9,COL,6,STL,Final
20120801,mlb,320801112,TOR,3,SEA,5,SEA,Final
20120801,mlb,320801126,NYM,2,SF,1,NYM,Final
20120802,mlb,320802117,SD,4,CIN,9,CIN,Final
20120802,mlb,320802126,NYM,9,SF,1,NYM,Final
20120802,mlb,320802120,PHI,0,WSH,3,WSH,Final
20120802,mlb,320802102,MIN,5,BOS,0,MIN,Final
20120802,mlb,320802115,MIA,1,ATL,6,ATL,Final
20120802,mlb,320802113,LAA,9,TEX,15,TEX,Final
20120802,mlb,320802107,CLE,6,KC,7,KC,Final/11
20120802,mlb,320802127,STL,2,COL,8,COL,Final
20120803,mlb,320803220,MIA,4,WSH,7,WSH,Final
20120803,mlb,320803106,CLE,2,DET,10,DET,Final
20120803,mlb,320803110,SEA,3,NYY,6,NYY,Final
20120803,mlb,320803122,ARI,4,PHI,2,ARI,Final
20120803,mlb,320803102,MIN,6,BOS,5,MIN,Final/10
20120803,mlb,320803117,PIT,0,CIN,3,CIN,Final
20120803,mlb,320803130,BAL,0,TB,2,TB,Final
20120803,mlb,320803115,HOU,1,ATL,4,ATL,Final
20120803,mlb,320803320,MIA,5,WSH,2,MIA,Final
20120803,mlb,320803104,LAA,6,CHW,8,CHW,Final/10
20120803,mlb,320803107,TEX,5,KC,3,TEX,Final
20120803,mlb,320803124,MIL,3,STL,9,STL,Final
20120803,mlb,320803127,SF,16,COL,4,SF,Final
20120803,mlb,320803125,NYM,1,SD,3,SD,Final
20120803,mlb,320803119,CHC,1,LAD,6,LAD,Final
20120804,mlb,320804110,SEA,1,NYY,0,SEA,Final
20120804,mlb,320804107,TEX,4,KC,2,TEX,Final
20120804,mlb,320804106,CLE,1,DET,6,DET,Final
20120804,mlb,320804120,MIA,7,WSH,10,WSH,Final
20120804,mlb,320804122,ARI,0,PHI,3,PHI,Final
20120804,mlb,320804102,MIN,6,BOS,4,MIN,Final
20120804,mlb,320804104,LAA,6,CHW,5,LAA,Final/10
20120804,mlb,320804115,HOU,3,ATL,2,HOU,Final
20120804,mlb,320804117,PIT,4,CIN,5,CIN,Final
20120804,mlb,320804130,BAL,4,TB,0,BAL,Final
20120804,mlb,320804124,MIL,1,STL,6,STL,Final
20120804,mlb,320804127,SF,11,COL,6,SF,Final
20120804,mlb,320804125,NYM,6,SD,2,NYM,Final
20120804,mlb,320804119,CHC,1,LAD,3,LAD,Final
20120805,mlb,320805106,CLE,8,DET,10,DET,Final/10
20120805,mlb,320805110,SEA,2,NYY,6,NYY,Final
20120805,mlb,320805117,PIT,6,CIN,2,PIT,Final
20120805,mlb,320805102,MIN,4,BOS,6,BOS,Final
20120805,mlb,320805115,HOU,1,ATL,6,ATL,Final
20120805,mlb,320805120,MIA,1,WSH,4,WSH,Final
20120805,mlb,320805122,ARI,4,PHI,5,PHI,Final
20120805,mlb,320805130,BAL,1,TB,0,BAL,Final/10
20120805,mlb,320805104,LAA,2,CHW,4,CHW,Final
20120805,mlb,320805107,TEX,6,KC,7,KC,Final/10
20120805,mlb,320805127,SF,8,COL,3,SF,Final
20120805,mlb,320805125,NYM,3,SD,7,SD,Final
20120805,mlb,320805119,CHC,6,LAD,7,LAD,Final
20120805,mlb,320805124,MIL,0,STL,3,STL,Final
20120806,mlb,320806106,NYY,2,DET,7,DET,Final
20120806,mlb,320806101,SEA,1,BAL,3,BAL,Final
20120806,mlb,320806105,MIN,14,CLE,3,MIN,Final
20120806,mlb,320806122,ATL,6,PHI,1,ATL,Final
20120806,mlb,320806123,ARI,0,PIT,4,PIT,Final
20120806,mlb,320806102,TEX,2,BOS,9,BOS,Final
20120806,mlb,320806118,WSH,5,HOU,4,WSH,Final/11
20120806,mlb,320806104,KC,2,CHW,4,CHW,Final
20120806,mlb,320806108,CIN,3,MIL,6,MIL,Final
20120806,mlb,320806124,SF,2,STL,8,STL,Final
20120806,mlb,320806125,CHC,0,SD,2,SD,Final
20120806,mlb,320806119,COL,2,LAD,0,COL,Final
20120807,mlb,320807101,SEA,7,BAL,8,BAL,Final/14
20120807,mlb,320807105,MIN,7,CLE,5,MIN,Final
20120807,mlb,320807106,NYY,5,DET,6,DET,Final
20120807,mlb,320807122,ATL,0,PHI,3,PHI,Final
20120807,mlb,320807123,ARI,10,PIT,4,ARI,Final
20120807,mlb,320807102,TEX,6,BOS,3,TEX,Final
20120807,mlb,320807121,MIA,4,NYM,2,MIA,Final
20120807,mlb,320807130,TOR,1,TB,4,TB,Final
20120807,mlb,320807118,WSH,3,HOU,2,WSH,Final/12
20120807,mlb,320807104,KC,5,CHW,2,KC,Final
20120807,mlb,320807108,CIN,1,MIL,3,MIL,Final
20120807,mlb,320807124,SF,4,STL,2,SF,Final
20120807,mlb,320807125,CHC,4,SD,7,SD,Final
20120807,mlb,320807119,COL,3,LAD,1,COL,Final
20120808,mlb,320808105,MIN,2,CLE,6,CLE,Final
20120808,mlb,320808102,TEX,10,BOS,9,TEX,Final
20120808,mlb,320808108,CIN,2,MIL,3,MIL,Final
20120808,mlb,320808125,CHC,0,SD,2,SD,Final
20120808,mlb,320808101,SEA,2,BAL,9,BAL,Final
20120808,mlb,320808106,NYY,12,DET,8,NYY,Final
20120808,mlb,320808122,ATL,12,PHI,6,ATL,Final
20120808,mlb,320808123,ARI,6,PIT,7,PIT,Final
20120808,mlb,320808121,MIA,13,NYM,0,MIA,Final
20120808,mlb,320808130,TOR,2,TB,3,TB,Final
20120808,mlb,320808124,SF,15,STL,0,SF,Final
20120808,mlb,320808118,WSH,4,HOU,3,WSH,Final
20120808,mlb,320808104,KC,2,CHW,1,KC,Final
20120808,mlb,320808119,COL,4,LAD,6,LAD,Final
20120809,mlb,320809121,MIA,1,NYM,6,NYM,Final
20120809,mlb,320809106,NYY,4,DET,3,NYY,Final
20120809,mlb,320809130,TOR,1,TB,7,TB,Final
20120809,mlb,320809124,SF,1,STL,3,STL,Final
20120809,mlb,320809123,ARI,6,PIT,3,ARI,Final
20120809,mlb,320809101,KC,8,BAL,2,KC,Final
20120809,mlb,320809105,BOS,3,CLE,5,CLE,Final
20120809,mlb,320809116,CIN,3,CHC,5,CHC,Final
20120809,mlb,320809118,WSH,5,HOU,0,WSH,Final
20120810,mlb,320810116,CIN,10,CHC,8,CIN,Final
20120810,mlb,320810101,KC,1,BAL,7,BAL,Final
20120810,mlb,320810105,BOS,3,CLE,2,BOS,Final
20120810,mlb,320810122,STL,1,PHI,3,PHI,Final
20120810,mlb,320810123,SD,9,PIT,8,SD,Final
20120810,mlb,320810114,NYY,10,TOR,4,NYY,Final
20120810,mlb,320810121,ATL,4,NYM,0,ATL,Final
20120810,mlb,320810128,LAD,5,MIA,2,LAD,Final
20120810,mlb,320810113,DET,6,TEX,2,DET,Final
20120810,mlb,320810118,MIL,3,HOU,4,HOU,Final
20120810,mlb,320810109,TB,12,MIN,6,TB,Final
20120810,mlb,320810129,WSH,9,ARI,1,WSH,Final
20120810,mlb,320810103,SEA,5,LAA,6,LAA,Final
20120810,mlb,320810126,COL,3,SF,0,COL,Final
20120811,mlb,320811114,NYY,5,TOR,2,NYY,Final
20120811,mlb,320811116,CIN,4,CHC,2,CIN,Final
20120811,mlb,320811126,COL,3,SF,9,SF,Final
20120811,mlb,320811105,BOS,2,CLE,5,CLE,Final
20120811,mlb,320811101,KC,7,BAL,3,KC,Final
20120811,mlb,320811118,MIL,5,HOU,6,HOU,Final/10
20120811,mlb,320811122,STL,4,PHI,1,STL,Final
20120811,mlb,320811123,SD,5,PIT,0,SD,Final
20120811,mlb,320811109,TB,4,MIN,2,TB,Final
20120811,mlb,320811121,ATL,9,NYM,3,ATL,Final
20120811,mlb,320811128,LAD,3,MIA,7,MIA,Final
20120811,mlb,320811113,DET,1,TEX,2,TEX,Final
20120811,mlb,320811129,WSH,6,ARI,5,WSH,Final
20120811,mlb,320811103,SEA,7,LAA,4,SEA,Final
20120812,mlb,320812105,BOS,14,CLE,1,BOS,Final
20120812,mlb,320812114,NYY,7,TOR,10,TOR,Final
20120812,mlb,320812128,LAD,5,MIA,0,LAD,Final
20120812,mlb,320812101,KC,3,BAL,5,BAL,Final
20120812,mlb,320812122,STL,7,PHI,8,PHI,Final/11
20120812,mlb,320812123,SD,5,PIT,11,PIT,Final
20120812,mlb,320812118,MIL,5,HOU,3,MIL,Final
20120812,mlb,320812109,TB,7,MIN,3,TB,Final/10
20120812,mlb,320812116,CIN,3,CHC,0,CIN,Final
20120812,mlb,320812113,DET,3,TEX,8,TEX,Final
20120812,mlb,320812103,SEA,4,LAA,1,SEA,Final
20120812,mlb,320812126,COL,6,SF,9,SF,Final
20120812,mlb,320812129,WSH,4,ARI,7,ARI,Final
20120812,mlb,320812121,ATL,5,NYM,6,NYM,Final
20120813,mlb,320813110,TEX,2,NYY,8,NYY,Final
20120813,mlb,320813123,LAD,5,PIT,4,LAD,Final
20120813,mlb,320813114,CHW,2,TOR,3,TOR,Final/11
20120813,mlb,320813115,SD,4,ATL,1,SD,Final
20120813,mlb,320813128,PHI,4,MIA,0,PHI,Final
20120813,mlb,320813116,HOU,1,CHC,7,CHC,Final
20120813,mlb,320813109,DET,3,MIN,9,MIN,Final
20120813,mlb,320813127,MIL,6,COL,9,COL,Final
20120813,mlb,320813103,CLE,6,LAA,2,CLE,Final
20120813,mlb,320813112,TB,4,SEA,1,TB,Final
20120813,mlb,320813126,WSH,14,SF,2,WSH,Final
20120814,mlb,320814101,BOS,1,BAL,7,BAL,Final
20120814,mlb,320814110,TEX,0,NYY,3,NYY,Final
20120814,mlb,320814123,LAD,11,PIT,0,LAD,Final
20120814,mlb,320814114,CHW,3,TOR,2,CHW,Final
20120814,mlb,320814115,SD,0,ATL,6,ATL,Final
20120814,mlb,320814117,NYM,0,CIN,3,CIN,Final
20120814,mlb,320814128,PHI,1,MIA,0,PHI,Final
20120814,mlb,320814116,HOU,10,CHC,1,HOU,Final
20120814,mlb,320814109,DET,8,MIN,4,DET,Final
20120814,mlb,320814124,ARI,2,STL,8,STL,Final
20120814,mlb,320814127,MIL,6,COL,8,COL,Final
20120814,mlb,320814103,CLE,6,LAA,9,LAA,Final
20120814,mlb,320814112,TB,2,SEA,3,SEA,Final
20120814,mlb,320814126,WSH,1,SF,6,SF,Final
20120815,mlb,320815128,PHI,2,MIA,9,MIA,Final
20120815,mlb,320815109,DET,5,MIN,1,DET,Final
20120815,mlb,320815116,HOU,2,CHC,7,CHC,Final
20120815,mlb,320815127,MIL,6,COL,7,COL,Final
20120815,mlb,320815112,TB,0,SEA,1,SEA,Final
20120815,mlb,320815126,WSH,6,SF,4,WSH,Final
20120815,mlb,320815110,TEX,2,NYY,3,NYY,Final
20120815,mlb,320815101,BOS,3,BAL,5,BAL,Final
20120815,mlb,320815123,LAD,9,PIT,3,LAD,Final
20120815,mlb,320815114,CHW,9,TOR,5,CHW,Final
20120815,mlb,320815115,SD,1,ATL,6,ATL,Final
20120815,mlb,320815117,NYM,1,CIN,6,CIN,Final
20120815,mlb,320815124,ARI,2,STL,5,STL,Final
20120815,mlb,320815103,CLE,4,LAA,8,LAA,Final
20120816,mlb,320816110,TEX,10,NYY,6,TEX,Final
20120816,mlb,320816123,LAD,6,PIT,10,PIT,Final
20120816,mlb,320816101,BOS,6,BAL,3,BOS,Final
20120816,mlb,320816114,CHW,7,TOR,2,CHW,Final
20120816,mlb,320816115,SD,0,ATL,6,ATL,Final
20120816,mlb,320816117,NYM,8,CIN,4,NYM,Final
20120816,mlb,320816108,PHI,4,MIL,7,MIL,Final
20120816,mlb,320816124,ARI,2,STL,1,ARI,Final
20120816,mlb,320816127,MIA,3,COL,5,COL,Final
20120816,mlb,320816103,TB,7,LAA,0,TB,Final
20120817,mlb,320817106,BAL,3,DET,5,DET,Final
20120817,mlb,320817110,BOS,4,NYY,6,NYY,Final
20120817,mlb,320817120,NYM,4,WSH,6,WSH,Final
20120817,mlb,320817114,TEX,2,TOR,3,TOR,Final
20120817,mlb,320817117,CHC,3,CIN,7,CIN,Final
20120817,mlb,320817115,LAD,3,ATL,4,ATL,Final/11
20120817,mlb,320817118,ARI,3,HOU,1,ARI,Final
20120817,mlb,320817107,CHW,2,KC,4,KC,Final
20120817,mlb,320817108,PHI,2,MIL,6,MIL,Final
20120817,mlb,320817124,PIT,2,STL,1,PIT,Final
20120817,mlb,320817127,MIA,6,COL,5,MIA,Final
20120817,mlb,320817103,TB,12,LAA,3,TB,Final
20120817,mlb,320817125,SF,10,SD,1,SF,Final
20120817,mlb,320817112,MIN,3,SEA,5,SEA,Final
20120818,mlb,320818114,TEX,2,TOR,1,TEX,Final
20120818,mlb,320818217,CHC,3,CIN,5,CIN,Final
20120818,mlb,320818110,BOS,4,NYY,1,BOS,Final
20120818,mlb,320818124,PIT,4,STL,5,STL,Final
20120818,mlb,320818106,BAL,3,DET,2,BAL,Final
20120818,mlb,320818118,ARI,12,HOU,4,ARI,Final
20120818,mlb,320818120,NYM,2,WSH,0,NYM,Final
20120818,mlb,320818107,CHW,4,KC,9,KC,Final
20120818,mlb,320818108,PHI,4,MIL,3,PHI,Final
20120818,mlb,320818115,LAD,6,ATL,2,LAD,Final
20120818,mlb,320818317,CHC,9,CIN,7,CHC,Final
20120818,mlb,320818127,MIA,6,COL,5,MIA,Final
20120818,mlb,320818125,SF,8,SD,7,SF,Final
20120818,mlb,320818103,TB,10,LAA,8,TB,Final
20120818,mlb,320818112,MIN,2,SEA,3,SEA,Final
20120819,mlb,320819106,BAL,7,DET,5,BAL,Final
20120819,mlb,320819114,TEX,11,TOR,2,TEX,Final
20120819,mlb,320819117,CHC,4,CIN,5,CIN,Final
20120819,mlb,320819115,LAD,5,ATL,0,LAD,Final
20120819,mlb,320819120,NYM,2,WSH,5,WSH,Final
20120819,mlb,320819118,ARI,8,HOU,1,ARI,Final
20120819,mlb,320819107,CHW,2,KC,5,KC,Final
20120819,mlb,320819108,PHI,8,MIL,0,PHI,Final
20120819,mlb,320819124,PIT,6,STL,3,PIT,Final/19
20120819,mlb,320819127,MIA,2,COL,3,COL,Final
20120819,mlb,320819103,TB,8,LAA,3,TB,Final
20120819,mlb,320819125,SF,1,SD,7,SD,Final
20120819,mlb,320819112,MIN,1,SEA,5,SEA,Final
20120819,mlb,320819110,BOS,1,NYY,4,NYY,Final
20120820,mlb,320820120,ATL,4,WSH,5,WSH,Final/13
20120820,mlb,320820122,CIN,5,PHI,12,PHI,Final
20120820,mlb,320820121,COL,3,NYM,1,COL,Final
20120820,mlb,320820130,KC,1,TB,5,TB,Final
20120820,mlb,320820113,BAL,1,TEX,5,TEX,Final
20120820,mlb,320820104,NYY,6,CHW,9,CHW,Final
20120820,mlb,320820108,CHC,5,MIL,9,MIL,Final
20120820,mlb,320820129,MIA,12,ARI,3,MIA,Final
20120820,mlb,320820119,SF,2,LAD,1,SF,Final
20120820,mlb,320820125,PIT,1,SD,3,SD,Final
20120820,mlb,320820112,CLE,3,SEA,5,SEA,Final
20120821,mlb,320821106,TOR,3,DET,5,DET,Final
20120821,mlb,320821120,ATL,1,WSH,4,WSH,Final
20120821,mlb,320821122,CIN,5,PHI,4,CIN,Final
20120821,mlb,320821102,LAA,5,BOS,3,LAA,Final
20120821,mlb,320821121,COL,6,NYM,2,COL,Final
20120821,mlb,320821130,KC,1,TB,0,KC,Final/10
20120821,mlb,320821113,BAL,5,TEX,3,BAL,Final
20120821,mlb,320821104,NYY,3,CHW,7,CHW,Final
20120821,mlb,320821108,CHC,2,MIL,5,MIL,Final
20120821,mlb,320821124,HOU,0,STL,7,STL,Final
20120821,mlb,320821129,MIA,6,ARI,5,MIA,Final/10
20120821,mlb,320821125,PIT,5,SD,7,SD,Final/10
20120821,mlb,320821112,CLE,1,SEA,5,SEA,Final
20120821,mlb,320821119,SF,4,LAD,1,SF,Final
20120822,mlb,320822130,KC,3,TB,5,TB,Final
20120822,mlb,320822108,CHC,2,MIL,3,MIL,Final
20120822,mlb,320822112,CLE,1,SEA,3,SEA,Final
20120822,mlb,320822229,MIA,2,ARI,3,ARI,Final
20120822,mlb,320822125,PIT,2,SD,4,SD,Final
20120822,mlb,320822106,TOR,2,DET,3,DET,Final
20120822,mlb,320822120,ATL,5,WSH,1,ATL,Final
20120822,mlb,320822122,CIN,3,PHI,2,CIN,Final
20120822,mlb,320822102,LAA,7,BOS,3,LAA,Final
20120822,mlb,320822121,COL,5,NYM,2,COL,Final
20120822,mlb,320822104,NYY,1,CHW,2,CHW,Final
20120822,mlb,320822113,BAL,3,TEX,12,TEX,Final
20120822,mlb,320822124,HOU,2,STL,4,STL,Final
20120822,mlb,320822329,MIA,0,ARI,3,ARI,Final
20120822,mlb,320822119,SF,8,LAD,4,SF,Final
20120823,mlb,320823106,TOR,2,DET,3,DET,Final/11
20120823,mlb,320823121,COL,1,NYM,0,COL,Final
20120823,mlb,320823124,HOU,5,STL,13,STL,Final
20120823,mlb,320823122,CIN,3,PHI,4,PHI,Final/11
20120823,mlb,320823102,LAA,14,BOS,13,LAA,Final/10
20120823,mlb,320823113,MIN,6,TEX,10,TEX,Final
20120823,mlb,320823126,ATL,2,SF,5,SF,Final
20120824,mlb,320824116,COL,3,CHC,5,CHC,Final
20120824,mlb,320824101,TOR,4,BAL,6,BAL,Final
20120824,mlb,320824105,NYY,3,CLE,1,NYY,Final
20120824,mlb,320824106,LAA,2,DET,1,LAA,Final
20120824,mlb,320824122,WSH,2,PHI,4,PHI,Final
20120824,mlb,320824123,MIL,6,PIT,5,MIL,Final
20120824,mlb,320824102,KC,3,BOS,4,BOS,Final
20120824,mlb,320824117,STL,8,CIN,5,STL,Final
20120824,mlb,320824121,HOU,3,NYM,1,HOU,Final
20120824,mlb,320824113,MIN,0,TEX,8,TEX,Final
20120824,mlb,320824104,SEA,8,CHW,9,CHW,Final
20120824,mlb,320824129,SD,5,ARI,0,SD,Final
20120824,mlb,320824119,MIA,4,LAD,11,LAD,Final
20120824,mlb,320824126,ATL,3,SF,5,SF,Final
20120825,mlb,320825116,COL,4,CHC,3,COL,Final
20120825,mlb,320825121,HOU,1,NYM,3,NYM,Final
20120825,mlb,320825113,MIN,3,TEX,9,TEX,Final
20120825,mlb,320825117,STL,2,CIN,8,CIN,Final
20120825,mlb,320825126,ATL,7,SF,3,ATL,Final
20120825,mlb,320825101,TOR,2,BAL,8,BAL,Final
20120825,mlb,320825105,NYY,1,CLE,3,CLE,Final
20120825,mlb,320825106,LAA,3,DET,5,DET,Final
20120825,mlb,320825122,WSH,2,PHI,4,PHI,Final
20120825,mlb,320825123,MIL,0,PIT,4,PIT,Final
20120825,mlb,320825102,KC,10,BOS,9,KC,Final/12
20120825,mlb,320825104,SEA,4,CHW,5,CHW,Final
20120825,mlb,320825129,SD,9,ARI,3,SD,Final
20120825,mlb,320825119,MIA,2,LAD,8,LAD,Final
20120826,mlb,320826105,NYY,4,CLE,2,NYY,Final
20120826,mlb,320826106,LAA,2,DET,5,DET,Final
20120826,mlb,320826117,STL,8,CIN,2,STL,Final
20120826,mlb,320826121,HOU,1,NYM,2,NYM,Final
20120826,mlb,320826102,KC,6,BOS,8,BOS,Final
20120826,mlb,320826122,WSH,1,PHI,4,PHI,Final
20120826,mlb,320826123,MIL,7,PIT,0,MIL,Final
20120826,mlb,320826113,MIN,6,TEX,5,MIN,Final
20120826,mlb,320826104,SEA,3,CHW,4,CHW,Final/7
20120826,mlb,320826119,MIA,6,LAD,2,MIA,Final
20120826,mlb,320826129,SD,5,ARI,4,SD,Final
20120826,mlb,320826116,COL,0,CHC,5,CHC,Final/8
20120826,mlb,320826126,ATL,7,SF,1,ATL,Final
20120827,mlb,320827102,KC,1,BOS,5,BOS,Final
20120827,mlb,320827101,CHW,3,BAL,4,BAL,Final
20120827,mlb,320827110,TOR,8,NYY,7,TOR,Final/11
20120827,mlb,320827123,STL,4,PIT,3,STL,Final
20120827,mlb,320827113,TB,5,TEX,6,TEX,Final
20120827,mlb,320827116,MIL,15,CHC,4,MIL,Final
20120827,mlb,320827109,SEA,1,MIN,0,SEA,Final
20120827,mlb,320827127,LAD,0,COL,10,COL,Final
20120827,mlb,320827129,CIN,3,ARI,2,CIN,Final
20120827,mlb,320827125,ATL,0,SD,3,SD,Final
20120828,mlb,320828101,CHW,0,BAL,6,BAL,Final
20120828,mlb,320828110,TOR,1,NYY,2,NYY,Final
20120828,mlb,320828122,NYM,9,PHI,5,NYM,Final/10
20120828,mlb,320828123,STL,0,PIT,9,PIT,Final
20120828,mlb,320828128,WSH,0,MIA,9,MIA,Final
20120828,mlb,320828113,TB,0,TEX,1,TEX,Final
20120828,mlb,320828116,MIL,4,CHC,1,MIL,Final
20120828,mlb,320828118,SF,3,HOU,2,SF,Final
20120828,mlb,320828107,DET,8,KC,9,KC,Final
20120828,mlb,320828109,SEA,5,MIN,2,SEA,Final
20120828,mlb,320828127,LAD,4,COL,8,COL,Final
20120828,mlb,320828129,CIN,5,ARI,2,CIN,Final
20120828,mlb,320828103,BOS,5,LAA,6,LAA,Final
20120828,mlb,320828125,ATL,2,SD,0,ATL,Final
20120829,mlb,320829110,TOR,8,NYY,5,TOR,Final
20120829,mlb,320829127,LAD,10,COL,8,LAD,Final
20120829,mlb,320829129,CIN,6,ARI,2,CIN,Final
20120829,mlb,320829125,ATL,2,SD,8,SD,Final
20120829,mlb,320829123,STL,0,PIT,5,PIT,Final
20120829,mlb,320829101,CHW,8,BAL,1,CHW,Final
20120829,mlb,320829113,TB,8,TEX,4,TB,Final
20120829,mlb,320829122,NYM,3,PHI,2,NYM,Final
20120829,mlb,320829128,WSH,8,MIA,4,WSH,Final
20120829,mlb,320829116,MIL,3,CHC,1,MIL,Final
20120829,mlb,320829118,SF,6,HOU,4,SF,Final
20120829,mlb,320829107,DET,0,KC,1,KC,Final
20120829,mlb,320829109,SEA,0,MIN,10,MIN,Final
20120829,mlb,320829103,BOS,3,LAA,10,LAA,Final
20120830,mlb,320830101,CHW,3,BAL,5,BAL,Final
20120830,mlb,320830122,NYM,2,PHI,3,PHI,Final
20120830,mlb,320830109,SEA,5,MIN,4,SEA,Final
20120830,mlb,320830116,MIL,11,CHC,12,CHC,Final
20120830,mlb,320830120,STL,1,WSH,8,WSH,Final
20120830,mlb,320830114,TB,0,TOR,2,TOR,Final
20120830,mlb,320830118,SF,8,HOU,4,SF,Final
20120830,mlb,320830107,DET,1,KC,2,KC,Final
20120830,mlb,320830103,BOS,2,LAA,5,LAA,Final
20120830,mlb,320830119,ARI,2,LAD,0,ARI,Final
20120831,mlb,320831116,SF,4,CHC,6,CHC,Final
20120831,mlb,320831105,TEX,5,CLE,3,TEX,Final
20120831,mlb,320831106,CHW,4,DET,7,DET,Final
20120831,mlb,320831110,BAL,6,NYY,1,BAL,Final
20120831,mlb,320831120,STL,0,WSH,10,WSH,Final
20120831,mlb,320831114,TB,1,TOR,2,TOR,Final
20120831,mlb,320831128,NYM,3,MIA,0,NYM,Final
20120831,mlb,320831115,PHI,8,ATL,5,PHI,Final/10
20120831,mlb,320831118,CIN,9,HOU,3,CIN,Final
20120831,mlb,320831108,PIT,3,MIL,9,MIL,Final
20120831,mlb,320831127,SD,5,COL,4,SD,Final
20120831,mlb,320831112,LAA,9,SEA,1,LAA,Final
20120831,mlb,320831119,ARI,4,LAD,3,ARI,Final/11
20120901,mlb,320901110,BAL,3,NYY,4,NYY,Final
20120901,mlb,320901116,SF,5,CHC,2,SF,Final
20120901,mlb,320901114,TB,5,TOR,4,TB,Final
20120901,mlb,320901112,LAA,5,SEA,2,LAA,Final
20120901,mlb,320901115,PHI,5,ATL,1,PHI,Final
20120901,mlb,320901120,STL,10,WSH,9,STL,Final
20120901,mlb,320901207,MIN,3,KC,1,MIN,Final
20120901,mlb,320901105,TEX,3,CLE,4,CLE,Final
20120901,mlb,320901106,CHW,1,DET,5,DET,Final
20120901,mlb,320901118,CIN,1,HOU,2,HOU,Final
20120901,mlb,320901108,PIT,2,MIL,3,MIL,Final
20120901,mlb,320901128,NYM,5,MIA,3,NYM,Final
20120901,mlb,320901307,MIN,8,KC,7,MIN,Final
20120901,mlb,320901127,SD,1,COL,9,COL,Final
20120901,mlb,320901119,ARI,1,LAD,2,LAD,Final
20120902,mlb,320902105,TEX,8,CLE,3,TEX,Final
20120902,mlb,320902110,BAL,8,NYY,3,BAL,Final
20120902,mlb,320902114,TB,9,TOR,4,TB,Final
20120902,mlb,320902128,NYM,5,MIA,1,NYM,Final
20120902,mlb,320902120,STL,3,WSH,4,WSH,Final
20120902,mlb,320902118,CIN,5,HOU,3,CIN,Final
20120902,mlb,320902107,MIN,4,KC,6,KC,Final
20120902,mlb,320902108,PIT,8,MIL,12,MIL,Final
20120902,mlb,320902116,SF,7,CHC,5,SF,Final
20120902,mlb,320902127,SD,10,COL,11,COL,Final
20120902,mlb,320902112,LAA,1,SEA,2,SEA,Final
20120902,mlb,320902119,ARI,4,LAD,5,LAD,Final
20120902,mlb,320902115,PHI,7,ATL,8,ATL,Final
20120902,mlb,320902106,CHW,2,DET,4,DET,Final
20120903,mlb,320903106,CLE,3,DET,2,CLE,Final
20120903,mlb,320903120,CHC,1,WSH,2,WSH,Final
20120903,mlb,320903114,BAL,4,TOR,0,BAL,Final
20120903,mlb,320903115,COL,1,ATL,6,ATL,Final
20120903,mlb,320903117,PHI,4,CIN,2,PHI,Final
20120903,mlb,320903128,MIL,3,MIA,7,MIA,Final
20120903,mlb,320903130,NYY,3,TB,4,TB,Final
20120903,mlb,320903123,HOU,5,PIT,1,HOU,Final
20120903,mlb,320903107,TEX,8,KC,4,TEX,Final
20120903,mlb,320903124,NYM,4,STL,5,STL,Final
20120903,mlb,320903126,ARI,8,SF,9,SF,Final/10
20120903,mlb,320903112,BOS,1,SEA,4,SEA,Final
20120903,mlb,320903104,MIN,2,CHW,4,CHW,Final
20120903,mlb,320903119,SD,3,LAD,4,LAD,Final/11
20120904,mlb,320904130,NYY,2,TB,5,TB,Final
20120904,mlb,320904106,CLE,3,DET,2,CLE,Final
20120904,mlb,320904120,CHC,5,WSH,11,WSH,Final
20120904,mlb,320904123,HOU,2,PIT,6,PIT,Final
20120904,mlb,320904114,BAL,12,TOR,0,BAL,Final
20120904,mlb,320904115,COL,6,ATL,0,COL,Final
20120904,mlb,320904117,PHI,1,CIN,2,CIN,Final
20120904,mlb,320904128,MIL,8,MIA,4,MIL,Final
20120904,mlb,320904104,MIN,18,CHW,9,MIN,Final
20120904,mlb,320904107,TEX,3,KC,6,KC,Final
20120904,mlb,320904124,NYM,1,STL,5,STL,Final
20120904,mlb,320904119,SD,6,LAD,3,SD,Final/11
20120904,mlb,320904112,BOS,4,SEA,3,BOS,Final
20120904,mlb,320904126,ARI,8,SF,6,ARI,Final/11
20120905,mlb,320905117,PHI,6,CIN,2,PHI,Final
20120905,mlb,320905124,NYM,6,STL,2,NYM,Final
20120905,mlb,320905104,MIN,2,CHW,6,CHW,Final
20120905,mlb,320905106,CLE,1,DET,7,DET,Final
20120905,mlb,320905120,CHC,1,WSH,9,WSH,Final
20120905,mlb,320905123,HOU,3,PIT,6,PIT,Final
20120905,mlb,320905114,BAL,4,TOR,6,TOR,Final
20120905,mlb,320905115,COL,0,ATL,1,ATL,Final
20120905,mlb,320905128,MIL,8,MIA,5,MIL,Final
20120905,mlb,320905130,NYY,6,TB,4,NYY,Final
20120905,mlb,320905107,TEX,7,KC,6,TEX,Final
20120905,mlb,320905112,BOS,1,SEA,2,SEA,Final
20120905,mlb,320905119,SD,4,LAD,3,SD,Final
20120905,mlb,320905126,ARI,6,SF,2,ARI,Final
20120906,mlb,320906115,COL,0,ATL,1,ATL,Final
20120906,mlb,320906128,MIL,2,MIA,6,MIA,Final
20120906,mlb,320906101,NYY,6,BAL,10,BAL,Final
20120906,mlb,320906120,CHC,2,WSH,9,WSH,Final
20120906,mlb,320906107,TEX,5,KC,4,TEX,Final/10
20120907,mlb,320907101,NYY,8,BAL,5,NYY,Final
20120907,mlb,320907120,MIA,9,WSH,7,MIA,Final/10
20120907,mlb,320907122,COL,2,PHI,3,PHI,Final
20120907,mlb,320907123,CHC,12,PIT,2,CHC,Final
20120907,mlb,320907102,TOR,7,BOS,5,TOR,Final
20120907,mlb,320907117,HOU,5,CIN,3,HOU,Final
20120907,mlb,320907121,ATL,3,NYM,0,ATL,Final
20120907,mlb,320907130,TEX,1,TB,3,TB,Final/11
20120907,mlb,320907104,KC,7,CHW,5,KC,Final
20120907,mlb,320907109,CLE,7,MIN,6,CLE,Final
20120907,mlb,320907124,MIL,5,STL,4,MIL,Final/13
20120907,mlb,320907103,DET,2,LAA,3,LAA,Final
20120907,mlb,320907125,ARI,5,SD,6,SD,Final
20120907,mlb,320907126,LAD,2,SF,5,SF,Final
20120908,mlb,320908120,MIA,6,WSH,7,WSH,Final/10
20120908,mlb,320908104,KC,4,CHW,5,CHW,Final
20120908,mlb,320908121,ATL,11,NYM,3,ATL,Final
20120908,mlb,320908126,LAD,3,SF,2,LAD,Final
20120908,mlb,320908101,NYY,4,BAL,5,BAL,Final
20120908,mlb,320908123,CHC,4,PIT,3,CHC,Final
20120908,mlb,320908102,TOR,9,BOS,2,TOR,Final
20120908,mlb,320908109,CLE,0,MIN,3,MIN,Final
20120908,mlb,320908117,HOU,1,CIN,5,CIN,Final
20120908,mlb,320908130,TEX,4,TB,2,TEX,Final/10
20120908,mlb,320908124,MIL,6,STL,3,MIL,Final
20120908,mlb,320908125,ARI,8,SD,5,ARI,Final
20120908,mlb,320908103,DET,1,LAA,6,LAA,Final
20120909,mlb,320909222,COL,2,PHI,3,PHI,Final
20120909,mlb,320909117,HOU,5,CIN,1,HOU,Final
20120909,mlb,320909121,ATL,3,NYM,2,ATL,Final/10
20120909,mlb,320909101,NYY,13,BAL,3,NYY,Final
20120909,mlb,320909102,TOR,4,BOS,3,TOR,Final
20120909,mlb,320909120,MIA,8,WSH,0,MIA,Final
20120909,mlb,320909123,CHC,4,PIT,2,CHC,Final
20120909,mlb,320909130,TEX,0,TB,6,TB,Final
20120909,mlb,320909104,KC,2,CHW,1,KC,Final/10
20120909,mlb,320909109,CLE,7,MIN,8,MIN,Final
20120909,mlb,320909124,MIL,4,STL,5,STL,Final/10
20120909,mlb,320909103,DET,2,LAA,3,LAA,Final
20120909,mlb,320909125,ARI,2,SD,8,SD,Final
20120909,mlb,320909322,COL,4,PHI,7,PHI,Final
20120909,mlb,320909126,LAD,0,SF,4,SF,Final
20120910,mlb,320910122,MIA,1,PHI,3,PHI,Final
20120910,mlb,320910117,PIT,3,CIN,4,CIN,Final/14
20120910,mlb,320910121,WSH,5,NYM,1,WSH,Final
20120910,mlb,320910118,CHC,4,HOU,1,CHC,Final
20120910,mlb,320910104,DET,1,CHW,6,CHW,Final
20120910,mlb,320910109,CLE,2,MIN,7,MIN,Final
20120910,mlb,400745256,ATL,1,MIL,4,MIL,Final
20120910,mlb,320910127,SF,5,COL,6,COL,Final
20120910,mlb,320910125,STL,3,SD,11,SD,Final
20120911,mlb,320911101,TB,2,BAL,9,BAL,Final
20120911,mlb,320911122,MIA,7,PHI,9,PHI,Final
20120911,mlb,320911114,SEA,4,TOR,3,SEA,Final
20120911,mlb,320911102,NYY,3,BOS,4,BOS,Final
20120911,mlb,320911117,PIT,3,CIN,5,CIN,Final
20120911,mlb,320911121,WSH,5,NYM,3,WSH,Final
20120911,mlb,320911113,CLE,4,TEX,6,TEX,Final
20120911,mlb,320911118,CHC,0,HOU,1,HOU,Final
20120911,mlb,320911104,DET,5,CHW,3,DET,Final
20120911,mlb,320911108,ATL,0,MIL,5,MIL,Final
20120911,mlb,320911109,KC,9,MIN,1,KC,Final
20120911,mlb,320911127,SF,9,COL,8,SF,Final
20120911,mlb,320911129,LAD,0,ARI,1,ARI,Final
20120911,mlb,320911125,STL,4,SD,6,SD,Final
20120912,mlb,320912122,MIA,1,PHI,3,PHI,Final
20120912,mlb,320912125,STL,2,SD,3,SD,Final
20120912,mlb,320912101,TB,2,BAL,3,BAL,Final
20120912,mlb,320912102,NYY,5,BOS,4,NYY,Final
20120912,mlb,320912114,SEA,3,TOR,2,SEA,Final
20120912,mlb,320912117,PIT,1,CIN,2,CIN,Final
20120912,mlb,320912121,WSH,2,NYM,0,WSH,Final
20120912,mlb,320912113,CLE,2,TEX,5,TEX,Final
20120912,mlb,320912118,CHC,5,HOU,1,CHC,Final
20120912,mlb,320912104,DET,8,CHW,6,DET,Final
20120912,mlb,320912108,ATL,2,MIL,8,MIL,Final
20120912,mlb,320912109,KC,10,MIN,5,KC,Final
20120912,mlb,320912127,SF,8,COL,3,SF,Final
20120912,mlb,320912129,LAD,2,ARI,3,ARI,Final
20120913,mlb,320913101,TB,2,BAL,3,BAL,Final/14
20120913,mlb,320913114,SEA,3,TOR,8,TOR,Final
20120913,mlb,320913102,NYY,2,BOS,0,NYY,Final
20120913,mlb,320913113,CLE,5,TEX,4,CLE,Final
20120913,mlb,320913118,PHI,4,HOU,6,HOU,Final
20120913,mlb,320913109,KC,3,MIN,4,MIN,Final/10
20120913,mlb,320913119,STL,2,LAD,1,STL,Final
20120914,mlb,320914116,PIT,4,CHC,7,CHC,Final
20120914,mlb,320914105,DET,4,CLE,0,DET,Final
20120914,mlb,320914110,TB,6,NYY,4,TB,Final
20120914,mlb,320914114,BOS,8,TOR,5,BOS,Final
20120914,mlb,320914128,CIN,0,MIA,4,MIA,Final
20120914,mlb,320914115,WSH,1,ATL,2,ATL,Final
20120914,mlb,320914113,SEA,3,TEX,9,TEX,Final
20120914,mlb,320914118,PHI,12,HOU,6,PHI,Final
20120914,mlb,320914107,LAA,9,KC,7,LAA,Final
20120914,mlb,320914108,NYM,7,MIL,3,NYM,Final
20120914,mlb,320914109,CHW,6,MIN,0,CHW,Final
20120914,mlb,320914129,SF,6,ARI,2,SF,Final
20120914,mlb,320914125,COL,7,SD,4,COL,Final
20120914,mlb,320914119,STL,5,LAD,8,LAD,Final
20120915,mlb,320915116,PIT,7,CHC,6,PIT,Final
20120915,mlb,320915114,BOS,3,TOR,2,BOS,Final
20120915,mlb,320915109,CHW,5,MIN,3,CHW,Final
20120915,mlb,320915105,DET,5,CLE,3,DET,Final
20120915,mlb,320915110,TB,3,NYY,5,NYY,Final
20120915,mlb,320915115,WSH,4,ATL,5,ATL,Final
20120915,mlb,320915118,PHI,0,HOU,5,HOU,Final
20120915,mlb,320915107,LAA,2,KC,3,KC,Final
20120915,mlb,320915108,NYM,6,MIL,9,MIL,Final
20120915,mlb,320915128,CIN,4,MIA,6,MIA,Final
20120915,mlb,320915113,SEA,8,TEX,6,SEA,Final
20120915,mlb,320915129,SF,3,ARI,2,SF,Final
20120915,mlb,320915125,COL,3,SD,4,SD,Final
20120915,mlb,320915119,STL,3,LAD,4,LAD,Final
20120916,mlb,320916110,TB,4,NYY,6,NYY,Final
20120916,mlb,320916114,BOS,0,TOR,5,TOR,Final
20120916,mlb,320916128,CIN,5,MIA,4,CIN,Final/11
20120916,mlb,320916118,PHI,6,HOU,7,HOU,Final
20120916,mlb,320916107,LAA,4,KC,3,LAA,Final
20120916,mlb,320916108,NYM,0,MIL,3,MIL,Final
20120916,mlb,320916109,CHW,9,MIN,2,CHW,Final
20120916,mlb,320916116,PIT,9,CHC,13,CHC,Final
20120916,mlb,320916105,DET,6,CLE,7,CLE,Final
20120916,mlb,320916113,SEA,1,TEX,2,TEX,Final
20120916,mlb,320916125,COL,11,SD,12,SD,Final
20120916,mlb,320916119,STL,5,LAD,2,STL,Final/12
20120916,mlb,320916129,SF,2,ARI,10,ARI,Final
20120916,mlb,320916115,WSH,1,ATL,5,ATL,Final
20120917,mlb,320917104,DET,4,CHW,5,CHW,Final
20120917,mlb,320917121,PHI,3,NYM,1,PHI,Final
20120917,mlb,320917128,ATL,7,MIA,5,ATL,Final
20120917,mlb,320917130,BOS,5,TB,2,BOS,Final
20120917,mlb,320917116,PIT,3,CHC,0,PIT,Final
20120917,mlb,320917112,BAL,10,SEA,4,BAL,Final
20120917,mlb,320917126,COL,1,SF,2,SF,Final
20120918,mlb,320918105,MIN,6,CLE,5,MIN,Final/12
20120918,mlb,320918123,MIL,6,PIT,0,MIL,Final
20120918,mlb,320918128,ATL,3,MIA,4,MIA,Final/10
20120918,mlb,320918130,BOS,7,TB,5,BOS,Final
20120918,mlb,320918116,CIN,3,CHC,1,CIN,Final
20120918,mlb,320918107,CHW,3,KC,2,CHW,Final
20120918,mlb,320918124,HOU,1,STL,4,STL,Final
20120918,mlb,320918129,SD,2,ARI,3,ARI,Final
20120918,mlb,320918103,TEX,3,LAA,11,LAA,Final
20120918,mlb,320918112,BAL,4,SEA,2,BAL,Final/18
20120918,mlb,400745311,COL,3,SF,6,SF,Final
20120919,mlb,320919210,TOR,2,NYY,4,NYY,Final
20120919,mlb,320919220,LAD,1,WSH,3,WSH,Final
20120919,mlb,320919105,MIN,6,CLE,4,MIN,Final
20120919,mlb,320919123,MIL,3,PIT,1,MIL,Final
20120919,mlb,320919310,TOR,1,NYY,2,NYY,Final
20120919,mlb,320919320,LAD,7,WSH,6,LAD,Final
20120919,mlb,320919121,PHI,3,NYM,2,PHI,Final
20120919,mlb,320919128,ATL,3,MIA,0,ATL,Final
20120919,mlb,320919130,BOS,3,TB,13,TB,Final
20120919,mlb,320919116,CIN,6,CHC,5,CIN,Final/11
20120919,mlb,320919107,CHW,0,KC,3,KC,Final
20120919,mlb,320919124,HOU,0,STL,5,STL,Final
20120919,mlb,320919129,SD,2,ARI,6,ARI,Final
20120919,mlb,320919103,TEX,6,LAA,2,TEX,Final
20120919,mlb,320919112,BAL,3,SEA,1,BAL,Final/11
20120919,mlb,320919126,COL,1,SF,7,SF,Final
20120920,mlb,320920105,MIN,3,CLE,4,CLE,Final/10
20120920,mlb,320920124,HOU,4,STL,5,STL,Final
20120920,mlb,320920116,CIN,5,CHC,3,CIN,Final
20120920,mlb,320920129,SD,6,ARI,5,SD,Final
20120920,mlb,320920126,COL,2,SF,9,SF,Final
20120920,mlb,320920123,MIL,9,PIT,7,MIL,Final
20120920,mlb,320920110,TOR,7,NYY,10,NYY,Final
20120920,mlb,320920120,LAD,1,WSH,4,WSH,Final
20120920,mlb,320920121,PHI,16,NYM,1,PHI,Final
20120920,mlb,320920130,BOS,4,TB,7,TB,Final
20120920,mlb,320920107,CHW,3,KC,4,KC,Final
20120920,mlb,320920103,TEX,3,LAA,1,TEX,Final
20120921,mlb,320921116,STL,4,CHC,5,CHC,Final/11
20120921,mlb,320921120,MIL,4,WSH,2,MIL,Final
20120921,mlb,320921122,ATL,2,PHI,6,PHI,Final
20120921,mlb,320921102,BAL,4,BOS,2,BAL,Final
20120921,mlb,320921117,LAD,3,CIN,1,LAD,Final/10
20120921,mlb,320921121,MIA,3,NYM,7,NYM,Final
20120921,mlb,320921130,TOR,1,TB,12,TB,Final
20120921,mlb,320921118,PIT,1,HOU,7,HOU,Final
20120921,mlb,320921107,CLE,3,KC,6,KC,Final
20120921,mlb,320921127,ARI,15,COL,5,ARI,Final
20120921,mlb,320921103,CHW,2,LAA,6,LAA,Final
20120921,mlb,320921112,TEX,3,SEA,6,SEA,Final
20120921,mlb,320921126,SD,1,SF,5,SF,Final
20120922,mlb,320922116,STL,5,CHC,4,STL,Final/10
20120922,mlb,320922120,MIL,4,WSH,10,WSH,Final
20120922,mlb,320922102,BAL,9,BOS,6,BAL,Final/12
20120922,mlb,320922121,MIA,3,NYM,4,NYM,Final
20120922,mlb,320922106,MIN,0,DET,8,DET,Final
20120922,mlb,320922117,LAD,0,CIN,6,CIN,Final
20120922,mlb,320922122,ATL,8,PHI,2,ATL,Final
20120922,mlb,320922118,PIT,1,HOU,4,HOU,Final
20120922,mlb,320922107,CLE,3,KC,5,KC,Final
20120922,mlb,320922130,TOR,5,TB,11,TB,Final
20120922,mlb,320922127,ARI,8,COL,7,ARI,Final
20120922,mlb,320922103,CHW,2,LAA,4,LAA,Final
20120922,mlb,320922126,SD,4,SF,8,SF,Final
20120922,mlb,320922112,TEX,0,SEA,1,SEA,Final
20120923,mlb,320923206,MIN,10,DET,4,MIN,Final
20120923,mlb,320923121,MIA,2,NYM,3,NYM,Final
20120923,mlb,320923102,BAL,1,BOS,2,BOS,Final
20120923,mlb,320923120,MIL,6,WSH,2,MIL,Final
20120923,mlb,320923122,ATL,2,PHI,1,ATL,Final
20120923,mlb,320923130,TOR,0,TB,3,TB,Final
20120923,mlb,320923118,PIT,8,HOU,1,PIT,Final
20120923,mlb,320923107,CLE,15,KC,4,CLE,Final
20120923,mlb,320923116,STL,6,CHC,3,STL,Final
20120923,mlb,320923127,ARI,10,COL,7,ARI,Final
20120923,mlb,320923103,CHW,1,LAA,4,LAA,Final
20120923,mlb,320923126,SD,6,SF,4,SD,Final
20120923,mlb,320923112,TEX,3,SEA,2,TEX,Final
20120923,mlb,320923306,MIN,2,DET,1,MIN,Final/10
20120923,mlb,320923117,LAD,5,CIN,3,LAD,Final
20120924,mlb,320924120,MIL,2,WSH,12,WSH,Final
20120924,mlb,320924201,TOR,1,BAL,4,BAL,Final
20120924,mlb,320924106,KC,2,DET,6,DET,Final
20120924,mlb,320924121,PIT,2,NYM,6,NYM,Final
20120924,mlb,320924301,TOR,9,BAL,5,TOR,Final
20120924,mlb,320924118,STL,6,HOU,1,STL,Final
20120924,mlb,320924104,CLE,4,CHW,5,CHW,Final
20120924,mlb,320924109,NYY,6,MIN,3,NYY,Final
20120924,mlb,320924127,ARI,2,COL,4,COL,Final
20120925,mlb,320925104,CLE,4,CHW,3,CLE,Final
20120925,mlb,320925101,TOR,4,BAL,0,TOR,Final
20120925,mlb,320925106,KC,0,DET,2,DET,Final
20120925,mlb,320925122,WSH,3,PHI,6,PHI,Final
20120925,mlb,320925102,TB,5,BOS,2,TB,Final
20120925,mlb,320925115,MIA,3,ATL,4,ATL,Final
20120925,mlb,320925117,MIL,2,CIN,4,CIN,Final
20120925,mlb,320925121,PIT,10,NYM,6,PIT,Final
20120925,mlb,320925118,STL,4,HOU,0,STL,Final
20120925,mlb,320925109,NYY,4,MIN,5,MIN,Final
20120925,mlb,320925127,CHC,5,COL,10,COL,Final/7
20120925,mlb,320925103,SEA,4,LAA,5,LAA,Final
20120925,mlb,320925125,LAD,1,SD,2,SD,Final
20120925,mlb,320925126,ARI,7,SF,2,ARI,Final
20120926,mlb,320926109,NYY,8,MIN,2,NYY,Final
20120926,mlb,320926125,LAD,8,SD,2,LAD,Final
20120926,mlb,320926122,WSH,8,PHI,4,WSH,Final
20120926,mlb,320926101,TOR,2,BAL,12,BAL,Final
20120926,mlb,320926106,KC,4,DET,5,DET,Final
20120926,mlb,320926102,TB,4,BOS,2,TB,Final
20120926,mlb,320926115,MIA,0,ATL,3,ATL,Final
20120926,mlb,320926117,MIL,8,CIN,1,MIL,Final
20120926,mlb,320926121,PIT,0,NYM,6,NYM,Final
20120926,mlb,320926118,STL,0,HOU,2,HOU,Final
20120926,mlb,320926104,CLE,6,CHW,4,CLE,Final
20120926,mlb,320926127,CHC,0,COL,6,COL,Final
20120926,mlb,320926103,SEA,3,LAA,4,LAA,Final
20120926,mlb,320926126,ARI,0,SF,6,SF,Final
20120927,mlb,320927117,MIL,1,CIN,2,CIN,Final
20120927,mlb,320927106,KC,4,DET,5,DET,Final
20120927,mlb,320927121,PIT,5,NYM,6,NYM,Final
20120927,mlb,320927127,CHC,5,COL,7,COL,Final
20120927,mlb,320927103,SEA,9,LAA,4,SEA,Final
20120927,mlb,320927126,ARI,3,SF,7,SF,Final
20120927,mlb,320927122,WSH,7,PHI,3,WSH,Final
20120927,mlb,320927114,NYY,0,TOR,6,TOR,Final
20120927,mlb,320927115,MIA,2,ATL,6,ATL,Final
20120927,mlb,320927104,TB,3,CHW,2,TB,Final
20120927,mlb,320927125,LAD,8,SD,4,LAD,Final
20120928,mlb,320928101,BOS,1,BAL,9,BAL,Final
20120928,mlb,320928105,KC,5,CLE,8,CLE,Final
20120928,mlb,320928123,CIN,1,PIT,0,CIN,Final
20120928,mlb,320928114,NYY,11,TOR,4,NYY,Final
20120928,mlb,320928128,PHI,1,MIA,2,MIA,Final
20120928,mlb,320928115,NYM,3,ATL,1,NYM,Final
20120928,mlb,320928113,LAA,7,TEX,4,LAA,Final
20120928,mlb,320928104,TB,1,CHW,3,CHW,Final
20120928,mlb,320928108,HOU,7,MIL,6,HOU,Final
20120928,mlb,320928109,DET,2,MIN,4,MIN,Final
20120928,mlb,320928124,WSH,2,STL,12,STL,Final
20120928,mlb,320928129,CHC,3,ARI,8,ARI,Final
20120928,mlb,320928125,SF,3,SD,1,SF,Final
20120928,mlb,320928119,COL,0,LAD,8,LAD,Final
20120929,mlb,320929114,NYY,2,TOR,3,TOR,Final
20120929,mlb,320929104,TB,10,CHW,4,TB,Final
20120929,mlb,320929109,DET,6,MIN,4,DET,Final
20120929,mlb,320929101,BOS,3,BAL,4,BAL,Final
20120929,mlb,320929105,KC,7,CLE,6,KC,Final/14
20120929,mlb,320929123,CIN,1,PIT,2,PIT,Final
20120929,mlb,320929108,HOU,5,MIL,9,MIL,Final
20120929,mlb,320929115,NYM,0,ATL,2,ATL,Final
20120929,mlb,320929128,PHI,9,MIA,5,PHI,Final
20120929,mlb,320929124,WSH,6,STL,4,WSH,Final/10
20120929,mlb,320929129,CHC,2,ARI,8,ARI,Final
20120929,mlb,320929125,SF,3,SD,7,SD,Final
20120929,mlb,320929119,COL,0,LAD,3,LAD,Final
20120930,mlb,320930105,KC,3,CLE,15,CLE,Final
20120930,mlb,320930213,LAA,5,TEX,4,LAA,Final
20120930,mlb,320930114,NYY,9,TOR,6,NYY,Final
20120930,mlb,320930128,PHI,4,MIA,1,PHI,Final
20120930,mlb,320930101,BOS,3,BAL,6,BAL,Final
20120930,mlb,320930115,NYM,2,ATL,6,ATL,Final
20120930,mlb,320930123,CIN,4,PIT,3,CIN,Final
20120930,mlb,320930104,TB,6,CHW,2,TB,Final
20120930,mlb,320930108,HOU,7,MIL,0,HOU,Final
20120930,mlb,320930109,DET,2,MIN,1,DET,Final
20120930,mlb,320930124,WSH,4,STL,10,STL,Final
20120930,mlb,320930125,SF,7,SD,5,SF,Final
20120930,mlb,320930119,COL,1,LAD,7,LAD,Final
20120930,mlb,320930129,CHC,7,ARI,2,CHC,Final
20120930,mlb,320930313,LAA,7,TEX,8,TEX,Final
20121001,mlb,321001105,CHW,11,CLE,0,CHW,Final
20121001,mlb,321001110,BOS,2,NYY,10,NYY,Final
20121001,mlb,321001120,PHI,2,WSH,0,PHI,Final
20121001,mlb,321001123,ATL,1,PIT,2,PIT,Final
20121001,mlb,321001114,MIN,5,TOR,6,TOR,Final/10
20121001,mlb,321001128,NYM,2,MIA,3,MIA,Final
20121001,mlb,321001130,BAL,3,TB,5,TB,Final
20121001,mlb,321001116,HOU,3,CHC,0,HOU,Final
20121001,mlb,321001107,DET,6,KC,3,DET,Final
20121001,mlb,321001108,SD,3,MIL,5,MIL,Final
20121001,mlb,321001124,CIN,2,STL,4,STL,Final
20121001,mlb,321001129,COL,7,ARI,5,COL,Final/13
20121001,mlb,321001112,LAA,8,SEA,4,LAA,Final
20121001,mlb,321001119,SF,2,LAD,3,LAD,Final
20121002,mlb,321002105,CHW,3,CLE,4,CLE,Final/12
20121002,mlb,321002110,BOS,3,NYY,4,NYY,Final/12
20121002,mlb,321002120,PHI,2,WSH,4,WSH,Final
20121002,mlb,321002123,ATL,1,PIT,5,PIT,Final
20121002,mlb,321002114,MIN,3,TOR,4,TOR,Final
20121002,mlb,321002128,NYM,3,MIA,4,MIA,Final/11
20121002,mlb,321002130,BAL,1,TB,0,BAL,Final
20121002,mlb,321002116,HOU,3,CHC,0,HOU,Final
20121002,mlb,321002107,DET,2,KC,4,KC,Final
20121002,mlb,321002108,SD,3,MIL,4,MIL,Final
20121002,mlb,321002124,CIN,3,STL,1,CIN,Final
20121002,mlb,321002129,COL,3,ARI,5,ARI,Final
20121002,mlb,321002112,LAA,1,SEA,6,SEA,Final
20121002,mlb,321002119,SF,4,LAD,3,SF,Final
20121003,mlb,321003123,ATL,4,PIT,0,ATL,Final
20121003,mlb,321003120,PHI,1,WSH,5,WSH,Final
20121003,mlb,321003116,HOU,4,CHC,5,CHC,Final
20121003,mlb,321003128,NYM,4,MIA,2,NYM,Final
20121003,mlb,321003112,LAA,0,SEA,12,SEA,Final
20121003,mlb,321003110,BOS,2,NYY,14,NYY,Final
20121003,mlb,321003130,BAL,1,TB,4,TB,Final
20121003,mlb,321003105,CHW,9,CLE,0,CHW,Final
20121003,mlb,321003114,MIN,1,TOR,2,TOR,Final
20121003,mlb,321003129,COL,2,ARI,1,COL,Final
20121003,mlb,321003119,SF,1,LAD,5,LAD,Final
20121003,mlb,321003107,DET,1,KC,0,DET,Final
20121003,mlb,321003108,SD,7,MIL,6,SD,Final
20121003,mlb,321003124,CIN,0,STL,1,STL,Final
20121005,mlb,400745429,STL,6,ATL,3,STL,Final
20121005,mlb,400652558,BAL,5,TEX,1,BAL,Final
20121006,mlb,400745430,CIN,5,SF,2,CIN,Final
20121007,mlb,400745432,WSH,3,STL,2,WSH,Final
20121007,mlb,400652560,NYY,7,BAL,2,NYY,Final
20121007,mlb,400745431,CIN,9,SF,0,CIN,Final
20121008,mlb,400745433,WSH,4,STL,12,STL,Final
20121008,mlb,400652562,NYY,2,BAL,3,BAL,Final
20121009,mlb,400745434,SF,2,CIN,1,SF,Final/10
20121010,mlb,400745436,STL,8,WSH,0,STL,Final
20121010,mlb,400745435,SF,8,CIN,3,SF,Final
20121010,mlb,400652564,BAL,2,NYY,3,NYY,Final/12
20121011,mlb,400745437,SF,6,CIN,4,SF,Final
20121011,mlb,400745438,STL,1,WSH,2,WSH,Final
20121011,mlb,400652566,BAL,2,NYY,1,BAL,Final/13
20121012,mlb,400652568,BAL,1,NYY,3,NYY,Final
20121012,mlb,400745439,STL,9,WSH,7,STL,Final
20121013,mlb,400652569,DET,6,NYY,4,DET,Final/12
20121014,mlb,400652570,DET,3,NYY,0,DET,Final
20121014,mlb,400745440,STL,6,SF,4,STL,Final
20121015,mlb,400745441,STL,1,SF,7,SF,Final
20121016,mlb,400652571,NYY,1,DET,2,DET,Final
20121017,mlb,400745442,SF,1,STL,3,STL,Final
20121018,mlb,400652572,NYY,1,DET,8,DET,Final
20121018,mlb,400745443,SF,3,STL,8,STL,Final
20121019,mlb,400745444,SF,5,STL,0,SF,Final
20121021,mlb,400745445,STL,1,SF,6,SF,Final
20121022,mlb,400745446,STL,0,SF,9,SF,Final
20121024,mlb,400703286,DET,3,SF,8,SF,Final
20121025,mlb,400703287,DET,0,SF,2,SF,Final
20121027,mlb,400703288,SF,2,DET,0,SF,Final
20121028,mlb,400703289,SF,4,DET,3,SF,Final/10
