date,league,game_id,away_team,away_score,home_team,home_score,winner,status
20130318,mlb,400698459,NYM,3,STL,2,NYM,Final
20130331,mlb,330331118,TEX,2,HOU,8,HOU,Final
20130401,mlb,330401110,BOS,8,NYY,2,BOS,Final
20130401,mlb,330401120,MIA,0,WSH,2,WSH,Final
20130401,mlb,330401121,SD,2,NYM,11,NYM,Final
20130401,mlb,330401123,CHC,3,PIT,1,CHC,Final
20130401,mlb,330401108,COL,4,MIL,5,MIL,Final/10
20130401,mlb,330401119,SF,0,LAD,4,LAD,Final
20130401,mlb,330401104,KC,0,CHW,1,CHW,Final
20130401,mlb,330401109,DET,4,MIN,2,DET,Final
20130401,mlb,330401117,LAA,3,CIN,1,LAA,Final/13
20130401,mlb,330401115,PHI,5,ATL,7,ATL,Final
20130401,mlb,330401129,STL,2,ARI,6,ARI,Final
20130402,mlb,330402130,BAL,7,TB,4,BAL,Final
20130402,mlb,330402114,CLE,4,TOR,1,CLE,Final
20130402,mlb,330402108,COL,8,MIL,4,COL,Final
20130402,mlb,330402118,TEX,7,HOU,0,TEX,Final
20130402,mlb,330402129,STL,6,ARI,1,STL,Final
20130402,mlb,330402119,SF,3,LAD,0,SF,Final
20130403,mlb,330403104,KC,2,CHW,5,CHW,Final
20130403,mlb,330403118,TEX,4,HOU,0,TEX,Final
20130403,mlb,330403109,DET,2,MIN,3,MIN,Final
20130403,mlb,330403110,BOS,7,NYY,4,BOS,Final
20130403,mlb,330403120,MIA,0,WSH,3,WSH,Final
20130403,mlb,330403123,CHC,0,PIT,3,PIT,Final
20130403,mlb,330403114,CLE,3,TOR,2,CLE,Final/11
20130403,mlb,330403115,PHI,2,ATL,9,ATL,Final
20130403,mlb,330403117,LAA,4,CIN,5,CIN,Final
20130403,mlb,330403121,SD,4,NYM,8,NYM,Final
20130403,mlb,330403130,BAL,7,TB,8,TB,Final
20130403,mlb,330403108,COL,7,MIL,3,COL,Final
20130403,mlb,330403129,STL,9,ARI,10,ARI,Final/16
20130403,mlb,330403119,SF,5,LAD,3,SF,Final
20130404,mlb,330404117,LAA,4,CIN,5,CIN,Final
20130404,mlb,330404123,CHC,3,PIT,2,CHC,Final
20130404,mlb,330404109,DET,2,MIN,8,MIN,Final
20130404,mlb,330404121,SD,2,NYM,1,SD,Final
20130404,mlb,330404104,KC,3,CHW,1,KC,Final
20130404,mlb,330404130,BAL,6,TB,3,BAL,Final
20130404,mlb,330404120,MIA,1,WSH,6,WSH,Final
20130404,mlb,330404110,BOS,2,NYY,4,NYY,Final
20130404,mlb,330404114,CLE,8,TOR,10,TOR,Final
20130404,mlb,330404115,PHI,2,ATL,0,PHI,Final
20130405,mlb,330405106,NYY,3,DET,8,DET,Final
20130405,mlb,330405113,LAA,2,TEX,3,TEX,Final
20130405,mlb,330405101,MIN,5,BAL,9,BAL,Final
20130405,mlb,330405122,KC,13,PHI,4,KC,Final
20130405,mlb,330405127,SD,2,COL,5,COL,Final
20130405,mlb,330405126,STL,0,SF,1,SF,Final
20130405,mlb,330405114,BOS,6,TOR,4,BOS,Final
20130405,mlb,330405117,WSH,0,CIN,15,CIN,Final
20130405,mlb,330405121,MIA,7,NYM,5,MIA,Final
20130405,mlb,330405130,CLE,0,TB,4,TB,Final
20130405,mlb,330405115,CHC,1,ATL,4,ATL,Final
20130405,mlb,330405104,SEA,8,CHW,7,SEA,Final/10
20130405,mlb,330405108,ARI,3,MIL,1,ARI,Final
20130405,mlb,330405119,PIT,0,LAD,3,LAD,Final
20130406,mlb,330406114,BOS,0,TOR,5,TOR,Final
20130406,mlb,330406104,SEA,3,CHW,4,CHW,Final
20130406,mlb,330406117,WSH,7,CIN,6,WSH,Final/11
20130406,mlb,330406121,MIA,3,NYM,7,NYM,Final
20130406,mlb,330406106,NYY,4,DET,8,DET,Final
20130406,mlb,330406113,LAA,8,TEX,4,LAA,Final
20130406,mlb,330406126,STL,6,SF,3,STL,Final
20130406,mlb,330406101,MIN,6,BAL,5,MIN,Final
20130406,mlb,330406122,KC,3,PHI,4,PHI,Final
20130406,mlb,330406115,CHC,5,ATL,6,ATL,Final
20130406,mlb,330406130,CLE,0,TB,6,TB,Final
20130406,mlb,400745479,ARI,9,MIL,2,ARI,Final
20130406,mlb,330406127,SD,3,COL,6,COL,Final
20130406,mlb,330406119,PIT,0,LAD,1,LAD,Final
20130407,mlb,330407106,NYY,7,DET,0,NYY,Final
20130407,mlb,330407114,BOS,13,TOR,0,BOS,Final
20130407,mlb,330407117,WSH,3,CIN,6,CIN,Final
20130407,mlb,330407121,MIA,3,NYM,4,NYM,Final
20130407,mlb,330407101,MIN,4,BAL,3,MIN,Final
20130407,mlb,330407115,CHC,1,ATL,5,ATL,Final
20130407,mlb,330407122,KC,9,PHI,8,KC,Final
20130407,mlb,330407130,CLE,13,TB,0,CLE,Final
20130407,mlb,330407104,SEA,3,CHW,4,CHW,Final/10
20130407,mlb,330407108,ARI,8,MIL,7,ARI,Final/11
20130407,mlb,330407119,PIT,2,LAD,6,LAD,Final
20130407,mlb,330407127,SD,1,COL,9,COL,Final
20130407,mlb,330407126,STL,14,SF,3,STL,Final
20130407,mlb,330407113,LAA,3,TEX,7,TEX,Final
20130408,mlb,330408102,BAL,1,BOS,3,BOS,Final
20130408,mlb,330408116,MIL,7,CHC,4,MIL,Final
20130408,mlb,330408105,NYY,11,CLE,6,NYY,Final
20130408,mlb,330408107,MIN,1,KC,3,KC,Final
20130408,mlb,330408124,CIN,13,STL,4,CIN,Final
20130408,mlb,330408122,NYM,7,PHI,2,NYM,Final
20130408,mlb,330408128,ATL,2,MIA,0,ATL,Final
20130408,mlb,330408113,TB,4,TEX,5,TEX,Final
20130408,mlb,330408129,PIT,5,ARI,3,PIT,Final
20130408,mlb,330408112,HOU,0,SEA,3,SEA,Final
20130408,mlb,330408126,COL,2,SF,4,SF,Final
20130409,mlb,330409106,TOR,3,DET,7,DET,Final
20130409,mlb,330409125,LAD,3,SD,9,SD,Final
20130409,mlb,330409105,NYY,14,CLE,1,NYY,Final
20130409,mlb,330409120,CHW,7,WSH,8,WSH,Final
20130409,mlb,330409122,NYM,3,PHI,8,PHI,Final
20130409,mlb,330409128,ATL,3,MIA,2,ATL,Final
20130409,mlb,330409113,TB,1,TEX,6,TEX,Final
20130409,mlb,330409116,MIL,3,CHC,6,CHC,Final
20130409,mlb,330409107,MIN,4,KC,7,KC,Final
20130409,mlb,330409124,CIN,1,STL,5,STL,Final
20130409,mlb,330409129,PIT,6,ARI,5,PIT,Final
20130409,mlb,330409112,HOU,16,SEA,9,HOU,Final
20130409,mlb,330409126,COL,6,SF,9,SF,Final
20130410,mlb,330410106,TOR,8,DET,6,TOR,Final
20130410,mlb,330410124,CIN,0,STL,10,STL,Final
20130410,mlb,330410113,TB,2,TEX,0,TB,Final
20130410,mlb,330410129,PIT,2,ARI,10,ARI,Final
20130410,mlb,330410126,COL,0,SF,10,SF,Final
20130410,mlb,330410120,CHW,2,WSH,5,WSH,Final
20130410,mlb,330410122,NYM,3,PHI,7,PHI,Final
20130410,mlb,330410102,BAL,8,BOS,5,BAL,Final
20130410,mlb,330410128,ATL,8,MIA,0,ATL,Final
20130410,mlb,330410107,MIN,0,KC,3,KC,Final
20130410,mlb,330410112,HOU,8,SEA,3,HOU,Final
20130410,mlb,330410125,LAD,4,SD,3,LAD,Final
20130411,mlb,330411106,TOR,1,DET,11,DET,Final
20130411,mlb,330411116,SF,7,CHC,6,SF,Final
20130411,mlb,330411120,CHW,4,WSH,7,WSH,Final
20130411,mlb,330411102,BAL,3,BOS,2,BAL,Final
20130411,mlb,330411112,TEX,4,SEA,3,TEX,Final
20130411,mlb,330411125,LAD,3,SD,2,LAD,Final
20130412,mlb,330412116,SF,3,CHC,4,CHC,Final
20130412,mlb,330412105,CHW,0,CLE,1,CLE,Final
20130412,mlb,330412110,BAL,2,NYY,5,NYY,Final
20130412,mlb,330412120,ATL,6,WSH,4,ATL,Final/10
20130412,mlb,330412123,CIN,5,PIT,6,PIT,Final
20130412,mlb,330412128,PHI,3,MIA,1,PHI,Final/10
20130412,mlb,330412107,TOR,8,KC,4,TOR,Final
20130412,mlb,330412109,NYM,16,MIN,5,NYM,Final
20130412,mlb,330412124,MIL,0,STL,2,STL,Final
20130412,mlb,330412129,LAD,0,ARI,3,ARI,Final
20130412,mlb,330412103,HOU,5,LAA,0,HOU,Final
20130412,mlb,330412112,TEX,1,SEA,3,SEA,Final
20130412,mlb,330412125,COL,7,SD,5,COL,Final
20130413,mlb,330413102,TB,1,BOS,2,BOS,Final/10
20130413,mlb,330413116,SF,3,CHC,2,SF,Final
20130413,mlb,330413120,ATL,3,WSH,1,ATL,Final
20130413,mlb,330413105,CHW,4,CLE,9,CLE,Final
20130413,mlb,330413110,BAL,5,NYY,3,BAL,Final
20130413,mlb,330413109,NYM,4,MIN,2,NYM,Final
20130413,mlb,330413124,MIL,0,STL,8,STL,Final
20130413,mlb,330413123,CIN,1,PIT,3,PIT,Final
20130413,mlb,330413107,TOR,3,KC,2,TOR,Final
20130413,mlb,330413128,PHI,1,MIA,2,MIA,Final
20130413,mlb,330413129,LAD,7,ARI,5,LAD,Final
20130413,mlb,330413125,COL,9,SD,5,COL,Final
20130413,mlb,330413103,HOU,4,LAA,5,LAA,Final
20130413,mlb,330413112,TEX,3,SEA,1,TEX,Final
20130414,mlb,330414105,CHW,3,CLE,1,CHW,Final
20130414,mlb,330414128,PHI,2,MIA,1,PHI,Final
20130414,mlb,330414102,TB,0,BOS,5,BOS,Final
20130414,mlb,330414120,ATL,9,WSH,0,ATL,Final
20130414,mlb,330414123,CIN,7,PIT,10,PIT,Final
20130414,mlb,330414107,TOR,2,KC,3,KC,Final
20130414,mlb,330414124,MIL,4,STL,3,MIL,Final/10
20130414,mlb,330414116,SF,10,CHC,7,SF,Final/10
20130414,mlb,330414103,HOU,1,LAA,4,LAA,Final
20130414,mlb,330414112,TEX,3,SEA,4,SEA,Final
20130414,mlb,330414125,COL,2,SD,1,COL,Final
20130414,mlb,330414129,LAD,0,ARI,1,ARI,Final
20130414,mlb,330414110,BAL,0,NYY,3,NYY,Final
20130415,mlb,330415102,TB,2,BOS,3,BOS,Final
20130415,mlb,330415117,PHI,2,CIN,4,CIN,Final
20130415,mlb,330415123,STL,10,PIT,6,STL,Final
20130415,mlb,330415114,CHW,3,TOR,4,TOR,Final
20130415,mlb,330415128,WSH,10,MIA,3,WSH,Final
20130415,mlb,330415109,LAA,2,MIN,8,MIN,Final
20130415,mlb,330415119,SD,6,LAD,3,SD,Final
20130416,mlb,330416227,NYM,4,COL,8,COL,Final
20130416,mlb,330416101,TB,4,BAL,5,BAL,Final
20130416,mlb,330416105,BOS,7,CLE,2,BOS,Final
20130416,mlb,330416110,ARI,2,NYY,4,NYY,Final
20130416,mlb,330416114,CHW,4,TOR,3,CHW,Final
20130416,mlb,330416115,KC,3,ATL,6,ATL,Final
20130416,mlb,330416128,WSH,2,MIA,8,MIA,Final
20130416,mlb,330416116,TEX,4,CHC,2,TEX,Final
20130416,mlb,330416108,SF,8,MIL,10,MIL,Final
20130416,mlb,330416109,LAA,6,MIN,8,MIN,Final
20130416,mlb,330416117,PHI,0,CIN,1,CIN,Final
20130416,mlb,330416327,NYM,8,COL,9,COL,Final/10
20130416,mlb,330416112,DET,6,SEA,2,DET,Final
20130416,mlb,330416119,SD,9,LAD,2,SD,Final
20130417,mlb,330416117,PHI,0,CIN,1,CIN,Final
20130417,mlb,330417115,KC,1,ATL,0,KC,Final
20130417,mlb,330417117,PHI,2,CIN,11,CIN,Final
20130417,mlb,330417101,TB,6,BAL,2,TB,Final
20130417,mlb,330417105,BOS,6,CLE,3,BOS,Final
20130417,mlb,330417110,ARI,3,NYY,4,NYY,Final
20130417,mlb,330417123,STL,0,PIT,5,PIT,Final
20130417,mlb,330417114,CHW,7,TOR,0,CHW,Final
20130417,mlb,330417128,WSH,6,MIA,1,WSH,Final
20130417,mlb,330417108,SF,3,MIL,4,MIL,Final
20130417,mlb,330417112,DET,2,SEA,1,DET,Final/14
20130417,mlb,330417119,SD,7,LAD,2,SD,Final
20130418,mlb,330418108,SF,2,MIL,7,MIL,Final
20130418,mlb,330418116,TEX,2,CHC,6,CHC,Final
20130418,mlb,330418127,NYM,3,COL,11,COL,Final
20130418,mlb,330418112,DET,0,SEA,2,SEA,Final
20130418,mlb,330418101,TB,6,BAL,10,BAL,Final/10
20130418,mlb,330418105,BOS,6,CLE,3,BOS,Final
20130418,mlb,330418110,ARI,6,NYY,2,ARI,Final/12
20130418,mlb,330418122,STL,4,PHI,3,STL,Final
20130418,mlb,330418123,ATL,6,PIT,4,ATL,Final
20130418,mlb,330418114,CHW,1,TOR,3,TOR,Final
20130418,mlb,330418117,MIA,1,CIN,11,CIN,Final
20130419,mlb,330419122,STL,2,PHI,8,PHI,Final/7
20130419,mlb,330419123,ATL,0,PIT,6,PIT,Final
20130419,mlb,330419114,NYY,9,TOR,4,NYY,Final
20130419,mlb,330419117,MIA,2,CIN,1,MIA,Final
20130419,mlb,330419121,WSH,1,NYM,7,NYM,Final
20130419,mlb,330419113,SEA,0,TEX,7,TEX,Final
20130419,mlb,330419108,CHC,4,MIL,5,MIL,Final
20130419,mlb,330419118,CLE,2,HOU,3,HOU,Final
20130419,mlb,330419127,ARI,1,COL,3,COL,Final
20130419,mlb,330419103,DET,1,LAA,8,LAA,Final
20130419,mlb,330419126,SD,2,SF,3,SF,Final
20130420,mlb,330420201,LAD,5,BAL,7,BAL,Final
20130420,mlb,330420114,NYY,5,TOR,3,NYY,Final/11
20130420,mlb,330420102,KC,3,BOS,4,BOS,Final
20130420,mlb,330420117,MIA,2,CIN,3,CIN,Final/13
20130420,mlb,330420103,DET,0,LAA,10,LAA,Final
20130420,mlb,330420104,MIN,2,CHW,1,MIN,Final/10
20130420,mlb,330420121,WSH,7,NYM,6,WSH,Final
20130420,mlb,330420122,STL,5,PHI,0,STL,Final
20130420,mlb,330420123,ATL,1,PIT,3,PIT,Final
20130420,mlb,330420301,LAD,1,BAL,6,BAL,Final
20130420,mlb,330420108,CHC,1,MIL,5,MIL,Final
20130420,mlb,330420118,CLE,19,HOU,6,CLE,Final
20130420,mlb,330420113,SEA,0,TEX,5,TEX,Final
20130420,mlb,330420127,ARI,3,COL,4,COL,Final
20130420,mlb,330420126,SD,0,SF,2,SF,Final
20130421,mlb,330421114,NYY,4,TOR,8,TOR,Final
20130421,mlb,330421117,MIA,6,CIN,10,CIN,Final
20130421,mlb,330421121,WSH,0,NYM,2,NYM,Final
20130421,mlb,330421101,LAD,7,BAL,4,LAD,Final
20130421,mlb,330421123,ATL,2,PIT,4,PIT,Final
20130421,mlb,330421202,KC,4,BOS,2,KC,Final
20130421,mlb,330421104,MIN,5,CHW,3,MIN,Final
20130421,mlb,330421108,CHC,2,MIL,4,MIL,Final
20130421,mlb,330421118,CLE,5,HOU,4,CLE,Final
20130421,mlb,330421113,SEA,3,TEX,11,TEX,Final
20130421,mlb,330421103,DET,3,LAA,4,LAA,Final/13
20130421,mlb,330421126,SD,0,SF,5,SF,Final
20130421,mlb,330421127,ARI,5,COL,4,ARI,Final
20130421,mlb,330421302,KC,5,BOS,4,KC,Final/10
20130421,mlb,330421122,STL,3,PHI,7,PHI,Final
20130422,mlb,330422130,NYY,1,TB,5,TB,Final
20130422,mlb,330422101,TOR,1,BAL,2,BAL,Final
20130422,mlb,330422120,STL,3,WSH,2,STL,Final
20130422,mlb,330422122,PIT,2,PHI,3,PHI,Final
20130422,mlb,330422117,CHC,4,CIN,5,CIN,Final/13
20130422,mlb,330422104,CLE,3,CHW,2,CLE,Final
20130422,mlb,330422118,SEA,7,HOU,1,SEA,Final
20130422,mlb,330422103,TEX,7,LAA,6,TEX,Final
20130422,mlb,330422125,MIL,7,SD,1,MIL,Final
20130422,mlb,330422126,ARI,4,SF,5,SF,Final
20130423,mlb,330423209,MIA,3,MIN,4,MIN,Final
20130423,mlb,330423227,ATL,4,COL,3,ATL,Final
20130423,mlb,330423101,TOR,3,BAL,4,BAL,Final
20130423,mlb,330423120,STL,2,WSH,0,STL,Final
20130423,mlb,330423122,PIT,2,PHI,0,PIT,Final
20130423,mlb,330423117,CHC,4,CIN,2,CHC,Final/10
20130423,mlb,330423121,LAD,7,NYM,2,LAD,Final
20130423,mlb,330423130,NYY,4,TB,3,NYY,Final
20130423,mlb,330423118,SEA,2,HOU,3,HOU,Final
20130423,mlb,330423309,MIA,8,MIN,5,MIA,Final
20130423,mlb,330423327,ATL,10,COL,2,ATL,Final
20130423,mlb,330423103,TEX,4,LAA,5,LAA,Final/11
20130423,mlb,330423125,MIL,6,SD,3,MIL,Final
20130423,mlb,330423126,ARI,6,SF,4,ARI,Final/11
20130424,mlb,330424101,TOR,6,BAL,5,TOR,Final/11
20130424,mlb,330424117,CHC,0,CIN,1,CIN,Final
20130424,mlb,330424120,STL,4,WSH,2,STL,Final
20130424,mlb,330424104,CLE,2,CHW,3,CHW,Final
20130424,mlb,330424118,SEA,3,HOU,10,HOU,Final
20130424,mlb,330424127,ATL,5,COL,6,COL,Final/12
20130424,mlb,330424126,ARI,3,SF,2,ARI,Final/10
20130424,mlb,330424121,LAD,3,NYM,7,NYM,Final/10
20130424,mlb,330424122,PIT,5,PHI,3,PIT,Final
20130424,mlb,330424106,KC,5,DET,7,DET,Final
20130424,mlb,330424130,NYY,0,TB,3,TB,Final
20130424,mlb,330424103,TEX,11,LAA,3,TEX,Final
20130424,mlb,330424125,MIL,1,SD,2,SD,Final
20130425,mlb,330425122,PIT,6,PHI,4,PIT,Final
20130425,mlb,330425106,KC,8,DET,3,KC,Final/10
20130425,mlb,330425121,LAD,3,NYM,2,LAD,Final
20130425,mlb,330425102,HOU,2,BOS,7,BOS,Final
20130425,mlb,330425110,TOR,3,NYY,5,NYY,Final
20130425,mlb,330425120,CIN,1,WSH,8,WSH,Final
20130425,mlb,330425128,CHC,4,MIA,3,CHC,Final
20130425,mlb,330425104,TB,2,CHW,5,CHW,Final
20130425,mlb,330425109,TEX,2,MIN,1,TEX,Final
20130425,mlb,330425129,COL,2,ARI,3,ARI,Final
20130425,mlb,330425112,LAA,0,SEA,6,SEA,Final
20130426,mlb,330426110,TOR,4,NYY,6,NYY,Final
20130426,mlb,330426120,CIN,0,WSH,1,WSH,Final
20130426,mlb,330426106,ATL,0,DET,10,DET,Final
20130426,mlb,330426102,HOU,3,BOS,7,BOS,Final
20130426,mlb,330426121,PHI,4,NYM,0,PHI,Final
20130426,mlb,330426128,CHC,4,MIA,2,CHC,Final
20130426,mlb,330426104,TB,4,CHW,5,CHW,Final
20130426,mlb,330426109,TEX,4,MIN,3,TEX,Final
20130426,mlb,330426124,PIT,1,STL,9,STL,Final
20130426,mlb,330426129,COL,6,ARI,3,COL,Final
20130426,mlb,330426112,LAA,6,SEA,3,LAA,Final
20130426,mlb,330426119,MIL,5,LAD,7,LAD,Final
20130426,mlb,330426125,SF,1,SD,2,SD,Final
20130427,mlb,330427106,ATL,4,DET,7,DET,Final
20130427,mlb,330427120,CIN,3,WSH,6,WSH,Final
20130427,mlb,330427121,PHI,9,NYM,4,PHI,Final
20130427,mlb,330427110,TOR,4,NYY,5,NYY,Final
20130427,mlb,330427109,TEX,2,MIN,7,MIN,Final
20130427,mlb,330427124,PIT,5,STL,3,PIT,Final
20130427,mlb,330427102,HOU,4,BOS,8,BOS,Final
20130427,mlb,330427104,TB,10,CHW,4,TB,Final
20130427,mlb,330427107,CLE,2,KC,3,KC,Final
20130427,mlb,330427128,CHC,3,MIA,2,CHC,Final
20130427,mlb,330427129,COL,2,ARI,3,ARI,Final/10
20130427,mlb,330427125,SF,7,SD,8,SD,Final/12
20130427,mlb,330427112,LAA,2,SEA,3,SEA,Final
20130427,mlb,330427119,MIL,6,LAD,4,MIL,Final
20130428,mlb,330428110,TOR,2,NYY,3,NYY,Final
20130428,mlb,330428121,PHI,5,NYM,1,PHI,Final
20130428,mlb,330428128,CHC,4,MIA,6,MIA,Final
20130428,mlb,330428102,HOU,1,BOS,6,BOS,Final
20130428,mlb,330428120,CIN,5,WSH,2,CIN,Final
20130428,mlb,330428104,TB,8,CHW,3,TB,Final
20130428,mlb,330428109,TEX,0,MIN,5,MIN,Final
20130428,mlb,330428207,CLE,0,KC,9,KC,Final
20130428,mlb,330428124,PIT,9,STL,0,PIT,Final
20130428,mlb,330428112,LAA,1,SEA,2,SEA,Final
20130428,mlb,330428119,MIL,0,LAD,2,LAD,Final
20130428,mlb,330428125,SF,4,SD,6,SD,Final
20130428,mlb,330428129,COL,2,ARI,4,ARI,Final
20130428,mlb,330428106,ATL,3,DET,8,DET,Final
20130428,mlb,330428307,CLE,10,KC,3,CLE,Final
20130429,mlb,330429115,WSH,2,ATL,3,ATL,Final
20130429,mlb,330429110,HOU,9,NYY,1,HOU,Final
20130429,mlb,330429106,MIN,3,DET,4,DET,Final
20130429,mlb,330429128,NYM,3,MIA,4,MIA,Final/15
20130429,mlb,330429116,SD,3,CHC,5,CHC,Final
20130429,mlb,330429107,CLE,9,KC,0,CLE,Final
20130429,mlb,330429108,PIT,4,MIL,10,MIL,Final
20130429,mlb,330429124,CIN,2,STL,1,CIN,Final
20130429,mlb,330429129,SF,6,ARI,4,SF,Final
20130429,mlb,330429112,BAL,2,SEA,6,SEA,Final
20130429,mlb,330429119,COL,12,LAD,2,COL,Final
20130430,mlb,330430105,PHI,2,CLE,14,CLE,Final
20130430,mlb,330430110,HOU,4,NYY,7,NYY,Final
20130430,mlb,330430114,BOS,7,TOR,9,TOR,Final
20130430,mlb,330430106,MIN,1,DET,6,DET,Final
20130430,mlb,330430128,NYM,1,MIA,2,MIA,Final
20130430,mlb,400745631,WSH,1,ATL,8,ATL,Final
20130430,mlb,330430113,CHW,6,TEX,10,TEX,Final
20130430,mlb,330430116,SD,13,CHC,7,SD,Final
20130430,mlb,330430107,TB,2,KC,8,KC,Final
20130430,mlb,330430108,PIT,8,MIL,12,MIL,Final
20130430,mlb,330430124,CIN,1,STL,2,STL,Final
20130430,mlb,330430129,SF,2,ARI,1,SF,Final
20130430,mlb,330430112,BAL,7,SEA,2,BAL,Final
20130430,mlb,330430119,COL,2,LAD,6,LAD,Final
20130501,mlb,330501128,NYM,7,MIA,6,NYM,Final
20130501,mlb,330501106,MIN,6,DET,2,MIN,Final
20130501,mlb,330501108,PIT,6,MIL,4,PIT,Final
20130501,mlb,330501124,CIN,2,STL,4,STL,Final
20130501,mlb,330501115,WSH,2,ATL,0,WSH,Final
20130501,mlb,330501105,PHI,0,CLE,6,CLE,Final
20130501,mlb,330501110,HOU,4,NYY,5,NYY,Final
20130501,mlb,330501114,BOS,10,TOR,1,BOS,Final
20130501,mlb,330501113,CHW,5,TEX,2,CHW,Final
20130501,mlb,330501116,SD,2,CHC,6,CHC,Final
20130501,mlb,330501107,TB,8,KC,9,KC,Final
20130501,mlb,330501129,SF,9,ARI,6,SF,Final
20130501,mlb,330501112,BAL,3,SEA,8,SEA,Final
20130501,mlb,330501119,COL,7,LAD,3,COL,Final
20130502,mlb,330502116,SD,4,CHC,2,SD,Final
20130502,mlb,330502122,MIA,2,PHI,7,PHI,Final
20130502,mlb,330502114,BOS,3,TOR,1,BOS,Final
20130502,mlb,330502115,WSH,3,ATL,1,WSH,Final
20130502,mlb,330502113,CHW,3,TEX,1,CHW,Final
20130502,mlb,330502108,STL,6,MIL,5,STL,Final
20130502,mlb,330502118,DET,7,HOU,3,DET,Final/14
20130502,mlb,330502103,BAL,5,LAA,1,BAL,Final
20130503,mlb,330503116,CIN,6,CHC,5,CIN,Final
20130503,mlb,330503105,MIN,6,CLE,7,CLE,Final/10
20130503,mlb,330503122,MIA,1,PHI,4,PHI,Final
20130503,mlb,330503123,WSH,1,PIT,3,PIT,Final
20130503,mlb,330503114,SEA,4,TOR,0,SEA,Final
20130503,mlb,330503115,NYM,7,ATL,5,NYM,Final/10
20130503,mlb,330503113,BOS,0,TEX,7,TEX,Final
20130503,mlb,330503108,STL,6,MIL,1,STL,Final
20130503,mlb,330503118,DET,4,HOU,3,DET,Final
20130503,mlb,330503127,TB,7,COL,4,TB,Final/10
20130503,mlb,330503103,BAL,0,LAA,4,LAA,Final
20130503,mlb,330503125,ARI,6,SD,7,SD,Final
20130503,mlb,330503126,LAD,1,SF,2,SF,Final
20130504,mlb,330504105,MIN,3,CLE,7,CLE,Final
20130504,mlb,330504116,CIN,6,CHC,4,CIN,Final
20130504,mlb,330504114,SEA,8,TOR,1,SEA,Final
20130504,mlb,330504103,BAL,5,LAA,4,BAL,Final/10
20130504,mlb,330504108,STL,7,MIL,6,STL,Final
20130504,mlb,330504123,WSH,5,PIT,4,WSH,Final
20130504,mlb,330504122,MIA,2,PHI,0,MIA,Final
20130504,mlb,330504107,CHW,0,KC,2,KC,Final
20130504,mlb,330504118,DET,17,HOU,2,DET,Final
20130504,mlb,330504113,BOS,1,TEX,5,TEX,Final
20130504,mlb,330504127,TB,3,COL,9,COL,Final
20130504,mlb,330504125,ARI,8,SD,1,ARI,Final
20130504,mlb,330504126,LAD,9,SF,10,SF,Final/10
20130505,mlb,330505105,MIN,4,CLE,2,MIN,Final
20130505,mlb,330505114,SEA,2,TOR,10,TOR,Final
20130505,mlb,330505115,NYM,4,ATL,9,ATL,Final
20130505,mlb,330505123,WSH,6,PIT,2,WSH,Final
20130505,mlb,330505107,CHW,5,KC,6,KC,Final/10
20130505,mlb,330505108,STL,10,MIL,1,STL,Final
20130505,mlb,330505116,CIN,7,CHC,4,CIN,Final
20130505,mlb,330505122,MIA,14,PHI,2,MIA,Final
20130505,mlb,330505113,BOS,3,TEX,4,TEX,Final
20130505,mlb,330505103,BAL,8,LAA,4,BAL,Final
20130505,mlb,330505118,DET,9,HOU,0,DET,Final
20130505,mlb,330505125,ARI,1,SD,5,SD,Final
20130505,mlb,330505127,TB,8,COL,3,TB,Final
20130505,mlb,330505126,LAD,3,SF,4,SF,Final
20130506,mlb,330506107,CHW,2,KC,1,CHW,Final/11
20130506,mlb,330506117,ATL,7,CIN,4,ATL,Final
20130506,mlb,330506102,MIN,5,BOS,6,BOS,Final/11
20130506,mlb,330506130,TOR,8,TB,7,TOR,Final
20130506,mlb,330506116,TEX,2,CHC,9,CHC,Final
20130506,mlb,330506119,ARI,9,LAD,2,ARI,Final
20130506,mlb,330506125,MIA,0,SD,5,SD,Final
20130506,mlb,330506126,PHI,6,SF,2,PHI,Final
20130507,mlb,330507101,KC,3,BAL,4,BAL,Final
20130507,mlb,330507123,SEA,1,PIT,4,PIT,Final
20130507,mlb,330507102,MIN,6,BOS,1,MIN,Final
20130507,mlb,330507117,ATL,4,CIN,5,CIN,Final
20130507,mlb,330507121,CHW,0,NYM,1,NYM,Final/10
20130507,mlb,330507130,TOR,6,TB,4,TOR,Final
20130507,mlb,330507116,STL,1,CHC,2,CHC,Final
20130507,mlb,330507108,TEX,3,MIL,6,MIL,Final
20130507,mlb,330507118,LAA,6,HOU,7,HOU,Final
20130507,mlb,330507127,NYY,0,COL,2,COL,Final
20130507,mlb,330507119,ARI,5,LAD,3,ARI,Final
20130507,mlb,330507125,MIA,1,SD,5,SD,Final
20130507,mlb,330507126,PHI,6,SF,2,PHI,Final
20130508,mlb,330508117,ATL,7,CIN,2,ATL,Final
20130508,mlb,330508123,SEA,2,PIT,1,SEA,Final
20130508,mlb,330508116,STL,5,CHC,4,STL,Final
20130508,mlb,330508125,MIA,0,SD,1,SD,Final
20130508,mlb,330508126,PHI,3,SF,4,SF,Final/10
20130508,mlb,330508102,MIN,15,BOS,8,MIN,Final
20130508,mlb,330508101,KC,3,BAL,5,BAL,Final
20130508,mlb,330508120,DET,1,WSH,3,WSH,Final
20130508,mlb,330508121,CHW,6,NYM,3,CHW,Final
20130508,mlb,330508130,TOR,4,TB,10,TB,Final
20130508,mlb,330508108,TEX,4,MIL,1,TEX,Final
20130508,mlb,330508118,LAA,1,HOU,3,HOU,Final
20130508,mlb,330508127,NYY,3,COL,2,NYY,Final
20130508,mlb,330508119,ARI,3,LAD,2,ARI,Final
20130509,mlb,330509127,NYY,3,COL,1,NYY,Final
20130509,mlb,330509120,DET,4,WSH,5,WSH,Final
20130509,mlb,330509101,KC,6,BAL,2,KC,Final
20130509,mlb,330509102,MIN,5,BOS,3,MIN,Final
20130509,mlb,330509121,PIT,2,NYM,3,NYM,Final
20130509,mlb,330509130,TOR,4,TB,5,TB,Final/10
20130509,mlb,330509118,LAA,6,HOU,5,LAA,Final
20130509,mlb,330509129,PHI,1,ARI,2,ARI,Final
20130509,mlb,330509126,ATL,6,SF,3,ATL,Final
20130510,mlb,330510120,CHC,3,WSH,7,WSH,Final
20130510,mlb,330510106,CLE,4,DET,10,DET,Final
20130510,mlb,330510102,TOR,0,BOS,5,BOS,Final
20130510,mlb,330510117,MIL,3,CIN,4,CIN,Final
20130510,mlb,330510121,PIT,7,NYM,3,PIT,Final
20130510,mlb,330510130,SD,3,TB,6,TB,Final
20130510,mlb,330510104,LAA,7,CHW,5,LAA,Final
20130510,mlb,330510107,NYY,11,KC,6,NYY,Final
20130510,mlb,330510109,BAL,9,MIN,6,BAL,Final/10
20130510,mlb,330510118,TEX,4,HOU,2,TEX,Final
20130510,mlb,330510124,COL,0,STL,3,STL,Final
20130510,mlb,330510129,PHI,2,ARI,3,ARI,Final
20130510,mlb,330510119,MIA,5,LAD,4,MIA,Final
20130510,mlb,330510126,ATL,2,SF,8,SF,Final
20130511,mlb,330511121,PIT,11,NYM,2,PIT,Final
20130511,mlb,330511124,COL,0,STL,3,STL,Final
20130511,mlb,330511102,TOR,3,BOS,2,TOR,Final
20130511,mlb,330511120,CHC,8,WSH,2,CHC,Final
20130511,mlb,330511126,ATL,1,SF,10,SF,Final
20130511,mlb,330511117,MIL,7,CIN,13,CIN,Final
20130511,mlb,330511130,SD,7,TB,8,TB,Final
20130511,mlb,330511106,CLE,7,DET,6,CLE,Final
20130511,mlb,330511104,LAA,3,CHW,2,LAA,Final
20130511,mlb,330511107,NYY,3,KC,2,NYY,Final
20130511,mlb,330511109,BAL,5,MIN,8,MIN,Final
20130511,mlb,330511118,TEX,8,HOU,7,TEX,Final
20130511,mlb,330511129,PHI,3,ARI,1,PHI,Final
20130511,mlb,330511119,MIA,1,LAD,7,LAD,Final
20130512,mlb,330512106,CLE,4,DET,3,CLE,Final/10
20130512,mlb,330512117,MIL,1,CIN,5,CIN,Final
20130512,mlb,330512121,PIT,3,NYM,2,PIT,Final
20130512,mlb,330512102,TOR,12,BOS,4,TOR,Final
20130512,mlb,330512120,CHC,2,WSH,1,CHC,Final
20130512,mlb,330512130,SD,2,TB,4,TB,Final
20130512,mlb,330512107,NYY,4,KC,2,NYY,Final
20130512,mlb,330512109,BAL,6,MIN,0,BAL,Final
20130512,mlb,330512118,TEX,12,HOU,7,TEX,Final
20130512,mlb,330512124,COL,8,STL,2,COL,Final
20130512,mlb,330512126,ATL,1,SF,5,SF,Final
20130512,mlb,330512119,MIA,3,LAD,5,LAD,Final
20130512,mlb,330512129,PHI,4,ARI,2,PHI,Final/10
20130512,mlb,330512104,LAA,0,CHW,3,CHW,Final
20130513,mlb,330513205,NYY,0,CLE,1,CLE,Final
20130513,mlb,330513305,NYY,7,CLE,0,NYY,Final
20130513,mlb,330513124,NYM,3,STL,6,STL,Final
20130513,mlb,330513123,MIL,5,PIT,1,MIL,Final
20130513,mlb,330513106,HOU,2,DET,7,DET,Final
20130513,mlb,330513116,COL,1,CHC,9,CHC,Final
20130513,mlb,330513109,CHW,3,MIN,10,MIN,Final
20130513,mlb,330513129,ATL,10,ARI,1,ATL,Final
20130513,mlb,330513103,KC,11,LAA,4,KC,Final
20130513,mlb,330513119,WSH,6,LAD,2,WSH,Final
20130514,mlb,330514101,SD,3,BAL,2,SD,Final
20130514,mlb,330514110,SEA,3,NYY,4,NYY,Final
20130514,mlb,330514122,CLE,2,PHI,6,PHI,Final
20130514,mlb,330514123,MIL,3,PIT,4,PIT,Final/12
20130514,mlb,330514114,SF,6,TOR,10,TOR,Final
20130514,mlb,330514106,HOU,2,DET,6,DET,Final
20130514,mlb,330514128,CIN,6,MIA,2,CIN,Final
20130514,mlb,330514130,BOS,3,TB,5,TB,Final
20130514,mlb,330514116,COL,9,CHC,4,COL,Final
20130514,mlb,330514109,CHW,4,MIN,2,CHW,Final
20130514,mlb,330514124,NYM,4,STL,10,STL,Final
20130514,mlb,330514129,ATL,0,ARI,2,ARI,Final
20130514,mlb,330514103,KC,2,LAA,6,LAA,Final
20130514,mlb,330514119,WSH,0,LAD,2,LAD,Final
20130515,mlb,330515101,SD,8,BAL,4,SD,Final
20130515,mlb,330515122,CLE,10,PHI,4,CLE,Final
20130515,mlb,330515106,HOU,7,DET,5,HOU,Final
20130515,mlb,330515109,CHW,9,MIN,4,CHW,Final
20130515,mlb,330515129,ATL,3,ARI,5,ARI,Final
20130515,mlb,330515130,BOS,9,TB,2,BOS,Final
20130515,mlb,330515110,SEA,12,NYY,2,SEA,Final
20130515,mlb,330515123,MIL,1,PIT,3,PIT,Final
20130515,mlb,330515114,SF,3,TOR,11,TOR,Final
20130515,mlb,330515128,CIN,4,MIA,0,CIN,Final
20130515,mlb,330515116,COL,3,CHC,6,CHC,Final
20130515,mlb,330515124,NYM,2,STL,4,STL,Final
20130515,mlb,330515103,KC,9,LAA,5,KC,Final
20130515,mlb,330515119,WSH,1,LAD,3,LAD,Final
20130516,mlb,330516124,NYM,5,STL,2,NYM,Final
20130516,mlb,330516110,SEA,3,NYY,2,SEA,Final
20130516,mlb,330516123,MIL,1,PIT,7,PIT,Final
20130516,mlb,330516128,CIN,5,MIA,3,CIN,Final/10
20130516,mlb,330516130,BOS,4,TB,3,BOS,Final
20130516,mlb,330516113,DET,4,TEX,10,TEX,Final
20130516,mlb,330516127,SF,8,COL,6,SF,Final
20130516,mlb,330516103,CHW,5,LAA,4,CHW,Final
20130516,mlb,330516125,WSH,6,SD,2,WSH,Final
20130517,mlb,330517116,NYM,3,CHC,2,NYM,Final
20130517,mlb,330517101,TB,12,BAL,10,TB,Final
20130517,mlb,330517105,SEA,3,CLE,6,CLE,Final/10
20130517,mlb,330517110,TOR,0,NYY,5,NYY,Final
20130517,mlb,330517122,CIN,3,PHI,5,PHI,Final
20130517,mlb,330517123,HOU,4,PIT,5,PIT,Final
20130517,mlb,330517128,ARI,9,MIA,2,ARI,Final
20130517,mlb,330517115,LAD,5,ATL,8,ATL,Final
20130517,mlb,330517113,DET,2,TEX,1,DET,Final
20130517,mlb,330517109,BOS,3,MIN,2,BOS,Final/10
20130517,mlb,330517124,MIL,6,STL,7,STL,Final
20130517,mlb,330517127,SF,9,COL,10,COL,Final
20130517,mlb,330517103,CHW,3,LAA,0,CHW,Final
20130517,mlb,330517125,WSH,6,SD,5,WSH,Final/10
20130518,mlb,330518105,SEA,4,CLE,5,CLE,Final
20130518,mlb,330518110,TOR,2,NYY,7,NYY,Final
20130518,mlb,330518116,NYM,2,CHC,8,CHC,Final
20130518,mlb,330518101,TB,10,BAL,6,TB,Final
20130518,mlb,330518103,CHW,9,LAA,12,LAA,Final
20130518,mlb,330518122,CIN,10,PHI,0,CIN,Final
20130518,mlb,330518123,HOU,4,PIT,2,HOU,Final/11
20130518,mlb,330518109,BOS,12,MIN,5,BOS,Final
20130518,mlb,330518115,LAD,1,ATL,3,ATL,Final
20130518,mlb,330518128,ARI,1,MIA,0,ARI,Final
20130518,mlb,330518124,MIL,6,STL,4,MIL,Final/10
20130518,mlb,330518113,DET,2,TEX,7,TEX,Final
20130518,mlb,330518127,SF,2,COL,10,COL,Final
20130518,mlb,330518125,WSH,1,SD,2,SD,Final
20130519,mlb,330519105,SEA,0,CLE,6,CLE,Final
20130519,mlb,330519128,ARI,1,MIA,2,MIA,Final
20130519,mlb,330519101,TB,3,BAL,1,TB,Final
20130519,mlb,330519115,LAD,2,ATL,5,ATL,Final
20130519,mlb,330519122,CIN,2,PHI,3,PHI,Final
20130519,mlb,330519123,HOU,0,PIT,1,PIT,Final
20130519,mlb,330519109,BOS,5,MIN,1,BOS,Final
20130519,mlb,330519124,MIL,2,STL,4,STL,Final
20130519,mlb,330519116,NYM,4,CHC,3,NYM,Final
20130519,mlb,330519103,CHW,2,LAA,6,LAA,Final
20130519,mlb,330519125,WSH,4,SD,13,SD,Final
20130519,mlb,330519127,SF,0,COL,5,COL,Final
20130519,mlb,330519113,DET,8,TEX,11,TEX,Final
20130520,mlb,330520105,SEA,8,CLE,10,CLE,Final/10
20130520,mlb,330520114,TB,5,TOR,7,TOR,Final
20130520,mlb,330520101,NYY,6,BAL,4,NYY,Final/10
20130520,mlb,330520115,MIN,1,ATL,5,ATL,Final
20130520,mlb,330520121,CIN,4,NYM,3,CIN,Final
20130520,mlb,330520128,PHI,1,MIA,5,MIA,Final
20130520,mlb,330520104,BOS,4,CHW,6,CHW,Final
20130520,mlb,330520108,LAD,3,MIL,1,LAD,Final
20130520,mlb,330520118,KC,5,HOU,6,HOU,Final
20130520,mlb,330520127,ARI,5,COL,1,ARI,Final
20130520,mlb,330520125,STL,2,SD,4,SD,Final
20130520,mlb,330520126,WSH,0,SF,8,SF,Final
20130521,mlb,330521101,NYY,2,BAL,3,BAL,Final/10
20130521,mlb,330521105,DET,5,CLE,1,DET,Final
20130521,mlb,330521123,CHC,4,PIT,5,PIT,Final
20130521,mlb,330521114,TB,4,TOR,3,TB,Final
20130521,mlb,330521115,MIN,4,ATL,5,ATL,Final/10
20130521,mlb,330521121,CIN,4,NYM,0,CIN,Final
20130521,mlb,330521128,PHI,7,MIA,3,PHI,Final
20130521,mlb,330521104,BOS,1,CHW,3,CHW,Final
20130521,mlb,330521108,LAD,2,MIL,5,MIL,Final
20130521,mlb,330521118,KC,7,HOU,3,KC,Final
20130521,mlb,330521127,ARI,4,COL,5,COL,Final/10
20130521,mlb,330521103,SEA,0,LAA,12,LAA,Final
20130521,mlb,330521125,STL,10,SD,2,STL,Final
20130521,mlb,330521126,WSH,2,SF,4,SF,Final/10
20130522,mlb,330522115,MIN,3,ATL,8,ATL,Final
20130522,mlb,330522108,LAD,9,MIL,2,LAD,Final
20130522,mlb,330522121,CIN,7,NYM,4,CIN,Final
20130522,mlb,330522127,ARI,1,COL,4,COL,Final
20130522,mlb,330522126,WSH,2,SF,1,WSH,Final/10
20130522,mlb,330522114,TB,3,TOR,4,TOR,Final/10
20130522,mlb,330522101,NYY,3,BAL,6,BAL,Final
20130522,mlb,330522103,SEA,1,LAA,7,LAA,Final
20130522,mlb,330522105,DET,11,CLE,7,DET,Final
20130522,mlb,330522123,CHC,0,PIT,1,PIT,Final
20130522,mlb,330522128,PHI,3,MIA,0,PHI,Final
20130522,mlb,330522104,BOS,6,CHW,2,BOS,Final
20130522,mlb,330522118,KC,1,HOU,3,HOU,Final
20130522,mlb,330522125,STL,5,SD,3,STL,Final
20130523,mlb,330523123,CHC,2,PIT,4,PIT,Final
20130523,mlb,330523114,BAL,6,TOR,12,TOR,Final
20130523,mlb,330523106,MIN,6,DET,7,DET,Final
20130523,mlb,330523102,CLE,12,BOS,3,CLE,Final
20130523,mlb,330523107,LAA,5,KC,4,LAA,Final
20130524,mlb,330524120,PHI,2,WSH,5,WSH,Final
20130524,mlb,330524114,BAL,10,TOR,6,BAL,Final
20130524,mlb,330524106,MIN,0,DET,6,DET,Final
20130524,mlb,330524102,CLE,1,BOS,8,BOS,Final
20130524,mlb,330524117,CHC,4,CIN,7,CIN,Final
20130524,mlb,330524121,ATL,7,NYM,5,ATL,Final/10
20130524,mlb,330524130,NYY,9,TB,4,NYY,Final
20130524,mlb,330524104,MIA,3,CHW,4,CHW,Final/11
20130524,mlb,330524107,LAA,5,KC,2,LAA,Final
20130524,mlb,330524108,PIT,1,MIL,2,MIL,Final
20130524,mlb,330524129,SD,2,ARI,5,ARI,Final
20130524,mlb,330524112,TEX,9,SEA,5,TEX,Final
20130524,mlb,330524119,STL,7,LAD,0,STL,Final
20130524,mlb,330524126,COL,5,SF,0,COL,Final
20130525,mlb,330524121,ATL,7,NYM,5,ATL,Final/10
20130525,mlb,330525114,BAL,6,TOR,5,BAL,Final
20130525,mlb,330525102,CLE,4,BOS,7,BOS,Final
20130525,mlb,330525107,LAA,7,KC,0,LAA,Final
20130525,mlb,330525126,COL,5,SF,6,SF,Final/10
20130525,mlb,330525106,MIN,3,DET,2,MIN,Final
20130525,mlb,330525108,PIT,5,MIL,2,PIT,Final
20130525,mlb,330525117,CHC,2,CIN,5,CIN,Final
20130525,mlb,330525130,NYY,4,TB,3,NYY,Final/11
20130525,mlb,330525104,MIA,1,CHW,2,CHW,Final
20130525,mlb,330525119,STL,3,LAD,5,LAD,Final
20130525,mlb,330525120,PHI,5,WSH,3,PHI,Final
20130525,mlb,330525121,ATL,6,NYM,0,ATL,Final
20130525,mlb,330525112,TEX,5,SEA,2,TEX,Final
20130525,mlb,330525129,SD,10,ARI,4,SD,Final
20130526,mlb,330526114,BAL,5,TOR,6,TOR,Final
20130526,mlb,330526106,MIN,1,DET,6,DET,Final
20130526,mlb,330526117,CHC,5,CIN,4,CHC,Final/10
20130526,mlb,330526102,CLE,5,BOS,6,BOS,Final
20130526,mlb,330526120,PHI,1,WSH,6,WSH,Final
20130526,mlb,330526130,NYY,3,TB,8,TB,Final
20130526,mlb,330526104,MIA,3,CHW,5,CHW,Final
20130526,mlb,330526107,LAA,5,KC,2,LAA,Final
20130526,mlb,330526108,PIT,5,MIL,4,PIT,Final
20130526,mlb,330526126,COL,3,SF,7,SF,Final
20130526,mlb,330526112,TEX,3,SEA,4,SEA,Final/13
20130526,mlb,330526119,STL,5,LAD,3,STL,Final
20130526,mlb,330526129,SD,5,ARI,6,ARI,Final
20130526,mlb,330526121,ATL,2,NYM,4,NYM,Final
20130527,mlb,330527120,BAL,6,WSH,2,BAL,Final
20130527,mlb,330527106,PIT,5,DET,6,DET,Final
20130527,mlb,330527117,CLE,2,CIN,4,CIN,Final
20130527,mlb,330527108,MIN,6,MIL,3,MIN,Final
20130527,mlb,330527118,COL,2,HOU,3,HOU,Final/12
20130527,mlb,330527107,STL,6,KC,3,STL,Final
20130527,mlb,330527130,MIA,6,TB,10,TB,Final
20130527,mlb,330527229,TEX,3,ARI,5,ARI,Final
20130527,mlb,330527112,SD,0,SEA,9,SEA,Final
20130527,mlb,330527114,ATL,3,TOR,9,TOR,Final
20130527,mlb,330527102,PHI,3,BOS,9,BOS,Final
20130527,mlb,330527104,CHC,7,CHW,0,CHC,Final
20130527,mlb,330527121,NYY,1,NYM,2,NYM,Final
20130527,mlb,330527119,LAA,7,LAD,8,LAD,Final
20130527,mlb,330527329,TEX,4,ARI,5,ARI,Final
20130528,mlb,330528114,ATL,7,TOR,6,ATL,Final/10
20130528,mlb,330528118,COL,2,HOU,1,COL,Final
20130528,mlb,330528120,BAL,3,WSH,9,WSH,Final
20130528,mlb,330528121,NYY,1,NYM,2,NYM,Final
20130528,mlb,330528106,PIT,1,DET,0,PIT,Final/11
20130528,mlb,330528102,PHI,3,BOS,1,PHI,Final
20130528,mlb,330528117,CLE,2,CIN,8,CIN,Final
20130528,mlb,330528130,MIA,6,TB,7,TB,Final
20130528,mlb,330528107,STL,4,KC,1,STL,Final
20130528,mlb,330528108,MIN,6,MIL,5,MIN,Final/14
20130528,mlb,330528119,LAA,0,LAD,3,LAD,Final
20130528,mlb,330528112,SD,6,SEA,1,SD,Final
20130529,mlb,330529116,CHW,3,CHC,9,CHC,Final
20130529,mlb,330529101,WSH,6,BAL,9,BAL,Final
20130529,mlb,330529105,CIN,2,CLE,5,CLE,Final
20130529,mlb,330529110,NYM,9,NYY,4,NYM,Final
20130529,mlb,330529122,BOS,3,PHI,4,PHI,Final
20130529,mlb,330529123,DET,3,PIT,5,PIT,Final
20130529,mlb,330529115,TOR,3,ATL,0,TOR,Final
20130529,mlb,330529128,TB,3,MIA,1,TB,Final
20130529,mlb,330529109,MIL,1,MIN,4,MIN,Final
20130529,mlb,330529124,KC,3,STL,5,STL,Final
20130529,mlb,330529127,HOU,6,COL,3,HOU,Final
20130529,mlb,330529103,LAD,3,LAA,4,LAA,Final
20130529,mlb,330529125,SEA,2,SD,3,SD,Final/10
20130530,mlb,330530113,ARI,5,TEX,9,TEX,Final
20130530,mlb,330530116,CHW,3,CHC,8,CHC,Final
20130530,mlb,330530125,SEA,7,SD,1,SEA,Final
20130530,mlb,330530101,WSH,0,BAL,2,BAL,Final
20130530,mlb,330530105,CIN,1,CLE,7,CLE,Final
20130530,mlb,330530110,NYM,3,NYY,1,NYM,Final
20130530,mlb,330530122,BOS,9,PHI,2,BOS,Final
20130530,mlb,330530123,DET,0,PIT,1,PIT,Final/11
20130530,mlb,330530115,TOR,3,ATL,11,ATL,Final
20130530,mlb,330530128,TB,5,MIA,2,TB,Final
20130530,mlb,330530109,MIL,6,MIN,8,MIN,Final
20130530,mlb,330530124,KC,4,STL,2,KC,Final
20130530,mlb,330530127,HOU,7,COL,5,HOU,Final
20130530,mlb,330530103,LAD,2,LAA,3,LAA,Final
20130531,mlb,330531116,ARI,2,CHC,7,CHC,Final
20130531,mlb,330531101,DET,5,BAL,7,BAL,Final
20130531,mlb,330531105,TB,9,CLE,2,TB,Final
20130531,mlb,330531110,BOS,1,NYY,4,NYY,Final
20130531,mlb,330531122,MIL,8,PHI,5,MIL,Final
20130531,mlb,330531123,CIN,6,PIT,0,CIN,Final
20130531,mlb,330531128,NYM,1,MIA,5,MIA,Final
20130531,mlb,330531115,WSH,3,ATL,2,WSH,Final
20130531,mlb,400652930,KC,2,TEX,7,TEX,Final
20130531,mlb,330531109,SEA,3,MIN,0,SEA,Final
20130531,mlb,330531127,LAD,7,COL,5,LAD,Final/10
20130531,mlb,330531103,HOU,6,LAA,3,HOU,Final
20130531,mlb,330531125,TOR,3,SD,4,SD,Final/17
20130601,mlb,330601105,TB,0,CLE,5,CLE,Final
20130601,mlb,330601109,SEA,4,MIN,5,MIN,Final
20130601,mlb,330601224,SF,0,STL,8,STL,Final
20130601,mlb,330601101,DET,10,BAL,3,DET,Final
20130601,mlb,330601113,KC,4,TEX,1,KC,Final/10
20130601,mlb,330601122,MIL,4,PHI,3,MIL,Final
20130601,mlb,330601127,LAD,6,COL,7,COL,Final/10
20130601,mlb,330601128,NYM,1,MIA,8,MIA,Final
20130601,mlb,330601110,BOS,11,NYY,1,BOS,Final
20130601,mlb,330601115,WSH,1,ATL,2,ATL,Final/10
20130601,mlb,330601116,ARI,12,CHC,4,ARI,Final
20130601,mlb,330601123,CIN,2,PIT,0,CIN,Final
20130601,mlb,330601324,SF,1,STL,7,STL,Final
20130601,mlb,330601103,HOU,2,LAA,0,HOU,Final
20130601,mlb,330601125,TOR,3,SD,4,SD,Final
20130602,mlb,330602105,TB,11,CLE,3,TB,Final
20130602,mlb,330602128,NYM,6,MIA,11,MIA,Final
20130602,mlb,330602101,DET,2,BAL,4,BAL,Final
20130602,mlb,330602115,WSH,3,ATL,6,ATL,Final
20130602,mlb,330602122,MIL,5,PHI,7,PHI,Final
20130602,mlb,330602123,CIN,4,PIT,5,PIT,Final/11
20130602,mlb,330602109,SEA,0,MIN,10,MIN,Final
20130602,mlb,330602124,SF,4,STL,2,SF,Final
20130602,mlb,330602116,ARI,8,CHC,4,ARI,Final
20130602,mlb,330602113,KC,1,TEX,3,TEX,Final
20130602,mlb,330602103,HOU,5,LAA,4,HOU,Final
20130602,mlb,330602127,LAD,2,COL,7,COL,Final
20130602,mlb,330602110,BOS,3,NYY,0,BOS,Final/6
20130602,mlb,330602125,TOR,7,SD,4,TOR,Final/11
20130603,mlb,330603110,CLE,4,NYY,7,NYY,Final
20130603,mlb,330603122,MIA,2,PHI,7,PHI,Final
20130603,mlb,330603115,PIT,2,ATL,7,ATL,Final
20130603,mlb,330603117,COL,0,CIN,3,CIN,Final
20130603,mlb,330603124,ARI,1,STL,7,STL,Final
20130603,mlb,330603103,HOU,2,LAA,1,HOU,Final
20130603,mlb,330603112,CHW,2,SEA,4,SEA,Final
20130603,mlb,330603119,SD,1,LAD,2,LAD,Final
20130604,mlb,330604110,CLE,3,NYY,4,NYY,Final
20130604,mlb,330604120,NYM,2,WSH,3,WSH,Final
20130604,mlb,330604122,MIA,3,PHI,7,PHI,Final/11
20130604,mlb,330604106,TB,1,DET,10,DET,Final
20130604,mlb,330604102,TEX,5,BOS,17,BOS,Final
20130604,mlb,330604115,PIT,4,ATL,5,ATL,Final/10
20130604,mlb,330604117,COL,5,CIN,4,COL,Final
20130604,mlb,330604107,MIN,3,KC,0,MIN,Final
20130604,mlb,330604118,BAL,4,HOU,1,BAL,Final
20130604,mlb,330604124,ARI,7,STL,6,ARI,Final/14
20130604,mlb,330604103,CHC,3,LAA,4,LAA,Final
20130604,mlb,330604112,CHW,4,SEA,7,SEA,Final
20130604,mlb,330604119,SD,7,LAD,9,LAD,Final
20130604,mlb,330604126,TOR,1,SF,2,SF,Final
20130605,mlb,330605115,PIT,0,ATL,5,ATL,Final
20130605,mlb,330605110,CLE,4,NYY,6,NYY,Final
20130605,mlb,330605122,MIA,1,PHI,6,PHI,Final
20130605,mlb,330605112,CHW,7,SEA,5,CHW,Final/16
20130605,mlb,330605126,TOR,4,SF,0,TOR,Final
20130605,mlb,330605102,TEX,3,BOS,2,TEX,Final
20130605,mlb,330605103,CHC,8,LAA,6,CHC,Final/10
20130605,mlb,330605120,NYM,10,WSH,1,NYM,Final
20130605,mlb,330605106,TB,3,DET,0,TB,Final
20130605,mlb,330605117,COL,12,CIN,4,COL,Final
20130605,mlb,330605107,MIN,1,KC,4,KC,Final
20130605,mlb,330605118,BAL,7,HOU,11,HOU,Final
20130605,mlb,330605124,ARI,10,STL,3,ARI,Final
20130605,mlb,330605119,SD,6,LAD,2,SD,Final
20130606,mlb,330606106,TB,2,DET,5,DET,Final
20130606,mlb,330606118,BAL,3,HOU,1,BAL,Final
20130606,mlb,330606102,TEX,3,BOS,6,BOS,Final
20130606,mlb,330606124,ARI,8,STL,12,STL,Final
20130606,mlb,330606107,MIN,3,KC,7,KC,Final
20130606,mlb,330606108,PHI,5,MIL,1,PHI,Final
20130606,mlb,330606127,SD,6,COL,5,SD,Final/12
20130606,mlb,330606112,NYY,6,SEA,1,NYY,Final
20130606,mlb,330606119,ATL,0,LAD,5,LAD,Final
20130607,mlb,330607116,PIT,2,CHC,0,PIT,Final
20130607,mlb,330607114,TEX,1,TOR,6,TOR,Final
20130607,mlb,330607106,CLE,5,DET,7,DET,Final
20130607,mlb,330607117,STL,9,CIN,2,STL,Final
20130607,mlb,330607130,BAL,1,TB,2,TB,Final
20130607,mlb,330607107,HOU,2,KC,4,KC,Final
20130607,mlb,330607108,PHI,4,MIL,5,MIL,Final
20130607,mlb,330607127,SD,9,COL,10,COL,Final
20130607,mlb,330607129,SF,1,ARI,3,ARI,Final
20130607,mlb,330607112,NYY,1,SEA,4,SEA,Final
20130607,mlb,330607119,ATL,1,LAD,2,LAD,Final/10
20130608,mlb,330608202,LAA,9,BOS,5,LAA,Final
20130608,mlb,330608114,TEX,3,TOR,4,TOR,Final/18
20130608,mlb,330608121,MIA,2,NYM,1,MIA,Final/20
20130608,mlb,330608116,PIT,6,CHC,2,PIT,Final
20130608,mlb,330608120,MIN,4,WSH,3,MIN,Final/11
20130608,mlb,330608106,CLE,4,DET,6,DET,Final
20130608,mlb,330608112,NYY,3,SEA,1,NYY,Final
20130608,mlb,330608130,BAL,0,TB,8,TB,Final
20130608,mlb,330608107,HOU,2,KC,7,KC,Final
20130608,mlb,330608108,PHI,3,MIL,4,MIL,Final
20130608,mlb,330608117,STL,2,CIN,4,CIN,Final
20130608,mlb,330608127,SD,4,COL,2,SD,Final
20130608,mlb,330608302,LAA,2,BOS,7,BOS,Final
20130608,mlb,330608119,ATL,2,LAD,1,ATL,Final
20130608,mlb,330608129,SF,10,ARI,5,SF,Final
20130609,mlb,330609114,TEX,6,TOR,4,TEX,Final
20130609,mlb,330609106,CLE,1,DET,4,DET,Final
20130609,mlb,330609121,MIA,8,NYM,4,MIA,Final/10
20130609,mlb,330609102,LAA,5,BOS,10,BOS,Final
20130609,mlb,330609220,MIN,0,WSH,7,WSH,Final
20130609,mlb,330609130,BAL,10,TB,7,BAL,Final
20130609,mlb,330609107,HOU,0,KC,2,KC,Final
20130609,mlb,330609108,PHI,1,MIL,9,MIL,Final
20130609,mlb,330609116,PIT,1,CHC,4,CHC,Final
20130609,mlb,330609112,NYY,2,SEA,1,NYY,Final
20130609,mlb,330609119,ATL,8,LAD,1,ATL,Final
20130609,mlb,330609127,SD,7,COL,8,COL,Final/10
20130609,mlb,330609129,SF,6,ARI,2,SF,Final
20130609,mlb,330609320,MIN,4,WSH,5,WSH,Final
20130609,mlb,330609117,STL,11,CIN,4,STL,Final/10
20130610,mlb,330610130,BOS,10,TB,8,BOS,Final/14
20130610,mlb,330610101,LAA,3,BAL,4,BAL,Final
20130610,mlb,330610128,MIL,6,MIA,1,MIL,Final
20130610,mlb,330610113,CLE,3,TEX,6,TEX,Final
20130610,mlb,330610116,CIN,6,CHC,2,CIN,Final
20130610,mlb,330610104,TOR,6,CHW,10,CHW,Final
20130610,mlb,330610107,DET,2,KC,3,KC,Final
20130610,mlb,330610112,HOU,2,SEA,3,SEA,Final
20130610,mlb,330610119,ARI,5,LAD,4,ARI,Final
20130610,mlb,330610125,ATL,6,SD,7,SD,Final
20130611,mlb,330611101,LAA,2,BAL,3,BAL,Final
20130611,mlb,330611123,SF,2,PIT,8,PIT,Final
20130611,mlb,330611121,STL,9,NYM,2,STL,Final
20130611,mlb,330611128,MIL,4,MIA,5,MIA,Final
20130611,mlb,330611130,BOS,3,TB,8,TB,Final
20130611,mlb,330611113,CLE,5,TEX,2,CLE,Final
20130611,mlb,330611116,CIN,12,CHC,2,CIN,Final
20130611,mlb,330611104,TOR,7,CHW,5,TOR,Final/10
20130611,mlb,330611107,DET,3,KC,2,DET,Final
20130611,mlb,330611109,PHI,2,MIN,3,MIN,Final
20130611,mlb,330611127,WSH,3,COL,8,COL,Final
20130611,mlb,330611112,HOU,0,SEA,4,SEA,Final
20130611,mlb,330611119,ARI,3,LAD,5,LAD,Final
20130611,mlb,330611125,ATL,2,SD,3,SD,Final
20130612,mlb,330612101,LAA,9,BAL,5,LAA,Final
20130612,mlb,330612107,DET,2,KC,3,KC,Final/10
20130612,mlb,330612116,CIN,2,CHC,1,CIN,Final
20130612,mlb,330612125,ATL,3,SD,5,SD,Final
20130612,mlb,330612123,SF,8,PIT,12,PIT,Final
20130612,mlb,330612121,STL,1,NYM,5,NYM,Final
20130612,mlb,330612128,MIL,10,MIA,1,MIL,Final
20130612,mlb,330612130,BOS,2,TB,1,BOS,Final
20130612,mlb,330612113,CLE,5,TEX,2,CLE,Final
20130612,mlb,330612109,PHI,3,MIN,4,MIN,Final
20130612,mlb,330612127,WSH,5,COL,1,WSH,Final
20130612,mlb,330612119,ARI,8,LAD,6,ARI,Final/12
20130612,mlb,400653005,HOU,6,SEA,1,HOU,Final
20130613,mlb,330613121,STL,2,NYM,1,STL,Final
20130613,mlb,330613116,CIN,5,CHC,6,CHC,Final/14
20130613,mlb,330613127,WSH,5,COL,4,WSH,Final
20130613,mlb,330613101,BOS,4,BAL,5,BAL,Final/13
20130613,mlb,330613123,SF,10,PIT,0,SF,Final
20130613,mlb,330613130,KC,10,TB,1,KC,Final
20130613,mlb,330613113,TOR,3,TEX,1,TOR,Final
20130613,mlb,330613109,PHI,3,MIN,2,PHI,Final
20130614,mlb,330614101,BOS,0,BAL,2,BAL,Final
20130614,mlb,330614105,WSH,1,CLE,2,CLE,Final
20130614,mlb,330614123,LAD,0,PIT,3,PIT,Final
20130614,mlb,330614117,MIL,3,CIN,4,CIN,Final/10
20130614,mlb,330614121,CHC,6,NYM,3,CHC,Final
20130614,mlb,330614128,STL,4,MIA,5,MIA,Final
20130614,mlb,330614130,KC,7,TB,2,KC,Final
20130614,mlb,330614115,SF,6,ATL,0,SF,Final
20130614,mlb,330614113,TOR,8,TEX,0,TOR,Final
20130614,mlb,330614109,DET,4,MIN,0,DET,Final
20130614,mlb,330614118,CHW,1,HOU,2,HOU,Final
20130614,mlb,330614127,PHI,8,COL,7,PHI,Final
20130614,mlb,330614103,NYY,2,LAA,5,LAA,Final
20130614,mlb,330614125,ARI,1,SD,2,SD,Final
20130615,mlb,330615121,CHC,5,NYM,2,CHC,Final
20130615,mlb,330615101,BOS,5,BAL,4,BOS,Final
20130615,mlb,330615113,TOR,6,TEX,1,TOR,Final
20130615,mlb,330615115,SF,5,ATL,6,ATL,Final
20130615,mlb,330615123,LAD,5,PIT,3,LAD,Final/11
20130615,mlb,330615117,MIL,6,CIN,0,MIL,Final
20130615,mlb,330615127,PHI,5,COL,10,COL,Final
20130615,mlb,330615128,STL,13,MIA,7,STL,Final
20130615,mlb,330615130,KC,3,TB,5,TB,Final
20130615,mlb,330615103,NYY,2,LAA,6,LAA,Final
20130615,mlb,330615105,WSH,7,CLE,6,WSH,Final
20130615,mlb,330615109,DET,3,MIN,6,MIN,Final
20130615,mlb,330615118,CHW,3,HOU,4,HOU,Final
20130615,mlb,330615125,ARI,4,SD,6,SD,Final
20130616,mlb,330616105,WSH,0,CLE,2,CLE,Final
20130616,mlb,330616117,MIL,1,CIN,5,CIN,Final
20130616,mlb,330616121,CHC,3,NYM,4,NYM,Final
20130616,mlb,330616128,STL,2,MIA,7,MIA,Final
20130616,mlb,330616101,BOS,3,BAL,6,BAL,Final
20130616,mlb,330616123,LAD,3,PIT,6,PIT,Final
20130616,mlb,330616130,KC,5,TB,3,KC,Final
20130616,mlb,330616109,DET,5,MIN,2,DET,Final
20130616,mlb,330616118,CHW,4,HOU,5,HOU,Final
20130616,mlb,330616113,TOR,7,TEX,2,TOR,Final
20130616,mlb,330616103,NYY,6,LAA,5,NYY,Final
20130616,mlb,330616125,ARI,1,SD,4,SD,Final
20130616,mlb,330616127,PHI,2,COL,5,COL,Final
20130616,mlb,330616115,SF,0,ATL,3,ATL,Final
20130617,mlb,330617124,CHC,2,STL,5,STL,Final
20130617,mlb,330617105,KC,2,CLE,1,KC,Final
20130617,mlb,330617122,WSH,4,PHI,5,PHI,Final
20130617,mlb,330617114,COL,0,TOR,2,TOR,Final
20130617,mlb,330617106,BAL,1,DET,5,DET,Final
20130617,mlb,330617115,NYM,1,ATL,2,ATL,Final
20130617,mlb,330617117,PIT,1,CIN,4,CIN,Final
20130617,mlb,330617118,CHW,4,HOU,2,CHW,Final
20130617,mlb,330617129,MIA,3,ARI,2,MIA,Final
20130617,mlb,330617103,SEA,3,LAA,11,LAA,Final
20130617,mlb,330617126,SD,5,SF,3,SD,Final/13
20130618,mlb,330618202,TB,1,BOS,5,BOS,Final
20130618,mlb,330618215,NYM,4,ATL,3,NYM,Final
20130618,mlb,330618105,KC,3,CLE,4,CLE,Final
20130618,mlb,330618122,WSH,2,PHI,4,PHI,Final
20130618,mlb,330618114,COL,3,TOR,8,TOR,Final
20130618,mlb,330618106,BAL,5,DET,2,BAL,Final
20130618,mlb,330618117,PIT,4,CIN,0,PIT,Final
20130618,mlb,330618315,NYM,6,ATL,1,NYM,Final
20130618,mlb,330618302,TB,1,BOS,3,BOS,Final
20130618,mlb,330618109,CHW,5,MIN,7,MIN,Final
20130618,mlb,330618118,MIL,1,HOU,10,HOU,Final
20130618,mlb,330618124,CHC,4,STL,2,CHC,Final
20130618,mlb,330618129,MIA,2,ARI,3,ARI,Final
20130618,mlb,330618103,SEA,3,LAA,2,SEA,Final/10
20130618,mlb,330618126,SD,4,SF,5,SF,Final
20130619,mlb,330619210,LAD,4,NYY,6,NYY,Final
20130619,mlb,330619106,BAL,13,DET,3,BAL,Final
20130619,mlb,330619129,MIA,1,ARI,3,ARI,Final
20130619,mlb,330619126,SD,2,SF,4,SF,Final
20130619,mlb,330619310,LAD,6,NYY,0,LAD,Final
20130619,mlb,330619105,KC,3,CLE,6,CLE,Final
20130619,mlb,330619122,WSH,6,PHI,2,WSH,Final/11
20130619,mlb,330619114,COL,2,TOR,5,TOR,Final
20130619,mlb,330619102,TB,6,BOS,2,TB,Final
20130619,mlb,330619115,NYM,3,ATL,5,ATL,Final
20130619,mlb,330619117,PIT,1,CIN,2,CIN,Final/13
20130619,mlb,330619109,CHW,4,MIN,7,MIN,Final
20130619,mlb,330619118,MIL,3,HOU,1,MIL,Final
20130619,mlb,330619124,CHC,1,STL,4,STL,Final
20130619,mlb,330619103,SEA,0,LAA,1,LAA,Final
20130620,mlb,330620117,PIT,5,CIN,3,PIT,Final
20130620,mlb,330620109,CHW,4,MIN,8,MIN,Final
20130620,mlb,330620118,MIL,4,HOU,7,HOU,Final/10
20130620,mlb,330620110,TB,8,NYY,3,TB,Final
20130620,mlb,330620120,COL,1,WSH,5,WSH,Final
20130620,mlb,330620106,BOS,3,DET,4,DET,Final
20130620,mlb,330620115,NYM,4,ATL,3,NYM,Final
20130620,mlb,330620124,CHC,1,STL,6,STL,Final
20130620,mlb,330620103,SEA,9,LAA,10,LAA,Final
20130620,mlb,330620125,LAD,3,SD,6,SD,Final
20130620,mlb,330620126,MIA,2,SF,1,MIA,Final
20130621,mlb,330621116,HOU,1,CHC,3,CHC,Final
20130621,mlb,330621105,MIN,1,CLE,5,CLE,Final
20130621,mlb,330621110,TB,2,NYY,6,NYY,Final
20130621,mlb,330621120,COL,1,WSH,2,WSH,Final
20130621,mlb,330621122,NYM,4,PHI,3,NYM,Final
20130621,mlb,330621114,BAL,6,TOR,7,TOR,Final
20130621,mlb,330621106,BOS,10,DET,6,BOS,Final
20130621,mlb,330621107,CHW,9,KC,1,CHW,Final
20130621,mlb,330621108,ATL,0,MIL,2,MIL,Final
20130621,mlb,330621124,TEX,6,STL,4,TEX,Final
20130621,mlb,330621129,CIN,5,ARI,11,ARI,Final
20130621,mlb,330621103,PIT,5,LAA,2,PIT,Final
20130621,mlb,330621125,LAD,2,SD,5,SD,Final
20130621,mlb,330621126,MIA,6,SF,3,MIA,Final
20130622,mlb,330622120,COL,7,WSH,1,COL,Final
20130622,mlb,330622110,TB,5,NYY,7,NYY,Final
20130622,mlb,330622114,BAL,2,TOR,4,TOR,Final
20130622,mlb,330622107,CHW,3,KC,2,CHW,Final
20130622,mlb,330622116,HOU,4,CHC,3,HOU,Final
20130622,mlb,330622122,NYM,7,PHI,8,PHI,Final
20130622,mlb,330622126,MIA,1,SF,2,SF,Final/11
20130622,mlb,330622108,ATL,0,MIL,2,MIL,Final
20130622,mlb,330622105,MIN,7,CLE,8,CLE,Final
20130622,mlb,330622106,BOS,3,DET,10,DET,Final
20130622,mlb,330622125,LAD,6,SD,1,LAD,Final
20130622,mlb,330622129,CIN,3,ARI,4,ARI,Final
20130622,mlb,330622124,TEX,4,STL,2,TEX,Final
20130622,mlb,330622103,PIT,6,LAA,1,PIT,Final
20130623,mlb,330623105,MIN,5,CLE,3,MIN,Final
20130623,mlb,330623114,BAL,5,TOR,13,TOR,Final
20130623,mlb,330623106,BOS,5,DET,7,DET,Final
20130623,mlb,330623120,COL,7,WSH,6,COL,Final
20130623,mlb,330623122,NYM,8,PHI,0,NYM,Final
20130623,mlb,330623110,TB,3,NYY,1,TB,Final
20130623,mlb,330623107,CHW,6,KC,7,KC,Final
20130623,mlb,330623108,ATL,7,MIL,4,ATL,Final
20130623,mlb,330623116,HOU,6,CHC,14,CHC,Final
20130623,mlb,330623103,PIT,10,LAA,9,PIT,Final/10
20130623,mlb,330623126,MIA,7,SF,2,MIA,Final
20130623,mlb,330623125,LAD,3,SD,1,LAD,Final
20130623,mlb,330623129,CIN,4,ARI,2,CIN,Final
20130623,mlb,330623124,TEX,2,STL,1,TEX,Final
20130624,mlb,330624101,CLE,5,BAL,2,CLE,Final
20130624,mlb,330624130,TOR,1,TB,4,TB,Final
20130624,mlb,330624119,SF,1,LAD,3,LAD,Final
20130624,mlb,330624125,PHI,3,SD,4,SD,Final/10
20130625,mlb,330625101,CLE,3,BAL,6,BAL,Final
20130625,mlb,330625110,TEX,3,NYY,4,NYY,Final
20130625,mlb,330625120,ARI,5,WSH,7,WSH,Final
20130625,mlb,330625106,LAA,14,DET,8,LAA,Final
20130625,mlb,330625102,COL,4,BOS,11,BOS,Final
20130625,mlb,330625128,MIN,2,MIA,4,MIA,Final
20130625,mlb,330625130,TOR,1,TB,5,TB,Final
20130625,mlb,330625104,NYM,4,CHW,5,CHW,Final
20130625,mlb,330625107,ATL,4,KC,3,ATL,Final
20130625,mlb,330625108,CHC,3,MIL,9,MIL,Final
20130625,mlb,330625118,STL,13,HOU,5,STL,Final
20130625,mlb,330625112,PIT,9,SEA,4,PIT,Final
20130625,mlb,330625119,SF,5,LAD,6,LAD,Final
20130625,mlb,330625125,PHI,6,SD,2,PHI,Final
20130626,mlb,330626130,TOR,3,TB,0,TOR,Final
20130626,mlb,330626128,MIN,3,MIA,5,MIA,Final
20130626,mlb,330626112,PIT,4,SEA,2,PIT,Final
20130626,mlb,330626102,COL,3,BOS,5,BOS,Final
20130626,mlb,330626110,TEX,8,NYY,5,TEX,Final
20130626,mlb,330626101,CLE,4,BAL,3,CLE,Final
20130626,mlb,330626120,ARI,2,WSH,3,WSH,Final
20130626,mlb,330626106,LAA,7,DET,4,LAA,Final
20130626,mlb,330626104,NYM,3,CHW,0,NYM,Final
20130626,mlb,330626107,ATL,3,KC,4,KC,Final/10
20130626,mlb,330626108,CHC,5,MIL,4,CHC,Final
20130626,mlb,330626118,STL,3,HOU,4,HOU,Final
20130626,mlb,330626119,SF,2,LAD,4,LAD,Final
20130626,mlb,330626125,PHI,7,SD,5,PHI,Final/13
20130627,mlb,330627110,TEX,2,NYY,0,TEX,Final
20130627,mlb,330627106,LAA,3,DET,1,LAA,Final/10
20130627,mlb,330627108,CHC,7,MIL,2,CHC,Final
20130627,mlb,330627120,ARI,3,WSH,2,ARI,Final/11
20130627,mlb,330627127,NYM,3,COL,2,NYM,Final
20130627,mlb,330627101,CLE,3,BAL,7,BAL,Final
20130627,mlb,330627102,TOR,4,BOS,7,BOS,Final
20130627,mlb,330627109,KC,1,MIN,3,MIN,Final
20130627,mlb,330627119,PHI,4,LAD,6,LAD,Final
20130628,mlb,330628204,CLE,19,CHW,10,CLE,Final
20130628,mlb,330628101,NYY,3,BAL,4,BAL,Final
20130628,mlb,330628123,MIL,3,PIT,10,PIT,Final
20130628,mlb,330628102,TOR,5,BOS,7,BOS,Final
20130628,mlb,330628121,WSH,6,NYM,4,WSH,Final
20130628,mlb,330628128,SD,9,MIA,2,SD,Final
20130628,mlb,330628130,DET,6,TB,3,DET,Final
20130628,mlb,330628115,ARI,0,ATL,3,ATL,Final
20130628,mlb,330628113,CIN,0,TEX,4,TEX,Final
20130628,mlb,330628109,KC,9,MIN,3,KC,Final
20130628,mlb,330628118,LAA,4,HOU,2,LAA,Final
20130628,mlb,330628127,SF,1,COL,4,COL,Final
20130628,mlb,330628304,CLE,9,CHW,8,CLE,Final
20130628,mlb,330628112,CHC,4,SEA,5,SEA,Final/10
20130628,mlb,330628119,PHI,16,LAD,1,PHI,Final
20130629,mlb,330629121,WSH,1,NYM,5,NYM,Final
20130629,mlb,330629102,TOR,6,BOS,2,TOR,Final
20130629,mlb,330629115,ARI,5,ATL,11,ATL,Final
20130629,mlb,330629104,CLE,4,CHW,3,CLE,Final
20130629,mlb,330629109,KC,2,MIN,6,MIN,Final
20130629,mlb,330629118,LAA,7,HOU,2,LAA,Final
20130629,mlb,330629127,SF,1,COL,2,COL,Final
20130629,mlb,330629128,SD,1,MIA,7,MIA,Final
20130629,mlb,330629101,NYY,3,BAL,11,BAL,Final
20130629,mlb,330629112,CHC,5,SEA,3,CHC,Final/11
20130629,mlb,330629113,CIN,6,TEX,4,CIN,Final/11
20130629,mlb,330629123,MIL,1,PIT,2,PIT,Final
20130629,mlb,330629130,DET,3,TB,4,TB,Final/10
20130629,mlb,330629119,PHI,3,LAD,4,LAD,Final
20130630,mlb,330630121,WSH,13,NYM,2,WSH,Final
20130630,mlb,330630128,SD,2,MIA,6,MIA,Final
20130630,mlb,330630102,TOR,4,BOS,5,BOS,Final
20130630,mlb,330630115,ARI,2,ATL,6,ATL,Final
20130630,mlb,330630123,MIL,1,PIT,2,PIT,Final/14
20130630,mlb,330630130,DET,1,TB,3,TB,Final
20130630,mlb,330630104,CLE,4,CHW,0,CLE,Final
20130630,mlb,330630109,KC,9,MIN,8,KC,Final
20130630,mlb,330630118,LAA,3,HOU,1,LAA,Final
20130630,mlb,330630113,CIN,2,TEX,3,TEX,Final
20130630,mlb,330630112,CHC,7,SEA,6,CHC,Final
20130630,mlb,330630119,PHI,1,LAD,6,LAD,Final
20130630,mlb,330630127,SF,5,COL,2,SF,Final
20130630,mlb,330630101,NYY,2,BAL,4,BAL,Final
20130701,mlb,330701114,DET,3,TOR,8,TOR,Final
20130701,mlb,330701117,SF,1,CIN,8,CIN,Final/6
20130701,mlb,330701120,MIL,5,WSH,10,WSH,Final
20130701,mlb,330701121,ARI,4,NYM,5,NYM,Final/13
20130701,mlb,330701128,SD,0,MIA,4,MIA,Final
20130701,mlb,330701109,NYY,10,MIN,4,NYY,Final
20130701,mlb,330701118,TB,12,HOU,0,TB,Final
20130702,mlb,330702120,MIL,4,WSH,0,MIL,Final
20130702,mlb,330702123,PHI,3,PIT,1,PHI,Final
20130702,mlb,330702114,DET,7,TOR,6,DET,Final
20130702,mlb,330702102,SD,1,BOS,4,BOS,Final
20130702,mlb,330702115,MIA,3,ATL,11,ATL,Final
20130702,mlb,330702117,SF,0,CIN,3,CIN,Final
20130702,mlb,330702121,ARI,1,NYM,9,NYM,Final
20130702,mlb,330702113,SEA,9,TEX,2,SEA,Final
20130702,mlb,330702104,BAL,2,CHW,5,CHW,Final
20130702,mlb,330702107,CLE,6,KC,5,CLE,Final
20130702,mlb,330702109,NYY,7,MIN,3,NYY,Final
20130702,mlb,330702118,TB,8,HOU,0,TB,Final
20130702,mlb,330702127,LAD,8,COL,0,LAD,Final
20130702,mlb,330702103,STL,1,LAA,5,LAA,Final
20130703,mlb,330703120,MIL,4,WSH,1,MIL,Final
20130703,mlb,330703121,ARI,5,NYM,3,ARI,Final
20130703,mlb,330703123,PHI,5,PIT,6,PIT,Final
20130703,mlb,330703114,DET,6,TOR,2,DET,Final
20130703,mlb,330703102,SD,1,BOS,2,BOS,Final
20130703,mlb,330703104,BAL,4,CHW,2,BAL,Final
20130703,mlb,330703115,MIA,6,ATL,3,MIA,Final
20130703,mlb,330703117,SF,2,CIN,3,CIN,Final/11
20130703,mlb,330703113,SEA,4,TEX,2,SEA,Final/10
20130703,mlb,330703109,NYY,3,MIN,2,NYY,Final
20130703,mlb,330703118,TB,1,HOU,4,HOU,Final
20130703,mlb,330703127,LAD,10,COL,8,LAD,Final
20130703,mlb,330703103,STL,12,LAA,2,STL,Final
20130703,mlb,330703107,CLE,5,KC,6,KC,Final
20130704,mlb,330704120,MIL,5,WSH,8,WSH,Final
20130704,mlb,330704121,ARI,5,NYM,4,ARI,Final/15
20130704,mlb,330704102,SD,2,BOS,8,BOS,Final
20130704,mlb,330704123,PHI,6,PIT,4,PHI,Final
20130704,mlb,330704104,BAL,2,CHW,3,CHW,Final
20130704,mlb,330704107,CLE,7,KC,10,KC,Final
20130704,mlb,330704109,NYY,9,MIN,5,NYY,Final
20130704,mlb,330704118,TB,7,HOU,5,TB,Final/11
20130704,mlb,330704114,DET,11,TOR,1,DET,Final
20130704,mlb,330704115,MIA,4,ATL,3,MIA,Final
20130704,mlb,330704113,SEA,4,TEX,5,TEX,Final
20130704,mlb,330704127,LAD,5,COL,9,COL,Final
20130704,mlb,330704103,STL,5,LAA,6,LAA,Final
20130705,mlb,330705116,PIT,6,CHC,2,PIT,Final
20130705,mlb,330705105,DET,7,CLE,0,DET,Final
20130705,mlb,330705110,BAL,2,NYY,3,NYY,Final
20130705,mlb,330705120,SD,5,WSH,8,WSH,Final
20130705,mlb,330705122,ATL,4,PHI,5,PHI,Final
20130705,mlb,330705114,MIN,0,TOR,4,TOR,Final
20130705,mlb,330705117,SEA,4,CIN,2,SEA,Final
20130705,mlb,330705130,CHW,3,TB,8,TB,Final
20130705,mlb,330705113,HOU,5,TEX,10,TEX,Final
20130705,mlb,330705108,NYM,12,MIL,5,NYM,Final
20130705,mlb,330705124,MIA,1,STL,4,STL,Final
20130705,mlb,330705129,COL,0,ARI,5,ARI,Final
20130705,mlb,330705103,BOS,6,LAA,2,BOS,Final
20130705,mlb,330705126,LAD,10,SF,2,LAD,Final
20130706,mlb,330706110,BAL,4,NYY,5,NYY,Final
20130706,mlb,330706114,MIN,6,TOR,0,MIN,Final
20130706,mlb,330706124,MIA,4,STL,5,STL,Final
20130706,mlb,330706105,DET,9,CLE,4,DET,Final
20130706,mlb,330706116,PIT,1,CHC,4,CHC,Final
20130706,mlb,330706120,SD,4,WSH,5,WSH,Final
20130706,mlb,330706117,SEA,4,CIN,13,CIN,Final
20130706,mlb,330706108,NYM,6,MIL,7,MIL,Final
20130706,mlb,330706113,HOU,9,TEX,5,HOU,Final
20130706,mlb,330706122,ATL,13,PHI,4,ATL,Final
20130706,mlb,330706126,LAD,2,SF,4,SF,Final
20130706,mlb,330706130,CHW,0,TB,3,TB,Final
20130706,mlb,330706103,BOS,7,LAA,9,LAA,Final/11
20130706,mlb,330706129,COL,1,ARI,11,ARI,Final
20130707,mlb,330707105,DET,6,CLE,9,CLE,Final
20130707,mlb,330707110,BAL,2,NYY,1,BAL,Final
20130707,mlb,330707114,MIN,5,TOR,11,TOR,Final
20130707,mlb,330707117,SEA,3,CIN,1,SEA,Final
20130707,mlb,330707120,SD,7,WSH,11,WSH,Final
20130707,mlb,330707122,ATL,3,PHI,7,PHI,Final
20130707,mlb,330707130,CHW,1,TB,3,TB,Final
20130707,mlb,330707108,NYM,2,MIL,1,NYM,Final
20130707,mlb,330707124,MIA,2,STL,3,STL,Final
20130707,mlb,330707116,PIT,3,CHC,4,CHC,Final/11
20130707,mlb,330707113,HOU,4,TEX,5,TEX,Final
20130707,mlb,330707126,LAD,4,SF,1,LAD,Final
20130707,mlb,330707129,COL,1,ARI,6,ARI,Final
20130707,mlb,330707103,BOS,0,LAA,3,LAA,Final
20130708,mlb,330708122,WSH,2,PHI,3,PHI,Final
20130708,mlb,330708101,TEX,8,BAL,5,TEX,Final
20130708,mlb,330708105,DET,4,CLE,2,DET,Final/10
20130708,mlb,330708110,KC,5,NYY,1,KC,Final
20130708,mlb,330708128,ATL,7,MIA,1,ATL,Final/14
20130708,mlb,330708130,MIN,4,TB,7,TB,Final
20130708,mlb,330708104,CHC,8,CHW,2,CHC,Final
20130708,mlb,330708108,CIN,3,MIL,4,MIL,Final
20130708,mlb,330708129,LAD,6,ARI,1,LAD,Final
20130708,mlb,330708112,BOS,4,SEA,11,SEA,Final
20130708,mlb,330708125,COL,4,SD,2,COL,Final
20130708,mlb,330708126,NYM,4,SF,3,NYM,Final/16
20130709,mlb,330709110,KC,3,NYY,1,KC,Final
20130709,mlb,330709122,WSH,2,PHI,4,PHI,Final
20130709,mlb,330709128,ATL,6,MIA,4,ATL,Final
20130709,mlb,330709130,MIN,1,TB,4,TB,Final
20130709,mlb,330709101,TEX,8,BAL,4,TEX,Final
20130709,mlb,330709105,TOR,0,CLE,3,CLE,Final
20130709,mlb,330709106,CHW,11,DET,4,CHW,Final
20130709,mlb,330709116,LAA,2,CHC,7,CHC,Final
20130709,mlb,330709108,CIN,0,MIL,2,MIL,Final
20130709,mlb,330709124,HOU,5,STL,9,STL,Final
20130709,mlb,330709129,LAD,6,ARI,1,LAD,Final
20130709,mlb,330709112,BOS,11,SEA,8,BOS,Final
20130709,mlb,330709125,COL,1,SD,2,SD,Final
20130709,mlb,330709126,NYM,10,SF,6,NYM,Final
20130710,mlb,330710128,ATL,2,MIA,6,MIA,Final
20130710,mlb,330710108,CIN,6,MIL,2,CIN,Final
20130710,mlb,330710126,NYM,7,SF,2,NYM,Final
20130710,mlb,330710101,TEX,1,BAL,6,BAL,Final
20130710,mlb,330710105,TOR,5,CLE,4,TOR,Final
20130710,mlb,330710110,KC,1,NYY,8,NYY,Final
20130710,mlb,330710122,WSH,5,PHI,1,WSH,Final
20130710,mlb,330710106,CHW,5,DET,8,DET,Final
20130710,mlb,330710130,MIN,3,TB,4,TB,Final/13
20130710,mlb,330710116,LAA,13,CHC,2,LAA,Final
20130710,mlb,330710124,HOU,4,STL,5,STL,Final
20130710,mlb,330710129,LAD,7,ARI,5,LAD,Final/14
20130710,mlb,330710112,BOS,11,SEA,4,BOS,Final
20130710,mlb,330710125,COL,5,SD,4,COL,Final
20130711,mlb,330711105,TOR,2,CLE,4,CLE,Final
20130711,mlb,330711130,MIN,3,TB,4,TB,Final
20130711,mlb,330711110,KC,4,NYY,8,NYY,Final
20130711,mlb,330711106,CHW,6,DET,3,CHW,Final
20130711,mlb,330711112,BOS,8,SEA,7,BOS,Final/10
20130711,mlb,330711101,TEX,1,BAL,3,BAL,Final
20130711,mlb,330711122,WSH,1,PHI,3,PHI,Final
20130711,mlb,330711115,CIN,5,ATL,6,ATL,Final
20130711,mlb,330711116,STL,0,CHC,3,CHC,Final
20130711,mlb,330711129,MIL,3,ARI,5,ARI,Final
20130711,mlb,330711119,COL,1,LAD,6,LAD,Final
20130711,mlb,330711125,SF,4,SD,2,SF,Final
20130712,mlb,330712116,STL,3,CHC,2,STL,Final
20130712,mlb,330712101,TOR,5,BAL,8,BAL,Final
20130712,mlb,330712105,KC,0,CLE,3,CLE,Final
20130712,mlb,330712110,MIN,0,NYY,2,NYY,Final
20130712,mlb,330712123,NYM,2,PIT,3,PIT,Final/11
20130712,mlb,330712106,TEX,2,DET,7,DET,Final
20130712,mlb,330712128,WSH,3,MIA,8,MIA,Final
20130712,mlb,330712130,HOU,2,TB,1,HOU,Final
20130712,mlb,330712115,CIN,4,ATL,2,CIN,Final
20130712,mlb,330712129,MIL,1,ARI,2,ARI,Final
20130712,mlb,330712112,LAA,3,SEA,8,SEA,Final
20130712,mlb,330712119,COL,3,LAD,0,COL,Final
20130712,mlb,330712125,SF,10,SD,1,SF,Final
20130713,mlb,330713110,MIN,4,NYY,1,MIN,Final
20130713,mlb,330713222,CHW,5,PHI,4,CHW,Final/11
20130713,mlb,330713101,TOR,7,BAL,3,TOR,Final
20130713,mlb,330713115,CIN,2,ATL,5,ATL,Final
20130713,mlb,330713130,HOU,3,TB,4,TB,Final
20130713,mlb,330713105,KC,3,CLE,5,CLE,Final
20130713,mlb,330713106,TEX,7,DET,1,TEX,Final
20130713,mlb,330713116,STL,4,CHC,6,CHC,Final
20130713,mlb,330713119,COL,0,LAD,1,LAD,Final
20130713,mlb,330713123,NYM,2,PIT,4,PIT,Final
20130713,mlb,330713128,WSH,1,MIA,2,MIA,Final/10
20130713,mlb,330713322,CHW,1,PHI,2,PHI,Final/13
20130713,mlb,330713112,LAA,0,SEA,6,SEA,Final
20130713,mlb,330713125,SF,9,SD,0,SF,Final
20130713,mlb,330713129,MIL,4,ARI,5,ARI,Final
20130714,mlb,330714105,KC,4,CLE,6,CLE,Final
20130714,mlb,330714110,MIN,10,NYY,4,MIN,Final
20130714,mlb,330714106,TEX,0,DET,5,DET,Final
20130714,mlb,330714128,WSH,5,MIA,2,WSH,Final/10
20130714,mlb,330714101,TOR,4,BAL,7,BAL,Final
20130714,mlb,330714115,CIN,8,ATL,4,CIN,Final
20130714,mlb,330714122,CHW,3,PHI,4,PHI,Final/10
20130714,mlb,330714123,NYM,4,PIT,2,NYM,Final
20130714,mlb,330714130,HOU,0,TB,5,TB,Final
20130714,mlb,330714112,LAA,3,SEA,4,SEA,Final
20130714,mlb,330714119,COL,3,LAD,1,COL,Final
20130714,mlb,330714125,SF,1,SD,10,SD,Final
20130714,mlb,330714129,MIL,5,ARI,1,MIL,Final
20130714,mlb,330714116,STL,10,CHC,6,STL,Final
20130719,mlb,330719120,LAD,3,WSH,2,LAD,Final
20130719,mlb,330719114,TB,8,TOR,5,TB,Final
20130719,mlb,330719102,NYY,2,BOS,4,BOS,Final
20130719,mlb,330719117,PIT,3,CIN,5,CIN,Final
20130719,mlb,330719121,PHI,13,NYM,8,PHI,Final
20130719,mlb,330719113,BAL,3,TEX,1,BAL,Final
20130719,mlb,330719104,ATL,6,CHW,4,ATL,Final
20130719,mlb,330719107,DET,0,KC,1,KC,Final
20130719,mlb,330719108,MIA,0,MIL,2,MIL,Final
20130719,mlb,330719109,CLE,2,MIN,3,MIN,Final
20130719,mlb,330719118,SEA,10,HOU,7,SEA,Final
20130719,mlb,330719124,SD,6,STL,9,STL,Final
20130719,mlb,330719127,CHC,3,COL,1,CHC,Final
20130719,mlb,330719126,ARI,0,SF,2,SF,Final
20130720,mlb,330720114,TB,4,TOR,3,TB,Final
20130720,mlb,330720121,PHI,4,NYM,5,NYM,Final
20130720,mlb,330720102,NYY,5,BOS,2,NYY,Final
20130720,mlb,330720104,ATL,6,CHW,10,CHW,Final
20130720,mlb,330720117,PIT,4,CIN,5,CIN,Final
20130720,mlb,330720120,LAD,3,WSH,1,LAD,Final/10
20130720,mlb,330720107,DET,5,KC,6,KC,Final
20130720,mlb,330720108,MIA,0,MIL,6,MIL,Final
20130720,mlb,330720109,CLE,2,MIN,3,MIN,Final
20130720,mlb,330720118,SEA,4,HOU,2,SEA,Final
20130720,mlb,330720124,SD,5,STL,3,SD,Final
20130720,mlb,330720127,CHC,3,COL,9,COL,Final
20130720,mlb,330720113,BAL,7,TEX,4,BAL,Final
20130720,mlb,330720126,ARI,3,SF,4,SF,Final
20130721,mlb,330721114,TB,4,TOR,3,TB,Final
20130721,mlb,330721117,PIT,3,CIN,2,PIT,Final
20130721,mlb,330721121,PHI,0,NYM,5,NYM,Final
20130721,mlb,330721120,LAD,9,WSH,2,LAD,Final
20130721,mlb,330721104,ATL,1,CHW,3,CHW,Final
20130721,mlb,330721107,DET,4,KC,1,DET,Final
20130721,mlb,330721108,MIA,0,MIL,1,MIL,Final/13
20130721,mlb,330721109,CLE,7,MIN,1,CLE,Final
20130721,mlb,330721118,SEA,12,HOU,5,SEA,Final
20130721,mlb,330721124,SD,2,STL,3,STL,Final
20130721,mlb,330721126,ARI,3,SF,1,ARI,Final
20130721,mlb,330721127,CHC,3,COL,4,COL,Final
20130721,mlb,330721113,BAL,4,TEX,2,BAL,Final
20130721,mlb,330721102,NYY,7,BOS,8,BOS,Final/11
20130722,mlb,330722113,NYY,0,TEX,3,TEX,Final
20130722,mlb,330722120,PIT,6,WSH,5,PIT,Final
20130722,mlb,400703505,LAD,14,TOR,5,LAD,Final
20130722,mlb,330722102,TB,3,BOS,0,TB,Final
20130722,mlb,330722121,ATL,2,NYM,1,ATL,Final
20130722,mlb,330722104,DET,7,CHW,3,DET,Final
20130722,mlb,330722107,BAL,9,KC,2,BAL,Final
20130722,mlb,330722108,SD,5,MIL,3,SD,Final
20130722,mlb,330722127,MIA,3,COL,1,MIA,Final
20130722,mlb,330722129,CHC,4,ARI,2,CHC,Final
20130722,mlb,330722103,MIN,4,LAA,3,MIN,Final
20130722,mlb,330722112,CLE,1,SEA,2,SEA,Final
20130722,mlb,330722126,CIN,11,SF,0,CIN,Final
20130723,mlb,330723120,PIT,5,WSH,1,PIT,Final
20130723,mlb,330723226,CIN,9,SF,3,CIN,Final
20130723,mlb,330723114,LAD,10,TOR,9,LAD,Final
20130723,mlb,330723102,TB,2,BOS,6,BOS,Final
20130723,mlb,330723121,ATL,1,NYM,4,NYM,Final
20130723,mlb,330723113,NYY,5,TEX,4,NYY,Final
20130723,mlb,330723104,DET,6,CHW,2,DET,Final
20130723,mlb,330723107,BAL,2,KC,3,KC,Final
20130723,mlb,330723108,SD,6,MIL,2,SD,Final
20130723,mlb,330723124,PHI,1,STL,4,STL,Final
20130723,mlb,330723127,MIA,4,COL,2,MIA,Final
20130723,mlb,330723129,CHC,4,ARI,10,ARI,Final
20130723,mlb,330723103,MIN,10,LAA,3,MIN,Final/10
20130723,mlb,330723112,CLE,3,SEA,4,SEA,Final
20130723,mlb,330723317,SF,5,CIN,3,SF,Final
20130724,mlb,330724103,MIN,0,LAA,1,LAA,Final
20130724,mlb,330724112,CLE,10,SEA,1,CLE,Final
20130724,mlb,330724102,TB,5,BOS,1,TB,Final
20130724,mlb,330724120,PIT,4,WSH,2,PIT,Final
20130724,mlb,330724114,LAD,8,TOR,3,LAD,Final/10
20130724,mlb,330724121,ATL,8,NYM,2,ATL,Final
20130724,mlb,330724113,NYY,1,TEX,3,TEX,Final
20130724,mlb,330724104,DET,6,CHW,2,DET,Final
20130724,mlb,330724107,BAL,3,KC,4,KC,Final
20130724,mlb,330724108,SD,1,MIL,3,MIL,Final
20130724,mlb,330724124,PHI,3,STL,11,STL,Final
20130724,mlb,330724127,MIA,1,COL,2,COL,Final
20130724,mlb,330724129,CHC,7,ARI,6,CHC,Final/12
20130724,mlb,330724126,CIN,8,SF,3,CIN,Final
20130725,mlb,330725121,ATL,4,NYM,7,NYM,Final
20130725,mlb,330725120,PIT,7,WSH,9,WSH,Final
20130725,mlb,330725113,NYY,2,TEX,0,NYY,Final
20130725,mlb,330725104,DET,4,CHW,7,CHW,Final
20130725,mlb,330725108,SD,10,MIL,8,SD,Final
20130725,mlb,330725127,MIA,5,COL,3,MIA,Final
20130725,mlb,330725114,HOU,0,TOR,4,TOR,Final
20130725,mlb,330725124,PHI,1,STL,3,STL,Final
20130725,mlb,330725107,BAL,1,KC,7,KC,Final
20130725,mlb,330725129,CHC,1,ARI,3,ARI,Final
20130725,mlb,330725112,MIN,2,SEA,8,SEA,Final
20130725,mlb,330725119,CIN,5,LAD,2,CIN,Final
20130726,mlb,330726220,NYM,11,WSH,0,NYM,Final
20130726,mlb,330726101,BOS,0,BAL,6,BAL,Final
20130726,mlb,330726105,TEX,8,CLE,11,CLE,Final/11
20130726,mlb,330726110,TB,10,NYY,6,TB,Final
20130726,mlb,330726320,NYM,1,WSH,2,WSH,Final
20130726,mlb,330726114,HOU,6,TOR,12,TOR,Final
20130726,mlb,330726106,PHI,1,DET,2,DET,Final
20130726,mlb,330726128,PIT,0,MIA,2,MIA,Final
20130726,mlb,330726115,STL,1,ATL,4,ATL,Final
20130726,mlb,330726104,KC,5,CHW,1,KC,Final
20130726,mlb,330726127,MIL,3,COL,8,COL,Final
20130726,mlb,330726129,SD,0,ARI,10,ARI,Final
20130726,mlb,330726112,MIN,3,SEA,2,MIN,Final/13
20130726,mlb,330726119,CIN,1,LAD,2,LAD,Final
20130726,mlb,330726126,CHC,3,SF,2,CHC,Final
20130727,mlb,330727110,TB,1,NYY,0,TB,Final
20130727,mlb,330727114,HOU,8,TOR,6,HOU,Final
20130727,mlb,330727115,STL,0,ATL,2,ATL,Final
20130727,mlb,330727120,NYM,1,WSH,4,WSH,Final
20130727,mlb,330727112,MIN,4,SEA,0,MIN,Final
20130727,mlb,330727101,BOS,7,BAL,3,BOS,Final
20130727,mlb,330727105,TEX,0,CLE,1,CLE,Final
20130727,mlb,330727106,PHI,0,DET,10,DET,Final
20130727,mlb,330727104,KC,1,CHW,0,KC,Final
20130727,mlb,330727128,PIT,7,MIA,4,PIT,Final
20130727,mlb,330727127,MIL,7,COL,5,MIL,Final
20130727,mlb,330727129,SD,12,ARI,3,SD,Final
20130727,mlb,330727126,CHC,1,SF,0,CHC,Final
20130727,mlb,330727119,CIN,1,LAD,4,LAD,Final
20130728,mlb,330728105,TEX,0,CLE,6,CLE,Final
20130728,mlb,330728110,TB,5,NYY,6,NYY,Final
20130728,mlb,330728114,HOU,1,TOR,2,TOR,Final
20130728,mlb,330728106,PHI,4,DET,12,DET,Final
20130728,mlb,330728128,PIT,2,MIA,3,MIA,Final
20130728,mlb,330728101,BOS,5,BAL,0,BOS,Final
20130728,mlb,330728120,NYM,1,WSH,14,WSH,Final
20130728,mlb,330728104,KC,4,CHW,2,KC,Final/12
20130728,mlb,330728126,CHC,2,SF,1,CHC,Final
20130728,mlb,330728112,MIN,4,SEA,6,SEA,Final
20130728,mlb,330728119,CIN,0,LAD,1,LAD,Final/11
20130728,mlb,330728127,MIL,5,COL,6,COL,Final
20130728,mlb,330728129,SD,1,ARI,0,SD,Final
20130728,mlb,330728115,STL,2,ATL,5,ATL,Final
20130729,mlb,330729102,TB,2,BOS,1,TB,Final
20130729,mlb,330729113,LAA,3,TEX,4,TEX,Final
20130729,mlb,330729105,CHW,2,CLE,3,CLE,Final
20130729,mlb,330729123,STL,2,PIT,9,PIT,Final
20130729,mlb,330729115,COL,8,ATL,9,ATL,Final/10
20130729,mlb,330729128,NYM,6,MIA,5,NYM,Final
20130729,mlb,330729116,MIL,5,CHC,0,MIL,Final
20130729,mlb,330729125,CIN,1,SD,2,SD,Final
20130730,mlb,330730216,MIL,6,CHC,5,MIL,Final
20130730,mlb,330730223,STL,1,PIT,2,PIT,Final/11
20130730,mlb,330730101,HOU,3,BAL,4,BAL,Final
20130730,mlb,330730105,CHW,4,CLE,7,CLE,Final
20130730,mlb,330730122,SF,3,PHI,7,PHI,Final
20130730,mlb,330730106,WSH,1,DET,5,DET,Final
20130730,mlb,330730102,SEA,2,BOS,8,BOS,Final
20130730,mlb,330730115,COL,3,ATL,11,ATL,Final
20130730,mlb,330730128,NYM,4,MIA,2,NYM,Final/10
20130730,mlb,330730130,ARI,2,TB,5,TB,Final
20130730,mlb,330730113,LAA,11,TEX,14,TEX,Final/10
20130730,mlb,330730316,MIL,3,CHC,2,MIL,Final
20130730,mlb,330730109,KC,7,MIN,2,KC,Final
20130730,mlb,330730323,STL,0,PIT,6,PIT,Final
20130730,mlb,330730119,NYY,2,LAD,3,LAD,Final
20130730,mlb,330730125,CIN,2,SD,4,SD,Final
20130731,mlb,330731106,WSH,1,DET,11,DET,Final
20130731,mlb,330731125,CIN,4,SD,1,CIN,Final
20130731,mlb,330731123,STL,4,PIT,5,PIT,Final
20130731,mlb,330731101,HOU,11,BAL,0,HOU,Final
20130731,mlb,330731105,CHW,5,CLE,6,CLE,Final/10
20130731,mlb,330731122,SF,9,PHI,2,SF,Final
20130731,mlb,330731102,SEA,4,BOS,5,BOS,Final/15
20130731,mlb,330731115,COL,0,ATL,9,ATL,Final
20130731,mlb,330731128,NYM,2,MIA,3,MIA,Final
20130731,mlb,330731130,ARI,7,TB,0,ARI,Final
20130731,mlb,330731113,LAA,1,TEX,2,TEX,Final
20130731,mlb,330731116,MIL,1,CHC,6,CHC,Final
20130731,mlb,330731109,KC,4,MIN,3,KC,Final
20130731,mlb,330731119,NYY,3,LAD,0,NYY,Final
20130801,mlb,330801105,CHW,1,CLE,6,CLE,Final
20130801,mlb,330801128,NYM,0,MIA,3,MIA,Final
20130801,mlb,330801109,KC,7,MIN,2,KC,Final
20130801,mlb,330801101,HOU,3,BAL,6,BAL,Final
20130801,mlb,330801113,ARI,1,TEX,7,TEX,Final
20130801,mlb,330801122,SF,2,PHI,1,SF,Final
20130801,mlb,330801123,STL,13,PIT,0,STL,Final
20130801,mlb,330801102,SEA,7,BOS,8,BOS,Final
20130801,mlb,330801115,COL,2,ATL,11,ATL,Final
20130801,mlb,330801116,LAD,6,CHC,4,LAD,Final
20130801,mlb,330801103,TOR,2,LAA,8,LAA,Final
20130802,mlb,330802116,LAD,6,CHC,2,LAD,Final
20130802,mlb,330802101,SEA,8,BAL,11,BAL,Final
20130802,mlb,330802122,ATL,6,PHI,4,ATL,Final
20130802,mlb,330802123,COL,4,PIT,2,COL,Final
20130802,mlb,330802106,CHW,1,DET,2,DET,Final
20130802,mlb,330802102,ARI,7,BOS,6,ARI,Final
20130802,mlb,330802117,STL,13,CIN,3,STL,Final
20130802,mlb,330802121,KC,2,NYM,4,NYM,Final/11
20130802,mlb,330802128,CLE,0,MIA,10,MIA,Final
20130802,mlb,330802130,SF,4,TB,1,SF,Final
20130802,mlb,330802109,HOU,3,MIN,4,MIN,Final/13
20130802,mlb,330802108,WSH,4,MIL,1,WSH,Final
20130802,mlb,330802103,TOR,5,LAA,7,LAA,Final
20130802,mlb,330802125,NYY,2,SD,7,SD,Final
20130803,mlb,330803121,KC,4,NYM,3,KC,Final/12
20130803,mlb,330803116,LAD,3,CHC,0,LAD,Final
20130803,mlb,330803122,ATL,5,PHI,4,ATL,Final/12
20130803,mlb,330803101,SEA,8,BAL,4,SEA,Final
20130803,mlb,330803123,COL,2,PIT,5,PIT,Final
20130803,mlb,330803106,CHW,0,DET,3,DET,Final
20130803,mlb,330803102,ARI,2,BOS,5,BOS,Final
20130803,mlb,330803108,WSH,3,MIL,0,WSH,Final
20130803,mlb,330803109,HOU,4,MIN,6,MIN,Final
20130803,mlb,330803117,STL,3,CIN,8,CIN,Final
20130803,mlb,330803128,CLE,4,MIA,3,CLE,Final
20130803,mlb,330803130,SF,1,TB,2,TB,Final/10
20130803,mlb,330803125,NYY,3,SD,0,NYY,Final
20130803,mlb,330803103,TOR,3,LAA,7,LAA,Final
20130804,mlb,330804106,CHW,2,DET,3,DET,Final/12
20130804,mlb,330804117,STL,15,CIN,2,STL,Final
20130804,mlb,330804121,KC,6,NYM,2,KC,Final
20130804,mlb,330804128,CLE,2,MIA,0,CLE,Final
20130804,mlb,330804101,SEA,3,BAL,2,SEA,Final
20130804,mlb,330804102,ARI,0,BOS,4,BOS,Final
20130804,mlb,330804123,COL,1,PIT,5,PIT,Final
20130804,mlb,330804130,SF,3,TB,4,TB,Final
20130804,mlb,330804108,WSH,5,MIL,8,MIL,Final
20130804,mlb,330804109,HOU,2,MIN,3,MIN,Final
20130804,mlb,330804116,LAD,1,CHC,0,LAD,Final
20130804,mlb,330804103,TOR,6,LAA,5,TOR,Final
20130804,mlb,330804125,NYY,3,SD,6,SD,Final
20130804,mlb,330804122,ATL,4,PHI,1,ATL,Final
20130805,mlb,330805124,LAD,3,STL,2,LAD,Final
20130805,mlb,330805105,DET,4,CLE,2,DET,Final
20130805,mlb,330805120,ATL,3,WSH,2,ATL,Final
20130805,mlb,330805104,NYY,1,CHW,8,CHW,Final
20130805,mlb,330805107,MIN,0,KC,13,KC,Final
20130805,mlb,330805118,BOS,0,HOU,2,HOU,Final
20130805,mlb,330805103,TEX,5,LAA,2,TEX,Final
20130805,mlb,330805112,TOR,3,SEA,1,TOR,Final
20130805,mlb,330805126,MIL,2,SF,4,SF,Final
20130806,mlb,330806105,DET,5,CLE,1,DET,Final
20130806,mlb,330806120,ATL,2,WSH,1,ATL,Final
20130806,mlb,330806122,CHC,8,PHI,9,PHI,Final
20130806,mlb,330806123,MIA,3,PIT,4,PIT,Final
20130806,mlb,330806121,COL,2,NYM,3,NYM,Final
20130806,mlb,330806104,NYY,2,CHW,3,CHW,Final
20130806,mlb,330806107,MIN,7,KC,0,MIN,Final
20130806,mlb,330806118,BOS,15,HOU,10,BOS,Final
20130806,mlb,330806124,LAD,1,STL,5,STL,Final
20130806,mlb,330806129,TB,1,ARI,6,ARI,Final
20130806,mlb,330806103,TEX,8,LAA,3,TEX,Final
20130806,mlb,330806112,TOR,7,SEA,2,TOR,Final
20130806,mlb,330806125,BAL,4,SD,1,BAL,Final
20130806,mlb,330806126,MIL,3,SF,1,MIL,Final
20130807,mlb,330807112,TOR,7,SEA,9,SEA,Final
20130807,mlb,330807125,BAL,10,SD,3,BAL,Final
20130807,mlb,330807105,DET,6,CLE,5,DET,Final/14
20130807,mlb,330807120,ATL,6,WSH,3,ATL,Final
20130807,mlb,330807122,CHC,5,PHI,2,CHC,Final
20130807,mlb,330807123,MIA,2,PIT,4,PIT,Final
20130807,mlb,330807121,COL,0,NYM,5,NYM,Final
20130807,mlb,330807124,LAD,13,STL,4,LAD,Final
20130807,mlb,330807104,NYY,5,CHW,6,CHW,Final/12
20130807,mlb,330807107,MIN,2,KC,5,KC,Final
20130807,mlb,330807118,BOS,7,HOU,5,BOS,Final
20130807,mlb,330807129,TB,8,ARI,9,ARI,Final
20130807,mlb,330807103,TEX,10,LAA,3,TEX,Final
20130807,mlb,330807126,MIL,6,SF,1,MIL,Final
20130808,mlb,330808121,COL,1,NYM,2,NYM,Final
20130808,mlb,330808123,MIA,4,PIT,5,PIT,Final/10
20130808,mlb,330808122,CHC,1,PHI,12,PHI,Final
20130808,mlb,330808126,MIL,1,SF,4,SF,Final
20130808,mlb,330808105,DET,10,CLE,3,DET,Final
20130808,mlb,330808107,BOS,1,KC,5,KC,Final
20130808,mlb,330808124,LAD,5,STL,1,LAD,Final
20130809,mlb,330809204,MIN,7,CHW,5,MIN,Final
20130809,mlb,330809105,LAA,5,CLE,2,LAA,Final
20130809,mlb,330809110,DET,3,NYY,4,NYY,Final/10
20130809,mlb,330809120,PHI,2,WSH,9,WSH,Final
20130809,mlb,330809117,SD,2,CIN,7,CIN,Final
20130809,mlb,330809115,MIA,0,ATL,5,ATL,Final
20130809,mlb,330809107,BOS,6,KC,9,KC,Final
20130809,mlb,330809118,TEX,9,HOU,5,TEX,Final
20130809,mlb,330809304,MIN,3,CHW,2,MIN,Final/10
20130809,mlb,330809124,CHC,3,STL,0,CHC,Final
20130809,mlb,330809127,PIT,1,COL,10,COL,Final
20130809,mlb,330809129,NYM,4,ARI,5,ARI,Final
20130809,mlb,330809112,MIL,10,SEA,5,MIL,Final
20130809,mlb,330809119,TB,6,LAD,7,LAD,Final
20130809,mlb,330809126,BAL,5,SF,2,BAL,Final/10
20130810,mlb,330810110,DET,9,NYY,3,DET,Final
20130810,mlb,330810104,MIN,4,CHW,5,CHW,Final
20130810,mlb,330810119,TB,0,LAD,5,LAD,Final
20130810,mlb,330810126,BAL,2,SF,3,SF,Final
20130810,mlb,330810105,LAA,7,CLE,2,LAA,Final
20130810,mlb,330810120,PHI,5,WSH,8,WSH,Final
20130810,mlb,330810107,BOS,5,KC,3,BOS,Final
20130810,mlb,330810115,MIA,1,ATL,0,MIA,Final
20130810,mlb,330810117,SD,3,CIN,1,SD,Final
20130810,mlb,330810118,TEX,5,HOU,4,TEX,Final
20130810,mlb,330810124,CHC,6,STL,5,CHC,Final
20130810,mlb,330810129,NYM,4,ARI,1,NYM,Final
20130810,mlb,330810112,MIL,10,SEA,0,MIL,Final
20130810,mlb,330810127,PIT,4,COL,6,COL,Final
20130811,mlb,330811105,LAA,5,CLE,6,CLE,Final
20130811,mlb,330811110,DET,4,NYY,5,NYY,Final
20130811,mlb,330811117,SD,2,CIN,3,CIN,Final/13
20130811,mlb,330811115,MIA,4,ATL,9,ATL,Final
20130811,mlb,330811104,MIN,5,CHW,2,MIN,Final
20130811,mlb,330811107,BOS,3,KC,4,KC,Final
20130811,mlb,330811118,TEX,6,HOU,1,TEX,Final
20130811,mlb,330811124,CHC,4,STL,8,STL,Final
20130811,mlb,330811126,BAL,10,SF,2,BAL,Final
20130811,mlb,330811112,MIL,0,SEA,2,SEA,Final
20130811,mlb,330811127,PIT,2,COL,3,COL,Final
20130811,mlb,330811129,NYM,9,ARI,5,NYM,Final
20130811,mlb,330811120,PHI,0,WSH,6,WSH,Final
20130811,mlb,330811119,TB,2,LAD,8,LAD,Final
20130812,mlb,330812118,TEX,2,HOU,1,TEX,Final
20130812,mlb,330812110,LAA,1,NYY,2,NYY,Final
20130812,mlb,330812115,PHI,5,ATL,1,PHI,Final
20130812,mlb,330812116,CIN,2,CHC,0,CIN,Final
20130812,mlb,330812104,DET,2,CHW,6,CHW,Final
20130812,mlb,330812107,MIA,2,KC,6,KC,Final
20130812,mlb,330812109,CLE,0,MIN,3,MIN,Final
20130812,mlb,330812127,SD,2,COL,14,COL,Final
20130812,mlb,330812129,BAL,6,ARI,7,ARI,Final
20130812,mlb,330812119,NYM,2,LAD,4,LAD,Final
20130813,mlb,330813110,LAA,7,NYY,14,NYY,Final
20130813,mlb,330813120,SF,2,WSH,4,WSH,Final
20130813,mlb,330813114,BOS,4,TOR,2,BOS,Final/11
20130813,mlb,330813115,PHI,1,ATL,3,ATL,Final
20130813,mlb,330813130,SEA,5,TB,4,SEA,Final
20130813,mlb,330813113,MIL,5,TEX,1,MIL,Final
20130813,mlb,330813116,CIN,6,CHC,4,CIN,Final/11
20130813,mlb,330813104,DET,3,CHW,4,CHW,Final/11
20130813,mlb,330813107,MIA,1,KC,0,MIA,Final/10
20130813,mlb,330813109,CLE,5,MIN,2,CLE,Final
20130813,mlb,330813124,PIT,3,STL,4,STL,Final/14
20130813,mlb,330813127,SD,7,COL,5,SD,Final
20130813,mlb,330813129,BAL,3,ARI,4,ARI,Final/11
20130813,mlb,330813119,NYM,2,LAD,4,LAD,Final
20130814,mlb,330814109,CLE,9,MIN,8,CLE,Final/12
20130814,mlb,330814104,DET,6,CHW,4,DET,Final
20130814,mlb,330814107,MIA,5,KC,2,MIA,Final
20130814,mlb,330814116,CIN,5,CHC,0,CIN,Final
20130814,mlb,330814127,SD,2,COL,4,COL,Final
20130814,mlb,330814129,BAL,4,ARI,5,ARI,Final/14
20130814,mlb,330814110,LAA,3,NYY,11,NYY,Final
20130814,mlb,330814120,SF,5,WSH,6,WSH,Final
20130814,mlb,330814114,BOS,3,TOR,4,TOR,Final/10
20130814,mlb,330814115,PHI,3,ATL,6,ATL,Final
20130814,mlb,330814130,SEA,4,TB,5,TB,Final
20130814,mlb,330814124,PIT,5,STL,1,PIT,Final
20130814,mlb,330814113,MIL,4,TEX,5,TEX,Final
20130814,mlb,330814119,NYM,4,LAD,5,LAD,Final/12
20130815,mlb,330815110,LAA,8,NYY,4,LAA,Final
20130815,mlb,330815124,PIT,5,STL,6,STL,Final/12
20130815,mlb,330815120,SF,4,WSH,3,SF,Final
20130815,mlb,330815114,BOS,1,TOR,2,TOR,Final
20130815,mlb,330815106,KC,1,DET,4,DET,Final
20130815,mlb,330815130,SEA,1,TB,7,TB,Final
20130815,mlb,330815108,CIN,2,MIL,1,CIN,Final
20130815,mlb,330815109,CHW,3,MIN,4,MIN,Final
20130815,mlb,330815125,NYM,4,SD,1,NYM,Final
20130816,mlb,330816206,KC,2,DET,1,KC,Final
20130816,mlb,330816116,STL,0,CHC,7,CHC,Final
20130816,mlb,330816101,COL,6,BAL,3,COL,Final
20130816,mlb,330816122,LAD,4,PHI,0,LAD,Final
20130816,mlb,330816123,ARI,2,PIT,6,PIT,Final
20130816,mlb,330816306,KC,3,DET,0,KC,Final
20130816,mlb,330816102,NYY,10,BOS,3,NYY,Final
20130816,mlb,330816128,SF,14,MIA,10,SF,Final
20130816,mlb,330816130,TOR,4,TB,5,TB,Final
20130816,mlb,330816115,WSH,2,ATL,3,ATL,Final/10
20130816,mlb,330816113,SEA,3,TEX,1,SEA,Final
20130816,mlb,330816108,CIN,6,MIL,7,MIL,Final
20130816,mlb,330816109,CHW,5,MIN,2,CHW,Final
20130816,mlb,330816103,HOU,8,LAA,2,HOU,Final
20130816,mlb,330816125,NYM,5,SD,2,NYM,Final
20130817,mlb,330817102,NYY,1,BOS,6,BOS,Final
20130817,mlb,330817116,STL,4,CHC,0,STL,Final
20130817,mlb,330817123,ARI,15,PIT,5,ARI,Final
20130817,mlb,330817101,COL,4,BAL,8,BAL,Final
20130817,mlb,330817122,LAD,5,PHI,0,LAD,Final
20130817,mlb,330817106,KC,5,DET,6,DET,Final
20130817,mlb,330817108,CIN,0,MIL,2,MIL,Final
20130817,mlb,330817109,CHW,8,MIN,5,CHW,Final
20130817,mlb,330817115,WSH,8,ATL,7,WSH,Final/15
20130817,mlb,330817128,SF,6,MIA,4,SF,Final
20130817,mlb,330817130,TOR,6,TB,2,TOR,Final
20130817,mlb,330817113,SEA,3,TEX,15,TEX,Final
20130817,mlb,330817125,NYM,2,SD,8,SD,Final
20130817,mlb,330817103,HOU,5,LAA,6,LAA,Final/10
20130818,mlb,330818106,KC,3,DET,6,DET,Final
20130818,mlb,330818128,SF,5,MIA,6,MIA,Final
20130818,mlb,330818101,COL,2,BAL,7,BAL,Final
20130818,mlb,330818115,WSH,1,ATL,2,ATL,Final
20130818,mlb,330818122,LAD,2,PHI,3,PHI,Final
20130818,mlb,330818123,ARI,4,PIT,2,ARI,Final/16
20130818,mlb,330818130,TOR,1,TB,2,TB,Final/10
20130818,mlb,330818108,CIN,9,MIL,1,CIN,Final
20130818,mlb,330818109,CHW,5,MIN,2,CHW,Final
20130818,mlb,330818116,STL,6,CHC,1,STL,Final
20130818,mlb,330818113,SEA,4,TEX,3,SEA,Final
20130818,mlb,330818103,HOU,7,LAA,5,HOU,Final
20130818,mlb,330818125,NYM,3,SD,4,SD,Final
20130818,mlb,330818102,NYY,9,BOS,6,NYY,Final
20130819,mlb,330819109,NYM,6,MIN,1,NYM,Final
20130819,mlb,330819101,TB,4,BAL,3,TB,Final
20130819,mlb,330819122,COL,4,PHI,5,PHI,Final
20130819,mlb,330819117,ARI,3,CIN,5,CIN,Final
20130819,mlb,330819128,LAD,2,MIA,6,MIA,Final
20130819,mlb,330819113,HOU,5,TEX,16,TEX,Final
20130819,mlb,330819116,WSH,1,CHC,11,CHC,Final
20130819,mlb,330819108,STL,8,MIL,5,STL,Final
20130819,mlb,330819126,BOS,7,SF,0,BOS,Final
20130819,mlb,330819103,CLE,5,LAA,2,CLE,Final
20130819,mlb,330819125,PIT,3,SD,1,PIT,Final
20130820,mlb,330820210,TOR,4,NYY,8,NYY,Final
20130820,mlb,330820101,TB,7,BAL,4,TB,Final
20130820,mlb,330820122,COL,5,PHI,3,COL,Final
20130820,mlb,330820310,TOR,2,NYY,3,NYY,Final
20130820,mlb,330820106,MIN,6,DET,3,MIN,Final
20130820,mlb,330820117,ARI,5,CIN,2,ARI,Final
20130820,mlb,330820121,ATL,3,NYM,5,NYM,Final
20130820,mlb,330820128,LAD,6,MIA,4,LAD,Final
20130820,mlb,330820113,HOU,2,TEX,4,TEX,Final
20130820,mlb,330820116,WSH,4,CHC,2,WSH,Final
20130820,mlb,330820107,CHW,2,KC,0,CHW,Final
20130820,mlb,330820108,STL,3,MIL,6,MIL,Final
20130820,mlb,330820103,CLE,4,LAA,1,CLE,Final/14
20130820,mlb,330820125,PIT,8,SD,1,PIT,Final
20130820,mlb,330820126,BOS,2,SF,3,SF,Final
20130821,mlb,330821121,ATL,4,NYM,1,ATL,Final/10
20130821,mlb,330821108,STL,8,MIL,6,STL,Final
20130821,mlb,330821126,BOS,12,SF,1,BOS,Final
20130821,mlb,330821125,PIT,1,SD,2,SD,Final
20130821,mlb,330821101,TB,2,BAL,4,BAL,Final
20130821,mlb,330821103,CLE,3,LAA,1,CLE,Final
20130821,mlb,330821110,TOR,2,NYY,4,NYY,Final
20130821,mlb,330821122,COL,3,PHI,4,PHI,Final
20130821,mlb,330821106,MIN,1,DET,7,DET,Final
20130821,mlb,330821117,ARI,7,CIN,10,CIN,Final
20130821,mlb,330821128,LAD,4,MIA,1,LAD,Final
20130821,mlb,330821113,HOU,4,TEX,5,TEX,Final
20130821,mlb,330821116,WSH,11,CHC,6,WSH,Final
20130821,mlb,330821107,CHW,5,KC,2,CHW,Final
20130822,mlb,330822117,ARI,1,CIN,2,CIN,Final
20130822,mlb,330822128,LAD,6,MIA,0,LAD,Final
20130822,mlb,330822110,TOR,3,NYY,5,NYY,Final
20130822,mlb,330822106,MIN,7,DET,6,MIN,Final
20130822,mlb,330822116,WSH,5,CHC,4,WSH,Final/13
20130822,mlb,330822122,COL,4,PHI,5,PHI,Final
20130822,mlb,330822107,CHW,4,KC,3,CHW,Final/12
20130822,mlb,330822124,ATL,2,STL,6,STL,Final
20130822,mlb,330822126,PIT,10,SF,5,PIT,Final
20130823,mlb,330823105,MIN,5,CLE,1,MIN,Final
20130823,mlb,330823122,ARI,3,PHI,4,PHI,Final
20130823,mlb,330823117,MIL,6,CIN,4,MIL,Final
20130823,mlb,330823121,DET,6,NYM,1,DET,Final
20130823,mlb,330823128,COL,3,MIA,2,COL,Final
20130823,mlb,330823130,NYY,2,TB,7,TB,Final
20130823,mlb,330823104,TEX,11,CHW,5,TEX,Final
20130823,mlb,330823107,WSH,11,KC,10,WSH,Final
20130823,mlb,330823118,TOR,4,HOU,12,HOU,Final
20130823,mlb,330823124,ATL,1,STL,3,STL,Final
20130823,mlb,330823112,LAA,2,SEA,0,LAA,Final
20130823,mlb,330823119,BOS,0,LAD,2,LAD,Final
20130823,mlb,330823125,CHC,6,SD,8,SD,Final
20130823,mlb,330823126,PIT,3,SF,1,PIT,Final
20130824,mlb,330824119,BOS,4,LAD,2,BOS,Final
20130824,mlb,330824121,DET,3,NYM,0,DET,Final
20130824,mlb,330824105,MIN,2,CLE,7,CLE,Final
20130824,mlb,330824122,ARI,12,PHI,7,ARI,Final/18
20130824,mlb,330824104,TEX,2,CHW,3,CHW,Final
20130824,mlb,330824107,WSH,7,KC,2,WSH,Final
20130824,mlb,330824117,MIL,3,CIN,6,CIN,Final
20130824,mlb,330824118,TOR,5,HOU,8,HOU,Final
20130824,mlb,330824128,COL,0,MIA,3,MIA,Final
20130824,mlb,330824130,NYY,2,TB,4,TB,Final
20130824,mlb,330824124,ATL,2,STL,6,STL,Final
20130824,mlb,330824125,CHC,3,SD,2,CHC,Final
20130824,mlb,330824126,PIT,3,SF,6,SF,Final
20130824,mlb,330824112,LAA,5,SEA,1,LAA,Final
20130825,mlb,330825105,MIN,1,CLE,3,CLE,Final
20130825,mlb,330825117,MIL,3,CIN,1,MIL,Final
20130825,mlb,330825121,DET,11,NYM,3,DET,Final
20130825,mlb,330825128,COL,4,MIA,3,COL,Final
20130825,mlb,330825122,ARI,5,PHI,9,PHI,Final
20130825,mlb,330825130,NYY,3,TB,2,NYY,Final/11
20130825,mlb,330825104,TEX,2,CHW,5,CHW,Final
20130825,mlb,330825107,WSH,4,KC,6,KC,Final
20130825,mlb,330825118,TOR,2,HOU,1,TOR,Final
20130825,mlb,330825124,ATL,5,STL,2,ATL,Final
20130825,mlb,330825126,PIT,0,SF,4,SF,Final
20130825,mlb,330825112,LAA,7,SEA,1,LAA,Final
20130825,mlb,330825125,CHC,2,SD,3,SD,Final/15
20130825,mlb,330825119,BOS,8,LAD,1,BOS,Final
20130826,mlb,330826107,TB,1,KC,11,KC,Final
20130826,mlb,330826124,CIN,6,STL,8,STL,Final
20130826,mlb,330826114,NYY,2,TOR,5,TOR,Final
20130826,mlb,330826121,PHI,2,NYM,1,PHI,Final
20130826,mlb,330826104,HOU,10,CHW,8,HOU,Final
20130826,mlb,330826127,SF,1,COL,6,COL,Final
20130826,mlb,330826129,SD,1,ARI,6,ARI,Final
20130826,mlb,330826112,TEX,8,SEA,3,TEX,Final
20130826,mlb,330826119,CHC,2,LAD,6,LAD,Final
20130827,mlb,330827120,MIA,1,WSH,2,WSH,Final
20130827,mlb,330827123,MIL,7,PIT,6,MIL,Final
20130827,mlb,330827114,NYY,7,TOR,1,NYY,Final
20130827,mlb,330827102,BAL,2,BOS,13,BOS,Final
20130827,mlb,330827115,CLE,0,ATL,2,ATL,Final
20130827,mlb,330827121,PHI,0,NYM,5,NYM,Final
20130827,mlb,330827130,LAA,6,TB,5,LAA,Final
20130827,mlb,330827104,HOU,3,CHW,4,CHW,Final
20130827,mlb,330827109,KC,6,MIN,1,KC,Final
20130827,mlb,330827124,CIN,1,STL,6,STL,Final
20130827,mlb,330827127,SF,5,COL,3,SF,Final
20130827,mlb,330827129,SD,9,ARI,10,ARI,Final/10
20130827,mlb,330827112,TEX,4,SEA,3,TEX,Final/10
20130827,mlb,330827119,CHC,3,LAD,2,CHC,Final
20130828,mlb,330828119,CHC,0,LAD,4,LAD,Final
20130828,mlb,330828112,TEX,12,SEA,4,TEX,Final
20130828,mlb,330828102,BAL,3,BOS,4,BOS,Final
20130828,mlb,330828120,MIA,3,WSH,4,WSH,Final
20130828,mlb,330828123,MIL,1,PIT,7,PIT,Final
20130828,mlb,330828114,NYY,2,TOR,7,TOR,Final
20130828,mlb,330828115,CLE,2,ATL,3,ATL,Final
20130828,mlb,330828121,PHI,6,NYM,2,PHI,Final
20130828,mlb,330828130,LAA,1,TB,4,TB,Final
20130828,mlb,330828104,HOU,1,CHW,6,CHW,Final
20130828,mlb,330828109,KC,8,MIN,1,KC,Final
20130828,mlb,330828124,CIN,10,STL,0,CIN,Final
20130828,mlb,330828127,SF,4,COL,5,COL,Final
20130828,mlb,330828129,SD,5,ARI,1,SD,Final
20130829,mlb,330829109,KC,3,MIN,1,KC,Final
20130829,mlb,330829121,PHI,3,NYM,11,NYM,Final
20130829,mlb,330829130,LAA,2,TB,0,LAA,Final
20130829,mlb,330829120,MIA,0,WSH,9,WSH,Final
20130829,mlb,330829123,MIL,4,PIT,0,MIL,Final
20130829,mlb,330829102,BAL,3,BOS,2,BAL,Final
20130829,mlb,330829115,CLE,1,ATL,3,ATL,Final
20130829,mlb,330829118,SEA,3,HOU,2,SEA,Final
20130830,mlb,330830116,PHI,6,CHC,5,PHI,Final
20130830,mlb,330830110,BAL,5,NYY,8,NYY,Final
20130830,mlb,330830120,NYM,3,WSH,2,NYM,Final
20130830,mlb,330830123,STL,0,PIT,5,PIT,Final
20130830,mlb,330830114,KC,2,TOR,3,TOR,Final
20130830,mlb,330830106,CLE,2,DET,7,DET,Final/7
20130830,mlb,330830102,CHW,3,BOS,4,BOS,Final
20130830,mlb,330830115,MIA,1,ATL,2,ATL,Final
20130830,mlb,330830113,MIN,3,TEX,2,MIN,Final
20130830,mlb,330830108,LAA,5,MIL,0,LAA,Final
20130830,mlb,330830118,SEA,7,HOU,1,SEA,Final
20130830,mlb,330830127,CIN,6,COL,9,COL,Final
20130830,mlb,330830129,SF,1,ARI,0,SF,Final
20130830,mlb,330830119,SD,2,LAD,9,LAD,Final
20130831,mlb,330831110,BAL,0,NYY,2,NYY,Final
20130831,mlb,330831114,KC,2,TOR,4,TOR,Final
20130831,mlb,330831116,PHI,3,CHC,4,CHC,Final
20130831,mlb,330831120,NYM,11,WSH,3,NYM,Final
20130831,mlb,330831123,STL,1,PIT,7,PIT,Final
20130831,mlb,330831106,CLE,5,DET,10,DET,Final
20130831,mlb,330831102,CHW,2,BOS,7,BOS,Final
20130831,mlb,330831108,LAA,6,MIL,5,LAA,Final
20130831,mlb,330831115,MIA,4,ATL,5,ATL,Final/11
20130831,mlb,330831118,SEA,3,HOU,1,SEA,Final
20130831,mlb,400653460,MIN,1,TEX,2,TEX,Final
20130831,mlb,330831127,CIN,8,COL,3,CIN,Final
20130831,mlb,330831129,SF,3,ARI,4,ARI,Final
20130831,mlb,330831119,SD,1,LAD,2,LAD,Final
20130901,mlb,330901110,BAL,7,NYY,3,BAL,Final
20130901,mlb,330901114,KC,5,TOR,0,KC,Final
20130901,mlb,330901106,CLE,4,DET,0,CLE,Final
20130901,mlb,330901102,CHW,6,BOS,7,BOS,Final
20130901,mlb,330901123,STL,7,PIT,2,STL,Final
20130901,mlb,330901108,LAA,5,MIL,3,LAA,Final
20130901,mlb,330901118,SEA,0,HOU,2,HOU,Final
20130901,mlb,330901116,PHI,1,CHC,7,CHC,Final
20130901,mlb,330901113,MIN,4,TEX,2,MIN,Final
20130901,mlb,330901119,SD,1,LAD,2,LAD,Final
20130901,mlb,330901127,CIN,4,COL,7,COL,Final
20130901,mlb,330901129,SF,8,ARI,2,SF,Final
20130901,mlb,330901115,MIA,7,ATL,0,MIA,Final
20130901,mlb,330901120,NYM,5,WSH,6,WSH,Final
20130902,mlb,330902110,CHW,1,NYY,9,NYY,Final
20130902,mlb,330902115,NYM,5,ATL,13,ATL,Final
20130902,mlb,330902117,STL,2,CIN,7,CIN,Final
20130902,mlb,330902102,DET,3,BOS,0,DET,Final
20130902,mlb,330902107,SEA,1,KC,3,KC,Final
20130902,mlb,330902108,PIT,5,MIL,2,PIT,Final
20130902,mlb,330902118,MIN,10,HOU,6,MIN,Final
20130902,mlb,330902116,MIA,4,CHC,3,MIA,Final
20130902,mlb,330902125,SF,1,SD,4,SD,Final
20130902,mlb,330902105,BAL,7,CLE,2,BAL,Final
20130902,mlb,330902127,LAD,10,COL,8,LAD,Final
20130902,mlb,330902129,TOR,4,ARI,1,TOR,Final
20130902,mlb,330902122,WSH,2,PHI,3,PHI,Final
20130902,mlb,330902103,TB,2,LAA,11,LAA,Final
20130903,mlb,330903105,BAL,3,CLE,4,CLE,Final
20130903,mlb,330903110,CHW,4,NYY,6,NYY,Final
20130903,mlb,330903122,WSH,9,PHI,6,WSH,Final
20130903,mlb,330903102,DET,1,BOS,2,BOS,Final
20130903,mlb,330903115,NYM,1,ATL,3,ATL,Final
20130903,mlb,330903117,STL,0,CIN,1,CIN,Final
20130903,mlb,330903116,MIA,6,CHC,2,MIA,Final
20130903,mlb,330903107,SEA,3,KC,4,KC,Final
20130903,mlb,330903108,PIT,4,MIL,3,PIT,Final
20130903,mlb,330903118,MIN,9,HOU,6,MIN,Final/12
20130903,mlb,330903127,LAD,7,COL,4,LAD,Final
20130903,mlb,330903129,TOR,10,ARI,4,TOR,Final
20130903,mlb,330903103,TB,7,LAA,1,TB,Final
20130903,mlb,330903125,SF,2,SD,3,SD,Final
20130904,mlb,330904115,NYM,5,ATL,2,NYM,Final
20130904,mlb,330904118,MIN,5,HOU,6,HOU,Final
20130904,mlb,330904116,MIA,7,CHC,9,CHC,Final
20130904,mlb,330904129,TOR,3,ARI,4,ARI,Final/10
20130904,mlb,330904125,SF,13,SD,5,SF,Final
20130904,mlb,330904102,DET,4,BOS,20,BOS,Final
20130904,mlb,330904105,BAL,4,CLE,6,CLE,Final
20130904,mlb,330904110,CHW,5,NYY,6,NYY,Final
20130904,mlb,330904122,WSH,3,PHI,2,WSH,Final
20130904,mlb,330904117,STL,5,CIN,4,STL,Final/16
20130904,mlb,330904107,SEA,6,KC,4,SEA,Final
20130904,mlb,330904108,PIT,3,MIL,9,MIL,Final
20130904,mlb,330904127,LAD,5,COL,7,COL,Final
20130904,mlb,330904103,TB,3,LAA,1,TB,Final
20130905,mlb,330905107,SEA,6,KC,7,KC,Final/13
20130905,mlb,330905101,CHW,1,BAL,3,BAL,Final
20130905,mlb,330905110,BOS,9,NYY,8,BOS,Final/10
20130905,mlb,330905117,STL,2,CIN,6,CIN,Final
20130905,mlb,330905126,ARI,4,SF,2,ARI,Final
20130905,mlb,330905103,TB,2,LAA,6,LAA,Final
20130906,mlb,330906116,MIL,5,CHC,8,CHC,Final
20130906,mlb,330906101,CHW,0,BAL,4,BAL,Final
20130906,mlb,330906105,NYM,1,CLE,8,CLE,Final
20130906,mlb,330906110,BOS,12,NYY,8,BOS,Final
20130906,mlb,330906122,ATL,1,PHI,2,PHI,Final
20130906,mlb,330906117,LAD,2,CIN,3,CIN,Final
20130906,mlb,330906128,WSH,0,MIA,7,MIA,Final
20130906,mlb,330906107,DET,16,KC,2,DET,Final
20130906,mlb,330906109,TOR,6,MIN,5,TOR,Final
20130906,mlb,330906124,PIT,8,STL,12,STL,Final
20130906,mlb,330906103,TEX,5,LAA,6,LAA,Final
20130906,mlb,330906112,TB,4,SEA,6,SEA,Final
20130906,mlb,330906125,COL,3,SD,4,SD,Final
20130906,mlb,330906126,ARI,0,SF,3,SF,Final
20130907,mlb,330907101,CHW,3,BAL,4,BAL,Final/10
20130907,mlb,330907110,BOS,13,NYY,9,BOS,Final
20130907,mlb,330907117,LAD,3,CIN,4,CIN,Final/10
20130907,mlb,330907116,MIL,5,CHC,3,MIL,Final
20130907,mlb,330907105,NYM,4,CLE,9,CLE,Final
20130907,mlb,330907122,ATL,5,PHI,6,PHI,Final
20130907,mlb,330907107,DET,3,KC,4,KC,Final
20130907,mlb,330907109,TOR,11,MIN,2,TOR,Final
20130907,mlb,330907128,WSH,9,MIA,2,WSH,Final
20130907,mlb,330907124,PIT,0,STL,5,STL,Final
20130907,mlb,330907125,COL,1,SD,2,SD,Final
20130907,mlb,330907103,TEX,3,LAA,8,LAA,Final
20130907,mlb,330907126,ARI,2,SF,1,ARI,Final
20130907,mlb,330907112,TB,2,SEA,6,SEA,Final
20130908,mlb,330908105,NYM,2,CLE,1,NYM,Final
20130908,mlb,330908110,BOS,3,NYY,4,NYY,Final
20130908,mlb,330908128,WSH,6,MIA,4,WSH,Final
20130908,mlb,330908101,CHW,4,BAL,2,CHW,Final
20130908,mlb,330908122,ATL,2,PHI,3,PHI,Final
20130908,mlb,330908107,DET,2,KC,5,KC,Final
20130908,mlb,330908109,TOR,2,MIN,0,TOR,Final
20130908,mlb,330908124,PIT,2,STL,9,STL,Final
20130908,mlb,330908116,MIL,3,CHC,1,MIL,Final
20130908,mlb,330908103,TEX,4,LAA,3,TEX,Final
20130908,mlb,330908126,ARI,2,SF,3,SF,Final/11
20130908,mlb,330908112,TB,4,SEA,1,TB,Final
20130908,mlb,330908125,COL,2,SD,5,SD,Final
20130908,mlb,330908117,LAD,2,CIN,3,CIN,Final
20130909,mlb,330909101,NYY,2,BAL,4,BAL,Final
20130909,mlb,330909105,KC,3,CLE,4,CLE,Final
20130909,mlb,330909109,LAA,3,MIN,6,MIN,Final
20130909,mlb,330909117,CHC,2,CIN,0,CHC,Final
20130909,mlb,330909121,WSH,9,NYM,0,WSH,Final
20130909,mlb,330909128,ATL,5,MIA,2,ATL,Final
20130909,mlb,330909113,PIT,1,TEX,0,PIT,Final
20130909,mlb,330909104,DET,1,CHW,5,CHW,Final
20130909,mlb,330909112,HOU,6,SEA,4,HOU,Final
20130909,mlb,330909119,ARI,1,LAD,8,LAD,Final
20130909,mlb,330909126,COL,2,SF,3,SF,Final/10
20130910,mlb,330910101,NYY,7,BAL,5,NYY,Final
20130910,mlb,330910105,KC,6,CLE,3,KC,Final
20130910,mlb,330910122,SD,8,PHI,2,SD,Final
20130910,mlb,330910114,LAA,12,TOR,6,LAA,Final
20130910,mlb,330910117,CHC,9,CIN,1,CHC,Final
20130910,mlb,330910121,WSH,6,NYM,3,WSH,Final
20130910,mlb,330910128,ATL,4,MIA,3,ATL,Final
20130910,mlb,330910130,BOS,2,TB,0,BOS,Final
20130910,mlb,330910113,PIT,5,TEX,4,PIT,Final
20130910,mlb,330910104,DET,9,CHW,1,DET,Final
20130910,mlb,330910124,MIL,2,STL,4,STL,Final
20130910,mlb,330910112,HOU,13,SEA,2,HOU,Final
20130910,mlb,330910119,ARI,3,LAD,5,LAD,Final/11
20130910,mlb,330910126,COL,9,SF,8,COL,Final
20130911,mlb,330911105,KC,6,CLE,2,KC,Final
20130911,mlb,330911117,CHC,0,CIN,6,CIN,Final
20130911,mlb,330911113,PIT,7,TEX,5,PIT,Final
20130911,mlb,330911126,COL,3,SF,4,SF,Final
20130911,mlb,330911130,BOS,7,TB,3,BOS,Final/10
20130911,mlb,330911101,NYY,5,BAL,4,NYY,Final
20130911,mlb,330911122,SD,2,PHI,4,PHI,Final
20130911,mlb,330911114,LAA,5,TOR,4,LAA,Final
20130911,mlb,330911121,WSH,3,NYM,0,WSH,Final
20130911,mlb,330911128,ATL,2,MIA,5,MIA,Final
20130911,mlb,330911104,DET,1,CHW,0,DET,Final
20130911,mlb,330911124,MIL,1,STL,5,STL,Final
20130911,mlb,330911119,ARI,4,LAD,1,ARI,Final
20130911,mlb,330911112,HOU,6,SEA,1,HOU,Final
20130912,mlb,330912128,ATL,6,MIA,1,ATL,Final
20130912,mlb,330912121,WSH,7,NYM,2,WSH,Final
20130912,mlb,330912123,CHC,1,PIT,3,PIT,Final
20130912,mlb,330912114,LAA,4,TOR,3,LAA,Final
20130912,mlb,330912130,BOS,3,TB,4,TB,Final
20130912,mlb,330912122,SD,5,PHI,10,PHI,Final
20130912,mlb,330912104,CLE,14,CHW,3,CLE,Final
20130912,mlb,330912124,MIL,5,STL,3,MIL,Final
20130912,mlb,330912101,NYY,6,BAL,5,NYY,Final
20130912,mlb,330912119,SF,2,LAD,3,LAD,Final/10
20130913,mlb,330913104,CLE,3,CHW,1,CLE,Final
20130913,mlb,330913120,PHI,1,WSH,6,WSH,Final
20130913,mlb,330913123,CHC,5,PIT,4,CHC,Final
20130913,mlb,330913114,BAL,5,TOR,3,BAL,Final
20130913,mlb,330913106,KC,3,DET,6,DET,Final
20130913,mlb,330913102,NYY,4,BOS,8,BOS,Final
20130913,mlb,330913121,MIA,3,NYM,4,NYM,Final
20130913,mlb,330913115,SD,4,ATL,3,SD,Final
20130913,mlb,330913108,CIN,1,MIL,5,MIL,Final
20130913,mlb,330913109,TB,3,MIN,0,TB,Final
20130913,mlb,330913118,LAA,7,HOU,9,HOU,Final
20130913,mlb,330913124,SEA,1,STL,2,STL,Final/10
20130913,mlb,330913129,COL,7,ARI,5,COL,Final
20130913,mlb,330913119,SF,4,LAD,2,SF,Final
20130914,mlb,330914102,NYY,1,BOS,5,BOS,Final
20130914,mlb,400746418,CIN,7,MIL,3,CIN,Final
20130914,mlb,330914114,BAL,3,TOR,4,TOR,Final
20130914,mlb,330914221,MIA,3,NYM,0,MIA,Final
20130914,mlb,330914120,PHI,5,WSH,4,PHI,Final
20130914,mlb,330914123,CHC,1,PIT,2,PIT,Final
20130914,mlb,330914106,KC,1,DET,0,KC,Final
20130914,mlb,330914104,CLE,8,CHW,1,CLE,Final
20130914,mlb,330914109,TB,7,MIN,0,TB,Final
20130914,mlb,330914115,SD,1,ATL,2,ATL,Final
20130914,mlb,330914118,LAA,6,HOU,2,LAA,Final
20130914,mlb,330914321,MIA,1,NYM,3,NYM,Final
20130914,mlb,330914124,SEA,4,STL,1,SEA,Final
20130914,mlb,330914129,COL,2,ARI,9,ARI,Final
20130914,mlb,330914119,SF,19,LAD,3,SF,Final
20130915,mlb,330915114,BAL,3,TOR,1,BAL,Final
20130915,mlb,330915106,KC,2,DET,3,DET,Final
20130915,mlb,330915121,MIA,0,NYM,1,NYM,Final/12
20130915,mlb,330915115,SD,4,ATL,0,SD,Final
20130915,mlb,330915120,PHI,2,WSH,11,WSH,Final
20130915,mlb,330915123,CHC,2,PIT,3,PIT,Final
20130915,mlb,330915104,CLE,7,CHW,1,CLE,Final
20130915,mlb,330915108,CIN,5,MIL,6,MIL,Final
20130915,mlb,330915109,TB,4,MIN,6,MIN,Final
20130915,mlb,330915118,LAA,2,HOU,1,LAA,Final
20130915,mlb,330915124,SEA,2,STL,12,STL,Final
20130915,mlb,330915119,SF,4,LAD,3,SF,Final
20130915,mlb,330915129,COL,2,ARI,8,ARI,Final
20130915,mlb,330915102,NYY,2,BOS,9,BOS,Final
20130916,mlb,330916122,MIA,2,PHI,12,PHI,Final
20130916,mlb,330916123,SD,2,PIT,0,SD,Final
20130916,mlb,330916106,SEA,2,DET,4,DET,Final
20130916,mlb,330916130,TEX,2,TB,6,TB,Final
20130916,mlb,330916104,MIN,1,CHW,12,CHW,Final
20130916,mlb,330916107,CLE,1,KC,7,KC,Final
20130916,mlb,330916108,CHC,1,MIL,6,MIL,Final
20130916,mlb,330916118,CIN,6,HOU,1,CIN,Final
20130916,mlb,330916127,STL,2,COL,6,COL,Final
20130916,mlb,330916129,LAD,1,ARI,2,ARI,Final
20130917,mlb,330917220,ATL,5,WSH,6,WSH,Final
20130917,mlb,330917122,MIA,4,PHI,6,PHI,Final
20130917,mlb,330917123,SD,5,PIT,2,SD,Final
20130917,mlb,330917320,ATL,0,WSH,4,WSH,Final
20130917,mlb,330917114,NYY,0,TOR,2,TOR,Final
20130917,mlb,330917106,SEA,2,DET,6,DET,Final
20130917,mlb,330917102,BAL,3,BOS,2,BAL,Final
20130917,mlb,330917121,SF,8,NYM,5,SF,Final
20130917,mlb,330917130,TEX,7,TB,1,TEX,Final
20130917,mlb,330917104,MIN,3,CHW,4,CHW,Final
20130917,mlb,330917107,CLE,5,KC,3,CLE,Final
20130917,mlb,330917108,CHC,3,MIL,4,MIL,Final
20130917,mlb,330917118,CIN,10,HOU,0,CIN,Final
20130917,mlb,330917127,STL,11,COL,4,STL,Final
20130917,mlb,330917129,LAD,9,ARI,3,LAD,Final
20130918,mlb,330918104,MIN,4,CHW,3,MIN,Final
20130918,mlb,330918130,TEX,3,TB,4,TB,Final/12
20130918,mlb,330918120,ATL,5,WSH,2,ATL,Final
20130918,mlb,330918122,MIA,4,PHI,3,MIA,Final/10
20130918,mlb,330918123,SD,3,PIT,2,SD,Final
20130918,mlb,330918114,NYY,4,TOR,3,NYY,Final
20130918,mlb,330918106,SEA,8,DET,0,SEA,Final
20130918,mlb,330918102,BAL,5,BOS,3,BAL,Final/12
20130918,mlb,330918121,SF,4,NYM,5,NYM,Final
20130918,mlb,330918107,CLE,2,KC,7,KC,Final
20130918,mlb,330918108,CHC,0,MIL,7,MIL,Final
20130918,mlb,330918118,CIN,6,HOU,5,CIN,Final/13
20130918,mlb,330918127,STL,4,COL,3,STL,Final
20130918,mlb,330918129,LAD,4,ARI,9,ARI,Final
20130919,mlb,330919123,SD,1,PIT,10,PIT,Final
20130919,mlb,330919106,SEA,4,DET,5,DET,Final
20130919,mlb,330919121,SF,2,NYM,1,SF,Final
20130919,mlb,330919108,CHC,5,MIL,1,CHC,Final
20130919,mlb,330919127,STL,6,COL,7,COL,Final/15
20130919,mlb,330919129,LAD,7,ARI,6,LAD,Final
20130919,mlb,330919105,HOU,1,CLE,2,CLE,Final/11
20130919,mlb,330919120,MIA,2,WSH,3,WSH,Final
20130919,mlb,330919114,NYY,2,TOR,6,TOR,Final
20130919,mlb,330919102,BAL,1,BOS,3,BOS,Final
20130919,mlb,330919130,TEX,8,TB,2,TEX,Final
20130920,mlb,330920116,ATL,9,CHC,5,ATL,Final
20130920,mlb,330920105,HOU,1,CLE,2,CLE,Final/7
20130920,mlb,330920110,SF,1,NYY,5,NYY,Final
20130920,mlb,330920120,MIA,0,WSH,8,WSH,Final
20130920,mlb,330920122,NYM,6,PHI,4,NYM,Final
20130920,mlb,330920123,CIN,6,PIT,5,CIN,Final/10
20130920,mlb,330920106,CHW,5,DET,12,DET,Final
20130920,mlb,330920102,TOR,3,BOS,6,BOS,Final
20130920,mlb,330920130,BAL,4,TB,5,TB,Final/18
20130920,mlb,330920107,TEX,1,KC,2,KC,Final
20130920,mlb,330920108,STL,7,MIL,6,STL,Final/10
20130920,mlb,330920127,ARI,4,COL,9,COL,Final
20130920,mlb,330920103,SEA,2,LAA,3,LAA,Final/11
20130920,mlb,330920125,LAD,0,SD,2,SD,Final
20130921,mlb,330921110,SF,0,NYY,6,NYY,Final
20130921,mlb,330921130,BAL,1,TB,5,TB,Final
20130921,mlb,330921116,ATL,1,CHC,3,CHC,Final
20130921,mlb,330921105,HOU,1,CLE,4,CLE,Final
20130921,mlb,330921122,NYM,5,PHI,4,NYM,Final/7
20130921,mlb,330921123,CIN,2,PIT,4,PIT,Final
20130921,mlb,330921106,CHW,6,DET,7,DET,Final/12
20130921,mlb,330921102,TOR,4,BOS,2,TOR,Final
20130921,mlb,330921107,TEX,3,KC,1,TEX,Final
20130921,mlb,330921108,STL,7,MIL,2,STL,Final
20130921,mlb,330921127,ARI,7,COL,2,ARI,Final
20130921,mlb,330921125,LAD,4,SD,0,LAD,Final
20130921,mlb,330921103,SEA,5,LAA,6,LAA,Final
20130922,mlb,330922105,HOU,2,CLE,9,CLE,Final
20130922,mlb,330922110,SF,2,NYY,1,SF,Final
20130922,mlb,330922106,CHW,6,DET,3,CHW,Final
20130922,mlb,330922102,TOR,2,BOS,5,BOS,Final
20130922,mlb,330922122,NYM,4,PHI,3,NYM,Final
20130922,mlb,330922123,CIN,11,PIT,3,CIN,Final
20130922,mlb,330922220,MIA,4,WSH,2,MIA,Final
20130922,mlb,330922130,BAL,1,TB,3,TB,Final
20130922,mlb,330922107,TEX,0,KC,4,KC,Final/10
20130922,mlb,330922116,ATL,5,CHC,2,ATL,Final
20130922,mlb,330922103,SEA,3,LAA,2,SEA,Final
20130922,mlb,330922125,LAD,1,SD,0,LAD,Final
20130922,mlb,330922127,ARI,13,COL,9,ARI,Final
20130922,mlb,330922320,MIA,4,WSH,5,WSH,Final
20130922,mlb,330922108,STL,4,MIL,6,MIL,Final
20130923,mlb,330923130,BAL,4,TB,5,TB,Final
20130923,mlb,330923115,MIL,5,ATL,0,MIL,Final
20130923,mlb,330923117,NYM,2,CIN,3,CIN,Final/10
20130923,mlb,330923128,PHI,0,MIA,4,MIA,Final
20130923,mlb,330923113,HOU,0,TEX,12,TEX,Final
20130923,mlb,330923116,PIT,2,CHC,1,PIT,Final
20130923,mlb,330923104,TOR,2,CHW,3,CHW,Final
20130923,mlb,330923109,DET,3,MIN,4,MIN,Final/11
20130923,mlb,330923124,WSH,3,STL,4,STL,Final
20130923,mlb,330923112,KC,6,SEA,5,KC,Final/12
20130923,mlb,330923125,ARI,1,SD,4,SD,Final
20130924,mlb,330924101,TOR,3,BAL,2,TOR,Final/10
20130924,mlb,330924105,CHW,4,CLE,5,CLE,Final
20130924,mlb,330924110,TB,7,NYY,0,TB,Final
20130924,mlb,330924115,MIL,2,ATL,3,ATL,Final
20130924,mlb,330924117,NYM,4,CIN,2,NYM,Final
20130924,mlb,330924128,PHI,2,MIA,1,PHI,Final
20130924,mlb,330924113,HOU,2,TEX,3,TEX,Final
20130924,mlb,330924116,PIT,8,CHC,2,PIT,Final
20130924,mlb,330924109,DET,4,MIN,2,DET,Final
20130924,mlb,330924124,WSH,0,STL,2,STL,Final
20130924,mlb,330924127,BOS,3,COL,8,COL,Final
20130924,mlb,330924112,KC,0,SEA,4,SEA,Final
20130924,mlb,330924125,ARI,2,SD,1,ARI,Final/12
20130924,mlb,330924126,LAD,2,SF,1,LAD,Final
20130925,mlb,330925117,NYM,1,CIN,0,NYM,Final
20130925,mlb,330925124,WSH,1,STL,4,STL,Final
20130925,mlb,330925116,PIT,2,CHC,4,CHC,Final
20130925,mlb,330925110,TB,8,NYY,3,TB,Final
20130925,mlb,330925101,TOR,5,BAL,9,BAL,Final
20130925,mlb,330925105,CHW,2,CLE,7,CLE,Final
20130925,mlb,330925115,MIL,4,ATL,0,MIL,Final
20130925,mlb,330925128,PHI,2,MIA,3,MIA,Final
20130925,mlb,330925113,HOU,3,TEX,7,TEX,Final
20130925,mlb,330925109,DET,1,MIN,0,DET,Final
20130925,mlb,330925127,BOS,15,COL,5,BOS,Final
20130925,mlb,330925126,LAD,4,SF,6,SF,Final
20130925,mlb,330925112,KC,0,SEA,6,SEA,Final
20130925,mlb,330925125,ARI,2,SD,12,SD,Final
20130926,mlb,330926125,ARI,2,SD,3,SD,Final/11
20130926,mlb,330926101,TOR,2,BAL,3,BAL,Final
20130926,mlb,330926110,TB,4,NYY,0,TB,Final
20130926,mlb,330926115,PHI,1,ATL,7,ATL,Final
20130926,mlb,330926121,MIL,4,NYM,2,MIL,Final
20130926,mlb,330926113,LAA,5,TEX,6,TEX,Final
20130926,mlb,330926104,KC,3,CHW,2,KC,Final
20130926,mlb,330926109,CLE,6,MIN,5,CLE,Final
20130926,mlb,330926126,LAD,2,SF,3,SF,Final
20130927,mlb,330927101,BOS,12,BAL,3,BOS,Final
20130927,mlb,330927114,TB,3,TOR,6,TOR,Final
20130927,mlb,330927117,PIT,4,CIN,1,PIT,Final
20130927,mlb,330927121,MIL,4,NYM,2,MIL,Final
20130927,mlb,330927128,DET,2,MIA,3,MIA,Final
20130927,mlb,330927115,PHI,0,ATL,1,ATL,Final
20130927,mlb,330927113,LAA,3,TEX,5,TEX,Final
20130927,mlb,330927104,KC,6,CHW,1,KC,Final
20130927,mlb,330927109,CLE,12,MIN,6,CLE,Final
20130927,mlb,330927118,NYY,3,HOU,2,NYY,Final
20130927,mlb,330927124,CHC,0,STL,7,STL,Final
20130927,mlb,330927129,WSH,8,ARI,4,WSH,Final
20130927,mlb,330927119,COL,0,LAD,11,LAD,Final
20130927,mlb,330927126,SD,3,SF,7,SF,Final
20130928,mlb,330928113,LAA,4,TEX,7,TEX,Final
20130928,mlb,330928109,CLE,5,MIN,1,CLE,Final
20130928,mlb,330928117,PIT,8,CIN,3,PIT,Final
20130928,mlb,330928114,TB,2,TOR,7,TOR,Final
20130928,mlb,330928126,SD,9,SF,3,SD,Final
20130928,mlb,330928121,MIL,4,NYM,2,MIL,Final/10
20130928,mlb,330928124,CHC,2,STL,6,STL,Final
20130928,mlb,330928101,BOS,5,BAL,6,BAL,Final
20130928,mlb,330928104,KC,5,CHW,6,CHW,Final
20130928,mlb,330928115,PHI,5,ATL,4,PHI,Final
20130928,mlb,330928118,NYY,2,HOU,1,NYY,Final
20130928,mlb,330928128,DET,1,MIA,2,MIA,Final/10
20130928,mlb,330928129,WSH,2,ARI,0,WSH,Final
20130928,mlb,330928119,COL,1,LAD,0,COL,Final
20130929,mlb,330929114,TB,7,TOR,6,TB,Final
20130929,mlb,330929117,PIT,4,CIN,2,PIT,Final
20130929,mlb,330929121,MIL,2,NYM,3,NYM,Final
20130929,mlb,330929128,DET,0,MIA,1,MIA,Final
20130929,mlb,330929101,BOS,6,BAL,7,BAL,Final
20130929,mlb,330929115,PHI,5,ATL,12,ATL,Final
20130929,mlb,330929104,KC,4,CHW,1,KC,Final
20130929,mlb,330929109,CLE,5,MIN,1,CLE,Final
20130929,mlb,330929118,NYY,5,HOU,1,NYY,Final/14
20130929,mlb,330929124,CHC,0,STL,4,STL,Final
20130929,mlb,330929113,LAA,2,TEX,6,TEX,Final
20130929,mlb,330929126,SD,6,SF,7,SF,Final
20130929,mlb,330929119,COL,2,LAD,1,COL,Final
20130929,mlb,330929129,WSH,2,ARI,3,ARI,Final
20130930,mlb,330930113,TB,5,TEX,2,TB,Final
20131001,mlb,400746524,CIN,2,PIT,6,PIT,Final
20131002,mlb,400653654,TB,4,CLE,0,TB,Final
20131003,mlb,400746526,PIT,1,STL,9,STL,Final
20131003,mlb,400746525,LAD,6,ATL,1,LAD,Final
20131004,mlb,400746528,PIT,7,STL,1,PIT,Final
20131004,mlb,400653655,TB,2,BOS,12,BOS,Final
20131004,mlb,400746527,LAD,3,ATL,4,ATL,Final
20131005,mlb,400653657,TB,4,BOS,7,BOS,Final
20131006,mlb,400746530,STL,3,PIT,5,PIT,Final
20131006,mlb,400746529,ATL,6,LAD,13,LAD,Final
20131007,mlb,400746532,STL,2,PIT,1,STL,Final
20131007,mlb,400653660,BOS,4,TB,5,TB,Final
20131007,mlb,400746531,ATL,3,LAD,4,LAD,Final
20131008,mlb,400653662,BOS,3,TB,1,BOS,Final
20131009,mlb,400746533,PIT,1,STL,6,STL,Final
20131011,mlb,400746534,LAD,2,STL,3,STL,Final/13
20131012,mlb,400746535,LAD,0,STL,1,STL,Final
20131012,mlb,400653664,DET,1,BOS,0,DET,Final
20131013,mlb,400653665,DET,5,BOS,6,BOS,Final
20131014,mlb,400746536,STL,0,LAD,3,LAD,Final
20131015,mlb,400653666,BOS,1,DET,0,BOS,Final
20131015,mlb,400746537,STL,4,LAD,2,STL,Final
20131016,mlb,400746538,STL,4,LAD,6,LAD,Final
20131016,mlb,400653667,BOS,3,DET,7,DET,Final
20131017,mlb,400653668,BOS,4,DET,3,BOS,Final
20131018,mlb,400746539,LAD,0,STL,9,STL,Final
20131019,mlb,400653669,DET,2,BOS,5,BOS,Final
20131023,mlb,400703601,STL,1,BOS,8,BOS,Final
20131024,mlb,400703602,STL,4,BOS,2,STL,Final
20131026,mlb,400703603,BOS,4,STL,5,STL,Final
20131027,mlb,400703604,BOS,4,STL,2,BOS,Final
20131028,mlb,400703605,BOS,3,STL,1,BOS,Final
20131030,mlb,400703606,STL,1,BOS,6,BOS,Final
