date,league,game_id,away_team,away_score,home_team,home_score,winner,status
20110307,mlb,400657718,KC,11,SD,3,KC,Final
20110331,mlb,310331110,DET,3,NYY,6,NYY,Final
20110331,mlb,310331120,ATL,2,WSH,0,ATL,Final
20110331,mlb,310331117,MIL,6,CIN,7,CIN,Final
20110331,mlb,310331107,LAA,4,KC,2,LAA,Final
20110331,mlb,310331124,SD,5,STL,3,SD,Final/11
20110331,mlb,310331119,SF,1,LAD,2,LAD,Final
20110401,mlb,310401122,HOU,4,PHI,5,PHI,Final
20110401,mlb,310401116,PIT,6,CHC,3,PIT,Final
20110401,mlb,310401105,CHW,15,CLE,10,CHW,Final
20110401,mlb,310401113,BOS,5,TEX,9,TEX,Final
20110401,mlb,310401127,ARI,7,COL,6,ARI,Final/11
20110401,mlb,310401114,MIN,3,TOR,13,TOR,Final
20110401,mlb,310401130,BAL,4,TB,1,BAL,Final
20110401,mlb,310401107,LAA,1,KC,2,KC,Final
20110401,mlb,310401119,SF,3,LAD,4,LAD,Final
20110402,mlb,310402105,CHW,8,CLE,3,CHW,Final
20110402,mlb,310402116,PIT,3,CHC,5,CHC,Final
20110402,mlb,310402120,ATL,3,WSH,6,WSH,Final
20110402,mlb,310402114,MIN,1,TOR,6,TOR,Final
20110402,mlb,310402107,LAA,4,KC,5,KC,Final
20110402,mlb,310402110,DET,6,NYY,10,NYY,Final
20110402,mlb,310402119,SF,10,LAD,0,SF,Final
20110402,mlb,310402124,SD,11,STL,3,SD,Final
20110402,mlb,310402122,HOU,4,PHI,9,PHI,Final
20110402,mlb,310402117,MIL,2,CIN,4,CIN,Final
20110402,mlb,310402130,BAL,3,TB,1,BAL,Final
20110402,mlb,310402113,BOS,5,TEX,12,TEX,Final
20110402,mlb,310402127,ARI,1,COL,3,COL,Final
20110403,mlb,310403105,CHW,1,CLE,7,CLE,Final
20110403,mlb,310403110,DET,10,NYY,7,DET,Final
20110403,mlb,310403114,MIN,4,TOR,3,MIN,Final
20110403,mlb,310403117,MIL,3,CIN,12,CIN,Final
20110403,mlb,310403120,ATL,11,WSH,2,ATL,Final
20110403,mlb,310403122,HOU,3,PHI,7,PHI,Final
20110403,mlb,310403130,BAL,5,TB,1,BAL,Final
20110403,mlb,310403113,BOS,1,TEX,5,TEX,Final
20110403,mlb,310403107,LAA,9,KC,12,KC,Final/13
20110403,mlb,310403124,SD,0,STL,2,STL,Final
20110403,mlb,310403116,PIT,5,CHC,4,PIT,Final
20110403,mlb,310403119,SF,5,LAD,7,LAD,Final
20110404,mlb,310404108,ATL,2,MIL,1,ATL,Final
20110404,mlb,310404116,ARI,1,CHC,4,CHC,Final
20110404,mlb,310404101,DET,1,BAL,5,BAL,Final
20110404,mlb,310404110,MIN,3,NYY,4,NYY,Final
20110404,mlb,310404113,SEA,4,TEX,6,TEX,Final
20110404,mlb,310404124,PIT,4,STL,3,PIT,Final
20110405,mlb,310405116,ARI,5,CHC,6,CHC,Final
20110405,mlb,310405125,SF,1,SD,3,SD,Final
20110405,mlb,310405130,LAA,5,TB,3,LAA,Final
20110405,mlb,310405105,BOS,1,CLE,3,CLE,Final
20110405,mlb,310405110,MIN,5,NYY,4,MIN,Final/10
20110405,mlb,310405122,NYM,7,PHI,1,NYM,Final
20110405,mlb,310405117,HOU,2,CIN,8,CIN,Final
20110405,mlb,310405113,SEA,2,TEX,3,TEX,Final
20110405,mlb,310405107,CHW,6,KC,7,KC,Final/12
20110405,mlb,310405108,ATL,0,MIL,1,MIL,Final
20110405,mlb,310405124,PIT,2,STL,3,STL,Final
20110405,mlb,310405127,LAD,0,COL,3,COL,Final
20110406,mlb,310406130,LAA,5,TB,1,LAA,Final
20110406,mlb,310406124,PIT,3,STL,1,PIT,Final
20110406,mlb,310406113,SEA,3,TEX,7,TEX,Final
20110406,mlb,310406107,CHW,10,KC,7,CHW,Final/12
20110406,mlb,310406116,ARI,6,CHC,4,ARI,Final
20110406,mlb,310406127,LAD,5,COL,7,COL,Final
20110406,mlb,310406125,SF,8,SD,4,SF,Final
20110406,mlb,310406101,DET,7,BAL,3,DET,Final
20110406,mlb,310406105,BOS,4,CLE,8,CLE,Final
20110406,mlb,310406122,NYM,7,PHI,10,PHI,Final
20110406,mlb,310406117,HOU,4,CIN,12,CIN,Final
20110406,mlb,310406108,ATL,4,MIL,5,MIL,Final
20110407,mlb,310407105,BOS,0,CLE,1,CLE,Final
20110407,mlb,310407117,HOU,3,CIN,2,HOU,Final
20110407,mlb,310407110,MIN,3,NYY,4,NYY,Final
20110407,mlb,310407123,COL,7,PIT,1,COL,Final
20110407,mlb,310407108,ATL,2,MIL,4,MIL,Final
20110407,mlb,310407104,TB,1,CHW,5,CHW,Final
20110407,mlb,310407122,NYM,0,PHI,11,PHI,Final
20110407,mlb,310407101,DET,5,BAL,9,BAL,Final
20110408,mlb,310408102,NYY,6,BOS,9,BOS,Final
20110408,mlb,310408106,KC,2,DET,5,DET,Final
20110408,mlb,310408121,WSH,6,NYM,2,WSH,Final
20110408,mlb,310408126,STL,4,SF,5,SF,Final/12
20110408,mlb,310408123,COL,3,PIT,4,PIT,Final/14
20110408,mlb,310408115,PHI,3,ATL,6,ATL,Final
20110408,mlb,310408104,TB,9,CHW,7,TB,Final
20110408,mlb,310408108,CHC,7,MIL,4,CHC,Final
20110408,mlb,310408129,CIN,2,ARI,13,ARI,Final
20110408,mlb,310408103,TOR,3,LAA,2,TOR,Final
20110408,mlb,310408125,LAD,4,SD,2,LAD,Final/11
20110408,mlb,310408112,CLE,12,SEA,3,CLE,Final
20110409,mlb,310409102,NYY,9,BOS,4,NYY,Final
20110409,mlb,310409115,PHI,10,ATL,2,PHI,Final
20110409,mlb,310409104,TB,2,CHW,4,CHW,Final
20110409,mlb,310409106,KC,3,DET,1,KC,Final
20110409,mlb,310409201,TEX,0,BAL,5,BAL,Final
20110409,mlb,310409123,COL,6,PIT,4,COL,Final
20110409,mlb,310409108,CHC,0,MIL,6,MIL,Final
20110409,mlb,310409121,WSH,4,NYM,8,NYM,Final
20110409,mlb,310409301,TEX,13,BAL,1,TEX,Final
20110409,mlb,310409129,CIN,6,ARI,1,CIN,Final
20110409,mlb,310409103,TOR,5,LAA,6,LAA,Final/14
20110409,mlb,310409112,CLE,2,SEA,1,CLE,Final
20110409,mlb,310409126,STL,2,SF,3,SF,Final
20110409,mlb,310409125,LAD,4,SD,0,LAD,Final
20110410,mlb,310410106,KC,9,DET,5,KC,Final
20110410,mlb,310410121,WSH,7,NYM,3,WSH,Final/11
20110410,mlb,310410101,TEX,3,BAL,0,TEX,Final
20110410,mlb,310410115,PHI,3,ATL,0,PHI,Final
20110410,mlb,310410123,COL,6,PIT,5,COL,Final
20110410,mlb,310410104,TB,1,CHW,6,CHW,Final
20110410,mlb,310410108,CHC,5,MIL,6,MIL,Final
20110410,mlb,310410103,TOR,1,LAA,3,LAA,Final
20110410,mlb,310410125,LAD,2,SD,7,SD,Final
20110410,mlb,310410126,STL,6,SF,1,STL,Final
20110410,mlb,310410112,CLE,6,SEA,4,CLE,Final
20110410,mlb,310410129,CIN,8,ARI,10,ARI,Final
20110410,mlb,310410102,NYY,0,BOS,4,BOS,Final
20110411,mlb,310411106,TEX,2,DET,0,TEX,Final
20110411,mlb,310411102,TB,16,BOS,5,TB,Final
20110411,mlb,310411121,COL,7,NYM,6,COL,Final
20110411,mlb,310411118,CHC,5,HOU,4,CHC,Final
20110411,mlb,310411129,STL,8,ARI,2,STL,Final
20110411,mlb,310411103,CLE,4,LAA,0,CLE,Final
20110411,mlb,310411125,CIN,3,SD,2,CIN,Final
20110411,mlb,310411112,TOR,7,SEA,8,SEA,Final
20110411,mlb,310411126,LAD,6,SF,1,LAD,Final
20110412,mlb,310412106,TEX,4,DET,5,DET,Final
20110412,mlb,310412120,PHI,4,WSH,7,WSH,Final
20110412,mlb,310412102,TB,3,BOS,2,TB,Final
20110412,mlb,310412118,CHC,2,HOU,11,HOU,Final
20110412,mlb,310412109,KC,3,MIN,4,MIN,Final/10
20110412,mlb,310412129,STL,8,ARI,13,ARI,Final
20110412,mlb,310412103,CLE,0,LAA,2,LAA,Final
20110412,mlb,310412125,CIN,8,SD,2,CIN,Final/11
20110412,mlb,310412112,TOR,2,SEA,3,SEA,Final
20110412,mlb,310412126,LAD,4,SF,5,SF,Final
20110413,mlb,310413106,TEX,2,DET,3,DET,Final
20110413,mlb,310413109,KC,10,MIN,5,KC,Final
20110413,mlb,310413112,TOR,8,SEA,3,TOR,Final
20110413,mlb,310413125,CIN,2,SD,3,SD,Final
20110413,mlb,310413103,CLE,3,LAA,4,LAA,Final/12
20110413,mlb,310413110,BAL,4,NYY,7,NYY,Final
20110413,mlb,310413120,PHI,3,WSH,2,PHI,Final
20110413,mlb,310413123,MIL,6,PIT,0,MIL,Final
20110413,mlb,310413121,COL,5,NYM,4,COL,Final
20110413,mlb,310413118,CHC,9,HOU,5,CHC,Final
20110413,mlb,310413129,STL,15,ARI,5,STL,Final
20110413,mlb,310413126,LAD,3,SF,4,SF,Final
20110414,mlb,310414221,COL,6,NYM,5,COL,Final
20110414,mlb,310414321,COL,9,NYM,4,COL,Final
20110414,mlb,310414130,MIN,3,TB,4,TB,Final/10
20110414,mlb,310414110,BAL,5,NYY,6,NYY,Final/10
20110414,mlb,310414120,PHI,4,WSH,0,PHI,Final
20110414,mlb,310414123,MIL,4,PIT,1,MIL,Final
20110414,mlb,310414118,SD,0,HOU,1,HOU,Final
20110414,mlb,310414107,SEA,1,KC,5,KC,Final/8
20110414,mlb,310414119,STL,9,LAD,5,STL,Final
20110415,mlb,310415105,BAL,2,CLE,8,CLE,Final
20110415,mlb,310415110,TEX,5,NYY,3,TEX,Final
20110415,mlb,310415120,MIL,3,WSH,4,WSH,Final/10
20110415,mlb,310415102,TOR,7,BOS,6,TOR,Final
20110415,mlb,310415117,PIT,6,CIN,1,PIT,Final
20110415,mlb,310415130,MIN,2,TB,5,TB,Final
20110415,mlb,310415118,SD,4,HOU,2,SD,Final
20110415,mlb,310415104,LAA,4,CHW,3,LAA,Final
20110415,mlb,310415107,SEA,5,KC,6,KC,Final
20110415,mlb,310415127,CHC,0,COL,5,COL,Final
20110415,mlb,310415129,SF,5,ARI,2,SF,Final
20110415,mlb,310415119,STL,11,LAD,2,STL,Final
20110416,mlb,310416105,BAL,3,CLE,8,CLE,Final
20110416,mlb,310416110,TEX,2,NYY,5,NYY,Final
20110416,mlb,310416102,TOR,1,BOS,4,BOS,Final
20110416,mlb,310416107,SEA,0,KC,7,KC,Final
20110416,mlb,310416117,PIT,2,CIN,11,CIN,Final
20110416,mlb,310416215,NYM,2,ATL,4,ATL,Final
20110416,mlb,310416104,LAA,7,CHW,2,LAA,Final
20110416,mlb,310416130,MIN,3,TB,4,TB,Final
20110416,mlb,310416118,SD,3,HOU,5,HOU,Final
20110416,mlb,310416315,NYM,0,ATL,4,ATL,Final
20110416,mlb,310416127,CHC,8,COL,3,CHC,Final
20110416,mlb,310416129,SF,5,ARI,3,SF,Final
20110416,mlb,310416119,STL,9,LAD,2,STL,Final
20110417,mlb,310417105,BAL,2,CLE,4,CLE,Final
20110417,mlb,310417117,PIT,7,CIN,6,PIT,Final
20110417,mlb,310417102,TOR,1,BOS,8,BOS,Final
20110417,mlb,310417115,NYM,3,ATL,2,NYM,Final
20110417,mlb,310417220,MIL,4,WSH,8,WSH,Final
20110417,mlb,310417130,MIN,4,TB,2,MIN,Final
20110417,mlb,310417118,SD,8,HOU,6,SD,Final
20110417,mlb,310417104,LAA,4,CHW,2,LAA,Final
20110417,mlb,310417107,SEA,3,KC,2,SEA,Final
20110417,mlb,310417127,CHC,5,COL,9,COL,Final
20110417,mlb,310417119,STL,1,LAD,2,LAD,Final
20110417,mlb,310417129,SF,5,ARI,6,ARI,Final/12
20110417,mlb,310417320,MIL,1,WSH,5,WSH,Final
20110417,mlb,310417110,TEX,5,NYY,6,NYY,Final
20110418,mlb,310418102,TOR,1,BOS,9,BOS,Final
20110418,mlb,310418130,CHW,0,TB,5,TB,Final
20110418,mlb,310418101,MIN,5,BAL,3,MIN,Final
20110418,mlb,310418122,MIL,6,PHI,3,MIL,Final/12
20110418,mlb,310418117,PIT,9,CIN,3,PIT,Final
20110418,mlb,310418113,LAA,1,TEX,7,TEX,Final
20110418,mlb,310418116,SD,0,CHC,1,CHC,Final/10
20110418,mlb,310418107,CLE,7,KC,3,CLE,Final/10
20110418,mlb,310418127,SF,8,COL,1,SF,Final
20110418,mlb,310418112,DET,8,SEA,3,DET,Final
20110418,mlb,310418119,ATL,2,LAD,4,LAD,Final
20110419,mlb,310419130,CHW,1,TB,2,TB,Final
20110419,mlb,310419101,MIN,0,BAL,11,BAL,Final
20110419,mlb,310419122,MIL,9,PHI,0,MIL,Final
20110419,mlb,310419114,NYY,5,TOR,6,TOR,Final/10
20110419,mlb,310419117,ARI,5,CIN,4,ARI,Final
20110419,mlb,310419121,HOU,6,NYM,1,HOU,Final
20110419,mlb,310419113,LAA,15,TEX,4,LAA,Final
20110419,mlb,310419107,CLE,4,KC,5,KC,Final
20110419,mlb,310419127,SF,6,COL,3,SF,Final
20110419,mlb,310419112,DET,3,SEA,13,SEA,Final
20110419,mlb,310419119,ATL,10,LAD,1,ATL,Final
20110420,mlb,310420122,MIL,3,PHI,4,PHI,Final
20110420,mlb,310420224,WSH,8,STL,6,WSH,Final
20110420,mlb,310420216,SD,1,CHC,2,CHC,Final/11
20110420,mlb,310420127,SF,2,COL,10,COL,Final
20110420,mlb,310420112,DET,3,SEA,2,DET,Final
20110420,mlb,310420130,CHW,1,TB,4,TB,Final
20110420,mlb,310420101,MIN,4,BAL,5,BAL,Final
20110420,mlb,310420316,SD,5,CHC,4,SD,Final
20110420,mlb,310420114,NYY,6,TOR,2,NYY,Final
20110420,mlb,310420117,ARI,3,CIN,1,ARI,Final
20110420,mlb,310420121,HOU,4,NYM,3,HOU,Final
20110420,mlb,310420113,LAA,4,TEX,1,LAA,Final
20110420,mlb,310420107,CLE,7,KC,5,CLE,Final
20110420,mlb,310420324,WSH,3,STL,5,STL,Final
20110420,mlb,310420119,ATL,1,LAD,6,LAD,Final
20110421,mlb,310421117,ARI,4,CIN,7,CIN,Final
20110421,mlb,310421124,WSH,0,STL,5,STL,Final
20110421,mlb,310421119,ATL,3,LAD,5,LAD,Final/12
20110421,mlb,310421130,CHW,9,TB,2,CHW,Final
20110421,mlb,310421101,MIN,3,BAL,1,MIN,Final
20110421,mlb,310421121,HOU,1,NYM,9,NYM,Final
20110421,mlb,310421107,CLE,2,KC,3,KC,Final
20110421,mlb,310421103,BOS,4,LAA,2,BOS,Final/11
20110421,mlb,310421125,PHI,3,SD,0,PHI,Final
20110422,mlb,310422116,LAD,12,CHC,2,LAD,Final
20110422,mlb,310422106,CHW,3,DET,9,DET,Final
20110422,mlb,310422114,TB,4,TOR,6,TOR,Final/11
20110422,mlb,310422121,ARI,1,NYM,4,NYM,Final
20110422,mlb,310422113,KC,6,TEX,11,TEX,Final
20110422,mlb,310422108,HOU,7,MIL,14,MIL,Final
20110422,mlb,310422124,CIN,2,STL,4,STL,Final
20110422,mlb,310422103,BOS,4,LAA,3,BOS,Final
20110422,mlb,310422125,PHI,2,SD,0,PHI,Final
20110422,mlb,310422126,ATL,4,SF,1,ATL,Final
20110423,mlb,310423116,LAD,8,CHC,10,CHC,Final
20110423,mlb,310423114,TB,6,TOR,4,TB,Final
20110423,mlb,310423109,CLE,3,MIN,10,MIN,Final
20110423,mlb,310423121,ARI,4,NYM,6,NYM,Final
20110423,mlb,310423106,CHW,0,DET,9,DET,Final
20110423,mlb,310423124,CIN,5,STL,3,CIN,Final
20110423,mlb,310423126,ATL,5,SF,2,ATL,Final
20110423,mlb,310423101,NYY,15,BAL,3,NYY,Final
20110423,mlb,310423123,WSH,2,PIT,7,PIT,Final
20110423,mlb,310423108,HOU,9,MIL,6,HOU,Final/10
20110423,mlb,310423113,KC,1,TEX,3,TEX,Final
20110423,mlb,310423125,PHI,4,SD,2,PHI,Final/11
20110423,mlb,310423103,BOS,5,LAA,0,BOS,Final
20110424,mlb,310424106,CHW,0,DET,3,DET,Final
20110424,mlb,310424114,TB,2,TOR,0,TB,Final
20110424,mlb,310424121,ARI,4,NYM,8,NYM,Final
20110424,mlb,310424101,NYY,6,BAL,3,NYY,Final/11
20110424,mlb,310424123,WSH,6,PIT,3,WSH,Final
20110424,mlb,310424108,HOU,1,MIL,4,MIL,Final
20110424,mlb,310424109,CLE,3,MIN,4,MIN,Final
20110424,mlb,310424116,LAD,7,CHC,3,LAD,Final
20110424,mlb,310424113,KC,7,TEX,8,TEX,Final
20110424,mlb,310424103,BOS,7,LAA,0,BOS,Final
20110424,mlb,310424125,PHI,3,SD,1,PHI,Final
20110424,mlb,310424126,ATL,9,SF,6,ATL,Final/10
20110424,mlb,310424124,CIN,0,STL,3,STL,Final
20110425,mlb,310425110,CHW,2,NYY,0,CHW,Final
20110425,mlb,310425123,WSH,2,PIT,4,PIT,Final
20110425,mlb,310425113,TOR,6,TEX,4,TOR,Final
20110425,mlb,310425116,COL,5,CHC,3,COL,Final
20110425,mlb,310425108,CIN,9,MIL,5,CIN,Final
20110425,mlb,310425129,PHI,0,ARI,4,ARI,Final
20110425,mlb,310425125,ATL,3,SD,5,SD,Final/13
20110426,mlb,310426101,BOS,1,BAL,4,BAL,Final
20110426,mlb,310426105,KC,4,CLE,9,CLE,Final
20110426,mlb,310426106,SEA,7,DET,3,SEA,Final
20110426,mlb,310426110,CHW,3,NYY,2,CHW,Final
20110426,mlb,310426120,NYM,6,WSH,4,NYM,Final
20110426,mlb,310426123,SF,3,PIT,2,SF,Final/10
20110426,mlb,310426113,TOR,10,TEX,3,TOR,Final
20110426,mlb,310426116,COL,4,CHC,3,COL,Final
20110426,mlb,310426118,STL,5,HOU,6,HOU,Final
20110426,mlb,310426108,CIN,2,MIL,3,MIL,Final
20110426,mlb,310426129,PHI,5,ARI,7,ARI,Final
20110426,mlb,310426125,ATL,8,SD,2,ATL,Final
20110427,mlb,310427108,CIN,7,MIL,6,CIN,Final/10
20110427,mlb,310427125,ATL,7,SD,0,ATL,Final
20110427,mlb,310427129,PHI,8,ARI,4,PHI,Final
20110427,mlb,310427101,BOS,4,BAL,5,BAL,Final
20110427,mlb,310427105,KC,2,CLE,7,CLE,Final
20110427,mlb,310427106,SEA,10,DET,1,SEA,Final
20110427,mlb,310427110,CHW,1,NYY,3,NYY,Final
20110427,mlb,310427120,NYM,6,WSH,3,NYM,Final
20110427,mlb,310427123,SF,0,PIT,2,PIT,Final
20110427,mlb,310427113,TOR,6,TEX,7,TEX,Final
20110427,mlb,310427118,STL,6,HOU,5,STL,Final
20110427,mlb,310427109,TB,8,MIN,2,TB,Final
20110428,mlb,310428123,SF,5,PIT,2,SF,Final
20110428,mlb,310428106,SEA,7,DET,2,SEA,Final
20110428,mlb,310428209,TB,15,MIN,3,TB,Final
20110428,mlb,310428113,TOR,5,TEX,2,TOR,Final
20110428,mlb,310428101,BOS,6,BAL,2,BOS,Final
20110428,mlb,310428105,KC,2,CLE,8,CLE,Final
20110428,mlb,310428110,CHW,3,NYY,12,NYY,Final
20110428,mlb,310428120,NYM,3,WSH,4,WSH,Final
20110428,mlb,310428118,STL,11,HOU,7,STL,Final
20110428,mlb,310428309,TB,6,MIN,1,TB,Final
20110428,mlb,310428129,CHC,2,ARI,11,ARI,Final
20110429,mlb,310429105,DET,5,CLE,9,CLE,Final
20110429,mlb,310429110,TOR,5,NYY,3,TOR,Final
20110429,mlb,310429120,SF,0,WSH,3,WSH,Final
20110429,mlb,310429122,NYM,3,PHI,10,PHI,Final
20110429,mlb,310429102,SEA,5,BOS,4,SEA,Final
20110429,mlb,310429130,LAA,8,TB,5,LAA,Final
20110429,mlb,310429115,STL,5,ATL,3,STL,Final/11
20110429,mlb,310429118,MIL,5,HOU,0,MIL,Final
20110429,mlb,310429104,BAL,10,CHW,4,BAL,Final
20110429,mlb,310429107,MIN,3,KC,4,KC,Final
20110429,mlb,310429127,PIT,3,COL,0,PIT,Final
20110429,mlb,310429129,CHC,4,ARI,2,CHC,Final
20110429,mlb,310429119,SD,2,LAD,3,LAD,Final
20110430,mlb,310430115,STL,3,ATL,2,STL,Final
20110430,mlb,310430122,NYM,1,PHI,2,PHI,Final
20110430,mlb,310430130,LAA,1,TB,2,TB,Final/10
20110430,mlb,310430110,TOR,4,NYY,5,NYY,Final
20110430,mlb,310430120,SF,2,WSH,1,SF,Final
20110430,mlb,310430105,DET,2,CLE,3,CLE,Final/13
20110430,mlb,310430118,MIL,1,HOU,2,HOU,Final
20110430,mlb,310430102,SEA,2,BOS,0,SEA,Final
20110430,mlb,310430104,BAL,6,CHW,2,BAL,Final
20110430,mlb,400650681,MIN,2,KC,11,KC,Final
20110430,mlb,310430127,PIT,1,COL,4,COL,Final
20110430,mlb,310430129,CHC,5,ARI,3,CHC,Final
20110430,mlb,310430119,SD,5,LAD,2,SD,Final
20110501,mlb,310501105,DET,4,CLE,5,CLE,Final
20110501,mlb,310501110,TOR,2,NYY,5,NYY,Final
20110501,mlb,310501102,SEA,2,BOS,3,BOS,Final
20110501,mlb,310501115,STL,5,ATL,6,ATL,Final
20110501,mlb,310501120,SF,2,WSH,5,WSH,Final
20110501,mlb,310501130,LAA,6,TB,5,LAA,Final
20110501,mlb,310501118,MIL,0,HOU,5,HOU,Final
20110501,mlb,310501104,BAL,6,CHW,4,BAL,Final
20110501,mlb,310501107,MIN,3,KC,10,KC,Final
20110501,mlb,310501127,PIT,8,COL,4,PIT,Final
20110501,mlb,310501119,SD,7,LAD,0,SD,Final
20110501,mlb,310501129,CHC,3,ARI,4,ARI,Final
20110501,mlb,310501122,NYM,2,PHI,1,NYM,Final/14
20110502,mlb,310502106,NYY,5,DET,3,NYY,Final
20110502,mlb,310502120,SF,0,WSH,2,WSH,Final
20110502,mlb,310502102,LAA,5,BOS,9,BOS,Final
20110502,mlb,310502115,MIL,2,ATL,6,ATL,Final
20110502,mlb,310502104,BAL,2,CHW,6,CHW,Final
20110502,mlb,310502125,PIT,4,SD,3,PIT,Final
20110502,mlb,310502119,CHC,2,LAD,5,LAD,Final
20110503,mlb,310503130,TOR,2,TB,3,TB,Final
20110503,mlb,310503106,NYY,2,DET,4,DET,Final
20110503,mlb,310503122,WSH,1,PHI,4,PHI,Final
20110503,mlb,310503102,LAA,3,BOS,7,BOS,Final
20110503,mlb,310503117,HOU,10,CIN,4,HOU,Final
20110503,mlb,310503121,SF,7,NYM,6,SF,Final/10
20110503,mlb,310503104,MIN,1,CHW,0,MIN,Final
20110503,mlb,310503107,BAL,5,KC,6,KC,Final/10
20110503,mlb,310503129,COL,3,ARI,4,ARI,Final
20110503,mlb,310503125,PIT,5,SD,6,SD,Final
20110503,mlb,310503112,TEX,3,SEA,4,SEA,Final
20110503,mlb,310503119,CHC,4,LAD,1,CHC,Final
20110504,mlb,310504117,HOU,2,CIN,3,CIN,Final
20110504,mlb,310504104,MIN,3,CHW,2,MIN,Final
20110504,mlb,310504119,CHC,5,LAD,1,CHC,Final
20110504,mlb,310504215,MIL,3,ATL,8,ATL,Final
20110504,mlb,310504125,PIT,7,SD,4,PIT,Final
20110504,mlb,310504130,TOR,3,TB,2,TOR,Final
20110504,mlb,310504106,NYY,0,DET,4,DET,Final
20110504,mlb,310504122,WSH,4,PHI,7,PHI,Final
20110504,mlb,310504102,LAA,5,BOS,3,LAA,Final/13
20110504,mlb,310504121,SF,2,NYM,0,SF,Final
20110504,mlb,310504315,MIL,0,ATL,8,ATL,Final
20110504,mlb,310504107,BAL,3,KC,2,BAL,Final
20110504,mlb,310504129,COL,6,ARI,4,COL,Final
20110504,mlb,310504112,TEX,5,SEA,2,TEX,Final
20110505,mlb,310505117,HOU,4,CIN,10,CIN,Final
20110505,mlb,310505106,NYY,3,DET,6,DET,Final
20110505,mlb,310505121,SF,2,NYM,5,NYM,Final
20110505,mlb,310505130,TOR,1,TB,3,TB,Final
20110505,mlb,310505102,LAA,11,BOS,0,LAA,Final
20110505,mlb,310505107,BAL,1,KC,9,KC,Final
20110505,mlb,310505122,WSH,3,PHI,7,PHI,Final
20110505,mlb,310505115,MIL,1,ATL,2,ATL,Final
20110505,mlb,310505129,COL,2,ARI,3,ARI,Final/11
20110505,mlb,310505112,TEX,1,SEA,3,SEA,Final
20110506,mlb,310506116,CIN,5,CHC,4,CIN,Final
20110506,mlb,310506101,TB,6,BAL,2,TB,Final
20110506,mlb,310506122,ATL,5,PHI,0,ATL,Final
20110506,mlb,310506123,HOU,3,PIT,2,HOU,Final
20110506,mlb,310506114,DET,4,TOR,7,TOR,Final
20110506,mlb,310506102,MIN,9,BOS,2,MIN,Final
20110506,mlb,310506121,LAD,3,NYM,6,NYM,Final
20110506,mlb,310506113,NYY,4,TEX,1,NYY,Final
20110506,mlb,310506124,MIL,0,STL,6,STL,Final
20110506,mlb,310506103,CLE,1,LAA,2,LAA,Final/11
20110506,mlb,310506125,ARI,3,SD,4,SD,Final/11
20110506,mlb,310506112,CHW,2,SEA,3,SEA,Final
20110506,mlb,310506126,COL,3,SF,4,SF,Final
20110507,mlb,310507101,TB,8,BAL,2,TB,Final
20110507,mlb,310507102,MIN,0,BOS,4,BOS,Final
20110507,mlb,310507116,CIN,2,CHC,3,CHC,Final
20110507,mlb,310507114,DET,9,TOR,0,DET,Final
20110507,mlb,310507124,MIL,4,STL,0,MIL,Final
20110507,mlb,310507122,ATL,0,PHI,3,PHI,Final
20110507,mlb,310507123,HOU,1,PIT,6,PIT,Final
20110507,mlb,310507121,LAD,2,NYM,4,NYM,Final
20110507,mlb,310507113,NYY,5,TEX,7,TEX,Final
20110507,mlb,310507125,ARI,6,SD,0,ARI,Final
20110507,mlb,310507103,CLE,4,LAA,3,CLE,Final
20110507,mlb,310507126,COL,2,SF,3,SF,Final
20110507,mlb,310507112,CHW,6,SEA,0,CHW,Final
20110508,mlb,310508114,DET,5,TOR,2,DET,Final
20110508,mlb,310508121,LAD,4,NYM,2,LAD,Final
20110508,mlb,310508101,TB,5,BAL,3,TB,Final
20110508,mlb,310508102,MIN,5,BOS,9,BOS,Final
20110508,mlb,310508123,HOU,4,PIT,5,PIT,Final
20110508,mlb,310508113,NYY,12,TEX,5,NYY,Final
20110508,mlb,310508124,MIL,1,STL,3,STL,Final
20110508,mlb,310508116,CIN,2,CHC,0,CIN,Final
20110508,mlb,310508103,CLE,5,LAA,6,LAA,Final
20110508,mlb,310508125,ARI,3,SD,4,SD,Final
20110508,mlb,310508126,COL,0,SF,3,SF,Final
20110508,mlb,310508112,CHW,5,SEA,2,CHW,Final/10
20110508,mlb,310508122,ATL,5,PHI,2,ATL,Final
20110509,mlb,310509123,LAD,1,PIT,4,PIT,Final
20110509,mlb,310509114,DET,10,TOR,5,DET,Final
20110509,mlb,310509102,MIN,1,BOS,2,BOS,Final/11
20110509,mlb,310509118,CIN,6,HOU,1,CIN,Final
20110509,mlb,310509108,SD,3,MIL,4,MIL,Final
20110509,mlb,310509127,NYM,1,COL,2,COL,Final
20110509,mlb,310509103,CHW,8,LAA,0,CHW,Final
20110510,mlb,310510101,SEA,6,BAL,7,BAL,Final/13
20110510,mlb,310510110,KC,1,NYY,3,NYY,Final
20110510,mlb,310510123,LAD,10,PIT,3,LAD,Final
20110510,mlb,310510114,BOS,6,TOR,7,TOR,Final/10
20110510,mlb,310510115,WSH,7,ATL,6,WSH,Final
20110510,mlb,310510116,STL,6,CHC,4,STL,Final
20110510,mlb,310510118,CIN,7,HOU,3,CIN,Final
20110510,mlb,310510108,SD,6,MIL,8,MIL,Final
20110510,mlb,310510109,DET,10,MIN,2,DET,Final
20110510,mlb,310510105,TB,4,CLE,5,CLE,Final
20110510,mlb,310510127,NYM,4,COL,3,NYM,Final
20110510,mlb,310510103,CHW,2,LAA,6,LAA,Final
20110510,mlb,310510126,ARI,0,SF,1,SF,Final
20110511,mlb,310511108,SD,13,MIL,6,SD,Final
20110511,mlb,310511109,DET,9,MIN,7,DET,Final
20110511,mlb,310511118,CIN,3,HOU,4,HOU,Final
20110511,mlb,310511101,SEA,2,BAL,4,BAL,Final
20110511,mlb,310511105,TB,8,CLE,2,TB,Final
20110511,mlb,310511110,KC,4,NYY,3,KC,Final/11
20110511,mlb,310511123,LAD,2,PIT,0,LAD,Final
20110511,mlb,310511114,BOS,3,TOR,9,TOR,Final
20110511,mlb,310511115,WSH,7,ATL,3,WSH,Final/11
20110511,mlb,310511116,STL,4,CHC,11,CHC,Final
20110511,mlb,310511103,CHW,6,LAA,4,CHW,Final/10
20110511,mlb,310511126,ARI,3,SF,4,SF,Final
20110512,mlb,310512105,TB,7,CLE,4,TB,Final
20110512,mlb,310512116,STL,9,CHC,1,STL,Final
20110512,mlb,310512127,NYM,9,COL,5,NYM,Final
20110512,mlb,310512126,ARI,2,SF,3,SF,Final
20110512,mlb,310512101,SEA,1,BAL,2,BAL,Final/12
20110512,mlb,310512110,KC,11,NYY,5,KC,Final
20110512,mlb,310512115,WSH,5,ATL,6,ATL,Final/10
20110513,mlb,310513116,SF,4,CHC,11,CHC,Final
20110513,mlb,310513105,SEA,4,CLE,5,CLE,Final
20110513,mlb,310513106,KC,1,DET,3,DET,Final
20110513,mlb,310513110,BOS,5,NYY,4,BOS,Final
20110513,mlb,310513117,STL,5,CIN,6,CIN,Final/10
20110513,mlb,310513130,BAL,0,TB,3,TB,Final
20110513,mlb,310513115,PHI,5,ATL,4,PHI,Final
20110513,mlb,310513113,LAA,1,TEX,4,TEX,Final
20110513,mlb,310513118,NYM,6,HOU,4,NYM,Final
20110513,mlb,310513108,PIT,2,MIL,5,MIL,Final
20110513,mlb,310513109,TOR,2,MIN,0,TOR,Final
20110513,mlb,310513127,SD,7,COL,12,COL,Final
20110513,mlb,310513119,ARI,3,LAD,4,LAD,Final
20110514,mlb,310514115,PHI,3,ATL,5,ATL,Final
20110514,mlb,310514127,SD,9,COL,7,SD,Final
20110514,mlb,310514118,NYM,3,HOU,7,HOU,Final
20110514,mlb,310514106,KC,0,DET,3,DET,Final
20110514,mlb,310514108,PIT,2,MIL,8,MIL,Final
20110514,mlb,310514109,TOR,9,MIN,3,TOR,Final/11
20110514,mlb,310514113,LAA,3,TEX,2,LAA,Final
20110514,mlb,310514117,STL,3,CIN,7,CIN,Final
20110514,mlb,310514130,BAL,6,TB,0,BAL,Final
20110514,mlb,310514110,BOS,6,NYY,0,BOS,Final
20110514,mlb,310514116,SF,3,CHC,0,SF,Final/7
20110514,mlb,310514119,ARI,1,LAD,0,ARI,Final
20110515,mlb,310515117,STL,7,CIN,9,CIN,Final
20110515,mlb,310515130,BAL,9,TB,3,BAL,Final
20110515,mlb,310515115,PHI,2,ATL,3,ATL,Final
20110515,mlb,310515118,NYM,7,HOU,4,NYM,Final
20110515,mlb,310515108,PIT,6,MIL,9,MIL,Final
20110515,mlb,310515109,TOR,11,MIN,3,TOR,Final
20110515,mlb,310515113,LAA,4,TEX,5,TEX,Final
20110515,mlb,310515127,SD,8,COL,2,SD,Final
20110515,mlb,310515119,ARI,4,LAD,1,ARI,Final
20110515,mlb,310515110,BOS,7,NYY,5,BOS,Final
20110516,mlb,310516130,NYY,5,TB,6,TB,Final
20110516,mlb,310516124,PHI,1,STL,3,STL,Final
20110516,mlb,310516106,TOR,4,DET,2,TOR,Final
20110516,mlb,310516120,PIT,2,WSH,4,WSH,Final
20110516,mlb,310516102,BAL,7,BOS,8,BOS,Final
20110516,mlb,310516115,HOU,2,ATL,3,ATL,Final
20110516,mlb,310516117,CHC,4,CIN,7,CIN,Final
20110516,mlb,310516104,TEX,4,CHW,0,TEX,Final
20110516,mlb,310516107,CLE,19,KC,1,CLE,Final
20110516,mlb,310516127,SF,4,COL,7,COL,Final
20110516,mlb,310516129,SD,8,ARI,4,SD,Final
20110516,mlb,310516112,MIN,2,SEA,5,SEA,Final
20110516,mlb,310516119,MIL,2,LAD,1,MIL,Final
20110517,mlb,310517115,HOU,1,ATL,3,ATL,Final/11
20110517,mlb,310517127,SF,3,COL,5,COL,Final
20110517,mlb,310517130,NYY,6,TB,2,NYY,Final
20110517,mlb,310517117,CHC,5,CIN,7,CIN,Final
20110517,mlb,310517104,TEX,3,CHW,4,CHW,Final
20110517,mlb,310517107,CLE,7,KC,3,CLE,Final
20110517,mlb,310517124,PHI,1,STL,2,STL,Final
20110517,mlb,310517129,SD,1,ARI,6,ARI,Final
20110517,mlb,310517112,MIN,2,SEA,1,MIN,Final
20110517,mlb,310517119,MIL,0,LAD,3,LAD,Final
20110518,mlb,310518122,COL,1,PHI,2,PHI,Final
20110518,mlb,310518101,NYY,4,BAL,1,NYY,Final/15
20110518,mlb,310518114,TB,6,TOR,5,TB,Final
20110518,mlb,310518102,DET,0,BOS,1,BOS,Final
20110518,mlb,310518117,PIT,5,CIN,0,PIT,Final
20110518,mlb,310518121,WSH,0,NYM,3,NYM,Final
20110518,mlb,310518104,CLE,0,CHW,1,CHW,Final
20110518,mlb,310518107,TEX,5,KC,4,TEX,Final/11
20110518,mlb,310518124,HOU,1,STL,5,STL,Final
20110518,mlb,310518129,ATL,4,ARI,5,ARI,Final/11
20110518,mlb,310518125,MIL,5,SD,2,MIL,Final
20110518,mlb,310518112,LAA,0,SEA,3,SEA,Final
20110518,mlb,310518119,SF,8,LAD,5,SF,Final
20110519,mlb,310519117,PIT,5,CIN,3,PIT,Final
20110519,mlb,310519121,WSH,0,NYM,1,NYM,Final
20110519,mlb,310519124,HOU,2,STL,4,STL,Final
20110519,mlb,310519112,LAA,1,SEA,2,SEA,Final
20110519,mlb,310519101,NYY,13,BAL,2,NYY,Final
20110519,mlb,310519122,COL,7,PHI,1,COL,Final
20110519,mlb,310519114,TB,2,TOR,3,TOR,Final
20110519,mlb,310519102,DET,3,BOS,4,BOS,Final
20110519,mlb,310519104,CLE,2,CHW,8,CHW,Final
20110519,mlb,310519107,TEX,1,KC,2,KC,Final/10
20110519,mlb,310519129,ATL,1,ARI,2,ARI,Final
20110519,mlb,310519125,MIL,0,SD,1,SD,Final
20110519,mlb,310519119,SF,3,LAD,1,SF,Final
20110520,mlb,310520101,WSH,17,BAL,5,WSH,Final
20110520,mlb,310520105,CIN,4,CLE,5,CLE,Final
20110520,mlb,310520110,NYM,2,NYY,1,NYM,Final
20110520,mlb,310520122,TEX,2,PHI,3,PHI,Final
20110520,mlb,310520123,DET,1,PIT,10,PIT,Final
20110520,mlb,310520114,HOU,5,TOR,2,HOU,Final
20110520,mlb,310520102,CHC,5,BOS,15,BOS,Final
20110520,mlb,310520104,LAD,6,CHW,4,LAD,Final/10
20110520,mlb,310520107,STL,0,KC,3,KC,Final
20110520,mlb,310520108,COL,6,MIL,7,MIL,Final/14
20110520,mlb,310520129,MIN,7,ARI,8,ARI,Final
20110520,mlb,310520103,ATL,0,LAA,9,LAA,Final
20110520,mlb,310520125,SEA,4,SD,1,SEA,Final
20110521,mlb,310521114,HOU,5,TOR,7,TOR,Final
20110521,mlb,310521104,LAD,2,CHW,9,CHW,Final
20110521,mlb,310521107,STL,3,KC,0,STL,Final
20110521,mlb,310521101,WSH,3,BAL,8,BAL,Final
20110521,mlb,310521105,CIN,1,CLE,2,CLE,Final
20110521,mlb,310521123,DET,2,PIT,6,PIT,Final
20110521,mlb,310521102,CHC,9,BOS,3,CHC,Final
20110521,mlb,310521108,COL,2,MIL,3,MIL,Final
20110521,mlb,310521110,NYM,3,NYY,7,NYY,Final
20110521,mlb,310521122,TEX,0,PHI,2,PHI,Final
20110521,mlb,310521103,ATL,5,LAA,4,ATL,Final/12
20110521,mlb,310521125,SEA,4,SD,0,SEA,Final
20110521,mlb,310521129,MIN,6,ARI,9,ARI,Final
20110522,mlb,310522105,CIN,4,CLE,12,CLE,Final
20110522,mlb,310522110,NYM,3,NYY,9,NYY,Final
20110522,mlb,310522114,HOU,3,TOR,2,HOU,Final
20110522,mlb,310522101,WSH,1,BAL,2,BAL,Final
20110522,mlb,310522122,TEX,2,PHI,0,TEX,Final
20110522,mlb,310522123,DET,2,PIT,0,DET,Final
20110522,mlb,310522104,LAD,3,CHW,8,CHW,Final
20110522,mlb,310522107,STL,9,KC,8,STL,Final/10
20110522,mlb,310522108,COL,1,MIL,3,MIL,Final
20110522,mlb,310522103,ATL,1,LAA,4,LAA,Final
20110522,mlb,310522125,SEA,6,SD,1,SEA,Final
20110522,mlb,310522129,MIN,2,ARI,3,ARI,Final
20110522,mlb,400702801,CHC,1,BOS,5,BOS,Final
20110523,mlb,310523106,TB,3,DET,6,DET,Final
20110523,mlb,310523110,TOR,7,NYY,3,TOR,Final
20110523,mlb,310523122,CIN,3,PHI,10,PHI,Final
20110523,mlb,310523105,BOS,2,CLE,3,CLE,Final
20110523,mlb,310523113,CHW,0,TEX,4,TEX,Final
20110523,mlb,310523118,LAD,3,HOU,4,HOU,Final
20110523,mlb,310523108,WSH,3,MIL,11,MIL,Final
20110523,mlb,310523109,SEA,8,MIN,7,SEA,Final/10
20110523,mlb,310523125,STL,3,SD,1,STL,Final
20110524,mlb,310524227,ARI,4,COL,12,COL,Final
20110524,mlb,310524101,KC,3,BAL,5,BAL,Final
20110524,mlb,310524105,BOS,4,CLE,2,BOS,Final
20110524,mlb,310524106,TB,6,DET,7,DET,Final
20110524,mlb,310524110,TOR,4,NYY,5,NYY,Final
20110524,mlb,310524122,CIN,6,PHI,3,CIN,Final
20110524,mlb,310524123,ATL,2,PIT,0,ATL,Final
20110524,mlb,310524113,CHW,8,TEX,6,CHW,Final
20110524,mlb,310524116,NYM,1,CHC,11,CHC,Final
20110524,mlb,310524118,LAD,5,HOU,4,LAD,Final
20110524,mlb,310524108,WSH,6,MIL,7,MIL,Final
20110524,mlb,310524109,SEA,2,MIN,4,MIN,Final
20110524,mlb,310524327,ARI,5,COL,2,ARI,Final
20110524,mlb,310524125,STL,3,SD,2,STL,Final/11
20110525,mlb,310525105,BOS,14,CLE,2,BOS,Final
20110525,mlb,310525123,ATL,4,PIT,2,ATL,Final/11
20110525,mlb,310525110,TOR,3,NYY,7,NYY,Final
20110525,mlb,310525108,WSH,4,MIL,6,MIL,Final
20110525,mlb,310525109,SEA,3,MIN,0,SEA,Final
20110525,mlb,310525113,CHW,1,TEX,2,TEX,Final
20110525,mlb,310525118,LAD,1,HOU,2,HOU,Final
20110525,mlb,310525125,STL,1,SD,3,SD,Final
20110525,mlb,310525101,KC,2,BAL,9,BAL,Final
20110525,mlb,310525122,CIN,4,PHI,5,PHI,Final/19
20110525,mlb,310525116,NYM,7,CHC,4,NYM,Final/7
20110525,mlb,310525127,ARI,2,COL,1,ARI,Final
20110526,mlb,310526101,KC,5,BAL,6,BAL,Final/12
20110526,mlb,310526106,BOS,14,DET,1,BOS,Final/8
20110526,mlb,310526122,CIN,4,PHI,10,PHI,Final
20110526,mlb,310526116,NYM,3,CHC,9,CHC,Final
20110526,mlb,310526114,CHW,3,TOR,1,CHW,Final
20110526,mlb,310526127,ARI,6,COL,3,ARI,Final
20110527,mlb,310527116,PIT,4,CHC,2,PIT,Final
20110527,mlb,310527106,BOS,6,DET,3,BOS,Final
20110527,mlb,310527120,SD,1,WSH,2,WSH,Final
20110527,mlb,310527114,CHW,2,TOR,4,TOR,Final
20110527,mlb,310527121,PHI,6,NYM,4,PHI,Final
20110527,mlb,310527130,CLE,0,TB,5,TB,Final
20110527,mlb,310527115,CIN,5,ATL,1,CIN,Final
20110527,mlb,310527113,KC,12,TEX,7,KC,Final/14
20110527,mlb,310527118,ARI,7,HOU,6,ARI,Final
20110527,mlb,310527108,SF,5,MIL,4,SF,Final
20110527,mlb,310527109,LAA,6,MIN,5,LAA,Final
20110527,mlb,310527127,STL,10,COL,3,STL,Final
20110527,mlb,310527112,NYY,3,SEA,4,SEA,Final
20110528,mlb,310528116,PIT,10,CHC,0,PIT,Final
20110528,mlb,310528120,SD,2,WSH,1,SD,Final
20110528,mlb,310528114,CHW,8,TOR,9,TOR,Final/14
20110528,mlb,310528108,SF,2,MIL,3,MIL,Final
20110528,mlb,310528130,CLE,7,TB,3,CLE,Final
20110528,mlb,310528118,ARI,11,HOU,3,ARI,Final
20110528,mlb,310528109,LAA,0,MIN,1,MIN,Final/10
20110528,mlb,310528113,KC,1,TEX,10,TEX,Final
20110528,mlb,310528115,CIN,6,ATL,7,ATL,Final/12
20110528,mlb,310528121,PHI,5,NYM,2,PHI,Final
20110528,mlb,310528127,STL,4,COL,15,COL,Final
20110528,mlb,310528112,NYY,4,SEA,5,SEA,Final/12
20110529,mlb,310529206,BOS,4,DET,3,BOS,Final
20110529,mlb,310529114,CHW,4,TOR,13,TOR,Final
20110529,mlb,310529121,PHI,5,NYM,9,NYM,Final
20110529,mlb,310529120,SD,5,WSH,4,SD,Final
20110529,mlb,310529130,CLE,0,TB,7,TB,Final
20110529,mlb,310529118,ARI,4,HOU,2,ARI,Final
20110529,mlb,310529108,SF,0,MIL,6,MIL,Final
20110529,mlb,310529109,LAA,6,MIN,5,LAA,Final
20110529,mlb,310529116,PIT,2,CHC,3,CHC,Final
20110529,mlb,310529113,KC,6,TEX,7,TEX,Final
20110529,mlb,310529127,STL,4,COL,3,STL,Final
20110529,mlb,310529112,NYY,7,SEA,1,NYY,Final
20110529,mlb,310529306,BOS,0,DET,3,DET,Final
20110529,mlb,310529115,CIN,1,ATL,2,ATL,Final
20110530,mlb,310530106,MIN,5,DET,6,DET,Final
20110530,mlb,310530115,SD,3,ATL,2,SD,Final/10
20110530,mlb,310530120,PHI,5,WSH,4,PHI,Final
20110530,mlb,310530116,HOU,12,CHC,7,HOU,Final
20110530,mlb,310530107,LAA,10,KC,8,LAA,Final
20110530,mlb,310530112,BAL,3,SEA,4,SEA,Final
20110530,mlb,310530124,SF,7,STL,3,SF,Final
20110530,mlb,310530130,TEX,11,TB,5,TEX,Final
20110530,mlb,310530114,CLE,1,TOR,11,TOR,Final
20110530,mlb,310530102,CHW,7,BOS,3,CHW,Final
20110530,mlb,310530117,MIL,3,CIN,7,CIN,Final
20110530,mlb,310530121,PIT,3,NYM,7,NYM,Final
20110530,mlb,310530119,COL,1,LAD,7,LAD,Final
20110531,mlb,310531130,TEX,4,TB,5,TB,Final
20110531,mlb,310531124,SF,3,STL,4,STL,Final
20110531,mlb,310531106,MIN,7,DET,8,DET,Final
20110531,mlb,310531120,PHI,2,WSH,10,WSH,Final
20110531,mlb,310531114,CLE,6,TOR,3,CLE,Final
20110531,mlb,310531102,CHW,10,BOS,7,CHW,Final
20110531,mlb,310531115,SD,5,ATL,4,SD,Final
20110531,mlb,310531117,MIL,7,CIN,2,MIL,Final
20110531,mlb,310531121,PIT,5,NYM,1,PIT,Final
20110531,mlb,310531116,HOU,7,CHC,3,HOU,Final
20110531,mlb,310531107,LAA,3,KC,7,KC,Final
20110531,mlb,310531112,BAL,2,SEA,3,SEA,Final
20110531,mlb,310531119,COL,2,LAD,8,LAD,Final
20110601,mlb,310601120,PHI,1,WSH,2,WSH,Final
20110601,mlb,310601130,TEX,3,TB,0,TEX,Final
20110601,mlb,310601102,CHW,7,BOS,4,CHW,Final
20110601,mlb,310601116,HOU,3,CHC,1,HOU,Final
20110601,mlb,310601112,BAL,2,SEA,1,BAL,Final
20110601,mlb,310601107,LAA,0,KC,2,KC,Final
20110601,mlb,310601106,MIN,2,DET,4,DET,Final
20110601,mlb,310601114,CLE,13,TOR,9,CLE,Final
20110601,mlb,310601115,SD,3,ATL,4,ATL,Final
20110601,mlb,310601117,MIL,3,CIN,4,CIN,Final
20110601,mlb,310601121,PIT,9,NYM,3,PIT,Final
20110601,mlb,310601124,SF,7,STL,5,SF,Final/11
20110601,mlb,310601119,COL,3,LAD,0,COL,Final
20110602,mlb,310602121,PIT,8,NYM,9,NYM,Final
20110602,mlb,310602105,TEX,7,CLE,4,TEX,Final
20110602,mlb,310602107,MIN,8,KC,2,MIN,Final
20110602,mlb,310602124,SF,12,STL,7,SF,Final
20110602,mlb,310602129,WSH,6,ARI,1,WSH,Final
20110602,mlb,310602125,HOU,7,SD,4,HOU,Final
20110602,mlb,310602112,TB,2,SEA,8,SEA,Final
20110603,mlb,310603101,TOR,8,BAL,4,TOR,Final
20110603,mlb,310603105,TEX,11,CLE,2,TEX,Final
20110603,mlb,310603123,PHI,1,PIT,2,PIT,Final/12
20110603,mlb,310603117,LAD,1,CIN,2,CIN,Final
20110603,mlb,310603121,ATL,6,NYM,3,ATL,Final
20110603,mlb,310603104,DET,4,CHW,6,CHW,Final
20110603,mlb,310603107,MIN,5,KC,2,MIN,Final
20110603,mlb,310603124,CHC,1,STL,6,STL,Final
20110603,mlb,310603129,WSH,0,ARI,4,ARI,Final
20110603,mlb,310603103,NYY,2,LAA,3,LAA,Final
20110603,mlb,310603125,HOU,1,SD,3,SD,Final
20110603,mlb,310603112,TB,0,SEA,7,SEA,Final
20110603,mlb,310603126,COL,1,SF,3,SF,Final
20110604,mlb,310604112,TB,3,SEA,2,TB,Final
20110604,mlb,310604117,LAD,11,CIN,8,LAD,Final/11
20110604,mlb,310604124,CHC,4,STL,5,STL,Final/12
20110604,mlb,310604126,COL,2,SF,1,COL,Final
20110604,mlb,310604101,TOR,3,BAL,5,BAL,Final
20110604,mlb,310604105,TEX,4,CLE,0,TEX,Final
20110604,mlb,310604123,PHI,3,PIT,6,PIT,Final
20110604,mlb,310604104,DET,4,CHW,2,DET,Final
20110604,mlb,310604107,MIN,7,KC,2,MIN,Final
20110604,mlb,310604121,ATL,0,NYM,5,NYM,Final
20110604,mlb,310604129,WSH,0,ARI,2,ARI,Final
20110604,mlb,310604125,HOU,3,SD,6,SD,Final
20110604,mlb,310604103,NYY,3,LAA,2,NYY,Final
20110605,mlb,310605105,TEX,2,CLE,0,TEX,Final
20110605,mlb,310605117,LAD,9,CIN,6,LAD,Final
20110605,mlb,310605101,TOR,7,BAL,4,TOR,Final
20110605,mlb,310605123,PHI,7,PIT,3,PHI,Final
20110605,mlb,310605104,DET,7,CHW,3,DET,Final
20110605,mlb,310605107,MIN,6,KC,0,MIN,Final
20110605,mlb,310605124,CHC,2,STL,3,STL,Final/10
20110605,mlb,310605103,NYY,5,LAA,3,NYY,Final
20110605,mlb,310605126,COL,1,SF,2,SF,Final
20110605,mlb,310605112,TB,6,SEA,9,SEA,Final
20110605,mlb,310605129,WSH,9,ARI,4,WSH,Final/11
20110605,mlb,310605125,HOU,2,SD,7,SD,Final
20110605,mlb,310605121,ATL,4,NYM,6,NYM,Final
20110606,mlb,310606105,MIN,6,CLE,4,MIN,Final
20110606,mlb,310606122,LAD,1,PHI,3,PHI,Final
20110606,mlb,310606117,CHC,2,CIN,8,CIN,Final
20110606,mlb,310606113,DET,13,TEX,7,DET,Final
20110606,mlb,310606104,SEA,1,CHW,3,CHW,Final
20110606,mlb,310606107,TOR,2,KC,3,KC,Final/11
20110606,mlb,310606103,TB,5,LAA,1,TB,Final
20110606,mlb,310606125,COL,3,SD,0,COL,Final
20110606,mlb,310606126,WSH,4,SF,5,SF,Final/13
20110607,mlb,310607105,MIN,0,CLE,1,CLE,Final
20110607,mlb,310607110,BOS,6,NYY,4,BOS,Final
20110607,mlb,310607122,LAD,6,PHI,2,LAD,Final
20110607,mlb,310607123,ARI,5,PIT,8,PIT,Final
20110607,mlb,310607117,CHC,2,CIN,8,CIN,Final
20110607,mlb,310607113,DET,8,TEX,1,DET,Final
20110607,mlb,310607118,STL,7,HOU,4,STL,Final
20110607,mlb,310607104,SEA,1,CHW,5,CHW,Final
20110607,mlb,310607107,TOR,8,KC,5,TOR,Final
20110607,mlb,310607108,NYM,2,MIL,1,NYM,Final
20110607,mlb,310607103,TB,4,LAA,1,TB,Final
20110607,mlb,310607125,COL,0,SD,2,SD,Final
20110607,mlb,310607126,WSH,2,SF,1,WSH,Final
20110608,mlb,310608105,MIN,3,CLE,2,MIN,Final/10
20110608,mlb,310608117,CHC,4,CIN,1,CHC,Final
20110608,mlb,310608126,WSH,1,SF,3,SF,Final
20110608,mlb,310608125,COL,5,SD,3,COL,Final
20110608,mlb,310608110,BOS,11,NYY,6,BOS,Final
20110608,mlb,310608122,LAD,0,PHI,2,PHI,Final
20110608,mlb,310608123,ARI,2,PIT,3,PIT,Final/12
20110608,mlb,310608113,DET,3,TEX,7,TEX,Final
20110608,mlb,310608118,STL,1,HOU,4,HOU,Final
20110608,mlb,310608104,SEA,7,CHW,4,SEA,Final/10
20110608,mlb,310608107,TOR,9,KC,8,TOR,Final
20110608,mlb,310608108,NYM,6,MIL,7,MIL,Final
20110608,mlb,310608103,TB,4,LAA,3,TB,Final/10
20110609,mlb,310609107,TOR,2,KC,3,KC,Final
20110609,mlb,310609106,SEA,1,DET,4,DET,Final
20110609,mlb,310609110,BOS,8,NYY,3,BOS,Final
20110609,mlb,310609122,CHC,4,PHI,3,CHC,Final/11
20110609,mlb,310609123,ARI,2,PIT,0,ARI,Final
20110609,mlb,310609118,STL,9,HOU,2,STL,Final
20110609,mlb,310609108,NYM,4,MIL,1,NYM,Final
20110609,mlb,310609109,TEX,4,MIN,5,MIN,Final
20110609,mlb,310609127,LAD,7,COL,9,COL,Final
20110609,mlb,310609125,WSH,3,SD,7,SD,Final
20110609,mlb,310609126,CIN,3,SF,0,CIN,Final
20110610,mlb,310610101,TB,0,BAL,7,BAL,Final
20110610,mlb,310610106,SEA,3,DET,2,SEA,Final
20110610,mlb,310610110,CLE,7,NYY,11,NYY,Final
20110610,mlb,310610122,CHC,5,PHI,7,PHI,Final
20110610,mlb,310610123,NYM,8,PIT,1,NYM,Final
20110610,mlb,310610114,BOS,5,TOR,1,BOS,Final
20110610,mlb,310610118,ATL,11,HOU,4,ATL,Final
20110610,mlb,310610108,STL,0,MIL,8,MIL,Final
20110610,mlb,310610109,TEX,9,MIN,3,TEX,Final
20110610,mlb,310610127,LAD,5,COL,6,COL,Final
20110610,mlb,310610103,KC,4,LAA,2,KC,Final
20110610,mlb,310610125,WSH,2,SD,1,WSH,Final
20110610,mlb,310610126,CIN,2,SF,3,SF,Final
20110611,mlb,310611110,CLE,0,NYY,4,NYY,Final
20110611,mlb,310611114,BOS,16,TOR,4,BOS,Final
20110611,mlb,310611109,TEX,1,MIN,8,MIN,Final
20110611,mlb,310611122,CHC,1,PHI,7,PHI,Final
20110611,mlb,310611126,CIN,10,SF,2,CIN,Final
20110611,mlb,310611101,TB,7,BAL,5,TB,Final/11
20110611,mlb,310611106,SEA,1,DET,8,DET,Final
20110611,mlb,310611118,ATL,6,HOU,3,ATL,Final/10
20110611,mlb,310611123,NYM,2,PIT,3,PIT,Final
20110611,mlb,310611108,STL,3,MIL,5,MIL,Final
20110611,mlb,310611127,LAD,11,COL,7,LAD,Final
20110611,mlb,310611125,WSH,2,SD,1,WSH,Final
20110611,mlb,310611103,KC,5,LAA,7,LAA,Final
20110612,mlb,310612106,SEA,7,DET,3,SEA,Final
20110612,mlb,310612110,CLE,1,NYY,9,NYY,Final
20110612,mlb,310612114,BOS,14,TOR,1,BOS,Final
20110612,mlb,310612101,TB,9,BAL,6,TB,Final
20110612,mlb,310612122,CHC,3,PHI,4,PHI,Final
20110612,mlb,310612123,NYM,7,PIT,0,NYM,Final
20110612,mlb,310612118,ATL,4,HOU,1,ATL,Final
20110612,mlb,310612108,STL,3,MIL,4,MIL,Final
20110612,mlb,310612109,TEX,1,MIN,6,MIN,Final
20110612,mlb,310612127,LAD,10,COL,8,LAD,Final
20110612,mlb,310612103,KC,9,LAA,0,KC,Final
20110612,mlb,310612125,WSH,2,SD,0,WSH,Final
20110612,mlb,310612126,CIN,2,SF,4,SF,Final
20110613,mlb,310613106,TB,1,DET,2,DET,Final/10
20110613,mlb,310613110,CLE,1,NYY,0,CLE,Final
20110613,mlb,310613123,NYM,1,PIT,3,PIT,Final
20110613,mlb,310613116,MIL,0,CHC,1,CHC,Final
20110613,mlb,310613118,ATL,3,HOU,8,HOU,Final
20110613,mlb,310613127,SD,3,COL,1,SD,Final
20110613,mlb,310613112,LAA,6,SEA,3,LAA,Final
20110613,mlb,310613119,CIN,6,LAD,4,CIN,Final
20110614,mlb,310614106,CLE,0,DET,4,DET,Final
20110614,mlb,310614110,TEX,4,NYY,12,NYY,Final
20110614,mlb,310614120,STL,6,WSH,8,WSH,Final
20110614,mlb,310614114,BAL,5,TOR,6,TOR,Final/11
20110614,mlb,310614115,NYM,4,ATL,3,NYM,Final
20110614,mlb,310614130,BOS,0,TB,4,TB,Final
20110614,mlb,310614116,MIL,4,CHC,5,CHC,Final/10
20110614,mlb,310614118,PIT,1,HOU,0,PIT,Final
20110614,mlb,310614127,SD,3,COL,6,COL,Final
20110614,mlb,310614129,SF,6,ARI,5,SF,Final
20110614,mlb,310614112,LAA,4,SEA,0,LAA,Final
20110614,mlb,310614119,CIN,3,LAD,2,CIN,Final
20110615,mlb,310615119,CIN,7,LAD,2,CIN,Final
20110615,mlb,310615127,SD,3,COL,6,COL,Final
20110615,mlb,310615106,CLE,6,DET,4,CLE,Final
20110615,mlb,310615110,TEX,4,NYY,12,NYY,Final
20110615,mlb,310615120,STL,0,WSH,10,WSH,Final
20110615,mlb,310615114,BAL,1,TOR,4,TOR,Final
20110615,mlb,310615115,NYM,4,ATL,0,NYM,Final
20110615,mlb,310615130,BOS,3,TB,0,BOS,Final
20110615,mlb,310615116,MIL,9,CHC,5,MIL,Final
20110615,mlb,310615118,PIT,7,HOU,3,PIT,Final
20110615,mlb,310615109,CHW,1,MIN,4,MIN,Final
20110615,mlb,310615129,SF,5,ARI,2,SF,Final
20110615,mlb,310615112,LAA,1,SEA,3,SEA,Final
20110616,mlb,310616114,BAL,4,TOR,3,BAL,Final
20110616,mlb,310616106,CLE,2,DET,6,DET,Final
20110616,mlb,310616110,TEX,2,NYY,3,NYY,Final/12
20110616,mlb,310616109,CHW,0,MIN,1,MIN,Final
20110616,mlb,310616118,PIT,5,HOU,4,PIT,Final
20110616,mlb,310616116,MIL,7,CHC,12,CHC,Final
20110616,mlb,310616120,STL,4,WSH,7,WSH,Final/10
20110616,mlb,310616115,NYM,8,ATL,9,ATL,Final/10
20110616,mlb,310616130,BOS,4,TB,2,BOS,Final
20110616,mlb,310616129,SF,2,ARI,3,ARI,Final/10
20110617,mlb,310617116,NYY,1,CHC,3,CHC,Final
20110617,mlb,310617105,PIT,1,CLE,5,CLE,Final
20110617,mlb,310617120,BAL,4,WSH,8,WSH,Final
20110617,mlb,310617102,MIL,4,BOS,10,BOS,Final
20110617,mlb,310617117,TOR,3,CIN,2,TOR,Final
20110617,mlb,310617121,LAA,4,NYM,3,LAA,Final
20110617,mlb,310617115,TEX,6,ATL,2,TEX,Final
20110617,mlb,310617109,SD,5,MIN,6,MIN,Final
20110617,mlb,310617124,KC,5,STL,4,KC,Final
20110617,mlb,310617127,DET,6,COL,13,COL,Final
20110617,mlb,310617129,CHW,1,ARI,4,ARI,Final
20110617,mlb,310617112,PHI,2,SEA,4,SEA,Final
20110617,mlb,310617119,HOU,7,LAD,3,HOU,Final
20110618,mlb,310618120,BAL,2,WSH,4,WSH,Final
20110618,mlb,310618115,TEX,5,ATL,4,TEX,Final/10
20110618,mlb,310618116,NYY,4,CHC,3,NYY,Final
20110618,mlb,310618105,PIT,1,CLE,5,CLE,Final
20110618,mlb,310618102,MIL,4,BOS,2,MIL,Final
20110618,mlb,310618109,SD,0,MIN,1,MIN,Final
20110618,mlb,310618117,TOR,4,CIN,0,TOR,Final
20110618,mlb,310618121,LAA,1,NYM,6,NYM,Final
20110618,mlb,310618124,KC,4,STL,5,STL,Final
20110618,mlb,310618127,DET,4,COL,5,COL,Final
20110618,mlb,310618129,CHW,6,ARI,2,CHW,Final
20110618,mlb,310618112,PHI,5,SEA,1,PHI,Final
20110618,mlb,310618119,HOU,7,LAD,0,HOU,Final
20110619,mlb,310619105,PIT,2,CLE,5,CLE,Final/11
20110619,mlb,310619117,TOR,1,CIN,2,CIN,Final
20110619,mlb,310619121,LAA,7,NYM,3,LAA,Final
20110619,mlb,310619102,MIL,3,BOS,12,BOS,Final
20110619,mlb,310619115,TEX,2,ATL,4,ATL,Final
20110619,mlb,310619120,BAL,7,WSH,4,BAL,Final
20110619,mlb,310619109,SD,4,MIN,5,MIN,Final
20110619,mlb,310619124,KC,4,STL,5,STL,Final
20110619,mlb,310619127,DET,9,COL,1,DET,Final
20110619,mlb,310619112,PHI,0,SEA,2,SEA,Final
20110619,mlb,310619119,HOU,0,LAD,1,LAD,Final
20110619,mlb,310619129,CHW,8,ARI,2,CHW,Final
20110619,mlb,310619116,NYY,10,CHC,4,NYY,Final
20110620,mlb,310620117,NYY,5,CIN,3,NYY,Final
20110620,mlb,310620105,COL,8,CLE,7,COL,Final
20110620,mlb,310620123,BAL,8,PIT,3,BAL,Final
20110620,mlb,310620102,SD,5,BOS,14,BOS,Final
20110620,mlb,310620115,TOR,0,ATL,2,ATL,Final
20110620,mlb,310620113,HOU,3,TEX,8,TEX,Final
20110620,mlb,310620104,CHC,6,CHW,3,CHC,Final
20110620,mlb,310620108,TB,8,MIL,4,TB,Final
20110620,mlb,310620119,DET,0,LAD,4,LAD,Final
20110621,mlb,310621105,COL,4,CLE,3,COL,Final
20110621,mlb,310621120,SEA,5,WSH,6,WSH,Final
20110621,mlb,310621123,BAL,3,PIT,9,PIT,Final
20110621,mlb,310621102,SD,5,BOS,4,SD,Final
20110621,mlb,310621115,TOR,1,ATL,5,ATL,Final
20110621,mlb,310621113,HOU,4,TEX,5,TEX,Final/11
20110621,mlb,310621104,CHC,2,CHW,3,CHW,Final
20110621,mlb,310621107,ARI,7,KC,2,ARI,Final
20110621,mlb,310621108,TB,1,MIL,5,MIL,Final
20110621,mlb,400743593,PHI,10,STL,2,PHI,Final
20110621,mlb,310621119,DET,1,LAD,6,LAD,Final
20110621,mlb,310621126,MIN,9,SF,2,MIN,Final
20110622,mlb,310622123,BAL,4,PIT,5,PIT,Final
20110622,mlb,310622217,NYY,4,CIN,2,NYY,Final
20110622,mlb,310622115,TOR,1,ATL,5,ATL,Final
20110622,mlb,310622102,SD,5,BOS,1,SD,Final/8
20110622,mlb,310622108,TB,6,MIL,3,TB,Final
20110622,mlb,310622119,DET,7,LAD,5,DET,Final
20110622,mlb,310622105,COL,3,CLE,4,CLE,Final
20110622,mlb,310622120,SEA,1,WSH,2,WSH,Final
20110622,mlb,310622317,NYY,2,CIN,10,CIN,Final
20110622,mlb,310622113,HOU,5,TEX,3,HOU,Final
20110622,mlb,310622104,CHC,3,CHW,4,CHW,Final
20110622,mlb,310622107,ARI,3,KC,2,ARI,Final
20110622,mlb,310622124,PHI,4,STL,0,PHI,Final
20110622,mlb,310622126,MIN,1,SF,5,SF,Final
20110623,mlb,310623120,SEA,0,WSH,1,WSH,Final
20110623,mlb,310623126,MIN,1,SF,2,SF,Final
20110623,mlb,310623107,ARI,5,KC,3,ARI,Final
20110623,mlb,310623124,PHI,2,STL,12,STL,Final
20110624,mlb,310624101,CIN,4,BAL,5,BAL,Final/12
20110624,mlb,310624106,ARI,7,DET,6,ARI,Final
20110624,mlb,310624110,COL,4,NYY,2,COL,Final
20110624,mlb,310624123,BOS,1,PIT,3,PIT,Final
20110624,mlb,310624113,NYM,1,TEX,8,TEX,Final
20110624,mlb,310624118,TB,5,HOU,1,TB,Final
20110624,mlb,310624104,WSH,9,CHW,5,WSH,Final/14
20110624,mlb,310624107,CHC,6,KC,4,CHC,Final
20110624,mlb,310624108,MIN,3,MIL,4,MIL,Final
20110624,mlb,310624124,TOR,5,STL,4,TOR,Final
20110624,mlb,310624125,ATL,2,SD,11,SD,Final
20110624,mlb,310624119,LAA,8,LAD,3,LAA,Final
20110624,mlb,310624126,CLE,3,SF,4,SF,Final
20110625,mlb,310625110,COL,3,NYY,8,NYY,Final
20110625,mlb,310625104,WSH,0,CHW,3,CHW,Final
20110625,mlb,310625113,NYM,14,TEX,5,NYM,Final
20110625,mlb,310625119,LAA,6,LAD,1,LAA,Final
20110625,mlb,310625126,CLE,0,SF,1,SF,Final/8
20110625,mlb,310625101,CIN,10,BAL,5,CIN,Final
20110625,mlb,310625106,ARI,0,DET,6,DET,Final
20110625,mlb,310625118,TB,7,HOU,2,TB,Final
20110625,mlb,310625123,BOS,4,PIT,6,PIT,Final
20110625,mlb,310625107,CHC,2,KC,3,KC,Final
20110625,mlb,310625108,MIN,1,MIL,11,MIL,Final
20110625,mlb,310625124,TOR,6,STL,3,TOR,Final
20110625,mlb,310625125,ATL,10,SD,1,ATL,Final
20110626,mlb,310626106,ARI,3,DET,8,DET,Final
20110626,mlb,310626101,CIN,5,BAL,7,BAL,Final
20110626,mlb,310626123,BOS,4,PIT,2,BOS,Final
20110626,mlb,310626118,TB,14,HOU,10,TB,Final
20110626,mlb,310626104,WSH,2,CHW,1,WSH,Final
20110626,mlb,310626107,CHC,3,KC,6,KC,Final
20110626,mlb,310626108,MIN,2,MIL,6,MIL,Final
20110626,mlb,310626124,TOR,5,STL,0,TOR,Final
20110626,mlb,310626110,COL,4,NYY,6,NYY,Final
20110626,mlb,310626113,NYM,8,TEX,5,NYM,Final
20110626,mlb,310626125,ATL,1,SD,4,SD,Final
20110626,mlb,310626119,LAA,2,LAD,3,LAD,Final
20110626,mlb,310626126,CLE,1,SF,3,SF,Final
20110627,mlb,310627116,COL,3,CHC,7,CHC,Final
20110627,mlb,310627106,TOR,2,DET,4,DET,Final
20110627,mlb,310627130,CIN,5,TB,0,CIN,Final
20110627,mlb,310627109,LAD,15,MIN,0,LAD,Final
20110627,mlb,310627129,CLE,5,ARI,4,CLE,Final
20110627,mlb,310627103,WSH,3,LAA,4,LAA,Final/10
20110627,mlb,310627125,KC,3,SD,4,SD,Final
20110627,mlb,310627112,ATL,3,SEA,1,ATL,Final
20110628,mlb,310628216,SF,13,CHC,7,SF,Final
20110628,mlb,310628101,STL,6,BAL,2,STL,Final
20110628,mlb,310628106,NYM,14,DET,3,NYM,Final
20110628,mlb,310628110,MIL,2,NYY,12,NYY,Final
20110628,mlb,310628122,BOS,0,PHI,5,PHI,Final
20110628,mlb,310628114,PIT,7,TOR,6,PIT,Final
20110628,mlb,310628130,CIN,3,TB,4,TB,Final
20110628,mlb,310628118,TEX,7,HOU,3,TEX,Final
20110628,mlb,310628316,SF,6,CHC,3,SF,Final
20110628,mlb,310628109,LAD,4,MIN,6,MIN,Final
20110628,mlb,310628127,CHW,2,COL,3,COL,Final/13
20110628,mlb,310628129,CLE,4,ARI,6,ARI,Final
20110628,mlb,310628103,WSH,5,LAA,11,LAA,Final
20110628,mlb,310628125,KC,2,SD,4,SD,Final
20110628,mlb,310628112,ATL,5,SEA,4,ATL,Final
20110629,mlb,310629130,CIN,4,TB,3,CIN,Final
20110629,mlb,310629109,LAD,0,MIN,1,MIN,Final
20110629,mlb,310629125,KC,1,SD,4,SD,Final
20110629,mlb,310629112,ATL,5,SEA,3,ATL,Final
20110629,mlb,310629129,CLE,6,ARI,2,CLE,Final
20110629,mlb,310629101,STL,5,BAL,1,STL,Final
20110629,mlb,310629103,WSH,0,LAA,1,LAA,Final
20110629,mlb,310629106,NYM,16,DET,9,NYM,Final
20110629,mlb,310629110,MIL,2,NYY,5,NYY,Final
20110629,mlb,310629122,BOS,1,PHI,2,PHI,Final
20110629,mlb,310629114,PIT,1,TOR,2,TOR,Final
20110629,mlb,310629116,SF,1,CHC,2,CHC,Final
20110629,mlb,310629118,TEX,3,HOU,2,TEX,Final
20110629,mlb,310629127,CHW,3,COL,2,CHW,Final
20110630,mlb,310630106,NYM,2,DET,5,DET,Final
20110630,mlb,310630110,MIL,0,NYY,5,NYY,Final
20110630,mlb,310630122,BOS,5,PHI,2,BOS,Final
20110630,mlb,310630116,SF,2,CHC,5,CHC,Final/13
20110630,mlb,310630127,CHW,6,COL,4,CHW,Final/10
20110630,mlb,310630101,STL,9,BAL,6,STL,Final
20110630,mlb,310630114,PIT,6,TOR,2,PIT,Final
20110630,mlb,310630118,TEX,0,HOU,7,HOU,Final
20110701,mlb,310701114,PHI,7,TOR,6,PHI,Final
20110701,mlb,310701116,CHW,6,CHC,4,CHW,Final
20110701,mlb,310701106,SF,4,DET,3,SF,Final
20110701,mlb,310701120,PIT,1,WSH,2,WSH,Final
20110701,mlb,310701117,CLE,8,CIN,2,CLE,Final
20110701,mlb,310701121,NYY,5,NYM,1,NYY,Final
20110701,mlb,310701130,STL,5,TB,3,STL,Final
20110701,mlb,310701115,BAL,0,ATL,4,ATL,Final
20110701,mlb,310701118,BOS,7,HOU,5,BOS,Final
20110701,mlb,310701109,MIL,2,MIN,6,MIN,Final
20110701,mlb,310701127,KC,0,COL,9,COL,Final
20110701,mlb,310701103,LAD,5,LAA,0,LAD,Final
20110701,mlb,310701112,SD,0,SEA,6,SEA,Final
20110702,mlb,310702114,PHI,5,TOR,3,PHI,Final
20110702,mlb,310702220,PIT,5,WSH,3,PIT,Final
20110702,mlb,310702116,CHW,1,CHC,0,CHW,Final
20110702,mlb,310702117,CLE,3,CIN,1,CLE,Final
20110702,mlb,310702121,NYY,5,NYM,2,NYY,Final
20110702,mlb,310702106,SF,15,DET,3,SF,Final
20110702,mlb,310702118,BOS,10,HOU,4,BOS,Final
20110702,mlb,310702109,MIL,8,MIN,7,MIL,Final
20110702,mlb,310702115,BAL,4,ATL,5,ATL,Final
20110702,mlb,310702130,STL,1,TB,5,TB,Final
20110702,mlb,310702320,PIT,3,WSH,4,WSH,Final
20110702,mlb,310702127,KC,6,COL,9,COL,Final
20110702,mlb,310702103,LAD,1,LAA,7,LAA,Final
20110702,mlb,310702112,SD,1,SEA,0,SD,Final
20110703,mlb,310703106,SF,3,DET,6,DET,Final
20110703,mlb,310703114,PHI,4,TOR,7,TOR,Final
20110703,mlb,310703117,CLE,5,CIN,7,CIN,Final
20110703,mlb,310703115,BAL,5,ATL,4,BAL,Final
20110703,mlb,310703120,PIT,10,WSH,2,PIT,Final
20110703,mlb,310703130,STL,3,TB,8,TB,Final
20110703,mlb,310703118,BOS,2,HOU,1,BOS,Final
20110703,mlb,310703109,MIL,7,MIN,9,MIN,Final
20110703,mlb,310703116,CHW,1,CHC,3,CHC,Final
20110703,mlb,310703121,NYY,2,NYM,3,NYM,Final/10
20110703,mlb,310703127,KC,16,COL,8,KC,Final
20110703,mlb,310703112,SD,1,SEA,3,SEA,Final
20110703,mlb,310703103,LAD,1,LAA,3,LAA,Final
20110704,mlb,310704120,CHC,4,WSH,5,WSH,Final/10
20110704,mlb,310704102,TOR,9,BOS,7,TOR,Final
20110704,mlb,310704123,HOU,3,PIT,5,PIT,Final
20110704,mlb,310704109,TB,0,MIN,7,MIN,Final
20110704,mlb,310704108,ARI,8,MIL,6,ARI,Final
20110704,mlb,310704126,SD,5,SF,3,SD,Final
20110704,mlb,310704124,CIN,0,STL,1,STL,Final
20110704,mlb,310704105,NYY,3,CLE,6,CLE,Final
20110704,mlb,310704104,KC,4,CHW,5,CHW,Final
20110704,mlb,310704115,COL,1,ATL,4,ATL,Final
20110704,mlb,310704113,BAL,4,TEX,13,TEX,Final
20110704,mlb,310704103,DET,1,LAA,5,LAA,Final
20110704,mlb,310704119,NYM,5,LAD,2,NYM,Final
20110705,mlb,310705124,CIN,1,STL,8,STL,Final
20110705,mlb,310705105,NYY,9,CLE,2,NYY,Final
20110705,mlb,310705120,CHC,2,WSH,3,WSH,Final
20110705,mlb,310705123,HOU,1,PIT,5,PIT,Final
20110705,mlb,310705102,TOR,2,BOS,3,BOS,Final
20110705,mlb,310705115,COL,3,ATL,5,ATL,Final
20110705,mlb,310705113,BAL,2,TEX,4,TEX,Final
20110705,mlb,310705104,KC,5,CHW,3,KC,Final
20110705,mlb,310705108,ARI,7,MIL,3,ARI,Final
20110705,mlb,310705109,TB,2,MIN,3,MIN,Final
20110705,mlb,310705103,DET,0,LAA,1,LAA,Final
20110705,mlb,310705119,NYM,6,LAD,0,NYM,Final
20110705,mlb,310705126,SD,5,SF,3,SD,Final
20110706,mlb,310706109,TB,12,MIN,5,TB,Final
20110706,mlb,310706104,KC,4,CHW,1,KC,Final
20110706,mlb,310706108,ARI,1,MIL,3,MIL,Final
20110706,mlb,310706103,DET,5,LAA,4,DET,Final
20110706,mlb,310706105,NYY,3,CLE,5,CLE,Final
20110706,mlb,310706120,CHC,4,WSH,5,WSH,Final
20110706,mlb,310706123,HOU,8,PIT,2,HOU,Final
20110706,mlb,310706102,TOR,4,BOS,6,BOS,Final
20110706,mlb,310706115,COL,1,ATL,9,ATL,Final
20110706,mlb,310706113,BAL,5,TEX,13,TEX,Final
20110706,mlb,310706124,CIN,9,STL,8,CIN,Final/13
20110706,mlb,310706119,NYM,5,LAD,3,NYM,Final
20110706,mlb,310706126,SD,5,SF,6,SF,Final/14
20110707,mlb,310707115,COL,3,ATL,6,ATL,Final
20110707,mlb,310707105,TOR,4,CLE,5,CLE,Final
20110707,mlb,310707110,TB,5,NYY,1,TB,Final
20110707,mlb,310707120,CHC,10,WSH,9,CHC,Final
20110707,mlb,310707102,BAL,4,BOS,10,BOS,Final
20110707,mlb,310707104,MIN,6,CHW,2,MIN,Final
20110707,mlb,310707107,DET,3,KC,1,DET,Final
20110707,mlb,310707108,CIN,4,MIL,5,MIL,Final
20110707,mlb,310707124,ARI,4,STL,1,ARI,Final
20110707,mlb,310707103,SEA,1,LAA,5,LAA,Final
20110707,mlb,310707119,NYM,0,LAD,6,LAD,Final
20110707,mlb,310707126,SD,1,SF,2,SF,Final
20110708,mlb,310708105,TOR,11,CLE,7,TOR,Final
20110708,mlb,310708120,COL,3,WSH,2,COL,Final
20110708,mlb,310708122,ATL,2,PHI,3,PHI,Final/10
20110708,mlb,310708123,CHC,4,PIT,7,PIT,Final
20110708,mlb,310708102,BAL,3,BOS,10,BOS,Final
20110708,mlb,310708104,MIN,8,CHW,5,MIN,Final
20110708,mlb,310708107,DET,6,KC,4,DET,Final
20110708,mlb,310708108,CIN,7,MIL,8,MIL,Final
20110708,mlb,310708124,ARI,7,STL,6,ARI,Final
20110708,mlb,310708103,SEA,3,LAA,4,LAA,Final
20110708,mlb,310708119,SD,0,LAD,1,LAD,Final
20110708,mlb,310708126,NYM,5,SF,2,NYM,Final
20110709,mlb,310709110,TB,4,NYY,5,NYY,Final
20110709,mlb,310709104,MIN,3,CHW,4,CHW,Final
20110709,mlb,310709119,SD,0,LAD,1,LAD,Final
20110709,mlb,310709122,ATL,4,PHI,1,ATL,Final/11
20110709,mlb,310709105,TOR,5,CLE,4,TOR,Final/10
20110709,mlb,310709120,COL,2,WSH,1,COL,Final
20110709,mlb,310709123,CHC,6,PIT,3,CHC,Final
20110709,mlb,310709102,BAL,0,BOS,4,BOS,Final
20110709,mlb,310709107,DET,6,KC,13,KC,Final
20110709,mlb,310709108,CIN,8,MIL,4,CIN,Final/10
20110709,mlb,310709124,ARI,6,STL,7,STL,Final
20110709,mlb,310709103,SEA,3,LAA,9,LAA,Final
20110709,mlb,310709126,NYM,1,SF,3,SF,Final
20110710,mlb,310710105,TOR,7,CLE,1,TOR,Final
20110710,mlb,310710110,TB,0,NYY,1,NYY,Final
20110710,mlb,310710102,BAL,6,BOS,8,BOS,Final
20110710,mlb,310710120,COL,0,WSH,2,WSH,Final
20110710,mlb,310710122,ATL,1,PHI,14,PHI,Final
20110710,mlb,310710123,CHC,1,PIT,9,PIT,Final
20110710,mlb,310710104,MIN,6,CHW,3,MIN,Final
20110710,mlb,310710107,DET,2,KC,1,DET,Final
20110710,mlb,310710108,CIN,3,MIL,4,MIL,Final
20110710,mlb,310710124,ARI,2,STL,4,STL,Final
20110710,mlb,310710103,SEA,2,LAA,4,LAA,Final
20110710,mlb,310710119,SD,1,LAD,4,LAD,Final
20110710,mlb,310710126,NYM,2,SF,4,SF,Final
20110714,mlb,310714101,CLE,8,BAL,4,CLE,Final
20110714,mlb,310714114,NYY,7,TOR,16,TOR,Final
20110714,mlb,310714109,KC,4,MIN,8,MIN,Final
20110714,mlb,310714127,MIL,3,COL,12,COL,Final
20110714,mlb,310714125,SF,6,SD,2,SF,Final/12
20110714,mlb,310714112,TEX,5,SEA,0,TEX,Final
20110715,mlb,310715101,CLE,6,BAL,5,CLE,Final
20110715,mlb,310715106,CHW,8,DET,2,CHW,Final
20110715,mlb,310715114,NYY,1,TOR,7,TOR,Final
20110715,mlb,310715117,STL,5,CIN,6,CIN,Final
20110715,mlb,310715121,PHI,7,NYM,2,PHI,Final
20110715,mlb,310715130,BOS,6,TB,9,TB,Final
20110715,mlb,310715115,WSH,1,ATL,11,ATL,Final
20110715,mlb,310715118,PIT,4,HOU,0,PIT,Final
20110715,mlb,310715109,KC,2,MIN,1,KC,Final
20110715,mlb,310715127,MIL,0,COL,4,COL,Final
20110715,mlb,310715129,LAD,6,ARI,4,LAD,Final
20110715,mlb,310715125,SF,6,SD,1,SF,Final
20110715,mlb,310715112,TEX,4,SEA,0,TEX,Final
20110716,mlb,310716114,NYY,4,TOR,1,NYY,Final
20110716,mlb,310716106,CHW,5,DET,0,CHW,Final
20110716,mlb,310716121,PHI,2,NYM,11,NYM,Final
20110716,mlb,400651034,BOS,9,TB,5,BOS,Final
20110716,mlb,310716101,CLE,5,BAL,6,BAL,Final
20110716,mlb,310716118,PIT,4,HOU,6,HOU,Final
20110716,mlb,310716115,WSH,5,ATL,2,WSH,Final
20110716,mlb,310716117,STL,4,CIN,1,STL,Final
20110716,mlb,310716109,KC,3,MIN,4,MIN,Final
20110716,mlb,310716127,MIL,8,COL,7,MIL,Final
20110716,mlb,310716129,LAD,2,ARI,3,ARI,Final
20110716,mlb,310716125,SF,3,SD,11,SD,Final
20110716,mlb,310716112,TEX,5,SEA,1,TEX,Final
20110717,mlb,310717106,CHW,3,DET,4,DET,Final
20110717,mlb,310717114,NYY,7,TOR,2,NYY,Final
20110717,mlb,310717117,STL,1,CIN,3,CIN,Final
20110717,mlb,310717121,PHI,8,NYM,5,PHI,Final
20110717,mlb,310717101,CLE,3,BAL,8,BAL,Final
20110717,mlb,310717115,WSH,8,ATL,9,ATL,Final
20110717,mlb,310717118,PIT,7,HOU,5,PIT,Final/11
20110717,mlb,310717109,KC,3,MIN,4,MIN,Final
20110717,mlb,310717127,MIL,4,COL,3,MIL,Final
20110717,mlb,310717125,SF,4,SD,3,SF,Final/11
20110717,mlb,310717112,TEX,3,SEA,1,TEX,Final
20110717,mlb,310717129,LAD,1,ARI,4,ARI,Final
20110717,mlb,310717130,BOS,1,TB,0,BOS,Final/16
20110718,mlb,310718209,CLE,5,MIN,2,CLE,Final
20110718,mlb,310718130,NYY,5,TB,4,NYY,Final
20110718,mlb,310718101,BOS,15,BAL,10,BOS,Final
20110718,mlb,310718123,CIN,0,PIT,2,PIT,Final
20110718,mlb,310718116,PHI,1,CHC,6,CHC,Final
20110718,mlb,310718118,WSH,5,HOU,2,WSH,Final
20110718,mlb,310718107,CHW,5,KC,2,CHW,Final
20110718,mlb,310718309,CLE,6,MIN,3,CLE,Final
20110718,mlb,310718127,ATL,7,COL,4,ATL,Final
20110718,mlb,310718129,MIL,0,ARI,3,ARI,Final
20110718,mlb,310718126,LAD,0,SF,5,SF,Final
20110719,mlb,310719101,BOS,2,BAL,6,BAL,Final
20110719,mlb,310719123,CIN,0,PIT,1,PIT,Final
20110719,mlb,310719114,SEA,5,TOR,6,TOR,Final/14
20110719,mlb,310719121,STL,2,NYM,4,NYM,Final
20110719,mlb,310719130,NYY,2,TB,3,TB,Final
20110719,mlb,310719116,PHI,4,CHC,2,PHI,Final
20110719,mlb,310719118,WSH,6,HOU,7,HOU,Final
20110719,mlb,310719107,CHW,2,KC,4,KC,Final
20110719,mlb,310719109,CLE,1,MIN,2,MIN,Final
20110719,mlb,310719127,ATL,3,COL,12,COL,Final
20110719,mlb,310719129,MIL,11,ARI,3,MIL,Final
20110719,mlb,310719126,LAD,3,SF,5,SF,Final
20110719,mlb,310719103,TEX,7,LAA,0,TEX,Final
20110720,mlb,310720101,BOS,4,BAL,0,BOS,Final
20110720,mlb,310720123,CIN,3,PIT,1,CIN,Final
20110720,mlb,310720109,CLE,5,MIN,7,MIN,Final
20110720,mlb,310720118,WSH,2,HOU,3,HOU,Final/11
20110720,mlb,310720116,PHI,9,CHC,1,PHI,Final
20110720,mlb,310720126,LAD,1,SF,0,LAD,Final
20110720,mlb,310720121,STL,5,NYM,6,NYM,Final/10
20110720,mlb,310720114,SEA,6,TOR,11,TOR,Final
20110720,mlb,310720130,NYY,4,TB,0,NYY,Final
20110720,mlb,310720107,CHW,1,KC,2,KC,Final/11
20110720,mlb,400743707,ATL,2,COL,3,COL,Final
20110720,mlb,310720129,MIL,5,ARI,2,MIL,Final/10
20110720,mlb,310720103,TEX,8,LAA,9,LAA,Final
20110721,mlb,310721121,STL,6,NYM,2,STL,Final
20110721,mlb,310721114,SEA,5,TOR,7,TOR,Final
20110721,mlb,310721127,ATL,9,COL,6,ATL,Final
20110721,mlb,310721103,TEX,0,LAA,1,LAA,Final
20110721,mlb,310721130,NYY,1,TB,2,TB,Final
20110721,mlb,310721109,DET,6,MIN,2,DET,Final
20110721,mlb,310721129,MIL,0,ARI,4,ARI,Final
20110722,mlb,310722116,HOU,2,CHC,4,CHC,Final
20110722,mlb,310722101,LAA,6,BAL,1,LAA,Final
20110722,mlb,310722105,CHW,3,CLE,0,CHW,Final
20110722,mlb,310722122,SD,1,PHI,3,PHI,Final
20110722,mlb,310722123,STL,6,PIT,4,STL,Final
20110722,mlb,310722102,SEA,4,BOS,7,BOS,Final
20110722,mlb,310722117,ATL,6,CIN,4,ATL,Final
20110722,mlb,310722113,TOR,2,TEX,12,TEX,Final
20110722,mlb,310722107,TB,4,KC,10,KC,Final
20110722,mlb,310722109,DET,8,MIN,2,DET,Final
20110722,mlb,310722129,COL,8,ARI,4,COL,Final
20110722,mlb,310722119,WSH,7,LAD,2,WSH,Final
20110722,mlb,310722126,MIL,4,SF,2,MIL,Final
20110723,mlb,310723116,HOU,1,CHC,5,CHC,Final
20110723,mlb,310723109,DET,1,MIN,4,MIN,Final
20110723,mlb,310723117,ATL,2,CIN,11,CIN,Final
20110723,mlb,310723122,SD,6,PHI,8,PHI,Final
20110723,mlb,310723101,LAA,2,BAL,3,BAL,Final
20110723,mlb,310723123,STL,9,PIT,1,STL,Final
20110723,mlb,310723102,SEA,1,BOS,3,BOS,Final
20110723,mlb,310723107,TB,4,KC,5,KC,Final/10
20110723,mlb,310723113,TOR,4,TEX,5,TEX,Final
20110723,mlb,310723129,COL,3,ARI,12,ARI,Final
20110723,mlb,310723126,MIL,2,SF,4,SF,Final
20110723,mlb,310723119,WSH,6,LAD,7,LAD,Final
20110724,mlb,310724105,CHW,4,CLE,2,CHW,Final
20110724,mlb,310724101,LAA,9,BAL,3,LAA,Final
20110724,mlb,310724102,SEA,8,BOS,12,BOS,Final
20110724,mlb,310724122,SD,3,PHI,5,PHI,Final
20110724,mlb,310724123,STL,3,PIT,4,PIT,Final/10
20110724,mlb,310724107,TB,5,KC,0,TB,Final
20110724,mlb,310724116,HOU,4,CHC,5,CHC,Final/10
20110724,mlb,310724126,MIL,1,SF,2,SF,Final
20110724,mlb,310724109,DET,5,MIN,2,DET,Final
20110724,mlb,310724119,WSH,1,LAD,3,LAD,Final
20110724,mlb,310724129,COL,0,ARI,7,ARI,Final
20110724,mlb,310724117,ATL,3,CIN,4,CIN,Final
20110724,mlb,310724113,TOR,3,TEX,0,TOR,Final
20110725,mlb,310725122,SD,5,PHI,4,SD,Final
20110725,mlb,310725105,LAA,2,CLE,3,CLE,Final
20110725,mlb,310725117,NYM,4,CIN,2,NYM,Final
20110725,mlb,310725113,MIN,6,TEX,20,TEX,Final
20110725,mlb,310725104,DET,3,CHW,6,CHW,Final
20110725,mlb,310725124,HOU,5,STL,10,STL,Final
20110725,mlb,310725110,SEA,3,NYY,10,NYY,Final
20110725,mlb,310725115,PIT,3,ATL,1,PIT,Final
20110725,mlb,310725102,KC,3,BOS,1,KC,Final/14
20110725,mlb,310725119,COL,5,LAD,8,LAD,Final
20110726,mlb,310726105,LAA,2,CLE,1,LAA,Final
20110726,mlb,310726110,SEA,1,NYY,4,NYY,Final
20110726,mlb,310726122,SF,2,PHI,7,PHI,Final
20110726,mlb,310726114,BAL,12,TOR,4,BAL,Final
20110726,mlb,310726102,KC,9,BOS,13,BOS,Final
20110726,mlb,310726115,PIT,3,ATL,4,ATL,Final/19
20110726,mlb,310726117,NYM,8,CIN,6,NYM,Final
20110726,mlb,310726113,MIN,9,TEX,8,MIN,Final
20110726,mlb,310726104,DET,5,CHW,4,DET,Final
20110726,mlb,310726108,CHC,2,MIL,3,MIL,Final
20110726,mlb,310726124,HOU,1,STL,3,STL,Final
20110726,mlb,310726125,ARI,6,SD,1,ARI,Final
20110726,mlb,310726119,COL,2,LAD,3,LAD,Final
20110727,mlb,310727105,LAA,3,CLE,1,LAA,Final
20110727,mlb,310727110,SEA,9,NYY,2,SEA,Final
20110727,mlb,310727104,DET,1,CHW,2,CHW,Final
20110727,mlb,400743758,SF,2,PHI,1,SF,Final
20110727,mlb,310727114,BAL,0,TOR,3,TOR,Final
20110727,mlb,310727102,KC,5,BOS,12,BOS,Final
20110727,mlb,310727115,PIT,1,ATL,2,ATL,Final/10
20110727,mlb,310727117,NYM,8,CIN,2,NYM,Final
20110727,mlb,310727113,MIN,7,TEX,2,MIN,Final
20110727,mlb,310727108,CHC,0,MIL,2,MIL,Final
20110727,mlb,310727124,HOU,4,STL,2,HOU,Final
20110727,mlb,310727125,ARI,4,SD,3,ARI,Final
20110727,mlb,310727119,COL,3,LAD,1,COL,Final
20110728,mlb,310728117,NYM,10,CIN,9,NYM,Final
20110728,mlb,310728106,LAA,12,DET,7,LAA,Final
20110728,mlb,310728102,KC,4,BOS,3,KC,Final
20110728,mlb,310728108,CHC,2,MIL,4,MIL,Final
20110728,mlb,310728125,ARI,3,SD,4,SD,Final
20110728,mlb,310728122,SF,4,PHI,1,SF,Final
20110728,mlb,310728114,BAL,5,TOR,8,TOR,Final
20110728,mlb,310728115,PIT,5,ATL,2,PIT,Final
20110728,mlb,310728113,MIN,1,TEX,4,TEX,Final
20110728,mlb,310728124,HOU,5,STL,3,HOU,Final
20110729,mlb,310729105,KC,12,CLE,0,KC,Final
20110729,mlb,310729106,LAA,2,DET,12,DET,Final
20110729,mlb,310729110,BAL,4,NYY,2,BAL,Final
20110729,mlb,310729120,NYM,8,WSH,5,NYM,Final
20110729,mlb,310729122,PIT,3,PHI,10,PHI,Final
20110729,mlb,310729114,TEX,2,TOR,3,TOR,Final
20110729,mlb,310729117,SF,3,CIN,4,CIN,Final/13
20110729,mlb,310729104,BOS,1,CHW,3,CHW,Final
20110729,mlb,310729108,HOU,0,MIL,4,MIL,Final
20110729,mlb,310729124,CHC,2,STL,9,STL,Final
20110729,mlb,310729125,COL,3,SD,2,COL,Final
20110729,mlb,310729112,TB,8,SEA,0,TB,Final
20110729,mlb,310729119,ARI,5,LAD,9,LAD,Final
20110730,mlb,310730210,BAL,3,NYY,8,NYY,Final
20110730,mlb,310730114,TEX,3,TOR,0,TEX,Final
20110730,mlb,310730106,LAA,5,DET,1,LAA,Final
20110730,mlb,310730112,TB,2,SEA,3,SEA,Final
20110730,mlb,310730124,CHC,5,STL,13,STL,Final
20110730,mlb,310730310,BAL,3,NYY,17,NYY,Final
20110730,mlb,310730105,KC,2,CLE,5,CLE,Final
20110730,mlb,310730120,NYM,0,WSH,3,WSH,Final
20110730,mlb,310730122,PIT,4,PHI,7,PHI,Final
20110730,mlb,310730104,BOS,10,CHW,2,BOS,Final
20110730,mlb,310730108,HOU,2,MIL,6,MIL,Final
20110730,mlb,310730117,SF,2,CIN,7,CIN,Final
20110730,mlb,310730125,COL,10,SD,6,COL,Final
20110730,mlb,310730119,ARI,6,LAD,4,ARI,Final
20110731,mlb,310731105,KC,5,CLE,3,KC,Final
20110731,mlb,310731106,LAA,2,DET,3,DET,Final
20110731,mlb,310731110,BAL,2,NYY,4,NYY,Final
20110731,mlb,310731114,TEX,3,TOR,7,TOR,Final
20110731,mlb,310731117,SF,0,CIN,9,CIN,Final
20110731,mlb,310731120,NYM,2,WSH,3,WSH,Final
20110731,mlb,310731122,PIT,5,PHI,6,PHI,Final/10
20110731,mlb,310731104,BOS,5,CHW,3,BOS,Final
20110731,mlb,310731108,HOU,4,MIL,5,MIL,Final
20110731,mlb,310731125,COL,3,SD,8,SD,Final
20110731,mlb,310731112,TB,8,SEA,1,TB,Final
20110731,mlb,310731119,ARI,6,LAD,3,ARI,Final
20110731,mlb,310731124,CHC,6,STL,3,CHC,Final
20110801,mlb,310801102,CLE,9,BOS,6,CLE,Final
20110801,mlb,310801120,ATL,3,WSH,5,WSH,Final
20110801,mlb,310801123,CHC,5,PIT,3,CHC,Final
20110801,mlb,310801118,CIN,3,HOU,4,HOU,Final/10
20110801,mlb,310801104,NYY,3,CHW,2,NYY,Final
20110801,mlb,310801108,STL,2,MIL,6,MIL,Final
20110801,mlb,310801127,PHI,4,COL,3,PHI,Final/10
20110801,mlb,310801125,LAD,6,SD,2,LAD,Final
20110801,mlb,310801126,ARI,5,SF,2,ARI,Final
20110802,mlb,310802120,ATL,3,WSH,9,WSH,Final
20110802,mlb,310802123,CHC,11,PIT,6,CHC,Final
20110802,mlb,310802130,TOR,3,TB,1,TOR,Final
20110802,mlb,310802106,TEX,5,DET,6,DET,Final
20110802,mlb,310802102,CLE,2,BOS,3,BOS,Final
20110802,mlb,310802118,CIN,5,HOU,1,CIN,Final
20110802,mlb,310802104,NYY,6,CHW,0,NYY,Final/7
20110802,mlb,310802107,BAL,8,KC,2,BAL,Final
20110802,mlb,310802108,STL,8,MIL,7,STL,Final/11
20110802,mlb,310802127,PHI,5,COL,0,PHI,Final
20110802,mlb,310802103,MIN,1,LAA,5,LAA,Final
20110802,mlb,310802125,LAD,1,SD,0,LAD,Final
20110802,mlb,310802126,ARI,6,SF,1,ARI,Final
20110803,mlb,310803120,ATL,6,WSH,4,ATL,Final
20110803,mlb,310803108,STL,5,MIL,10,MIL,Final
20110803,mlb,310803127,PHI,8,COL,6,PHI,Final
20110803,mlb,310803126,ARI,1,SF,8,SF,Final
20110803,mlb,310803106,TEX,4,DET,5,DET,Final
20110803,mlb,310803123,CHC,1,PIT,0,CHC,Final
20110803,mlb,310803102,CLE,3,BOS,4,BOS,Final
20110803,mlb,310803130,TOR,1,TB,9,TB,Final
20110803,mlb,310803104,NYY,18,CHW,7,NYY,Final
20110803,mlb,310803118,CIN,4,HOU,5,HOU,Final
20110803,mlb,310803107,BAL,2,KC,6,KC,Final
20110803,mlb,310803103,MIN,11,LAA,4,MIN,Final
20110803,mlb,310803125,LAD,0,SD,3,SD,Final
20110804,mlb,310804130,TOR,6,TB,7,TB,Final/12
20110804,mlb,310804106,TEX,5,DET,2,TEX,Final
20110804,mlb,310804123,CHC,7,PIT,6,CHC,Final
20110804,mlb,310804102,CLE,7,BOS,3,CLE,Final
20110804,mlb,310804104,NYY,7,CHW,2,NYY,Final
20110804,mlb,310804107,BAL,4,KC,9,KC,Final
20110804,mlb,310804127,WSH,3,COL,6,COL,Final
20110804,mlb,310804103,MIN,1,LAA,7,LAA,Final
20110804,mlb,310804126,PHI,3,SF,0,PHI,Final
20110805,mlb,310805116,CIN,3,CHC,4,CHC,Final
20110805,mlb,310805101,TOR,5,BAL,4,TOR,Final
20110805,mlb,310805123,SD,15,PIT,5,SD,Final
20110805,mlb,310805102,NYY,3,BOS,2,NYY,Final
20110805,mlb,310805121,ATL,4,NYM,1,ATL,Final
20110805,mlb,310805113,CLE,7,TEX,8,TEX,Final/11
20110805,mlb,310805118,MIL,8,HOU,1,MIL,Final
20110805,mlb,310805107,DET,4,KC,3,DET,Final/10
20110805,mlb,310805109,CHW,5,MIN,3,CHW,Final
20110805,mlb,310805127,WSH,5,COL,3,WSH,Final
20110805,mlb,310805129,LAD,7,ARI,4,LAD,Final
20110805,mlb,310805103,SEA,0,LAA,1,LAA,Final/10
20110805,mlb,310805126,PHI,9,SF,2,PHI,Final
20110806,mlb,310806116,CIN,4,CHC,11,CHC,Final
20110806,mlb,310806102,NYY,4,BOS,10,BOS,Final
20110806,mlb,310806126,PHI,2,SF,1,PHI,Final
20110806,mlb,310806101,TOR,2,BAL,6,BAL,Final
20110806,mlb,310806118,MIL,7,HOU,5,MIL,Final
20110806,mlb,310806123,SD,13,PIT,2,SD,Final
20110806,mlb,310806107,DET,4,KC,3,DET,Final
20110806,mlb,310806109,CHW,6,MIN,1,CHW,Final
20110806,mlb,310806121,ATL,7,NYM,11,NYM,Final
20110806,mlb,310806113,CLE,7,TEX,5,CLE,Final
20110806,mlb,310806127,WSH,7,COL,15,COL,Final
20110806,mlb,310806129,LAD,5,ARI,3,LAD,Final
20110806,mlb,310806103,SEA,5,LAA,1,SEA,Final
20110807,mlb,310807121,ATL,6,NYM,5,ATL,Final
20110807,mlb,310807101,TOR,7,BAL,2,TOR,Final
20110807,mlb,310807123,SD,7,PIT,3,SD,Final
20110807,mlb,310807118,MIL,7,HOU,3,MIL,Final
20110807,mlb,310807107,DET,3,KC,4,KC,Final
20110807,mlb,310807109,CHW,7,MIN,0,CHW,Final
20110807,mlb,310807116,CIN,8,CHC,7,CIN,Final
20110807,mlb,310807127,WSH,3,COL,2,WSH,Final
20110807,mlb,310807103,SEA,1,LAA,2,LAA,Final
20110807,mlb,310807126,PHI,1,SF,3,SF,Final
20110807,mlb,310807129,LAD,3,ARI,4,ARI,Final
20110807,mlb,310807102,NYY,2,BOS,3,BOS,Final/10
20110807,mlb,310807113,CLE,3,TEX,5,TEX,Final
20110808,mlb,310808109,BOS,8,MIN,6,BOS,Final
20110808,mlb,310808101,CHW,7,BAL,6,CHW,Final
20110808,mlb,310808117,COL,10,CIN,7,COL,Final
20110808,mlb,310808121,SD,8,NYM,9,NYM,Final
20110808,mlb,310808130,KC,1,TB,2,TB,Final
20110808,mlb,310808113,SEA,2,TEX,9,TEX,Final
20110808,mlb,310808129,HOU,9,ARI,1,HOU,Final
20110808,mlb,310808119,PHI,5,LAD,3,PHI,Final
20110808,mlb,310808126,PIT,5,SF,0,PIT,Final
20110809,mlb,310809101,CHW,4,BAL,3,CHW,Final
20110809,mlb,310809105,DET,2,CLE,3,CLE,Final/14
20110809,mlb,310809110,LAA,6,NYY,4,LAA,Final
20110809,mlb,310809117,COL,3,CIN,2,COL,Final
20110809,mlb,310809121,SD,4,NYM,5,NYM,Final
20110809,mlb,310809130,KC,0,TB,4,TB,Final
20110809,mlb,310809113,SEA,6,TEX,7,TEX,Final
20110809,mlb,310809116,WSH,3,CHC,1,WSH,Final
20110809,mlb,310809109,BOS,4,MIN,3,BOS,Final
20110809,mlb,310809124,MIL,5,STL,3,MIL,Final/10
20110809,mlb,310809129,HOU,9,ARI,11,ARI,Final
20110809,mlb,310809119,PHI,2,LAD,1,PHI,Final
20110809,mlb,310809126,PIT,0,SF,6,SF,Final
20110810,mlb,310810119,PHI,9,LAD,8,PHI,Final
20110810,mlb,310810126,PIT,9,SF,2,PIT,Final
20110810,mlb,310810110,LAA,3,NYY,9,NYY,Final
20110810,mlb,310810101,CHW,4,BAL,6,BAL,Final/10
20110810,mlb,310810105,DET,3,CLE,10,CLE,Final
20110810,mlb,310810117,COL,2,CIN,3,CIN,Final
20110810,mlb,310810121,SD,9,NYM,5,SD,Final
20110810,mlb,310810130,KC,7,TB,8,TB,Final
20110810,mlb,310810113,SEA,4,TEX,3,SEA,Final
20110810,mlb,310810116,WSH,2,CHC,4,CHC,Final
20110810,mlb,310810109,BOS,2,MIN,5,MIN,Final
20110810,mlb,310810124,MIL,5,STL,1,MIL,Final
20110810,mlb,310810129,HOU,3,ARI,6,ARI,Final
20110811,mlb,310811121,SD,3,NYM,2,SD,Final
20110811,mlb,310811130,KC,1,TB,4,TB,Final
20110811,mlb,310811117,COL,1,CIN,2,CIN,Final
20110811,mlb,310811110,LAA,5,NYY,6,NYY,Final
20110811,mlb,310811116,WSH,3,CHC,4,CHC,Final
20110811,mlb,310811101,CHW,6,BAL,3,CHW,Final
20110811,mlb,310811105,DET,4,CLE,3,DET,Final
20110811,mlb,310811124,MIL,2,STL,5,STL,Final
20110811,mlb,310811129,HOU,5,ARI,8,ARI,Final/10
20110812,mlb,310812101,DET,5,BAL,4,DET,Final
20110812,mlb,310812105,MIN,2,CLE,3,CLE,Final
20110812,mlb,310812110,TB,5,NYY,1,TB,Final
20110812,mlb,310812122,WSH,4,PHI,2,WSH,Final
20110812,mlb,310812114,LAA,5,TOR,1,LAA,Final
20110812,mlb,310812117,SD,3,CIN,5,CIN,Final
20110812,mlb,310812115,CHC,4,ATL,10,ATL,Final
20110812,mlb,310812108,PIT,2,MIL,7,MIL,Final
20110812,mlb,400651202,KC,5,CHW,1,KC,Final
20110812,mlb,310812124,COL,1,STL,6,STL,Final
20110812,mlb,310812129,NYM,3,ARI,4,ARI,Final
20110812,mlb,310812112,BOS,6,SEA,4,BOS,Final
20110812,mlb,310812119,HOU,0,LAD,1,LAD,Final/10
20110813,mlb,310813114,LAA,2,TOR,11,TOR,Final
20110813,mlb,310813108,PIT,0,MIL,1,MIL,Final
20110813,mlb,310813110,TB,2,NYY,9,NYY,Final
20110813,mlb,310813101,DET,6,BAL,5,DET,Final
20110813,mlb,310813105,MIN,1,CLE,3,CLE,Final
20110813,mlb,310813122,WSH,3,PHI,11,PHI,Final
20110813,mlb,310813104,KC,4,CHW,5,CHW,Final
20110813,mlb,310813115,CHC,8,ATL,4,CHC,Final
20110813,mlb,310813117,SD,1,CIN,13,CIN,Final
20110813,mlb,310813124,COL,6,STL,1,COL,Final
20110813,mlb,310813129,NYM,4,ARI,6,ARI,Final
20110813,mlb,310813112,BOS,4,SEA,5,SEA,Final
20110813,mlb,310813119,HOU,1,LAD,6,LAD,Final
20110814,mlb,310814114,LAA,4,TOR,5,TOR,Final/10
20110814,mlb,310814117,SD,7,CIN,3,SD,Final
20110814,mlb,310814115,CHC,6,ATL,5,CHC,Final
20110814,mlb,400651215,DET,5,BAL,8,BAL,Final
20110814,mlb,310814104,KC,2,CHW,6,CHW,Final
20110814,mlb,310814108,PIT,1,MIL,2,MIL,Final/10
20110814,mlb,310814112,BOS,3,SEA,5,SEA,Final
20110814,mlb,310814119,HOU,0,LAD,7,LAD,Final
20110814,mlb,310814129,NYM,3,ARI,5,ARI,Final
20110814,mlb,310814124,COL,2,STL,6,STL,Final
20110815,mlb,310815115,SF,4,ATL,5,ATL,Final
20110815,mlb,310815106,MIN,9,DET,6,MIN,Final
20110815,mlb,310815123,STL,2,PIT,6,PIT,Final
20110815,mlb,310815118,CHC,4,HOU,3,CHC,Final
20110815,mlb,310815107,NYY,7,KC,4,NYY,Final
20110815,mlb,310815108,LAD,0,MIL,3,MIL,Final
20110815,mlb,310815103,TEX,8,LAA,4,TEX,Final
20110815,mlb,310815125,NYM,5,SD,4,NYM,Final/10
20110815,mlb,310815112,TOR,5,SEA,6,SEA,Final
20110816,mlb,310816202,TB,1,BOS,3,BOS,Final
20110816,mlb,310816106,MIN,1,DET,7,DET,Final
20110816,mlb,310816120,CIN,4,WSH,6,WSH,Final
20110816,mlb,310816122,ARI,3,PHI,2,ARI,Final
20110816,mlb,310816123,STL,4,PIT,5,PIT,Final/11
20110816,mlb,310816115,SF,1,ATL,2,ATL,Final/11
20110816,mlb,310816302,TB,6,BOS,2,TB,Final
20110816,mlb,310816118,CHC,5,HOU,6,HOU,Final
20110816,mlb,310816104,CLE,7,CHW,8,CHW,Final/14
20110816,mlb,310816107,NYY,9,KC,7,NYY,Final
20110816,mlb,310816108,LAD,1,MIL,2,MIL,Final
20110816,mlb,310816103,TEX,7,LAA,3,TEX,Final
20110816,mlb,310816125,NYM,1,SD,6,SD,Final
20110816,mlb,310816112,TOR,13,SEA,7,TOR,Final
20110817,mlb,310817102,TB,4,BOS,0,TB,Final
20110817,mlb,310817118,CHC,3,HOU,4,HOU,Final
20110817,mlb,310817125,NYM,7,SD,3,NYM,Final
20110817,mlb,310817122,ARI,2,PHI,9,PHI,Final
20110817,mlb,310817106,MIN,6,DET,5,MIN,Final
20110817,mlb,310817120,CIN,2,WSH,1,CIN,Final
20110817,mlb,310817123,STL,7,PIT,2,STL,Final
20110817,mlb,310817115,SF,7,ATL,5,SF,Final
20110817,mlb,310817104,CLE,4,CHW,1,CLE,Final
20110817,mlb,310817107,NYY,4,KC,5,KC,Final
20110817,mlb,310817108,LAD,1,MIL,3,MIL,Final
20110817,mlb,310817103,TEX,4,LAA,3,TEX,Final
20110817,mlb,310817112,TOR,5,SEA,1,TOR,Final
20110818,mlb,310818108,LAD,5,MIL,1,LAD,Final
20110818,mlb,310818120,CIN,1,WSH,3,WSH,Final
20110818,mlb,310818122,ARI,1,PHI,4,PHI,Final
20110818,mlb,310818115,SF,0,ATL,1,ATL,Final
20110818,mlb,310818104,CLE,4,CHW,2,CLE,Final
20110818,mlb,310818107,BOS,4,KC,3,BOS,Final
20110818,mlb,310818109,NYY,8,MIN,4,NYY,Final
20110818,mlb,310818103,TEX,1,LAA,2,LAA,Final
20110819,mlb,310819116,STL,4,CHC,5,CHC,Final/10
20110819,mlb,310819106,CLE,1,DET,4,DET,Final
20110819,mlb,310819120,PHI,4,WSH,8,WSH,Final
20110819,mlb,310819123,CIN,11,PIT,8,CIN,Final
20110819,mlb,310819121,MIL,6,NYM,1,MIL,Final
20110819,mlb,310819130,SEA,2,TB,3,TB,Final
20110819,mlb,310819115,ARI,2,ATL,4,ATL,Final
20110819,mlb,310819118,SF,0,HOU,6,HOU,Final
20110819,mlb,310819104,TEX,7,CHW,4,TEX,Final
20110819,mlb,310819107,BOS,7,KC,1,BOS,Final
20110819,mlb,310819109,NYY,8,MIN,1,NYY,Final
20110819,mlb,310819127,LAD,8,COL,2,LAD,Final
20110819,mlb,310819103,BAL,3,LAA,8,LAA,Final
20110820,mlb,310820116,STL,0,CHC,3,CHC,Final
20110820,mlb,310820121,MIL,11,NYM,9,MIL,Final
20110820,mlb,310820123,CIN,3,PIT,5,PIT,Final
20110820,mlb,310820127,LAD,6,COL,7,COL,Final/13
20110820,mlb,310820106,CLE,1,DET,10,DET,Final
20110820,mlb,310820118,SF,5,HOU,7,HOU,Final
20110820,mlb,310820120,PHI,5,WSH,0,PHI,Final
20110820,mlb,310820104,TEX,2,CHW,3,CHW,Final
20110820,mlb,310820107,BOS,4,KC,9,KC,Final
20110820,mlb,310820109,NYY,4,MIN,9,MIN,Final
20110820,mlb,310820115,ARI,1,ATL,8,ATL,Final
20110820,mlb,310820130,SEA,0,TB,8,TB,Final
20110820,mlb,310820103,BAL,8,LAA,9,LAA,Final/12
20110821,mlb,310821106,CLE,7,DET,8,DET,Final
20110821,mlb,310821121,MIL,6,NYM,2,MIL,Final
20110821,mlb,310821115,ARI,0,ATL,1,ATL,Final
20110821,mlb,310821120,PHI,4,WSH,5,WSH,Final/10
20110821,mlb,310821123,CIN,5,PIT,4,CIN,Final
20110821,mlb,310821130,SEA,7,TB,8,TB,Final
20110821,mlb,310821118,SF,6,HOU,4,SF,Final/11
20110821,mlb,310821104,TEX,0,CHW,10,CHW,Final
20110821,mlb,310821107,BOS,6,KC,1,BOS,Final
20110821,mlb,310821109,NYY,3,MIN,0,NYY,Final
20110821,mlb,310821127,LAD,3,COL,5,COL,Final
20110821,mlb,310821103,BAL,1,LAA,7,LAA,Final
20110821,mlb,310821116,STL,6,CHC,2,STL,Final
20110822,mlb,310822223,MIL,8,PIT,1,MIL,Final
20110822,mlb,310822105,SEA,3,CLE,2,SEA,Final
20110822,mlb,310822120,ARI,1,WSH,4,WSH,Final
20110822,mlb,310822122,NYM,0,PHI,10,PHI,Final
20110822,mlb,310822130,DET,5,TB,2,DET,Final
20110822,mlb,310822113,BOS,0,TEX,4,TEX,Final
20110822,mlb,310822116,ATL,3,CHC,0,ATL,Final
20110822,mlb,310822109,BAL,4,MIN,1,BAL,Final
20110822,mlb,310822124,LAD,2,STL,1,LAD,Final
20110822,mlb,310822323,MIL,2,PIT,9,PIT,Final
20110822,mlb,310822127,HOU,5,COL,9,COL,Final
20110823,mlb,310823205,SEA,5,CLE,7,CLE,Final
20110823,mlb,310823122,NYM,4,PHI,9,PHI,Final
20110823,mlb,310823123,MIL,11,PIT,4,MIL,Final
20110823,mlb,310823305,SEA,12,CLE,7,SEA,Final
20110823,mlb,310823114,KC,6,TOR,4,KC,Final
20110823,mlb,310823120,ARI,2,WSH,0,ARI,Final
20110823,mlb,310823130,DET,2,TB,1,DET,Final
20110823,mlb,310823113,BOS,11,TEX,5,BOS,Final
20110823,mlb,310823116,ATL,5,CHC,4,ATL,Final
20110823,mlb,310823109,BAL,8,MIN,1,BAL,Final
20110823,mlb,310823124,LAD,13,STL,2,LAD,Final
20110823,mlb,310823127,HOU,6,COL,8,COL,Final
20110823,mlb,310823103,CHW,4,LAA,5,LAA,Final
20110823,mlb,310823126,SD,7,SF,5,SD,Final
20110824,mlb,310824105,SEA,9,CLE,2,SEA,Final
20110824,mlb,310824123,MIL,0,PIT,2,PIT,Final
20110824,mlb,310824122,NYM,7,PHI,4,NYM,Final
20110824,mlb,310824124,LAD,9,STL,4,LAD,Final
20110824,mlb,310824127,HOU,6,COL,7,COL,Final/10
20110824,mlb,310824113,BOS,13,TEX,2,BOS,Final
20110824,mlb,310824120,ARI,4,WSH,2,ARI,Final
20110824,mlb,310824114,KC,3,TOR,4,TOR,Final
20110824,mlb,310824130,DET,2,TB,3,TB,Final/10
20110824,mlb,310824116,ATL,2,CHC,3,CHC,Final
20110824,mlb,310824109,BAL,6,MIN,1,BAL,Final
20110824,mlb,310824103,CHW,0,LAA,8,LAA,Final
20110824,mlb,310824126,SD,1,SF,2,SF,Final
20110825,mlb,310825109,BAL,6,MIN,1,BAL,Final
20110825,mlb,310825130,DET,2,TB,0,DET,Final
20110825,mlb,310825116,ATL,8,CHC,3,ATL,Final
20110825,mlb,310825120,ARI,8,WSH,1,ARI,Final
20110825,mlb,310825114,KC,9,TOR,6,KC,Final
20110825,mlb,310825113,BOS,6,TEX,0,BOS,Final
20110825,mlb,310825124,PIT,4,STL,8,STL,Final
20110825,mlb,310825126,HOU,3,SF,1,HOU,Final
20110826,mlb,310826101,NYY,5,BAL,12,BAL,Final
20110826,mlb,310826105,KC,1,CLE,2,CLE,Final
20110826,mlb,310826114,TB,6,TOR,1,TB,Final
20110826,mlb,310826117,WSH,3,CIN,4,CIN,Final
20110826,mlb,310826121,ATL,0,NYM,6,NYM,Final
20110826,mlb,310826113,LAA,7,TEX,11,TEX,Final
20110826,mlb,310826108,CHC,2,MIL,5,MIL,Final
20110826,mlb,310826109,DET,8,MIN,1,DET,Final
20110826,mlb,310826124,PIT,4,STL,5,STL,Final
20110826,mlb,310826129,SD,0,ARI,5,ARI,Final
20110826,mlb,310826112,CHW,4,SEA,2,CHW,Final
20110826,mlb,310826119,COL,1,LAD,6,LAD,Final
20110826,mlb,310826126,HOU,1,SF,2,SF,Final
20110827,mlb,310827114,TB,6,TOR,5,TB,Final
20110827,mlb,310827109,DET,6,MIN,4,DET,Final
20110827,mlb,310827119,COL,6,LAD,7,LAD,Final/11
20110827,mlb,310827124,PIT,7,STL,0,PIT,Final
20110827,mlb,310827105,KC,7,CLE,8,CLE,Final
20110827,mlb,310827108,CHC,4,MIL,6,MIL,Final
20110827,mlb,310827117,WSH,3,CIN,6,CIN,Final
20110827,mlb,310827113,LAA,8,TEX,4,LAA,Final
20110827,mlb,310827129,SD,1,ARI,3,ARI,Final
20110827,mlb,310827126,HOU,1,SF,2,SF,Final/10
20110827,mlb,310827112,CHW,3,SEA,0,CHW,Final
20110828,mlb,310828105,KC,2,CLE,1,KC,Final
20110828,mlb,310828114,TB,12,TOR,0,TB,Final
20110828,mlb,310828117,WSH,4,CIN,5,CIN,Final/14
20110828,mlb,310828201,NYY,0,BAL,2,BAL,Final
20110828,mlb,310828108,CHC,2,MIL,3,MIL,Final
20110828,mlb,310828109,DET,4,MIN,11,MIN,Final
20110828,mlb,310828124,PIT,4,STL,7,STL,Final
20110828,mlb,310828126,HOU,4,SF,3,HOU,Final/11
20110828,mlb,310828112,CHW,9,SEA,3,CHW,Final
20110828,mlb,310828119,COL,7,LAD,6,COL,Final
20110828,mlb,310828129,SD,1,ARI,6,ARI,Final
20110828,mlb,310828301,NYY,8,BAL,3,NYY,Final
20110828,mlb,310828113,LAA,5,TEX,9,TEX,Final
20110829,mlb,310829117,PHI,3,CIN,2,PHI,Final
20110829,mlb,310829101,NYY,3,BAL,2,NYY,Final
20110829,mlb,310829106,KC,9,DET,5,KC,Final
20110829,mlb,310829114,TB,3,TOR,7,TOR,Final
20110829,mlb,310829118,PIT,4,HOU,7,HOU,Final
20110829,mlb,310829104,MIN,0,CHW,3,CHW,Final
20110829,mlb,310829129,COL,1,ARI,5,ARI,Final
20110829,mlb,310829112,LAA,3,SEA,5,SEA,Final
20110829,mlb,310829119,SD,1,LAD,4,LAD,Final
20110829,mlb,310829126,CHC,7,SF,0,CHC,Final
20110830,mlb,310830101,TOR,5,BAL,6,BAL,Final/10
20110830,mlb,310830106,KC,1,DET,2,DET,Final/10
20110830,mlb,310830102,NYY,5,BOS,2,NYY,Final
20110830,mlb,310830115,WSH,9,ATL,2,WSH,Final
20110830,mlb,310830117,PHI,9,CIN,0,PHI,Final
20110830,mlb,310830113,TB,0,TEX,2,TEX,Final
20110830,mlb,310830118,PIT,2,HOU,8,HOU,Final
20110830,mlb,310830104,MIN,6,CHW,8,CHW,Final
20110830,mlb,310830108,STL,2,MIL,1,STL,Final
20110830,mlb,310830129,COL,4,ARI,9,ARI,Final
20110830,mlb,310830112,LAA,13,SEA,6,LAA,Final
20110830,mlb,310830119,SD,5,LAD,8,LAD,Final
20110830,mlb,310830126,CHC,5,SF,2,CHC,Final
20110831,mlb,310831106,KC,4,DET,5,DET,Final
20110831,mlb,310831104,MIN,7,CHW,6,MIN,Final
20110831,mlb,310831119,SD,2,LAD,4,LAD,Final
20110831,mlb,310831126,CHC,0,SF,4,SF,Final
20110831,mlb,310831102,NYY,5,BOS,9,BOS,Final
20110831,mlb,310831101,TOR,13,BAL,0,TOR,Final
20110831,mlb,310831115,WSH,1,ATL,3,ATL,Final
20110831,mlb,310831117,PHI,3,CIN,0,PHI,Final
20110831,mlb,310831113,TB,4,TEX,1,TB,Final
20110831,mlb,310831118,PIT,0,HOU,2,HOU,Final
20110831,mlb,310831108,STL,8,MIL,3,STL,Final
20110831,mlb,310831129,COL,2,ARI,4,ARI,Final
20110831,mlb,310831112,LAA,1,SEA,2,SEA,Final
20110901,mlb,310901101,TOR,8,BAL,6,TOR,Final
20110901,mlb,310901117,PHI,6,CIN,4,PHI,Final
20110901,mlb,310901106,KC,11,DET,8,KC,Final
20110901,mlb,310901123,LAD,6,PIT,4,LAD,Final
20110901,mlb,310901108,STL,8,MIL,4,STL,Final
20110901,mlb,310901102,NYY,4,BOS,2,NYY,Final
20110901,mlb,310901115,WSH,2,ATL,5,ATL,Final
20110901,mlb,310901113,TB,2,TEX,7,TEX,Final
20110901,mlb,310901112,LAA,4,SEA,3,LAA,Final
20110902,mlb,310902116,PIT,3,CHC,1,PIT,Final
20110902,mlb,310902106,CHW,1,DET,8,DET,Final
20110902,mlb,310902110,TOR,2,NYY,3,NYY,Final
20110902,mlb,310902120,NYM,7,WSH,3,NYM,Final
20110902,mlb,310902102,TEX,10,BOS,0,TEX,Final
20110902,mlb,310902130,BAL,3,TB,2,BAL,Final
20110902,mlb,310902115,LAD,8,ATL,6,LAD,Final
20110902,mlb,310902118,MIL,8,HOU,2,MIL,Final
20110902,mlb,310902107,CLE,5,KC,4,CLE,Final
20110902,mlb,310902124,CIN,11,STL,8,CIN,Final
20110902,mlb,310902103,MIN,13,LAA,5,MIN,Final
20110902,mlb,310902125,COL,3,SD,0,COL,Final
20110902,mlb,310902126,ARI,2,SF,6,SF,Final
20110903,mlb,310903110,TOR,4,NYY,6,NYY,Final
20110903,mlb,310903116,PIT,7,CHC,5,PIT,Final
20110903,mlb,310903102,TEX,7,BOS,12,BOS,Final
20110903,mlb,310903106,CHW,8,DET,9,DET,Final
20110903,mlb,310903124,CIN,4,STL,6,STL,Final
20110903,mlb,310903130,BAL,3,TB,6,TB,Final
20110903,mlb,310903118,MIL,8,HOU,2,MIL,Final
20110903,mlb,310903120,NYM,7,WSH,8,WSH,Final
20110903,mlb,310903107,CLE,1,KC,5,KC,Final
20110903,mlb,310903115,LAD,2,ATL,1,LAD,Final/10
20110903,mlb,310903125,COL,5,SD,4,COL,Final
20110903,mlb,310903103,MIN,6,LAA,10,LAA,Final
20110903,mlb,310903126,ARI,7,SF,2,ARI,Final
20110904,mlb,310904110,TOR,3,NYY,9,NYY,Final
20110904,mlb,310904102,TEX,11,BOS,4,TEX,Final
20110904,mlb,310904120,NYM,6,WSH,3,NYM,Final
20110904,mlb,400744044,LAD,3,ATL,4,ATL,Final
20110904,mlb,310904130,BAL,1,TB,8,TB,Final
20110904,mlb,310904118,MIL,4,HOU,0,MIL,Final
20110904,mlb,310904107,CLE,9,KC,6,CLE,Final
20110904,mlb,310904124,CIN,3,STL,2,CIN,Final/10
20110904,mlb,310904116,PIT,3,CHC,6,CHC,Final
20110904,mlb,310904103,MIN,1,LAA,4,LAA,Final
20110904,mlb,310904125,COL,2,SD,7,SD,Final
20110904,mlb,310904126,ARI,4,SF,1,ARI,Final
20110904,mlb,310904106,CHW,2,DET,18,DET,Final
20110905,mlb,310905105,DET,4,CLE,2,DET,Final
20110905,mlb,310905110,BAL,10,NYY,11,NYY,Final
20110905,mlb,310905120,LAD,2,WSH,7,WSH,Final
20110905,mlb,310905114,BOS,0,TOR,1,TOR,Final/11
20110905,mlb,310905130,TEX,1,TB,5,TB,Final
20110905,mlb,310905123,HOU,1,PIT,3,PIT,Final
20110905,mlb,310905209,CHW,2,MIN,1,CHW,Final
20110905,mlb,310905116,CIN,3,CHC,4,CHC,Final
20110905,mlb,310905127,ARI,10,COL,7,ARI,Final
20110905,mlb,310905125,SF,7,SD,2,SF,Final
20110905,mlb,310905124,MIL,4,STL,1,MIL,Final
20110905,mlb,310905122,ATL,0,PHI,9,PHI,Final
20110905,mlb,310905309,CHW,4,MIN,0,CHW,Final
20110905,mlb,310905103,SEA,3,LAA,7,LAA,Final
20110906,mlb,310906105,DET,10,CLE,1,DET,Final
20110906,mlb,310906110,BAL,3,NYY,5,NYY,Final
20110906,mlb,310906120,LAD,7,WSH,3,LAD,Final
20110906,mlb,310906122,ATL,3,PHI,6,PHI,Final
20110906,mlb,310906123,HOU,4,PIT,1,HOU,Final
20110906,mlb,310906114,BOS,14,TOR,0,BOS,Final
20110906,mlb,310906130,TEX,8,TB,0,TEX,Final
20110906,mlb,400744060,CIN,4,CHC,2,CIN,Final/13
20110906,mlb,310906109,CHW,3,MIN,0,CHW,Final
20110906,mlb,310906124,MIL,2,STL,4,STL,Final
20110906,mlb,310906127,ARI,3,COL,8,COL,Final
20110906,mlb,310906103,SEA,2,LAA,1,SEA,Final
20110906,mlb,310906125,SF,6,SD,4,SF,Final
20110907,mlb,310907105,DET,8,CLE,6,DET,Final
20110907,mlb,310907110,BAL,5,NYY,4,BAL,Final/11
20110907,mlb,310907130,TEX,4,TB,5,TB,Final/10
20110907,mlb,310907125,SF,1,SD,3,SD,Final
20110907,mlb,310907122,ATL,2,PHI,3,PHI,Final
20110907,mlb,310907123,HOU,4,PIT,5,PIT,Final
20110907,mlb,310907114,BOS,10,TOR,11,TOR,Final
20110907,mlb,310907116,CIN,3,CHC,6,CHC,Final
20110907,mlb,310907109,CHW,4,MIN,5,MIN,Final
20110907,mlb,310907124,MIL,0,STL,2,STL,Final
20110907,mlb,310907127,ARI,5,COL,3,ARI,Final
20110907,mlb,310907103,SEA,1,LAA,3,LAA,Final
20110908,mlb,310908101,NYY,4,BAL,5,BAL,Final/10
20110908,mlb,310908220,LAD,7,WSH,4,LAD,Final
20110908,mlb,310908221,ATL,6,NYM,5,ATL,Final
20110908,mlb,310908114,BOS,4,TOR,7,TOR,Final
20110908,mlb,310908321,ATL,5,NYM,1,ATL,Final
20110908,mlb,310908104,CLE,1,CHW,8,CHW,Final
20110908,mlb,310908108,PHI,7,MIL,2,PHI,Final
20110908,mlb,310908129,SD,1,ARI,4,ARI,Final
20110908,mlb,310908112,KC,1,SEA,4,SEA,Final
20110909,mlb,310909106,MIN,4,DET,8,DET,Final
20110909,mlb,310909120,HOU,3,WSH,4,WSH,Final/11
20110909,mlb,310909114,BAL,2,TOR,0,BAL,Final
20110909,mlb,310909121,CHC,4,NYM,5,NYM,Final
20110909,mlb,310909130,BOS,2,TB,7,TB,Final
20110909,mlb,310909104,CLE,8,CHW,4,CLE,Final
20110909,mlb,310909108,PHI,5,MIL,3,PHI,Final
20110909,mlb,310909124,ATL,3,STL,4,STL,Final/10
20110909,mlb,310909127,CIN,4,COL,1,CIN,Final
20110909,mlb,310909129,SD,2,ARI,3,ARI,Final
20110909,mlb,310909103,NYY,1,LAA,2,LAA,Final
20110909,mlb,310909112,KC,3,SEA,7,SEA,Final
20110909,mlb,310909126,LAD,2,SF,1,LAD,Final
20110910,mlb,310910114,BAL,4,TOR,5,TOR,Final
20110910,mlb,310910121,CHC,5,NYM,4,CHC,Final
20110910,mlb,310910104,CLE,3,CHW,7,CHW,Final/10
20110910,mlb,310910106,MIN,2,DET,3,DET,Final
20110910,mlb,310910127,CIN,7,COL,12,COL,Final
20110910,mlb,310910120,HOU,9,WSH,3,HOU,Final
20110910,mlb,310910108,PHI,3,MIL,2,PHI,Final/10
20110910,mlb,310910130,BOS,5,TB,6,TB,Final/11
20110910,mlb,310910124,ATL,3,STL,4,STL,Final
20110910,mlb,310910129,SD,5,ARI,6,ARI,Final/10
20110910,mlb,310910103,NYY,0,LAA,6,LAA,Final
20110910,mlb,310910126,LAD,3,SF,0,LAD,Final
20110910,mlb,310910112,KC,4,SEA,2,KC,Final
20110911,mlb,310911106,MIN,1,DET,2,DET,Final
20110911,mlb,310911114,BAL,5,TOR,6,TOR,Final
20110911,mlb,310911120,HOU,2,WSH,8,WSH,Final
20110911,mlb,310911130,BOS,1,TB,9,TB,Final
20110911,mlb,310911104,CLE,7,CHW,3,CLE,Final
20110911,mlb,310911108,PHI,2,MIL,3,MIL,Final
20110911,mlb,310911124,ATL,3,STL,6,STL,Final
20110911,mlb,310911127,CIN,1,COL,4,COL,Final
20110911,mlb,310911103,NYY,6,LAA,5,NYY,Final
20110911,mlb,310911126,LAD,1,SF,8,SF,Final
20110911,mlb,310911112,KC,2,SEA,1,KC,Final
20110911,mlb,310911129,SD,7,ARI,6,SD,Final
20110911,mlb,310911121,CHC,10,NYM,6,CHC,Final/11
20110912,mlb,310912101,TB,5,BAL,2,TB,Final
20110912,mlb,310912123,STL,5,PIT,6,PIT,Final
20110912,mlb,310912117,CHC,12,CIN,8,CHC,Final
20110912,mlb,310912121,WSH,3,NYM,2,WSH,Final
20110912,mlb,310912118,PHI,1,HOU,5,HOU,Final
20110912,mlb,400651410,DET,14,CHW,4,DET,Final
20110912,mlb,310912112,NYY,9,SEA,3,NYY,Final
20110912,mlb,310912119,ARI,7,LAD,2,ARI,Final
20110912,mlb,310912126,SD,3,SF,8,SF,Final
20110913,mlb,310913101,TB,2,BAL,4,BAL,Final
20110913,mlb,310913123,STL,6,PIT,4,STL,Final
20110913,mlb,310913102,TOR,6,BOS,18,BOS,Final
20110913,mlb,310913121,WSH,3,NYM,2,WSH,Final
20110913,mlb,400744114,CHC,1,CIN,2,CIN,Final
20110913,mlb,310913113,CLE,4,TEX,10,TEX,Final
20110913,mlb,310913118,PHI,2,HOU,5,HOU,Final
20110913,mlb,310913104,DET,5,CHW,0,DET,Final
20110913,mlb,310913107,MIN,0,KC,4,KC,Final
20110913,mlb,310913108,COL,1,MIL,2,MIL,Final/11
20110913,mlb,310913112,NYY,3,SEA,2,NYY,Final
20110913,mlb,310913119,ARI,5,LAD,4,ARI,Final/10
20110913,mlb,310913126,SD,2,SF,3,SF,Final/12
20110914,mlb,310914123,STL,3,PIT,2,STL,Final
20110914,mlb,310914102,TOR,5,BOS,4,TOR,Final
20110914,mlb,310914118,PHI,1,HOU,0,PHI,Final
20110914,mlb,310914104,DET,6,CHW,5,DET,Final/10
20110914,mlb,310914126,SD,1,SF,3,SF,Final
20110914,mlb,310914107,MIN,3,KC,7,KC,Final
20110914,mlb,310914113,CLE,1,TEX,9,TEX,Final
20110914,mlb,310914101,TB,2,BAL,6,BAL,Final
20110914,mlb,310914117,CHC,2,CIN,7,CIN,Final
20110914,mlb,310914121,WSH,2,NYM,0,WSH,Final
20110914,mlb,310914108,COL,6,MIL,2,COL,Final
20110914,mlb,310914112,NYY,1,SEA,2,SEA,Final/12
20110914,mlb,310914119,ARI,2,LAD,3,LAD,Final
20110915,mlb,310915121,WSH,10,NYM,1,WSH,Final
20110915,mlb,310915102,TB,9,BOS,2,TB,Final
20110915,mlb,310915117,CHC,6,CIN,8,CIN,Final/11
20110915,mlb,310915113,CLE,4,TEX,7,TEX,Final
20110915,mlb,310915107,CHW,2,KC,7,KC,Final
20110915,mlb,310915127,SF,8,COL,5,SF,Final
20110915,mlb,310915119,PIT,6,LAD,2,PIT,Final
20110916,mlb,310916116,HOU,3,CHC,4,CHC,Final/12
20110916,mlb,310916101,LAA,3,BAL,8,BAL,Final
20110916,mlb,310916122,STL,4,PHI,2,STL,Final/11
20110916,mlb,310916114,NYY,4,TOR,5,TOR,Final
20110916,mlb,310916102,TB,3,BOS,4,BOS,Final
20110916,mlb,310916117,MIL,6,CIN,3,MIL,Final
20110916,mlb,310916115,NYM,12,ATL,2,NYM,Final
20110916,mlb,310916107,CHW,6,KC,7,KC,Final
20110916,mlb,310916109,CLE,7,MIN,6,CLE,Final
20110916,mlb,310916127,SF,9,COL,1,SF,Final
20110916,mlb,310916125,ARI,0,SD,2,SD,Final
20110916,mlb,310916112,TEX,0,SEA,4,SEA,Final
20110916,mlb,310916119,PIT,2,LAD,7,LAD,Final
20110917,mlb,310917116,HOU,1,CHC,2,CHC,Final
20110917,mlb,310917114,NYY,7,TOR,6,NYY,Final
20110917,mlb,310917109,CLE,10,MIN,4,CLE,Final
20110917,mlb,310917102,TB,4,BOS,3,TB,Final
20110917,mlb,310917115,NYM,0,ATL,1,ATL,Final
20110917,mlb,310917101,LAA,2,BAL,6,BAL,Final
20110917,mlb,310917122,STL,2,PHI,9,PHI,Final
20110917,mlb,310917107,CHW,3,KC,10,KC,Final
20110917,mlb,310917112,TEX,7,SEA,6,TEX,Final
20110917,mlb,310917117,MIL,10,CIN,1,MIL,Final
20110917,mlb,310917127,SF,6,COL,5,SF,Final
20110917,mlb,310917125,ARI,1,SD,3,SD,Final
20110917,mlb,310917119,PIT,1,LAD,6,LAD,Final
20110918,mlb,310918114,NYY,0,TOR,3,TOR,Final
20110918,mlb,310918117,MIL,8,CIN,1,MIL,Final
20110918,mlb,310918101,LAA,11,BAL,2,LAA,Final
20110918,mlb,310918102,TB,8,BOS,5,TB,Final
20110918,mlb,310918115,NYM,7,ATL,5,NYM,Final
20110918,mlb,310918107,CHW,10,KC,5,CHW,Final
20110918,mlb,310918109,CLE,6,MIN,5,CLE,Final
20110918,mlb,310918116,HOU,3,CHC,2,HOU,Final
20110918,mlb,310918127,SF,12,COL,5,SF,Final
20110918,mlb,310918125,ARI,5,SD,1,ARI,Final
20110918,mlb,310918112,TEX,3,SEA,0,TEX,Final
20110918,mlb,310918119,PIT,1,LAD,15,LAD,Final
20110918,mlb,310918122,STL,5,PHI,0,STL,Final
20110919,mlb,310919110,MIN,4,NYY,6,NYY,Final
20110919,mlb,310919202,BAL,6,BOS,5,BAL,Final
20110919,mlb,310919105,SEA,12,CLE,6,SEA,Final/7
20110919,mlb,310919122,STL,4,PHI,3,STL,Final
20110919,mlb,310919114,LAA,2,TOR,3,TOR,Final/10
20110919,mlb,310919117,HOU,3,CIN,2,HOU,Final
20110919,mlb,310919302,BAL,9,BOS,18,BOS,Final
20110919,mlb,310919116,MIL,2,CHC,5,CHC,Final
20110919,mlb,310919127,SD,8,COL,2,SD,Final
20110919,mlb,310919129,PIT,0,ARI,1,ARI,Final
20110920,mlb,310920205,CHW,3,CLE,4,CLE,Final
20110920,mlb,310920222,WSH,4,PHI,3,WSH,Final/10
20110920,mlb,310920110,TB,0,NYY,5,NYY,Final
20110920,mlb,310920305,CHW,5,CLE,4,CHW,Final
20110920,mlb,310920322,WSH,3,PHI,0,WSH,Final
20110920,mlb,310920114,LAA,10,TOR,6,LAA,Final
20110920,mlb,310920102,BAL,7,BOS,5,BAL,Final
20110920,mlb,310920117,HOU,4,CIN,6,CIN,Final
20110920,mlb,310920116,MIL,5,CHC,1,MIL,Final
20110920,mlb,310920107,DET,2,KC,10,KC,Final
20110920,mlb,310920109,SEA,5,MIN,4,SEA,Final
20110920,mlb,310920124,NYM,6,STL,11,STL,Final
20110920,mlb,310920127,SD,2,COL,1,SD,Final
20110920,mlb,310920129,PIT,5,ARI,3,PIT,Final
20110920,mlb,310920119,SF,1,LAD,2,LAD,Final
20110921,mlb,310921117,HOU,0,CIN,2,CIN,Final
20110921,mlb,310921210,TB,2,NYY,4,NYY,Final
20110921,mlb,310921116,MIL,1,CHC,7,CHC,Final
20110921,mlb,310921127,SD,4,COL,0,SD,Final
20110921,mlb,310921129,PIT,5,ARI,8,ARI,Final
20110921,mlb,310921310,TB,2,NYY,4,NYY,Final
20110921,mlb,310921105,CHW,8,CLE,4,CHW,Final
20110921,mlb,310921122,WSH,7,PHI,5,WSH,Final
20110921,mlb,310921114,LAA,7,TOR,2,LAA,Final
20110921,mlb,310921102,BAL,6,BOS,4,BAL,Final
20110921,mlb,310921107,DET,6,KC,3,DET,Final
20110921,mlb,310921109,SEA,5,MIN,4,SEA,Final
20110921,mlb,310921124,NYM,5,STL,6,STL,Final
20110921,mlb,310921119,SF,8,LAD,5,SF,Final
20110922,mlb,310922109,SEA,2,MIN,3,MIN,Final
20110922,mlb,310922124,NYM,8,STL,6,NYM,Final
20110922,mlb,310922105,CHW,2,CLE,11,CLE,Final
20110922,mlb,310922106,BAL,6,DET,5,BAL,Final
20110922,mlb,310922110,TB,15,NYY,8,TB,Final
20110922,mlb,310922122,WSH,6,PHI,1,WSH,Final
20110922,mlb,310922114,LAA,3,TOR,4,TOR,Final/12
20110922,mlb,310922118,COL,6,HOU,9,HOU,Final
20110922,mlb,310922119,SF,2,LAD,8,LAD,Final
20110923,mlb,310923105,MIN,5,CLE,6,CLE,Final
20110923,mlb,310923106,BAL,3,DET,4,DET,Final/11
20110923,mlb,310923120,ATL,7,WSH,4,ATL,Final
20110923,mlb,310923123,CIN,3,PIT,4,PIT,Final
20110923,mlb,310923130,TOR,5,TB,1,TOR,Final
20110923,mlb,310923113,SEA,3,TEX,5,TEX,Final
20110923,mlb,310923118,COL,2,HOU,11,HOU,Final
20110923,mlb,310923104,KC,11,CHW,1,KC,Final
20110923,mlb,310923124,CHC,5,STL,1,CHC,Final
20110923,mlb,310923129,SF,1,ARI,3,ARI,Final
20110923,mlb,310923125,LAD,2,SD,0,LAD,Final
20110924,mlb,310924120,ATL,1,WSH,4,WSH,Final
20110924,mlb,310924205,MIN,2,CLE,8,CLE,Final
20110924,mlb,310924124,CHC,1,STL,2,STL,Final
20110924,mlb,310924221,PHI,1,NYM,2,NYM,Final
20110924,mlb,310924110,BOS,1,NYY,9,NYY,Final
20110924,mlb,310924113,SEA,3,TEX,7,TEX,Final
20110924,mlb,310924106,BAL,6,DET,5,BAL,Final
20110924,mlb,310924118,COL,4,HOU,2,COL,Final/13
20110924,mlb,310924123,CIN,3,PIT,4,PIT,Final
20110924,mlb,310924305,MIN,6,CLE,7,CLE,Final
20110924,mlb,310924104,KC,3,CHW,6,CHW,Final
20110924,mlb,310924130,TOR,2,TB,6,TB,Final
20110924,mlb,310924321,PHI,3,NYM,6,NYM,Final
20110924,mlb,310924129,SF,2,ARI,15,ARI,Final
20110924,mlb,310924125,LAD,0,SD,3,SD,Final
20110925,mlb,310925105,MIN,6,CLE,4,MIN,Final/10
20110925,mlb,310925106,BAL,6,DET,10,DET,Final
20110925,mlb,310925210,BOS,2,NYY,6,NYY,Final
20110925,mlb,310925120,ATL,0,WSH,3,WSH,Final
20110925,mlb,310925123,CIN,5,PIT,4,CIN,Final
20110925,mlb,310925130,TOR,2,TB,5,TB,Final
20110925,mlb,310925118,COL,19,HOU,3,COL,Final
20110925,mlb,310925104,KC,2,CHW,1,KC,Final
20110925,mlb,310925121,PHI,9,NYM,4,PHI,Final
20110925,mlb,310925124,CHC,2,STL,3,STL,Final
20110925,mlb,310925113,SEA,5,TEX,12,TEX,Final
20110925,mlb,310925125,LAD,6,SD,2,LAD,Final
20110925,mlb,310925129,SF,2,ARI,5,ARI,Final
20110925,mlb,310925310,BOS,7,NYY,4,BOS,Final/14
20110926,mlb,310926101,BOS,3,BAL,6,BAL,Final
20110926,mlb,310926106,CLE,0,DET,14,DET,Final
20110926,mlb,310926115,PHI,4,ATL,2,PHI,Final
20110926,mlb,310926121,CIN,6,NYM,5,CIN,Final
20110926,mlb,310926130,NYY,2,TB,5,TB,Final
20110926,mlb,310926118,STL,4,HOU,5,HOU,Final/10
20110926,mlb,310926104,TOR,3,CHW,4,CHW,Final
20110926,mlb,310926108,PIT,9,MIL,8,PIT,Final
20110926,mlb,310926109,KC,7,MIN,3,KC,Final
20110926,mlb,310926129,LAD,4,ARI,2,LAD,Final
20110926,mlb,310926103,TEX,4,LAA,3,TEX,Final
20110926,mlb,310926125,CHC,0,SD,2,SD,Final
20110926,mlb,310926126,COL,1,SF,3,SF,Final
20110927,mlb,310927101,BOS,8,BAL,7,BOS,Final
20110927,mlb,310927106,CLE,6,DET,9,DET,Final
20110927,mlb,310927115,PHI,7,ATL,1,PHI,Final
20110927,mlb,310927121,CIN,5,NYM,4,CIN,Final/13
20110927,mlb,310927130,NYY,3,TB,5,TB,Final
20110927,mlb,310927118,STL,13,HOU,6,STL,Final
20110927,mlb,310927104,TOR,1,CHW,2,CHW,Final
20110927,mlb,310927108,PIT,4,MIL,6,MIL,Final
20110927,mlb,310927109,KC,4,MIN,7,MIN,Final
20110927,mlb,310927129,LAD,6,ARI,7,ARI,Final/10
20110927,mlb,310927103,TEX,10,LAA,3,TEX,Final
20110927,mlb,310927125,CHC,6,SD,2,CHC,Final
20110927,mlb,310927126,COL,0,SF,7,SF,Final
20110928,mlb,310928121,CIN,0,NYM,3,NYM,Final
20110928,mlb,310928104,TOR,3,CHW,2,TOR,Final
20110928,mlb,310928126,COL,6,SF,3,COL,Final
20110928,mlb,310928101,BOS,3,BAL,4,BAL,Final
20110928,mlb,310928115,PHI,4,ATL,3,PHI,Final/13
20110928,mlb,310928130,NYY,7,TB,8,TB,Final/12
20110928,mlb,310928106,CLE,4,DET,5,DET,Final
20110928,mlb,310928118,STL,8,HOU,0,STL,Final
20110928,mlb,310928103,TEX,3,LAA,1,TEX,Final
20110928,mlb,310928108,PIT,3,MIL,7,MIL,Final
20110928,mlb,310928109,KC,0,MIN,1,MIN,Final
20110928,mlb,310928125,CHC,2,SD,9,SD,Final
20110928,mlb,310928129,LAD,7,ARI,5,LAD,Final
20110930,mlb,400651524,TB,9,TEX,0,TB,Final
20110930,mlb,400651523,DET,3,NYY,9,NYY,Final
20111001,mlb,400744235,ARI,1,MIL,4,MIL,Final
20111001,mlb,400744236,STL,6,PHI,11,PHI,Final
20111001,mlb,400651525,TB,6,TEX,8,TEX,Final
20111002,mlb,400651526,DET,5,NYY,3,DET,Final
20111002,mlb,400744237,ARI,4,MIL,9,MIL,Final
20111002,mlb,400744238,STL,5,PHI,4,STL,Final
20111003,mlb,400651528,TEX,4,TB,3,TEX,Final
20111003,mlb,400651527,NYY,4,DET,5,DET,Final
20111004,mlb,400651530,TEX,4,TB,3,TEX,Final
20111004,mlb,400744240,PHI,3,STL,2,PHI,Final
20111004,mlb,400651529,NYY,10,DET,1,NYY,Final
20111004,mlb,400744239,MIL,1,ARI,8,ARI,Final
20111005,mlb,400744242,PHI,3,STL,5,STL,Final
20111005,mlb,400744241,MIL,6,ARI,10,ARI,Final
20111006,mlb,400651531,DET,3,NYY,2,DET,Final
20111007,mlb,400744243,ARI,2,MIL,3,MIL,Final/10
20111007,mlb,400744244,STL,1,PHI,0,STL,Final
20111008,mlb,400651532,DET,2,TEX,3,TEX,Final
20111009,mlb,400744245,STL,6,MIL,9,MIL,Final
20111010,mlb,400651533,DET,3,TEX,7,TEX,Final/11
20111010,mlb,400744246,STL,12,MIL,3,STL,Final
20111011,mlb,400651534,TEX,2,DET,5,DET,Final
20111012,mlb,400651535,TEX,7,DET,3,TEX,Final/11
20111012,mlb,400744247,MIL,3,STL,4,STL,Final
20111013,mlb,400651536,TEX,5,DET,7,DET,Final
20111013,mlb,400744248,MIL,4,STL,2,MIL,Final
20111014,mlb,400744249,MIL,1,STL,7,STL,Final
20111015,mlb,400651537,DET,5,TEX,15,TEX,Final
20111016,mlb,400744250,STL,12,MIL,6,STL,Final
20111019,mlb,400703025,TEX,2,STL,3,STL,Final
20111020,mlb,400703026,TEX,2,STL,1,TEX,Final
20111022,mlb,400703027,STL,16,TEX,7,STL,Final
20111023,mlb,400703028,STL,0,TEX,4,TEX,Final
20111024,mlb,400703029,STL,2,TEX,4,TEX,Final
20111027,mlb,400703030,TEX,9,STL,10,STL,Final/11
20111028,mlb,400703031,TEX,2,STL,6,STL,Final
20110401,mlb,310401128,NYM,2,MIA,6,MIA,Final
20110401,mlb,310401111,SEA,6,ATH,2,SEA,Final
20110402,mlb,310402128,NYM,6,MIA,4,NYM,Final/10
20110402,mlb,310402111,SEA,5,ATH,2,SEA,Final
20110403,mlb,310403128,NYM,9,MIA,2,NYM,Final
20110403,mlb,310403111,SEA,1,ATH,7,ATH,Final
20110405,mlb,310405114,ATH,6,TOR,7,TOR,Final/10
20110405,mlb,310405128,WSH,2,MIA,3,MIA,Final/10
20110406,mlb,310406114,ATH,3,TOR,5,TOR,Final
20110406,mlb,310406128,WSH,4,MIA,7,MIA,Final
20110407,mlb,310407114,ATH,2,TOR,1,ATH,Final
20110407,mlb,310407128,WSH,5,MIA,3,WSH,Final/11
20110408,mlb,310408109,ATH,1,MIN,2,MIN,Final
20110408,mlb,310408118,MIA,4,HOU,3,MIA,Final
20110409,mlb,310409118,MIA,7,HOU,5,MIA,Final
20110409,mlb,310409109,ATH,1,MIN,0,ATH,Final
20110410,mlb,310410118,MIA,1,HOU,7,HOU,Final
20110410,mlb,310410109,ATH,5,MIN,3,ATH,Final
20110411,mlb,310411104,ATH,2,CHW,1,ATH,Final/10
20110412,mlb,310412115,MIA,0,ATL,5,ATL,Final
20110412,mlb,310412104,ATH,5,CHW,6,CHW,Final/10
20110413,mlb,310413104,ATH,7,CHW,4,ATH,Final/10
20110413,mlb,310413115,MIA,5,ATL,1,MIA,Final
20110414,mlb,310414115,MIA,6,ATL,5,MIA,Final
20110414,mlb,310414111,DET,3,ATH,0,DET,Final
20110415,mlb,310415122,MIA,4,PHI,3,MIA,Final
20110415,mlb,310415111,DET,8,ATH,4,DET,Final/10
20110416,mlb,310416111,DET,2,ATH,6,ATH,Final
20110417,mlb,310417122,MIA,2,PHI,3,PHI,Final
20110417,mlb,310417111,DET,1,ATH,5,ATH,Final
20110419,mlb,310419128,PIT,0,MIA,6,MIA,Final
20110419,mlb,310419111,BOS,0,ATH,5,ATH,Final
20110420,mlb,310420111,BOS,5,ATH,3,BOS,Final
20110420,mlb,310420128,PIT,0,MIA,6,MIA,Final
20110421,mlb,310421128,PIT,5,MIA,9,MIA,Final
20110421,mlb,310421112,ATH,0,SEA,1,SEA,Final
20110422,mlb,310422128,COL,1,MIA,4,MIA,Final
20110422,mlb,310422112,ATH,0,SEA,4,SEA,Final
20110423,mlb,310423128,COL,3,MIA,1,COL,Final
20110423,mlb,310423112,ATH,9,SEA,1,ATH,Final
20110424,mlb,310424128,COL,3,MIA,6,MIA,Final
20110424,mlb,310424112,ATH,5,SEA,2,ATH,Final
20110425,mlb,310425128,LAD,4,MIA,5,MIA,Final
20110425,mlb,310425103,ATH,0,LAA,5,LAA,Final
20110426,mlb,310426128,LAD,2,MIA,4,MIA,Final
20110426,mlb,310426103,ATH,3,LAA,8,LAA,Final
20110427,mlb,310427128,LAD,5,MIA,4,LAD,Final/10
20110427,mlb,310427103,ATH,2,LAA,1,ATH,Final/10
20110429,mlb,310429117,MIA,7,CIN,6,MIA,Final
20110429,mlb,310429111,TEX,1,ATH,3,ATH,Final
20110430,mlb,310430111,TEX,11,ATH,2,TEX,Final
20110430,mlb,310430117,MIA,3,CIN,4,CIN,Final/10
20110501,mlb,310501111,TEX,2,ATH,7,ATH,Final
20110501,mlb,310501117,MIA,9,CIN,5,MIA,Final
20110502,mlb,310502111,TEX,4,ATH,5,ATH,Final/10
20110502,mlb,310502124,MIA,6,STL,5,MIA,Final
20110503,mlb,310503124,MIA,5,STL,7,STL,Final
20110503,mlb,310503111,CLE,4,ATH,1,CLE,Final
20110504,mlb,310504124,MIA,8,STL,7,MIA,Final
20110504,mlb,310504111,CLE,1,ATH,3,ATH,Final
20110505,mlb,310505124,MIA,3,STL,6,STL,Final
20110505,mlb,310505111,CLE,4,ATH,3,CLE,Final/12
20110506,mlb,310506128,WSH,3,MIA,2,WSH,Final/10
20110506,mlb,310506107,ATH,3,KC,2,ATH,Final
20110507,mlb,310507107,ATH,3,KC,4,KC,Final
20110507,mlb,310507128,WSH,5,MIA,2,WSH,Final
20110508,mlb,310508128,WSH,0,MIA,8,MIA,Final
20110508,mlb,310508107,ATH,5,KC,2,ATH,Final
20110509,mlb,310509128,PHI,6,MIA,4,PHI,Final
20110509,mlb,310509113,ATH,7,TEX,2,ATH,Final
20110510,mlb,310510128,PHI,1,MIA,2,MIA,Final
20110510,mlb,310510113,ATH,2,TEX,7,TEX,Final
20110511,mlb,310511128,PHI,5,MIA,3,PHI,Final
20110513,mlb,310513120,MIA,6,WSH,5,MIA,Final/11
20110513,mlb,310513111,CHW,4,ATH,3,CHW,Final
20110514,mlb,310514120,MIA,1,WSH,0,MIA,Final
20110514,mlb,310514111,CHW,2,ATH,6,ATH,Final
20110515,mlb,310515120,MIA,4,WSH,8,WSH,Final
20110515,mlb,310515111,CHW,4,ATH,3,CHW,Final
20110516,mlb,310516121,MIA,2,NYM,1,MIA,Final/11
20110516,mlb,310516111,LAA,4,ATH,5,ATH,Final/10
20110517,mlb,310517111,LAA,0,ATH,14,ATH,Final
20110518,mlb,310518128,CHC,7,MIA,5,CHC,Final
20110518,mlb,310518111,MIN,4,ATH,3,MIN,Final/10
20110519,mlb,310519111,MIN,11,ATH,1,MIN,Final
20110519,mlb,310519128,CHC,5,MIA,1,CHC,Final
20110520,mlb,310520128,TB,3,MIA,5,MIA,Final
20110520,mlb,310520126,ATH,1,SF,2,SF,Final/10
20110521,mlb,310521128,TB,3,MIA,5,MIA,Final
20110521,mlb,310521126,ATH,0,SF,3,SF,Final
20110522,mlb,310522128,TB,4,MIA,0,TB,Final
20110522,mlb,310522126,ATH,4,SF,5,SF,Final/11
20110523,mlb,310523103,ATH,1,LAA,4,LAA,Final
20110524,mlb,310524103,ATH,6,LAA,1,ATH,Final
20110524,mlb,310524126,MIA,5,SF,1,MIA,Final
20110525,mlb,310525103,ATH,1,LAA,4,LAA,Final
20110525,mlb,310525126,MIA,7,SF,6,MIA,Final/12
20110526,mlb,310526103,ATH,4,LAA,3,ATH,Final
20110526,mlb,310526126,MIA,1,SF,0,MIA,Final
20110527,mlb,310527111,BAL,2,ATH,6,ATH,Final
20110527,mlb,310527119,MIA,2,LAD,3,LAD,Final
20110528,mlb,310528111,BAL,2,ATH,4,ATH,Final
20110528,mlb,310528119,MIA,6,LAD,1,MIA,Final
20110529,mlb,310529111,BAL,4,ATH,6,ATH,Final
20110529,mlb,310529119,MIA,0,LAD,8,LAD,Final
20110530,mlb,310530111,NYY,5,ATH,0,NYY,Final
20110530,mlb,310530129,MIA,4,ARI,15,ARI,Final
20110531,mlb,310531129,MIA,5,ARI,2,MIA,Final
20110531,mlb,310531111,NYY,10,ATH,3,NYY,Final
20110601,mlb,310601111,NYY,4,ATH,2,NYY,Final
20110601,mlb,310601129,MIA,5,ARI,6,ARI,Final
20110603,mlb,310603102,ATH,6,BOS,8,BOS,Final
20110603,mlb,310603128,MIL,6,MIA,5,MIL,Final
20110604,mlb,310604102,ATH,8,BOS,9,BOS,Final/14
20110604,mlb,310604128,MIL,3,MIA,2,MIL,Final
20110605,mlb,310605128,MIL,6,MIA,5,MIL,Final/11
20110605,mlb,310605102,ATH,3,BOS,6,BOS,Final
20110606,mlb,310606101,ATH,2,BAL,4,BAL,Final
20110606,mlb,310606128,MIL,7,MIA,2,MIL,Final
20110607,mlb,310607101,ATH,0,BAL,4,BAL,Final
20110607,mlb,310607128,ATL,1,MIA,0,ATL,Final
20110608,mlb,310608101,ATH,2,BAL,3,BAL,Final
20110608,mlb,310608128,ATL,3,MIA,2,ATL,Final/10
20110609,mlb,310609128,ATL,3,MIA,2,ATL,Final
20110609,mlb,310609104,ATH,4,CHW,9,CHW,Final
20110610,mlb,310610128,ARI,4,MIA,6,MIA,Final
20110610,mlb,310610104,ATH,7,CHW,5,ATH,Final
20110611,mlb,310611104,ATH,2,CHW,3,CHW,Final
20110611,mlb,310611128,ARI,9,MIA,5,ARI,Final
20110612,mlb,310612128,ARI,5,MIA,1,ARI,Final
20110612,mlb,310612104,ATH,4,CHW,5,CHW,Final
20110613,mlb,310613128,ARI,12,MIA,9,ARI,Final
20110614,mlb,310614122,MIA,1,PHI,9,PHI,Final
20110614,mlb,310614111,KC,7,ATH,4,KC,Final
20110615,mlb,310615222,MIA,1,PHI,8,PHI,Final
20110615,mlb,310615322,MIA,4,PHI,5,PHI,Final/10
20110615,mlb,310615111,KC,1,ATH,2,ATH,Final
20110616,mlb,310616122,MIA,0,PHI,3,PHI,Final
20110616,mlb,310616111,KC,4,ATH,8,ATH,Final
20110617,mlb,310617130,MIA,1,TB,5,TB,Final
20110617,mlb,310617111,SF,2,ATH,5,ATH,Final
20110618,mlb,310618130,MIA,4,TB,7,TB,Final
20110618,mlb,310618111,SF,2,ATH,4,ATH,Final
20110619,mlb,310619130,MIA,1,TB,2,TB,Final
20110619,mlb,310619111,SF,1,ATH,2,ATH,Final
20110620,mlb,310620128,LAA,2,MIA,1,LAA,Final
20110621,mlb,310621121,ATH,7,NYM,3,ATH,Final
20110621,mlb,310621128,LAA,2,MIA,5,MIA,Final
20110622,mlb,310622121,ATH,2,NYM,3,NYM,Final/13
20110622,mlb,310622128,LAA,6,MIA,5,LAA,Final/10
20110623,mlb,310623121,ATH,1,NYM,4,NYM,Final
20110624,mlb,310624122,ATH,0,PHI,1,PHI,Final
20110624,mlb,310624128,SEA,5,MIA,1,SEA,Final
20110625,mlb,310625122,ATH,4,PHI,1,ATH,Final
20110625,mlb,310625128,SEA,2,MIA,4,MIA,Final
20110626,mlb,310626122,ATH,1,PHI,3,PHI,Final
20110626,mlb,310626128,SEA,2,MIA,1,SEA,Final/10
20110628,mlb,310628111,MIA,0,ATH,1,ATH,Final
20110629,mlb,310629111,MIA,3,ATH,0,MIA,Final
20110630,mlb,310630111,MIA,5,ATH,4,MIA,Final
20110701,mlb,310701113,MIA,5,TEX,15,TEX,Final
20110701,mlb,310701111,ARI,4,ATH,5,ATH,Final
20110702,mlb,310702113,MIA,9,TEX,5,MIA,Final
20110702,mlb,310702111,ARI,4,ATH,2,ARI,Final
20110703,mlb,310703111,ARI,2,ATH,7,ATH,Final
20110703,mlb,310703113,MIA,6,TEX,4,MIA,Final
20110704,mlb,310704111,SEA,2,ATH,1,SEA,Final
20110704,mlb,310704128,PHI,1,MIA,0,PHI,Final
20110705,mlb,310705128,PHI,14,MIA,2,PHI,Final
20110705,mlb,310705111,SEA,4,ATH,2,SEA,Final/10
20110706,mlb,310706111,SEA,0,ATH,2,ATH,Final
20110706,mlb,310706128,PHI,6,MIA,7,MIA,Final/10
20110707,mlb,310707128,HOU,0,MIA,5,MIA,Final
20110707,mlb,310707113,ATH,0,TEX,6,TEX,Final
20110708,mlb,310708128,HOU,3,MIA,6,MIA,Final
20110708,mlb,310708113,ATH,5,TEX,8,TEX,Final
20110709,mlb,310709128,HOU,1,MIA,6,MIA,Final
20110709,mlb,400651009,ATH,6,TEX,7,TEX,Final
20110710,mlb,310710128,HOU,4,MIA,5,MIA,Final
20110710,mlb,310710113,ATH,0,TEX,2,TEX,Final
20110714,mlb,310714116,MIA,6,CHC,3,MIA,Final
20110715,mlb,310715116,MIA,1,CHC,2,CHC,Final
20110715,mlb,310715111,LAA,3,ATH,5,ATH,Final
20110716,mlb,310716116,MIA,13,CHC,3,MIA,Final
20110716,mlb,310716211,LAA,4,ATH,2,LAA,Final
20110716,mlb,310716311,LAA,3,ATH,4,ATH,Final/10
20110717,mlb,310717116,MIA,7,CHC,5,MIA,Final
20110717,mlb,310717111,LAA,1,ATH,9,ATH,Final
20110718,mlb,310718121,MIA,4,NYM,1,MIA,Final
20110719,mlb,310719106,ATH,3,DET,8,DET,Final
20110719,mlb,310719128,SD,4,MIA,0,SD,Final
20110720,mlb,310720106,ATH,7,DET,5,ATH,Final
20110720,mlb,310720128,SD,14,MIA,3,SD,Final
20110721,mlb,310721128,SD,5,MIA,3,SD,Final
20110722,mlb,310722110,ATH,7,NYY,17,NYY,Final
20110722,mlb,310722128,NYM,7,MIA,6,NYM,Final
20110723,mlb,310723110,ATH,4,NYY,3,ATH,Final
20110723,mlb,310723128,NYM,5,MIA,8,MIA,Final
20110724,mlb,310724110,ATH,5,NYY,7,NYY,Final
20110724,mlb,310724128,NYM,4,MIA,5,MIA,Final
20110725,mlb,310725111,TB,5,ATH,7,ATH,Final
20110726,mlb,310726120,MIA,11,WSH,2,MIA,Final
20110726,mlb,310726111,TB,1,ATH,6,ATH,Final
20110727,mlb,310727120,MIA,7,WSH,5,MIA,Final
20110727,mlb,310727111,TB,4,ATH,13,ATH,Final
20110728,mlb,310728120,MIA,5,WSH,2,MIA,Final
20110728,mlb,310728111,TB,10,ATH,8,TB,Final
20110729,mlb,310729115,MIA,0,ATL,5,ATL,Final
20110729,mlb,310729111,MIN,9,ATH,5,MIN,Final
20110730,mlb,310730115,MIA,1,ATL,5,ATL,Final
20110730,mlb,310730111,MIN,3,ATH,8,ATH,Final
20110731,mlb,310731115,MIA,3,ATL,1,MIA,Final
20110731,mlb,310731111,MIN,3,ATH,7,ATH,Final
20110801,mlb,310801121,MIA,7,NYM,3,MIA,Final/10
20110801,mlb,310801112,ATH,4,SEA,8,SEA,Final
20110802,mlb,310802121,MIA,4,NYM,3,MIA,Final
20110802,mlb,310802112,ATH,2,SEA,4,SEA,Final
20110803,mlb,310803112,ATH,4,SEA,7,SEA,Final
20110804,mlb,310804128,STL,7,MIA,4,STL,Final
20110805,mlb,310805128,STL,3,MIA,2,STL,Final
20110805,mlb,310805130,ATH,4,TB,8,TB,Final
20110806,mlb,310806128,STL,2,MIA,1,STL,Final
20110806,mlb,310806130,ATH,8,TB,0,ATH,Final
20110807,mlb,310807130,ATH,5,TB,4,ATH,Final/10
20110807,mlb,310807128,STL,8,MIA,4,STL,Final
20110808,mlb,310808128,ATL,8,MIA,5,ATL,Final
20110809,mlb,310809114,ATH,4,TOR,1,ATH,Final
20110809,mlb,310809128,ATL,4,MIA,3,ATL,Final/11
20110810,mlb,310810114,ATH,4,TOR,8,TOR,Final
20110810,mlb,310810128,ATL,6,MIA,2,ATL,Final
20110811,mlb,310811114,ATH,10,TOR,3,ATH,Final
20110812,mlb,310812128,SF,1,MIA,2,MIA,Final
20110812,mlb,310812111,TEX,9,ATH,1,TEX,Final
20110813,mlb,310813111,TEX,7,ATH,1,TEX,Final
20110813,mlb,310813128,SF,3,MIA,0,SF,Final
20110814,mlb,310814128,SF,5,MIA,2,SF,Final
20110814,mlb,310814111,TEX,7,ATH,6,TEX,Final
20110815,mlb,310815127,MIA,4,COL,7,COL,Final
20110815,mlb,310815111,BAL,6,ATH,2,BAL,Final
20110816,mlb,310816127,MIA,6,COL,5,MIA,Final
20110816,mlb,310816111,BAL,4,ATH,8,ATH,Final
20110817,mlb,310817111,BAL,5,ATH,6,ATH,Final
20110817,mlb,310817127,MIA,5,COL,12,COL,Final
20110818,mlb,310818111,TOR,7,ATH,0,TOR,Final
20110818,mlb,310818125,MIA,1,SD,3,SD,Final
20110819,mlb,310819111,TOR,0,ATH,2,ATH,Final
20110819,mlb,310819125,MIA,3,SD,4,SD,Final
20110820,mlb,310820125,MIA,1,SD,14,SD,Final
20110820,mlb,310820111,TOR,1,ATH,5,ATH,Final
20110821,mlb,310821111,TOR,1,ATH,0,TOR,Final
20110821,mlb,310821125,MIA,3,SD,4,SD,Final
20110823,mlb,310823110,ATH,6,NYY,5,ATH,Final
20110823,mlb,310823128,CIN,8,MIA,6,CIN,Final
20110824,mlb,310824228,CIN,5,MIA,6,MIA,Final
20110824,mlb,310824110,ATH,6,NYY,4,ATH,Final/10
20110824,mlb,310824328,CIN,3,MIA,2,CIN,Final
20110825,mlb,310825110,ATH,9,NYY,22,NYY,Final
20110826,mlb,310826122,MIA,6,PHI,5,MIA,Final
20110826,mlb,310826102,ATH,15,BOS,5,ATH,Final
20110827,mlb,310827202,ATH,3,BOS,9,BOS,Final
20110827,mlb,310827302,ATH,0,BOS,4,BOS,Final
20110829,mlb,310829221,MIA,1,NYM,2,NYM,Final
20110829,mlb,310829105,ATH,1,CLE,2,CLE,Final
20110829,mlb,310829321,MIA,1,NYM,5,NYM,Final
20110830,mlb,310830105,ATH,2,CLE,6,CLE,Final
20110830,mlb,310830121,MIA,6,NYM,0,MIA,Final
20110831,mlb,310831105,ATH,3,CLE,4,CLE,Final/16
20110831,mlb,310831121,MIA,2,NYM,3,NYM,Final
20110901,mlb,310901105,ATH,7,CLE,0,ATH,Final
20110901,mlb,310901121,MIA,5,NYM,7,NYM,Final
20110902,mlb,310902128,PHI,5,MIA,3,PHI,Final
20110902,mlb,310902111,SEA,2,ATH,9,ATH,Final
20110903,mlb,310903111,SEA,0,ATH,3,ATH,Final
20110903,mlb,310903128,PHI,4,MIA,8,MIA,Final
20110904,mlb,310904128,PHI,4,MIA,5,MIA,Final/14
20110904,mlb,310904111,SEA,5,ATH,8,ATH,Final
20110905,mlb,310905111,KC,11,ATH,6,KC,Final
20110905,mlb,310905128,NYM,3,MIA,9,MIA,Final
20110906,mlb,310906128,NYM,7,MIA,4,NYM,Final/12
20110906,mlb,310906111,KC,7,ATH,4,KC,Final
20110907,mlb,310907111,KC,0,ATH,7,ATH,Final
20110907,mlb,310907128,NYM,1,MIA,0,NYM,Final
20110909,mlb,310909123,MIA,13,PIT,4,MIA,Final
20110909,mlb,310909113,ATH,4,TEX,13,TEX,Final
20110910,mlb,310910113,ATH,8,TEX,7,ATH,Final
20110910,mlb,310910123,MIA,3,PIT,0,MIA,Final
20110911,mlb,310911123,MIA,4,PIT,1,MIA,Final
20110911,mlb,310911113,ATH,1,TEX,8,TEX,Final
20110912,mlb,310912115,MIA,5,ATL,4,MIA,Final/12
20110912,mlb,310912111,LAA,3,ATH,6,ATH,Final
20110913,mlb,310913115,MIA,1,ATL,7,ATL,Final
20110913,mlb,310913111,LAA,6,ATH,3,LAA,Final
20110914,mlb,310914115,MIA,1,ATL,4,ATL,Final
20110914,mlb,310914111,LAA,4,ATH,1,LAA,Final
20110915,mlb,310915222,MIA,1,PHI,3,PHI,Final
20110915,mlb,310915322,MIA,1,PHI,2,PHI,Final/10
20110915,mlb,310915111,DET,1,ATH,6,ATH,Final
20110916,mlb,310916120,MIA,3,WSH,0,MIA,Final
20110916,mlb,310916111,DET,3,ATH,1,DET,Final
20110917,mlb,310917111,DET,3,ATH,5,ATH,Final
20110917,mlb,310917120,MIA,4,WSH,1,MIA,Final/13
20110918,mlb,310918120,MIA,3,WSH,4,WSH,Final
20110918,mlb,310918111,DET,3,ATH,0,DET,Final
20110919,mlb,310919128,ATL,5,MIA,6,MIA,Final
20110920,mlb,310920128,ATL,4,MIA,0,ATL,Final
20110920,mlb,310920111,TEX,7,ATH,2,TEX,Final
20110921,mlb,310921128,ATL,0,MIA,4,MIA,Final
20110921,mlb,310921111,TEX,3,ATH,2,TEX,Final
20110922,mlb,310922111,TEX,3,ATH,4,ATH,Final
20110923,mlb,310923108,MIA,1,MIL,4,MIL,Final
20110923,mlb,310923103,ATH,3,LAA,1,ATH,Final
20110924,mlb,310924108,MIA,4,MIL,6,MIL,Final
20110924,mlb,310924103,ATH,2,LAA,4,LAA,Final
20110925,mlb,310925108,MIA,5,MIL,9,MIL,Final
20110925,mlb,310925103,ATH,6,LAA,5,ATH,Final
20110926,mlb,310926128,WSH,6,MIA,4,WSH,Final
20110926,mlb,310926112,ATH,2,SEA,4,SEA,Final
20110927,mlb,310927128,WSH,2,MIA,3,MIA,Final
20110927,mlb,310927112,ATH,7,SEA,0,ATH,Final
20110928,mlb,310928128,WSH,3,MIA,1,WSH,Final
20110928,mlb,310928112,ATH,2,SEA,0,ATH,Final
