date,league,game_id,away_team,away_score,home_team,home_score,winner,status
20240320,mlb,401568469,LAD,5,SD,2,LAD,Final
20240321,mlb,401568470,SD,15,LAD,11,SD,Final
20240328,mlb,401568471,LAA,3,BAL,11,BAL,Final
20240328,mlb,401568477,DET,1,CHW,0,DET,Final
20240328,mlb,401568479,MIN,4,KC,1,MIN,Final
20240328,mlb,401568480,NYY,5,HOU,4,NYY,Final
20240328,mlb,401568481,PIT,6,MIA,5,PIT,Final/12
20240328,mlb,401568482,SF,4,SD,6,SD,Final
20240328,mlb,401568483,STL,1,LAD,7,LAD,Final
20240328,mlb,401568484,TOR,8,TB,2,TOR,Final
20240328,mlb,401568485,WSH,2,CIN,8,CIN,Final
20240328,mlb,401568474,CHC,3,TEX,4,TEX,Final/10
20240328,mlb,401568475,CLE,8,ATH,0,CLE,Final
20240328,mlb,401568473,BOS,6,SEA,4,BOS,Final
20240328,mlb,401568476,COL,1,ARI,16,ARI,Final
20240329,mlb,401651936,MIL,3,NYM,1,MIL,Final
20240329,mlb,401651937,ATL,9,PHI,3,ATL,Final
20240329,mlb,401568493,TOR,2,TB,8,TB,Final
20240329,mlb,401568490,PIT,7,MIA,2,PIT,Final
20240329,mlb,401568489,NYY,7,HOU,1,NYY,Final
20240329,mlb,401568486,BOS,0,SEA,1,SEA,Final
20240329,mlb,401568487,CLE,6,ATH,4,CLE,Final
20240329,mlb,401568488,COL,3,ARI,7,ARI,Final
20240329,mlb,401568491,SF,8,SD,3,SF,Final
20240329,mlb,401568492,STL,3,LAD,6,LAD,Final
20240330,mlb,401568501,MIL,7,NYM,6,MIL,Final
20240330,mlb,401568500,DET,7,CHW,6,DET,Final/10
20240330,mlb,401568494,LAA,4,BAL,13,BAL,Final
20240330,mlb,401568495,ATL,12,PHI,4,ATL,Final
20240330,mlb,401568498,CLE,12,ATH,3,CLE,Final
20240330,mlb,401568502,MIN,5,KC,1,MIN,Final
20240330,mlb,401568504,PIT,9,MIA,3,PIT,Final
20240330,mlb,401568507,TOR,1,TB,5,TB,Final
20240330,mlb,401568508,WSH,7,CIN,6,WSH,Final
20240330,mlb,401568497,CHC,2,TEX,11,TEX,Final
20240330,mlb,401568503,NYY,5,HOU,3,NYY,Final
20240330,mlb,401568505,SF,9,SD,6,SF,Final
20240330,mlb,401568499,COL,9,ARI,4,COL,Final
20240330,mlb,401568506,STL,6,LAD,5,STL,Final/10
20240330,mlb,401568496,BOS,3,SEA,4,SEA,Final/10
20240331,mlb,401568509,LAA,4,BAL,1,LAA,Final
20240331,mlb,401568510,ATL,4,PHI,5,PHI,Final
20240331,mlb,401568516,MIL,4,NYM,1,MIL,Final
20240331,mlb,401568519,PIT,9,MIA,7,PIT,Final/10
20240331,mlb,401568522,TOR,9,TB,2,TOR,Final
20240331,mlb,401568523,WSH,5,CIN,6,CIN,Final
20240331,mlb,401568515,DET,3,CHW,2,DET,Final
20240331,mlb,401568517,MIN,0,KC,11,KC,Final
20240331,mlb,401568518,NYY,4,HOU,3,NYY,Final
20240331,mlb,401568512,CHC,9,TEX,5,CHC,Final
20240331,mlb,401568513,CLE,3,ATH,4,ATH,Final
20240331,mlb,401568511,BOS,5,SEA,1,BOS,Final
20240331,mlb,401568514,COL,1,ARI,5,ARI,Final
20240331,mlb,401568520,SF,4,SD,13,SD,Final
20240331,mlb,401568521,STL,4,LAD,5,LAD,Final
20240401,mlb,401568525,ATL,9,CHW,0,ATL,Final/8
20240401,mlb,401568529,COL,0,CHC,5,CHC,Final
20240401,mlb,401568533,PIT,8,WSH,4,PIT,Final
20240401,mlb,401568531,KC,4,BAL,6,BAL,Final
20240401,mlb,401568524,LAA,7,MIA,4,LAA,Final
20240401,mlb,401568527,CIN,6,PHI,3,CIN,Final/10
20240401,mlb,401568536,TEX,9,TB,3,TEX,Final
20240401,mlb,401568530,DET,5,NYM,0,DET,Final/10
20240401,mlb,401568537,TOR,0,HOU,10,HOU,Final
20240401,mlb,401568526,BOS,9,ATH,0,BOS,Final
20240401,mlb,401568528,CLE,4,SEA,5,SEA,Final
20240401,mlb,401568532,NYY,5,ARI,2,NYY,Final
20240401,mlb,401568535,STL,6,SD,2,STL,Final
20240401,mlb,401568534,SF,3,LAD,8,LAD,Final
20240402,mlb,401568546,MIN,2,MIL,3,MIL,Final
20240402,mlb,401568545,KC,4,BAL,1,KC,Final
20240402,mlb,401568538,LAA,3,MIA,1,LAA,Final
20240402,mlb,401568541,CIN,4,PHI,9,PHI,Final
20240402,mlb,401568550,TEX,2,TB,5,TB,Final
20240402,mlb,401568539,ATL,2,CHW,3,CHW,Final
20240402,mlb,401568543,COL,2,CHC,12,CHC,Final
20240402,mlb,401568551,TOR,2,HOU,1,TOR,Final
20240402,mlb,401568540,BOS,5,ATH,4,BOS,Final/11
20240402,mlb,401568542,CLE,5,SEA,2,CLE,Final
20240402,mlb,401568547,NYY,0,ARI,7,ARI,Final
20240402,mlb,401568549,STL,5,SD,2,STL,Final
20240402,mlb,401568548,SF,4,LAD,5,LAD,Final
20240403,mlb,401568559,KC,3,BAL,4,BAL,Final
20240403,mlb,401568552,LAA,10,MIA,2,LAA,Final
20240403,mlb,401568560,MIN,7,MIL,3,MIN,Final
20240403,mlb,401568565,TEX,4,TB,1,TEX,Final
20240403,mlb,401568554,BOS,1,ATH,0,BOS,Final
20240403,mlb,401568561,NYY,6,ARI,5,NYY,Final/11
20240403,mlb,401568555,CIN,4,PHI,1,CIN,Final
20240403,mlb,401568556,CLE,8,SEA,0,CLE,Final
20240403,mlb,401568564,STL,2,SD,3,SD,Final
20240403,mlb,401568562,PIT,3,WSH,5,WSH,Final
20240403,mlb,401568557,COL,8,CHC,9,CHC,Final
20240403,mlb,401568566,TOR,0,HOU,8,HOU,Final
20240403,mlb,401568563,SF,4,LAD,5,LAD,Final
20240404,mlb,401652896,DET,6,NYM,3,DET,Final/11
20240404,mlb,401568570,PIT,7,WSH,4,PIT,Final
20240404,mlb,401568568,CLE,4,MIN,2,CLE,Final
20240404,mlb,401568569,MIA,5,STL,8,STL,Final
20240404,mlb,401652957,DET,1,NYM,2,NYM,Final
20240404,mlb,401568567,CHW,1,KC,10,KC,Final
20240405,mlb,401568583,TOR,3,NYY,0,TOR,Final
20240405,mlb,401568578,ATH,4,DET,5,DET,Final
20240405,mlb,401568576,LAD,7,CHC,9,CHC,Final
20240405,mlb,401568582,TB,7,COL,10,COL,Final
20240405,mlb,401568572,BAL,5,PIT,2,BAL,Final
20240405,mlb,401568580,SD,2,SF,3,SF,Final
20240405,mlb,401568577,NYM,3,CIN,2,NYM,Final
20240405,mlb,401568579,PHI,4,WSH,0,PHI,Final
20240405,mlb,401568571,ARI,5,ATL,6,ATL,Final/10
20240405,mlb,401568574,CHW,1,KC,2,KC,Final
20240405,mlb,401568575,HOU,2,TEX,10,TEX,Final
20240405,mlb,401568581,SEA,5,MIL,6,MIL,Final
20240405,mlb,401568573,BOS,8,LAA,6,BOS,Final
20240406,mlb,401568593,ATH,4,DET,0,ATH,Final
20240406,mlb,401568588,CLE,3,MIN,1,CLE,Final
20240406,mlb,401568591,MIA,1,STL,3,STL,Final
20240406,mlb,401568585,BAL,4,PIT,5,PIT,Final/11
20240406,mlb,401568590,LAD,4,CHC,1,LAD,Final
20240406,mlb,401568594,PHI,5,WSH,2,PHI,Final
20240406,mlb,401568592,NYM,6,CIN,9,CIN,Final
20240406,mlb,401568589,HOU,2,TEX,7,TEX,Final
20240406,mlb,401568598,TOR,8,NYY,9,NYY,Final
20240406,mlb,401568587,CHW,0,KC,3,KC,Final
20240406,mlb,401568596,SEA,5,MIL,3,SEA,Final
20240406,mlb,401568584,ARI,8,ATL,9,ATL,Final
20240406,mlb,401568597,TB,8,COL,6,TB,Final
20240406,mlb,401568595,SD,4,SF,0,SD,Final
20240406,mlb,401568586,BOS,1,LAA,2,LAA,Final
20240407,mlb,401568599,ARI,2,ATL,5,ATL,Final
20240407,mlb,401568600,BAL,2,PIT,3,PIT,Final
20240407,mlb,401568609,PHI,2,WSH,3,WSH,Final
20240407,mlb,401568613,TOR,3,NYY,8,NYY,Final
20240407,mlb,401568607,NYM,3,CIN,1,NYM,Final
20240407,mlb,401568608,ATH,7,DET,1,ATH,Final
20240407,mlb,401568602,CHW,3,KC,5,KC,Final
20240407,mlb,401568611,SEA,4,MIL,12,MIL,Final
20240407,mlb,401568606,MIA,10,STL,3,MIA,Final
20240407,mlb,401568605,LAD,1,CHC,8,CHC,Final
20240407,mlb,401568612,TB,3,COL,2,TB,Final
20240407,mlb,401568610,SD,2,SF,3,SF,Final
20240407,mlb,401568601,BOS,12,LAA,2,BOS,Final
20240407,mlb,401568604,HOU,3,TEX,1,HOU,Final
20240408,mlb,401568615,CHW,0,CLE,4,CLE,Final
20240408,mlb,401568620,MIA,0,NYY,7,NYY,Final
20240408,mlb,401568617,DET,4,PIT,7,PIT,Final
20240408,mlb,401568621,MIL,8,CIN,10,CIN,Final
20240408,mlb,401568624,SEA,2,TOR,5,TOR,Final
20240408,mlb,401568622,NYM,8,ATL,7,NYM,Final
20240408,mlb,401568619,LAD,4,MIN,2,LAD,Final
20240408,mlb,401568623,PHI,5,STL,3,PHI,Final/10
20240408,mlb,401568618,HOU,10,TEX,5,HOU,Final
20240408,mlb,401568614,ARI,5,COL,7,COL,Final
20240408,mlb,401568625,TB,1,LAA,7,LAA,Final
20240408,mlb,401568616,CHC,8,SD,9,SD,Final
20240408,mlb,401568626,WSH,8,SF,1,WSH,Final
20240409,mlb,401568631,DET,5,PIT,3,DET,Final
20240409,mlb,401568628,BAL,7,BOS,1,BAL,Final
20240409,mlb,401568629,CHW,7,CLE,5,CHW,Final
20240409,mlb,401568635,MIL,9,CIN,5,MIL,Final
20240409,mlb,401568634,MIA,2,NYY,3,NYY,Final
20240409,mlb,401568639,SEA,3,TOR,5,TOR,Final
20240409,mlb,401568636,NYM,5,ATL,6,ATL,Final
20240409,mlb,401568632,HOU,3,KC,4,KC,Final/10
20240409,mlb,401568633,LAD,6,MIN,3,LAD,Final
20240409,mlb,401568638,PHI,0,STL,3,STL,Final
20240409,mlb,401568637,ATH,4,TEX,3,ATH,Final
20240409,mlb,401568627,ARI,3,COL,2,ARI,Final
20240409,mlb,401568640,TB,6,LAA,4,TB,Final
20240409,mlb,401568641,WSH,5,SF,3,WSH,Final
20240409,mlb,401568630,CHC,5,SD,1,CHC,Final
20240410,mlb,401568647,LAD,2,MIN,3,MIN,Final
20240410,mlb,401568652,PHI,4,STL,3,PHI,Final
20240410,mlb,401568653,SEA,6,TOR,1,SEA,Final/10
20240410,mlb,401568642,ARI,5,COL,3,ARI,Final
20240410,mlb,401568655,WSH,1,SF,7,SF,Final
20240410,mlb,401568654,TB,4,LAA,2,TB,Final
20240410,mlb,401568644,CHW,6,CLE,7,CLE,Final/10
20240410,mlb,401568645,CHC,2,SD,10,SD,Final
20240410,mlb,401568649,MIL,7,CIN,2,MIL,Final
20240410,mlb,401568648,MIA,5,NYY,2,MIA,Final
20240410,mlb,401568643,BAL,7,BOS,5,BAL,Final
20240410,mlb,401568646,HOU,2,KC,11,KC,Final
20240410,mlb,401568651,ATH,2,TEX,6,TEX,Final
20240411,mlb,401568660,NYM,16,ATL,4,NYM,Final
20240411,mlb,401568657,HOU,3,KC,13,KC,Final
20240411,mlb,401568661,ATH,1,TEX,0,ATH,Final
20240411,mlb,401568662,PIT,1,PHI,5,PHI,Final
20240411,mlb,401568656,BAL,9,BOS,4,BAL,Final/10
20240412,mlb,401568670,MIN,2,DET,8,DET,Final
20240412,mlb,401568672,PIT,5,PHI,2,PIT,Final
20240412,mlb,401568674,SF,1,TB,2,TB,Final
20240412,mlb,401568669,MIL,11,BAL,1,MIL,Final
20240412,mlb,401568667,COL,12,TOR,4,COL,Final
20240412,mlb,401568663,LAA,7,BOS,0,LAA,Final
20240412,mlb,401568664,ATL,8,MIA,1,ATL,Final
20240412,mlb,401568668,KC,1,NYM,6,NYM,Final
20240412,mlb,401568666,CIN,11,CHW,1,CIN,Final
20240412,mlb,401568676,TEX,12,HOU,8,TEX,Final
20240412,mlb,401568665,CHC,2,SEA,4,SEA,Final
20240412,mlb,401568675,STL,9,ARI,6,STL,Final
20240412,mlb,401568677,WSH,1,ATH,2,ATH,Final/10
20240412,mlb,401568673,SD,8,LAD,7,SD,Final/11
20240413,mlb,401654406,NYY,3,CLE,2,NYY,Final
20240413,mlb,401568685,MIN,11,DET,5,MIN,Final/12
20240413,mlb,401568683,KC,11,NYM,7,KC,Final
20240413,mlb,401568681,CIN,5,CHW,0,CIN,Final
20240413,mlb,401568682,COL,3,TOR,5,TOR,Final
20240413,mlb,401568684,MIL,11,BAL,5,MIL,Final
20240413,mlb,401568687,PIT,3,PHI,4,PHI,Final
20240413,mlb,401568691,TEX,2,HOU,9,HOU,Final
20240413,mlb,401568692,WSH,3,ATH,1,WSH,Final
20240413,mlb,401568678,LAA,2,BOS,7,BOS,Final
20240413,mlb,401568679,ATL,1,MIA,5,MIA,Final
20240413,mlb,401568689,SF,11,TB,2,SF,Final
20240413,mlb,401654220,MIN,4,DET,1,MIN,Final
20240413,mlb,401568686,NYY,8,CLE,2,NYY,Final
20240413,mlb,401568690,STL,2,ARI,4,ARI,Final
20240413,mlb,401568688,SD,2,LAD,5,LAD,Final
20240413,mlb,401568680,CHC,4,SEA,1,CHC,Final
20240414,mlb,401568693,LAA,4,BOS,5,BOS,Final
20240414,mlb,401568699,MIL,4,BAL,6,BAL,Final
20240414,mlb,401568702,PIT,9,PHI,2,PIT,Final
20240414,mlb,401568697,COL,0,TOR,5,TOR,Final
20240414,mlb,401568694,ATL,9,MIA,7,ATL,Final
20240414,mlb,401568698,KC,1,NYM,2,NYM,Final
20240414,mlb,401568700,MIN,3,DET,4,DET,Final
20240414,mlb,401568701,NYY,7,CLE,8,CLE,Final/10
20240414,mlb,401568704,SF,4,TB,9,TB,Final
20240414,mlb,401568696,CIN,11,CHW,4,CIN,Final
20240414,mlb,401568706,TEX,5,HOU,8,HOU,Final
20240414,mlb,401568707,WSH,6,ATH,7,ATH,Final
20240414,mlb,401568695,CHC,3,SEA,2,CHC,Final
20240414,mlb,401568705,STL,0,ARI,5,ARI,Final
20240414,mlb,401568703,SD,6,LAD,3,SD,Final
20240415,mlb,401568712,CLE,6,BOS,0,CLE,Final
20240415,mlb,401568715,MIN,4,BAL,7,BAL,Final
20240415,mlb,401568713,COL,1,PHI,2,PHI,Final/10
20240415,mlb,401568719,SF,4,MIA,3,SF,Final
20240415,mlb,401568721,TEX,1,DET,0,TEX,Final
20240415,mlb,401568708,LAA,7,TB,3,LAA,Final
20240415,mlb,401568716,NYY,1,TOR,3,TOR,Final
20240415,mlb,401568717,PIT,3,NYM,6,NYM,Final
20240415,mlb,401568714,KC,2,CHW,0,KC,Final
20240415,mlb,401568718,SD,7,MIL,3,SD,Final
20240415,mlb,401568709,ATL,6,HOU,1,ATL,Final
20240415,mlb,401568710,CHC,3,ARI,2,CHC,Final/11
20240415,mlb,401568720,STL,3,ATH,1,STL,Final
20240415,mlb,401568711,CIN,3,SEA,9,SEA,Final
20240415,mlb,401568722,WSH,6,LAD,4,WSH,Final
20240416,mlb,401568736,TEX,2,DET,4,DET,Final
20240416,mlb,401568730,MIN,3,BAL,11,BAL,Final
20240416,mlb,401568728,COL,0,PHI,5,PHI,Final
20240416,mlb,401568734,SF,3,MIA,6,MIA,Final
20240416,mlb,401568723,LAA,6,TB,7,TB,Final/13
20240416,mlb,401568731,NYY,4,TOR,5,TOR,Final
20240416,mlb,401568727,CLE,10,BOS,7,CLE,Final/11
20240416,mlb,401568732,PIT,1,NYM,3,NYM,Final
20240416,mlb,401568733,SD,6,MIL,3,SD,Final
20240416,mlb,401568724,ATL,6,HOU,2,ATL,Final
20240416,mlb,401568725,CHC,11,ARI,12,ARI,Final/10
20240416,mlb,401568726,CIN,1,SEA,3,SEA,Final
20240416,mlb,401568735,STL,3,ATH,2,STL,Final
20240416,mlb,401568737,WSH,2,LAD,6,LAD,Final
20240417,mlb,401568749,SF,3,MIA,1,SF,Final
20240417,mlb,401568745,MIN,2,BAL,4,BAL,Final
20240417,mlb,401568747,PIT,1,NYM,9,NYM,Final
20240417,mlb,401568748,SD,0,MIL,1,MIL,Final
20240417,mlb,401568751,TEX,5,DET,4,TEX,Final
20240417,mlb,401568739,ATL,5,HOU,4,ATL,Final/10
20240417,mlb,401568744,KC,4,CHW,2,KC,Final
20240417,mlb,401568746,NYY,6,TOR,4,NYY,Final
20240417,mlb,401568752,WSH,2,LAD,0,WSH,Final
20240417,mlb,401568750,STL,3,ATH,6,ATH,Final
20240417,mlb,401568740,CHC,5,ARI,3,CHC,Final
20240417,mlb,401568741,CIN,1,SEA,5,SEA,Final
20240417,mlb,401655064,KC,1,CHW,2,CHW,Final
20240417,mlb,401568743,COL,6,PHI,7,PHI,Final
20240417,mlb,401568738,LAA,5,TB,4,LAA,Final
20240417,mlb,401568742,CLE,0,BOS,2,BOS,Final
20240418,mlb,401568753,LAA,1,TB,2,TB,Final
20240418,mlb,401568757,TEX,9,DET,7,TEX,Final
20240418,mlb,401568755,CLE,5,BOS,4,CLE,Final
20240418,mlb,401568754,ARI,0,SF,5,SF,Final
20240419,mlb,401568765,MIA,3,CHC,8,CHC,Final
20240419,mlb,401568758,LAA,1,CIN,7,CIN,Final
20240419,mlb,401568761,BOS,8,PIT,1,BOS,Final
20240419,mlb,401568762,CHW,0,PHI,7,PHI,Final
20240419,mlb,401568764,HOU,5,WSH,3,HOU,Final
20240419,mlb,401568770,TB,3,NYY,5,NYY,Final
20240419,mlb,401568768,ATH,2,CLE,10,CLE,Final
20240419,mlb,401568771,TEX,3,ATL,8,ATL,Final
20240419,mlb,401568760,BAL,4,KC,9,KC,Final
20240419,mlb,401568763,DET,5,MIN,4,DET,Final
20240419,mlb,401568766,MIL,2,STL,1,MIL,Final/10
20240419,mlb,401568772,TOR,5,SD,1,TOR,Final
20240419,mlb,401568767,NYM,9,LAD,4,NYM,Final
20240419,mlb,401568759,ARI,17,SF,1,ARI,Final
20240420,mlb,401568785,TB,2,NYY,0,TB,Final/10
20240420,mlb,401568778,DET,3,MIN,4,MIN,Final
20240420,mlb,401568781,MIL,12,STL,5,MIL,Final
20240420,mlb,401568780,MIA,3,CHC,2,MIA,Final
20240420,mlb,401568774,ARI,3,SF,7,SF,Final
20240420,mlb,401568776,BOS,4,PIT,2,BOS,Final
20240420,mlb,401568779,HOU,4,WSH,5,WSH,Final/10
20240420,mlb,401568782,NYM,6,LAD,4,NYM,Final
20240420,mlb,401568777,CHW,5,PHI,9,PHI,Final
20240420,mlb,401568783,ATH,3,CLE,6,CLE,Final
20240420,mlb,401568773,LAA,5,CIN,7,CIN,Final
20240420,mlb,401568775,BAL,9,KC,7,BAL,Final
20240420,mlb,401568786,TEX,2,ATL,5,ATL,Final
20240420,mlb,401655505,MIA,3,CHC,5,CHC,Final
20240420,mlb,401568784,SEA,7,COL,0,SEA,Final
20240420,mlb,401568787,TOR,5,SD,2,TOR,Final
20240421,mlb,401568791,BOS,6,PIT,1,BOS,Final
20240421,mlb,401568792,CHW,2,PHI,8,PHI,Final
20240421,mlb,401568794,HOU,0,WSH,6,WSH,Final
20240421,mlb,401568800,TB,4,NYY,5,NYY,Final
20240421,mlb,401568788,LAA,0,CIN,3,CIN,Final
20240421,mlb,401568798,ATH,2,CLE,6,CLE,Final
20240421,mlb,401568790,BAL,5,KC,0,BAL,Final
20240421,mlb,401568793,DET,6,MIN,1,DET,Final
20240421,mlb,401568796,MIL,2,STL,0,MIL,Final
20240421,mlb,401568795,MIA,6,CHC,3,MIA,Final
20240421,mlb,401568799,SEA,1,COL,2,COL,Final/10
20240421,mlb,401568789,ARI,5,SF,3,ARI,Final
20240421,mlb,401568797,NYM,0,LAD,10,LAD,Final
20240421,mlb,401568802,TOR,3,SD,6,SD,Final
20240421,mlb,401568801,TEX,6,ATL,4,TEX,Final
20240421,mlb,401655667,SEA,10,COL,2,SEA,Final
20240422,mlb,401568810,ATH,2,NYY,0,ATH,Final
20240422,mlb,401568808,MIL,2,PIT,4,PIT,Final
20240422,mlb,401568811,PHI,7,CIN,0,PHI,Final
20240422,mlb,401568806,DET,7,TB,1,DET,Final
20240422,mlb,401568807,MIA,0,ATL,3,ATL,Final
20240422,mlb,401568805,CHW,0,MIN,7,MIN,Final
20240422,mlb,401568813,TOR,5,KC,3,TOR,Final
20240422,mlb,401568803,ARI,3,STL,5,STL,Final
20240422,mlb,401568812,SD,3,COL,1,SD,Final
20240422,mlb,401568804,BAL,4,LAA,2,BAL,Final
20240422,mlb,401568809,NYM,2,SF,5,SF,Final
20240423,mlb,401568816,BOS,1,CLE,4,CLE,Final
20240423,mlb,401568822,MIL,1,PIT,2,PIT,Final
20240423,mlb,401568825,PHI,1,CIN,8,CIN,Final
20240423,mlb,401568820,LAD,4,WSH,1,LAD,Final
20240423,mlb,401568818,DET,4,TB,2,DET,Final
20240423,mlb,401568824,ATH,3,NYY,4,NYY,Final
20240423,mlb,401568821,MIA,0,ATL,5,ATL,Final
20240423,mlb,401568817,CHW,5,MIN,6,MIN,Final
20240423,mlb,401568819,HOU,2,CHC,7,CHC,Final
20240423,mlb,401568828,TOR,2,KC,3,KC,Final
20240423,mlb,401568814,ARI,14,STL,1,ARI,Final
20240423,mlb,401568827,SEA,4,TEX,0,SEA,Final
20240423,mlb,401568826,SD,4,COL,7,COL,Final
20240423,mlb,401568815,BAL,4,LAA,7,LAA,Final
20240423,mlb,401568823,NYM,1,SF,5,SF,Final
20240424,mlb,401568829,ARI,1,STL,5,STL,Final
20240424,mlb,401568838,NYM,8,SF,2,NYM,Final
20240424,mlb,401568830,BAL,6,LAA,5,BAL,Final
20240424,mlb,401568831,BOS,8,CLE,0,BOS,Final
20240424,mlb,401568837,MIL,3,PIT,2,MIL,Final
20240424,mlb,401568840,PHI,4,CIN,7,CIN,Final
20240424,mlb,401568835,LAD,11,WSH,2,LAD,Final
20240424,mlb,401568833,DET,5,TB,7,TB,Final
20240424,mlb,401568839,ATH,3,NYY,7,NYY,Final
20240424,mlb,401568836,MIA,3,ATL,4,ATL,Final/10
20240424,mlb,401568832,CHW,3,MIN,6,MIN,Final
20240424,mlb,401568834,HOU,3,CHC,4,CHC,Final
20240424,mlb,401568843,TOR,2,KC,3,KC,Final
20240424,mlb,401568842,SEA,1,TEX,5,TEX,Final
20240424,mlb,401568841,SD,5,COL,2,SD,Final
20240425,mlb,401568848,MIL,7,PIT,5,MIL,Final
20240425,mlb,401568844,BOS,4,CLE,6,CLE,Final
20240425,mlb,401568845,CHW,3,MIN,6,MIN,Final
20240425,mlb,401568850,PHI,5,CIN,0,PHI,Final
20240425,mlb,401568853,TOR,1,KC,2,KC,Final/5
20240425,mlb,401568846,HOU,1,CHC,3,CHC,Final
20240425,mlb,401568852,SEA,4,TEX,3,SEA,Final
20240425,mlb,401568851,SD,9,COL,10,COL,Final
20240425,mlb,401568847,LAD,2,WSH,1,LAD,Final
20240425,mlb,401568849,ATH,3,NYY,1,ATH,Final
20240426,mlb,401568858,KC,8,DET,0,KC,Final
20240426,mlb,401568862,ATH,3,BAL,2,ATH,Final/10
20240426,mlb,401568859,LAD,12,TOR,2,LAD,Final
20240426,mlb,401568855,CHC,7,BOS,1,CHC,Final
20240426,mlb,401568865,STL,4,NYM,2,STL,Final
20240426,mlb,401568867,WSH,3,MIA,1,WSH,Final
20240426,mlb,401568857,CLE,2,ATL,6,ATL,Final
20240426,mlb,401568866,TB,4,CHW,9,CHW,Final
20240426,mlb,401568856,CIN,1,TEX,2,TEX,Final
20240426,mlb,401568861,NYY,6,MIL,7,MIL,Final/11
20240426,mlb,401568860,MIN,5,LAA,3,MIN,Final
20240426,mlb,401568854,ARI,1,SEA,6,SEA,Final
20240426,mlb,401568863,PHI,9,SD,3,PHI,Final
20240426,mlb,401568864,PIT,0,SF,3,SF,Final
20240427,mlb,401568874,LAD,4,TOR,2,LAD,Final
20240427,mlb,401568870,CIN,8,TEX,4,CIN,Final
20240427,mlb,401568877,ATH,0,BAL,7,BAL,Final
20240427,mlb,401568880,STL,7,NYM,4,STL,Final
20240427,mlb,401568869,CHC,0,BOS,17,BOS,Final
20240427,mlb,401568882,WSH,11,MIA,4,WSH,Final
20240427,mlb,401568872,HOU,12,COL,4,HOU,Final
20240427,mlb,401568873,KC,5,DET,6,DET,Final
20240427,mlb,401568876,NYY,15,MIL,3,NYY,Final
20240427,mlb,401568881,TB,7,CHW,8,CHW,Final/10
20240427,mlb,401568871,CLE,4,ATL,2,CLE,Final/11
20240427,mlb,401568878,PHI,5,SD,1,PHI,Final
20240427,mlb,401568879,PIT,4,SF,3,PIT,Final/10
20240427,mlb,401568875,MIN,16,LAA,5,MIN,Final
20240427,mlb,401568868,ARI,1,SEA,3,SEA,Final
20240428,mlb,401568886,CLE,3,ATL,4,ATL,Final/10
20240428,mlb,401568892,ATH,7,BAL,6,ATH,Final
20240428,mlb,401568889,LAD,1,TOR,3,TOR,Final
20240428,mlb,401568888,KC,1,DET,4,DET,Final
20240428,mlb,401568895,STL,2,NYM,4,NYM,Final/11
20240428,mlb,401568897,WSH,12,MIA,9,WSH,Final
20240428,mlb,401568891,NYY,15,MIL,5,NYY,Final
20240428,mlb,401568896,TB,2,CHW,4,CHW,Final
20240428,mlb,401568885,CIN,3,TEX,4,TEX,Final
20240428,mlb,401568887,HOU,8,COL,2,HOU,Final
20240428,mlb,401568894,PIT,2,SF,3,SF,Final
20240428,mlb,401568890,MIN,11,LAA,5,MIN,Final
20240428,mlb,401568883,ARI,3,SEA,2,ARI,Final
20240428,mlb,401568893,PHI,8,SD,6,PHI,Final
20240428,mlb,401568884,CHC,4,BOS,5,BOS,Final
20240429,mlb,401568904,NYY,0,BAL,2,BAL,Final
20240429,mlb,401568909,WSH,7,MIA,2,WSH,Final
20240429,mlb,401568901,KC,5,TOR,6,TOR,Final
20240429,mlb,401568899,CHC,3,NYM,1,CHC,Final
20240429,mlb,401568903,MIN,3,CHW,2,MIN,Final
20240429,mlb,401568908,TB,1,MIL,0,TB,Final
20240429,mlb,401568905,PHI,5,LAA,6,LAA,Final
20240429,mlb,401568898,ATL,1,SEA,2,SEA,Final
20240429,mlb,401568900,CIN,5,SD,2,CIN,Final
20240429,mlb,401568902,LAD,8,ARI,4,LAD,Final
20240429,mlb,401568906,PIT,1,ATH,5,ATH,Final
20240430,mlb,401657053,STL,2,DET,1,STL,Final
20240430,mlb,401568918,NYY,2,BAL,4,BAL,Final
20240430,mlb,401568914,COL,6,MIA,7,MIA,Final/10
20240430,mlb,401568922,STL,6,DET,11,DET,Final
20240430,mlb,401568915,KC,4,TOR,1,KC,Final
20240430,mlb,401568911,CHC,2,NYM,4,NYM,Final
20240430,mlb,401568921,SF,0,BOS,4,BOS,Final
20240430,mlb,401568917,MIN,6,CHW,5,MIN,Final
20240430,mlb,401568923,TB,2,MIL,8,MIL,Final
20240430,mlb,401568924,WSH,1,TEX,7,TEX,Final
20240430,mlb,401568913,CLE,9,HOU,10,HOU,Final/10
20240430,mlb,401568919,PHI,7,LAA,5,PHI,Final
20240430,mlb,401568910,ATL,2,SEA,3,SEA,Final
20240430,mlb,401568912,CIN,4,SD,6,SD,Final
20240430,mlb,401568916,LAD,3,ARI,4,ARI,Final/10
20240430,mlb,401568920,PIT,2,ATH,5,ATH,Final
20240501,mlb,401568937,STL,1,DET,4,DET,Final
20240501,mlb,401568938,TB,1,MIL,7,MIL,Final
20240501,mlb,401568932,MIN,10,CHW,5,MIN,Final
20240501,mlb,401568930,KC,6,TOR,1,KC,Final
20240501,mlb,401568935,PIT,0,ATH,4,ATH,Final
20240501,mlb,401568925,ATL,5,SEA,2,ATL,Final
20240501,mlb,401568934,PHI,2,LAA,1,PHI,Final
20240501,mlb,401568927,CIN,2,SD,6,SD,Final
20240501,mlb,401568933,NYY,2,BAL,0,NYY,Final
20240501,mlb,401568929,COL,1,MIA,4,MIA,Final
20240501,mlb,401568926,CHC,1,NYM,0,CHC,Final
20240501,mlb,401568936,SF,2,BOS,6,BOS,Final
20240501,mlb,401568939,WSH,1,TEX,0,WSH,Final
20240501,mlb,401568928,CLE,3,HOU,2,CLE,Final/10
20240501,mlb,401568931,LAD,8,ARI,0,LAD,Final
20240502,mlb,401568942,COL,4,MIA,5,MIA,Final/10
20240502,mlb,401568943,NYY,2,BAL,7,BAL,Final
20240502,mlb,401568940,CHC,6,NYM,7,NYM,Final/11
20240502,mlb,401568944,SF,3,BOS,1,SF,Final
20240502,mlb,401568945,WSH,0,TEX,6,TEX,Final
20240502,mlb,401568941,CLE,2,HOU,8,HOU,Final
20240503,mlb,401568954,MIL,3,CHC,1,MIL,Final
20240503,mlb,401568948,BAL,3,CIN,0,BAL,Final
20240503,mlb,401568951,COL,3,PIT,2,COL,Final
20240503,mlb,401568958,SF,3,PHI,4,PHI,Final
20240503,mlb,401568960,TOR,3,WSH,9,WSH,Final
20240503,mlb,401568955,NYM,8,TB,10,TB,Final
20240503,mlb,401568952,DET,1,NYY,2,NYY,Final
20240503,mlb,401568946,LAA,6,CLE,0,LAA,Final
20240503,mlb,401568959,TEX,1,KC,7,KC,Final
20240503,mlb,401568949,BOS,2,MIN,5,MIN,Final
20240503,mlb,401568957,SEA,3,HOU,5,HOU,Final
20240503,mlb,401568950,CHW,0,STL,3,STL,Final
20240503,mlb,401568953,MIA,1,ATH,3,ATH,Final
20240503,mlb,401568956,SD,7,ARI,1,SD,Final
20240503,mlb,401568947,ATL,3,LAD,4,LAD,Final/11
20240504,mlb,401568967,DET,3,NYY,5,NYY,Final
20240504,mlb,401568964,BOS,1,MIN,3,MIN,Final
20240504,mlb,401568965,CHW,6,STL,5,CHW,Final/10
20240504,mlb,401568969,MIL,5,CHC,6,CHC,Final
20240504,mlb,401568966,COL,0,PIT,1,PIT,Final
20240504,mlb,401568975,TOR,6,WSH,3,TOR,Final
20240504,mlb,401568968,MIA,4,ATH,20,ATH,Final
20240504,mlb,401568973,SF,3,PHI,14,PHI,Final
20240504,mlb,401568961,LAA,1,CLE,7,CLE,Final
20240504,mlb,401568963,BAL,2,CIN,1,BAL,Final
20240504,mlb,401568974,TEX,15,KC,4,TEX,Final
20240504,mlb,401568970,NYM,1,TB,3,TB,Final
20240504,mlb,401568972,SEA,5,HOU,0,SEA,Final
20240504,mlb,401568971,SD,13,ARI,1,SD,Final
20240504,mlb,401568962,ATL,2,LAD,11,LAD,Final
20240505,mlb,401568981,COL,3,PIT,5,PIT,Final
20240505,mlb,401568982,DET,2,NYY,5,NYY,Final/8
20240505,mlb,401568990,TOR,8,WSH,11,WSH,Final
20240505,mlb,401568976,LAA,1,CLE,4,CLE,Final
20240505,mlb,401568985,NYM,6,TB,7,TB,Final/10
20240505,mlb,401568979,BOS,9,MIN,2,BOS,Final
20240505,mlb,401568987,SEA,5,HOU,4,SEA,Final
20240505,mlb,401568989,TEX,3,KC,2,TEX,Final/10
20240505,mlb,401568980,CHW,5,STL,1,CHW,Final
20240505,mlb,401568984,MIL,0,CHC,5,CHC,Final
20240505,mlb,401568983,MIA,12,ATH,3,MIA,Final
20240505,mlb,401568977,ATL,1,LAD,5,LAD,Final
20240505,mlb,401568978,BAL,11,CIN,1,BAL,Final
20240505,mlb,401568986,SD,4,ARI,11,ARI,Final
20240505,mlb,401568988,SF,4,PHI,5,PHI,Final
20240506,mlb,401568999,SF,1,PHI,6,PHI,Final
20240506,mlb,401568993,DET,1,CLE,2,CLE,Final
20240506,mlb,401568991,LAA,1,PIT,4,PIT,Final
20240506,mlb,401568992,CHW,2,TB,8,TB,Final
20240506,mlb,401568995,MIL,2,KC,3,KC,Final
20240506,mlb,401568997,SD,6,CHC,3,SD,Final
20240506,mlb,401568998,SEA,1,MIN,3,MIN,Final
20240506,mlb,401568996,NYM,4,STL,3,NYM,Final
20240506,mlb,401569000,TEX,4,ATH,2,TEX,Final
20240506,mlb,401568994,MIA,3,LAD,6,LAD,Final
20240507,mlb,401569014,TEX,15,ATH,8,TEX,Final
20240507,mlb,401569006,DET,11,CLE,7,DET,Final
20240507,mlb,401569002,ARI,6,CIN,2,ARI,Final
20240507,mlb,401569015,TOR,1,PHI,10,PHI,Final
20240507,mlb,401569003,BAL,0,WSH,3,WSH,Final
20240507,mlb,401569005,CHW,1,TB,5,TB,Final
20240507,mlb,401569001,LAA,9,PIT,0,LAA,Final
20240507,mlb,401569007,HOU,3,NYY,10,NYY,Final
20240507,mlb,401569004,BOS,2,ATL,4,ATL,Final
20240507,mlb,401569009,MIL,6,KC,5,MIL,Final
20240507,mlb,401569011,SD,2,CHC,3,CHC,Final
20240507,mlb,401569012,SEA,10,MIN,6,SEA,Final
20240507,mlb,401569010,NYM,7,STL,5,NYM,Final
20240507,mlb,401569013,SF,5,COL,0,SF,Final
20240507,mlb,401569008,MIA,2,LAD,8,LAD,Final
20240508,mlb,401569016,LAA,5,PIT,4,LAA,Final
20240508,mlb,401569031,TOR,5,PHI,3,TOR,Final
20240508,mlb,401569021,DET,4,CLE,5,CLE,Final/10
20240508,mlb,401569024,MIL,4,KC,6,KC,Final
20240508,mlb,401569026,SD,3,CHC,0,SD,Final
20240508,mlb,401569023,MIA,1,LAD,3,LAD,Final
20240508,mlb,401569030,TEX,4,ATH,9,ATH,Final
20240508,mlb,401569029,TEX,12,ATH,11,TEX,Final
20240508,mlb,401569017,ARI,4,CIN,3,ARI,Final
20240508,mlb,401569018,BAL,7,WSH,6,BAL,Final/12
20240508,mlb,401569020,CHW,4,TB,1,CHW,Final
20240508,mlb,401569022,HOU,4,NYY,9,NYY,Final
20240508,mlb,401569019,BOS,0,ATL,5,ATL,Final
20240508,mlb,401569027,SEA,3,MIN,6,MIN,Final
20240508,mlb,401569028,SF,8,COL,6,SF,Final
20240509,mlb,401569032,ARI,5,CIN,4,ARI,Final
20240509,mlb,401569036,SEA,1,MIN,11,MIN,Final
20240509,mlb,401569037,SF,1,COL,9,COL,Final
20240509,mlb,401569034,HOU,4,NYY,3,HOU,Final
20240509,mlb,401569033,CLE,2,CHW,3,CHW,Final
20240509,mlb,401569038,STL,1,MIL,7,MIL,Final
20240509,mlb,401569035,KC,10,LAA,4,KC,Final
20240510,mlb,401569041,CHC,7,PIT,2,CHC,Final
20240510,mlb,401569044,HOU,5,DET,2,HOU,Final
20240510,mlb,401569048,NYY,2,TB,0,NYY,Final
20240510,mlb,401569039,ARI,2,BAL,4,BAL,Final
20240510,mlb,401569047,MIN,3,TOR,2,MIN,Final
20240510,mlb,401569040,ATL,4,NYM,2,ATL,Final
20240510,mlb,401569050,PHI,8,MIA,2,PHI,Final
20240510,mlb,401569053,WSH,5,BOS,1,WSH,Final
20240510,mlb,401569043,CLE,3,CHW,6,CHW,Final
20240510,mlb,401569051,STL,2,MIL,11,MIL,Final
20240510,mlb,401569052,TEX,2,COL,4,COL,Final
20240510,mlb,401569045,KC,2,LAA,1,KC,Final
20240510,mlb,401569046,LAD,1,SD,2,SD,Final
20240510,mlb,401569049,ATH,1,SEA,8,SEA,Final
20240510,mlb,401569042,CIN,4,SF,2,CIN,Final
20240511,mlb,401569062,MIN,8,TOR,10,TOR,Final
20240511,mlb,401569054,ARI,4,BAL,5,BAL,Final/11
20240511,mlb,401569056,CHC,9,PIT,10,PIT,Final
20240511,mlb,401569055,ATL,4,NYM,1,ATL,Final
20240511,mlb,401569063,NYY,2,TB,7,TB,Final
20240511,mlb,401569065,PHI,8,MIA,3,PHI,Final
20240511,mlb,401569068,WSH,2,BOS,4,BOS,Final
20240511,mlb,401569059,HOU,2,DET,8,DET,Final
20240511,mlb,401569058,CLE,1,CHW,3,CHW,Final
20240511,mlb,401569057,CIN,1,SF,5,SF,Final
20240511,mlb,401569066,STL,3,MIL,5,MIL,Final
20240511,mlb,401569067,TEX,3,COL,8,COL,Final
20240511,mlb,401569061,LAD,5,SD,0,LAD,Final
20240511,mlb,401569060,KC,3,LAA,9,LAA,Final
20240511,mlb,401569064,ATH,8,SEA,1,ATH,Final
20240512,mlb,401569069,ARI,9,BAL,2,ARI,Final
20240512,mlb,401569071,CHC,5,PIT,4,CHC,Final/10
20240512,mlb,401569083,WSH,2,BOS,3,BOS,Final
20240512,mlb,401569077,MIN,5,TOR,1,MIN,Final
20240512,mlb,401569074,HOU,9,DET,3,HOU,Final
20240512,mlb,401569078,NYY,10,TB,6,NYY,Final
20240512,mlb,401569080,PHI,6,MIA,7,MIA,Final/10
20240512,mlb,401569073,CLE,7,CHW,0,CLE,Final
20240512,mlb,401569081,STL,4,MIL,3,STL,Final
20240512,mlb,401569082,TEX,1,COL,3,COL,Final
20240512,mlb,401569072,CIN,5,SF,6,SF,Final/10
20240512,mlb,401569075,KC,4,LAA,2,KC,Final
20240512,mlb,401569076,LAD,0,SD,4,SD,Final
20240512,mlb,401569079,ATH,4,SEA,8,SEA,Final
20240512,mlb,401569070,ATL,3,NYM,4,NYM,Final
20240513,mlb,401569096,TOR,3,BAL,2,TOR,Final/10
20240513,mlb,401569090,MIA,5,DET,6,DET,Final
20240513,mlb,401569092,PHI,5,NYM,4,PHI,Final/10
20240513,mlb,401569095,TB,5,BOS,3,TB,Final
20240513,mlb,401569084,CHC,0,ATL,2,ATL,Final
20240513,mlb,401569093,PIT,8,MIL,6,PIT,Final
20240513,mlb,401569086,CLE,7,TEX,0,CLE,Final
20240513,mlb,401569091,ATH,2,HOU,9,HOU,Final
20240513,mlb,401569094,STL,10,LAA,5,STL,Final
20240513,mlb,401569085,CIN,5,ARI,6,ARI,Final
20240513,mlb,401569087,COL,5,SD,4,COL,Final
20240513,mlb,401569088,KC,2,SEA,6,SEA,Final
20240513,mlb,401569089,LAD,6,SF,4,LAD,Final/10
20240514,mlb,401569107,PHI,4,NYM,0,PHI,Final
20240514,mlb,401671248,WSH,6,CHW,3,WSH,Final
20240514,mlb,401569104,MIA,1,DET,0,MIA,Final/10
20240514,mlb,401569110,TB,4,BOS,5,BOS,Final/12
20240514,mlb,401569098,CHC,0,ATL,7,ATL,Final
20240514,mlb,401569105,NYY,5,MIN,1,NYY,Final
20240514,mlb,401569108,PIT,3,MIL,4,MIL,Final
20240514,mlb,401569100,CLE,7,TEX,4,CLE,Final
20240514,mlb,401569112,WSH,0,CHW,4,CHW,Final
20240514,mlb,401569106,ATH,1,HOU,2,HOU,Final/10
20240514,mlb,401569109,STL,7,LAA,6,STL,Final
20240514,mlb,401569099,CIN,6,ARI,2,CIN,Final
20240514,mlb,401569101,COL,6,SD,3,COL,Final
20240514,mlb,401569102,KC,4,SEA,2,KC,Final
20240514,mlb,401569103,LAD,10,SF,2,LAD,Final
20240515,mlb,401569126,TOR,2,BAL,3,BAL,Final
20240515,mlb,401569119,MIA,2,DET,0,MIA,Final
20240515,mlb,401569123,PIT,2,MIL,10,MIL,Final
20240515,mlb,401569127,WSH,0,CHW,2,CHW,Final
20240515,mlb,401569114,CIN,1,ARI,2,ARI,Final
20240515,mlb,401569116,COL,8,SD,0,COL,Final
20240515,mlb,401569117,KC,2,SEA,4,SEA,Final
20240515,mlb,401569121,NYM,5,PHI,10,PHI,Final
20240515,mlb,401569125,TB,4,BOS,3,TB,Final
20240515,mlb,401569113,CHC,7,ATL,1,CHC,Final
20240515,mlb,401569120,NYY,4,MIN,0,NYY,Final
20240515,mlb,401569115,CLE,0,TEX,4,TEX,Final
20240515,mlb,401569122,ATH,0,HOU,3,HOU,Final
20240515,mlb,401569124,STL,2,LAA,7,LAA,Final
20240515,mlb,401569118,LAD,1,SF,4,SF,Final
20240516,mlb,401569129,NYY,5,MIN,0,NYY,Final
20240516,mlb,401569130,NYM,6,PHI,5,NYM,Final/11
20240516,mlb,401569133,TB,7,BOS,5,TB,Final
20240516,mlb,401569132,PIT,5,CHC,4,PIT,Final
20240516,mlb,401569131,ATH,1,HOU,8,HOU,Final
20240516,mlb,401569128,CIN,7,LAD,2,CIN,Final
20240517,mlb,401569144,PIT,9,CHC,3,PIT,Final
20240517,mlb,401569148,WSH,2,PHI,4,PHI,Final
20240517,mlb,401569136,CHW,2,NYY,4,NYY,Final
20240517,mlb,401569146,SEA,2,BAL,9,BAL,Final
20240517,mlb,401569147,TB,4,TOR,3,TB,Final
20240517,mlb,401569141,MIN,2,CLE,3,CLE,Final
20240517,mlb,401569142,NYM,0,MIA,8,MIA,Final
20240517,mlb,401569145,SD,3,ATL,1,SD,Final
20240517,mlb,401569143,ATH,2,KC,6,KC,Final
20240517,mlb,401569134,LAA,9,TEX,3,LAA,Final
20240517,mlb,401569140,MIL,4,HOU,5,HOU,Final
20240517,mlb,401569135,BOS,6,STL,10,STL,Final
20240517,mlb,401569139,DET,13,ARI,0,DET,Final
20240517,mlb,401569137,CIN,3,LAD,7,LAD,Final
20240517,mlb,401569138,COL,5,SF,10,SF,Final
20240518,mlb,401569151,CHW,1,NYY,6,NYY,Final
20240518,mlb,401569159,PIT,0,CHC,1,CHC,Final
20240518,mlb,401569162,TB,5,TOR,4,TB,Final
20240518,mlb,401569153,COL,4,SF,14,SF,Final
20240518,mlb,401569161,SEA,4,BAL,3,SEA,Final
20240518,mlb,401569157,NYM,9,MIA,10,MIA,Final/10
20240518,mlb,401569163,WSH,3,PHI,4,PHI,Final/10
20240518,mlb,401569156,MIN,4,CLE,11,CLE,Final
20240518,mlb,401569155,MIL,4,HOU,2,MIL,Final
20240518,mlb,401569158,ATH,3,KC,5,KC,Final
20240518,mlb,401569149,LAA,2,TEX,3,TEX,Final/13
20240518,mlb,401569150,BOS,2,STL,7,STL,Final
20240518,mlb,401569154,DET,8,ARI,3,DET,Final
20240518,mlb,401569152,CIN,0,LAD,4,LAD,Final
20240519,mlb,401569165,BOS,11,STL,3,BOS,Final
20240519,mlb,401569166,CHW,2,NYY,7,NYY,Final
20240519,mlb,401569176,SEA,3,BAL,6,BAL,Final
20240519,mlb,401569178,WSH,5,PHI,11,PHI,Final
20240519,mlb,401569177,TB,2,TOR,5,TOR,Final
20240519,mlb,401569171,MIN,2,CLE,5,CLE,Final
20240519,mlb,401569172,NYM,7,MIA,3,NYM,Final
20240519,mlb,401569170,MIL,4,HOU,9,HOU,Final
20240519,mlb,401569173,ATH,4,KC,8,KC,Final
20240519,mlb,401569174,PIT,3,CHC,2,PIT,Final
20240519,mlb,401569164,LAA,4,TEX,1,LAA,Final
20240519,mlb,401569168,COL,1,SF,4,SF,Final
20240519,mlb,401569167,CIN,2,LAD,3,LAD,Final/10
20240519,mlb,401569169,DET,4,ARI,6,ARI,Final
20240519,mlb,401569175,SD,9,ATL,1,SD,Final
20240520,mlb,401569188,SD,6,ATL,5,SD,Final
20240520,mlb,401569183,CHW,3,TOR,9,TOR,Final
20240520,mlb,401569187,NYM,1,CLE,3,CLE,Final
20240520,mlb,401672960,SD,0,ATL,3,ATL,Final
20240520,mlb,401569185,MIL,2,MIA,3,MIA,Final/10
20240520,mlb,401569186,MIN,3,WSH,12,WSH,Final
20240520,mlb,401569182,BOS,5,TB,0,BOS,Final
20240520,mlb,401569189,SEA,5,NYY,4,SEA,Final
20240520,mlb,401569184,DET,3,KC,8,KC,Final
20240520,mlb,401569181,BAL,3,STL,6,STL,Final
20240520,mlb,401569179,LAA,9,HOU,7,LAA,Final
20240520,mlb,401569180,ARI,4,LAD,6,LAD,Final
20240521,mlb,401569200,NYM,6,CLE,7,CLE,Final
20240521,mlb,401569198,MIL,7,MIA,5,MIL,Final
20240521,mlb,401569201,SD,0,CIN,2,CIN,Final
20240521,mlb,401569203,SF,6,PIT,7,PIT,Final/10
20240521,mlb,401569204,TEX,2,PHI,5,PHI,Final
20240521,mlb,401569199,MIN,10,WSH,0,MIN,Final
20240521,mlb,401569194,BOS,5,TB,2,BOS,Final
20240521,mlb,401569202,SEA,6,NYY,3,SEA,Final
20240521,mlb,401569195,CHW,5,TOR,0,CHW,Final
20240521,mlb,401569192,ATL,3,CHC,4,CHC,Final/10
20240521,mlb,401569197,DET,3,KC,10,KC,Final
20240521,mlb,401569193,BAL,1,STL,3,STL,Final
20240521,mlb,401569190,LAA,5,HOU,6,HOU,Final/10
20240521,mlb,401569196,COL,4,ATH,5,ATH,Final
20240521,mlb,401569191,ARI,7,LAD,3,ARI,Final
20240522,mlb,401569214,MIN,3,WSH,2,MIN,Final
20240522,mlb,401569215,NYM,3,CLE,6,CLE,Final
20240522,mlb,401569208,BAL,4,STL,5,STL,Final
20240522,mlb,401569205,LAA,2,HOU,1,LAA,Final
20240522,mlb,401569212,DET,3,KC,8,KC,Final
20240522,mlb,401569213,MIL,0,MIA,1,MIA,Final
20240522,mlb,401569216,SD,7,CIN,3,SD,Final
20240522,mlb,401569218,SF,9,PIT,5,SF,Final/10
20240522,mlb,401569219,TEX,4,PHI,11,PHI,Final
20240522,mlb,401569209,BOS,8,TB,5,BOS,Final
20240522,mlb,401569217,SEA,3,NYY,7,NYY,Final
20240522,mlb,401569210,CHW,2,TOR,9,TOR,Final
20240522,mlb,401569207,ATL,9,CHC,2,ATL,Final
20240522,mlb,401569211,COL,4,ATH,3,COL,Final/12
20240522,mlb,401569206,ARI,6,LAD,0,ARI,Final
20240523,mlb,401569224,SEA,0,NYY,5,NYY,Final
20240523,mlb,401569225,SF,7,PIT,6,SF,Final
20240523,mlb,401569226,TEX,2,PHI,5,PHI,Final
20240523,mlb,401569223,SD,6,CIN,4,SD,Final/10
20240523,mlb,401569220,ATL,3,CHC,0,ATL,Final
20240523,mlb,401569222,COL,9,ATH,10,ATH,Final/11
20240523,mlb,401569227,TOR,9,DET,1,TOR,Final
20240523,mlb,401569221,BAL,8,CHW,6,BAL,Final
20240524,mlb,401569228,ATL,5,PIT,11,PIT,Final
20240524,mlb,401569242,TOR,2,DET,6,DET,Final
20240524,mlb,401569239,SEA,1,WSH,6,WSH,Final
20240524,mlb,401569233,KC,8,TB,1,KC,Final
20240524,mlb,401569234,LAD,6,CIN,9,CIN,Final
20240524,mlb,401569236,MIL,7,BOS,2,MIL,Final
20240524,mlb,401569240,SF,8,NYM,7,SF,Final
20240524,mlb,401569241,TEX,2,MIN,3,MIN,Final
20240524,mlb,401569229,BAL,6,CHW,4,BAL,Final
20240524,mlb,401569238,PHI,2,COL,3,COL,Final/11
20240524,mlb,401569231,CLE,10,LAA,4,CLE,Final
20240524,mlb,401569232,HOU,6,ATH,3,HOU,Final
20240524,mlb,401569235,MIA,3,ARI,0,MIA,Final
20240524,mlb,401569237,NYY,8,SD,0,NYY,Final
20240525,mlb,401569257,TOR,1,DET,2,DET,Final
20240525,mlb,401569255,SF,7,NYM,2,SF,Final/10
20240525,mlb,401569244,BAL,5,CHW,3,BAL,Final
20240525,mlb,401569256,TEX,3,MIN,5,MIN,Final
20240525,mlb,401569243,ATL,1,PIT,4,PIT,Final
20240525,mlb,401569254,SEA,1,WSH,3,WSH,Final
20240525,mlb,401569247,HOU,1,ATH,3,ATH,Final
20240525,mlb,401569248,KC,7,TB,4,KC,Final/11
20240525,mlb,401569251,MIL,6,BOS,3,MIL,Final
20240525,mlb,401569245,CHC,6,STL,7,STL,Final
20240525,mlb,401569249,LAD,1,CIN,3,CIN,Final
20240525,mlb,401569253,PHI,8,COL,4,PHI,Final
20240525,mlb,401569246,CLE,4,LAA,3,CLE,Final
20240525,mlb,401569252,NYY,4,SD,1,NYY,Final
20240525,mlb,401569250,MIA,2,ARI,3,ARI,Final
20240526,mlb,401569272,TOR,11,DET,14,DET,Final
20240526,mlb,401569264,LAD,1,CIN,4,CIN,Final
20240526,mlb,401569258,ATL,8,PIT,1,ATL,Final
20240526,mlb,401569266,MIL,1,BOS,2,BOS,Final
20240526,mlb,401569269,SEA,9,WSH,5,SEA,Final
20240526,mlb,401569263,KC,1,TB,4,TB,Final
20240526,mlb,401569270,SF,3,NYM,4,NYM,Final
20240526,mlb,401569259,BAL,4,CHW,1,BAL,Final
20240526,mlb,401569271,TEX,6,MIN,2,TEX,Final
20240526,mlb,401569268,PHI,2,COL,5,COL,Final
20240526,mlb,401569261,CLE,5,LAA,4,CLE,Final
20240526,mlb,401569262,HOU,5,ATH,2,HOU,Final
20240526,mlb,401569265,MIA,3,ARI,1,MIA,Final
20240526,mlb,401569267,NYY,2,SD,5,SD,Final
20240526,mlb,401569260,CHC,3,STL,4,STL,Final
20240527,mlb,401569273,BOS,3,BAL,11,BAL,Final
20240527,mlb,401569277,KC,5,MIN,6,MIN,Final
20240527,mlb,401569282,TOR,5,CHW,1,TOR,Final
20240527,mlb,401569274,CHC,1,MIL,5,MIL,Final
20240527,mlb,401569275,CLE,6,COL,8,COL,Final
20240527,mlb,401569281,STL,1,CIN,3,CIN,Final
20240527,mlb,401569283,WSH,8,ATL,4,WSH,Final
20240527,mlb,401569280,PHI,4,SF,8,SF,Final
20240527,mlb,401569279,MIA,1,SD,2,SD,Final
20240527,mlb,401569276,HOU,2,SEA,3,SEA,Final
20240528,mlb,401674250,LAD,5,NYM,2,LAD,Final/10
20240528,mlb,401569285,BOS,8,BAL,3,BOS,Final
20240528,mlb,401569296,STL,7,CIN,1,STL,Final
20240528,mlb,401569293,ATH,3,TB,0,ATH,Final
20240528,mlb,401569298,WSH,0,ATL,2,ATL,Final
20240528,mlb,401569286,CHC,6,MIL,3,CHC,Final/10
20240528,mlb,401569289,KC,2,MIN,4,MIN,Final
20240528,mlb,401569290,LAD,3,NYM,0,LAD,Final
20240528,mlb,401569297,TOR,7,CHW,2,TOR,Final
20240528,mlb,401569284,ARI,2,TEX,4,TEX,Final
20240528,mlb,401569287,CLE,13,COL,7,CLE,Final
20240528,mlb,401569292,NYY,3,LAA,4,LAA,Final
20240528,mlb,401569288,HOU,2,SEA,4,SEA,Final
20240528,mlb,401569291,MIA,0,SD,4,SD,Final
20240528,mlb,401569294,PHI,0,SF,1,SF,Final/10
20240529,mlb,401569310,PIT,0,DET,8,DET,Final
20240529,mlb,401569311,STL,5,CIN,3,STL,Final
20240529,mlb,401569299,ARI,1,TEX,6,TEX,Final
20240529,mlb,401674476,PIT,10,DET,2,PIT,Final
20240529,mlb,401569309,PHI,6,SF,1,PHI,Final
20240529,mlb,401569305,LAD,10,NYM,3,LAD,Final
20240529,mlb,401569306,MIA,9,SD,1,MIA,Final
20240529,mlb,401569300,BOS,1,BAL,6,BAL,Final
20240529,mlb,401569308,ATH,3,TB,4,TB,Final
20240529,mlb,401569313,WSH,7,ATL,2,WSH,Final
20240529,mlb,401569301,CHC,6,MIL,10,MIL,Final
20240529,mlb,401569304,KC,6,MIN,1,KC,Final
20240529,mlb,401569312,TOR,3,CHW,1,TOR,Final
20240529,mlb,401569302,CLE,4,COL,7,COL,Final
20240529,mlb,401569307,NYY,2,LAA,1,NYY,Final
20240529,mlb,401569303,HOU,1,SEA,2,SEA,Final/10
20240530,mlb,401569315,CHC,4,MIL,6,MIL,Final
20240530,mlb,401569318,KC,6,MIN,7,MIN,Final
20240530,mlb,401569320,ATH,5,TB,6,TB,Final/12
20240530,mlb,401569317,HOU,4,SEA,0,HOU,Final
20240530,mlb,401569314,ARI,2,NYM,3,NYM,Final
20240530,mlb,401569316,DET,5,BOS,0,DET,Final
20240530,mlb,401569321,WSH,3,ATL,1,WSH,Final
20240530,mlb,401569319,NYY,8,LAA,3,NYY,Final
20240531,mlb,401569325,CIN,5,CHC,4,CIN,Final
20240531,mlb,401569333,STL,2,PHI,4,PHI,Final
20240531,mlb,401569334,TB,1,BAL,3,BAL,Final
20240531,mlb,401569331,PIT,3,TOR,5,TOR,Final/14
20240531,mlb,401569323,ARI,9,NYM,10,NYM,Final
20240531,mlb,401569327,DET,3,BOS,7,BOS,Final
20240531,mlb,401569335,TEX,2,MIA,8,MIA,Final
20240531,mlb,401569336,WSH,1,CLE,7,CLE,Final
20240531,mlb,401569330,ATH,2,ATL,4,ATL,Final
20240531,mlb,401569324,CHW,5,MIL,12,MIL,Final
20240531,mlb,401569328,MIN,6,HOU,1,MIN,Final
20240531,mlb,401569332,SD,11,KC,8,SD,Final
20240531,mlb,401569322,LAA,4,SEA,5,SEA,Final
20240531,mlb,401569326,COL,4,LAD,1,COL,Final
20240531,mlb,401569329,NYY,6,SF,2,NYY,Final
20240601,mlb,401569346,PIT,8,TOR,1,PIT,Final
20240601,mlb,401569349,TB,5,BAL,9,BAL,Final
20240601,mlb,401569338,ARI,10,NYM,5,ARI,Final
20240601,mlb,401569339,CHW,3,MIL,4,MIL,Final/10
20240601,mlb,401569342,DET,3,BOS,6,BOS,Final
20240601,mlb,401569343,MIN,2,HOU,5,HOU,Final
20240601,mlb,401569345,ATH,11,ATL,9,ATH,Final
20240601,mlb,401569347,SD,7,KC,3,SD,Final
20240601,mlb,401569350,TEX,7,MIA,0,TEX,Final
20240601,mlb,401569351,WSH,2,CLE,3,CLE,Final
20240601,mlb,401569337,LAA,0,SEA,9,SEA,Final
20240601,mlb,401569340,CIN,5,CHC,7,CHC,Final
20240601,mlb,401569348,STL,1,PHI,6,PHI,Final
20240601,mlb,401569344,NYY,7,SF,3,NYY,Final
20240601,mlb,401569341,COL,1,LAD,4,LAD,Final
20240602,mlb,401569358,MIN,4,HOU,3,MIN,Final
20240602,mlb,401569357,DET,8,BOS,4,DET,Final/10
20240602,mlb,401569360,ATH,1,ATL,3,ATL,Final
20240602,mlb,401569364,TB,4,BAL,3,TB,Final
20240602,mlb,401569361,PIT,4,TOR,5,TOR,Final
20240602,mlb,401569353,ARI,5,NYM,4,ARI,Final
20240602,mlb,401569365,TEX,6,MIA,0,TEX,Final
20240602,mlb,401569366,WSH,5,CLE,2,WSH,Final
20240602,mlb,401569354,CHW,3,MIL,6,MIL,Final
20240602,mlb,401569362,SD,3,KC,4,KC,Final
20240602,mlb,401569355,CIN,5,CHC,2,CIN,Final
20240602,mlb,401569359,NYY,7,SF,5,NYY,Final
20240602,mlb,401569352,LAA,1,SEA,5,SEA,Final
20240602,mlb,401569356,COL,0,LAD,4,LAD,Final
20240602,mlb,401569363,STL,5,PHI,4,STL,Final/10
20240603,mlb,401569370,MIL,1,PHI,3,PHI,Final
20240603,mlb,401569371,NYM,8,WSH,7,NYM,Final
20240603,mlb,401569367,BAL,7,TOR,2,BAL,Final
20240603,mlb,401569369,DET,2,TEX,1,DET,Final
20240603,mlb,401569374,STL,4,HOU,7,HOU,Final
20240603,mlb,401569368,CIN,13,COL,3,CIN,Final
20240603,mlb,401569372,SD,1,LAA,2,LAA,Final
20240603,mlb,401569373,SF,2,ARI,4,ARI,Final
20240604,mlb,401569380,KC,5,CLE,8,CLE,Final
20240604,mlb,401569381,LAD,0,PIT,1,PIT,Final
20240604,mlb,401569382,MIL,1,PHI,2,PHI,Final/10
20240604,mlb,401569389,TB,9,MIA,5,TB,Final
20240604,mlb,401569384,NYM,6,WSH,3,NYM,Final
20240604,mlb,401569383,MIN,1,NYY,5,NYY,Final
20240604,mlb,401569376,BAL,10,TOR,1,BAL,Final
20240604,mlb,401569375,ATL,8,BOS,3,ATL,Final
20240604,mlb,401569377,CHW,6,CHC,7,CHC,Final
20240604,mlb,401569379,DET,3,TEX,1,DET,Final
20240604,mlb,401569388,STL,5,HOU,8,HOU,Final
20240604,mlb,401569378,CIN,4,COL,1,CIN,Final
20240604,mlb,401569385,SD,2,LAA,4,LAA,Final
20240604,mlb,401569386,SEA,4,ATH,3,SEA,Final
20240604,mlb,401569387,SF,5,ARI,8,ARI,Final
20240605,mlb,401569390,ATL,0,BOS,9,BOS,Final
20240605,mlb,401569403,STL,4,HOU,2,STL,Final
20240605,mlb,401569393,CIN,12,COL,7,CIN,Final
20240605,mlb,401569402,SF,9,ARI,3,SF,Final
20240605,mlb,401569397,MIL,0,PHI,2,PHI,Final
20240605,mlb,401569399,NYM,9,WSH,1,NYM,Final
20240605,mlb,401569396,LAD,6,PIT,10,PIT,Final
20240605,mlb,401569404,TB,5,MIA,3,TB,Final
20240605,mlb,401569398,MIN,5,NYY,9,NYY,Final
20240605,mlb,401569391,BAL,2,TOR,3,TOR,Final
20240605,mlb,401569392,CHW,6,CHC,7,CHC,Final
20240605,mlb,401569394,DET,1,TEX,9,TEX,Final
20240605,mlb,401569400,SD,2,LAA,3,LAA,Final
20240605,mlb,401569401,SEA,1,ATH,2,ATH,Final
20240606,mlb,401569407,BAL,5,TOR,6,TOR,Final
20240606,mlb,401569411,KC,4,CLE,3,KC,Final
20240606,mlb,401569414,SEA,3,ATH,0,SEA,Final
20240606,mlb,401569412,LAD,11,PIT,7,LAD,Final
20240606,mlb,401569406,ATL,5,WSH,2,ATL,Final
20240606,mlb,401569413,MIN,5,NYY,8,NYY,Final
20240606,mlb,401569409,CHC,4,CIN,8,CIN,Final
20240606,mlb,401569410,COL,3,STL,2,COL,Final
20240606,mlb,401569408,BOS,14,CHW,2,BOS,Final
20240606,mlb,401569405,ARI,4,SD,3,ARI,Final
20240607,mlb,401569424,MIL,10,DET,0,MIL,Final
20240607,mlb,401569425,MIN,0,PIT,3,PIT,Final
20240607,mlb,401569416,ATL,1,WSH,2,WSH,Final
20240607,mlb,401569417,BAL,6,TB,3,BAL,Final
20240607,mlb,401569423,LAD,2,NYY,1,LAD,Final/11
20240607,mlb,401569419,CHC,2,CIN,3,CIN,Final
20240607,mlb,401569420,CLE,2,MIA,3,MIA,Final
20240607,mlb,401569427,SF,5,TEX,2,SF,Final
20240607,mlb,401569418,BOS,2,CHW,7,CHW,Final
20240607,mlb,401569426,SEA,9,KC,10,KC,Final
20240607,mlb,401569421,COL,5,STL,8,STL,Final
20240607,mlb,401569422,HOU,7,LAA,1,HOU,Final
20240607,mlb,401569415,ARI,3,SD,10,SD,Final
20240607,mlb,401569428,TOR,1,ATH,2,ATH,Final
20240608,mlb,401569440,PHI,7,NYM,2,PHI,Final
20240608,mlb,401569430,ATL,3,WSH,7,WSH,Final
20240608,mlb,401569439,MIN,0,PIT,4,PIT,Final
20240608,mlb,401569442,SF,3,TEX,1,SF,Final
20240608,mlb,401569443,TOR,7,ATH,0,TOR,Final
20240608,mlb,401569431,BAL,5,TB,0,BAL,Final
20240608,mlb,401569432,BOS,1,CHW,6,CHW,Final
20240608,mlb,401569433,CHC,3,CIN,4,CIN,Final
20240608,mlb,401569438,MIL,5,DET,4,MIL,Final
20240608,mlb,401569441,SEA,4,KC,8,KC,Final
20240608,mlb,401569435,COL,6,STL,5,COL,Final
20240608,mlb,401569434,CLE,8,MIA,0,CLE,Final
20240608,mlb,401569437,LAD,11,NYY,3,LAD,Final
20240608,mlb,401569429,ARI,1,SD,13,SD,Final
20240608,mlb,401569436,HOU,6,LAA,1,HOU,Final
20240609,mlb,401569455,NYM,6,PHI,5,NYM,Final
20240609,mlb,401569457,SF,2,TEX,7,TEX,Final
20240609,mlb,401569445,ATL,5,WSH,8,WSH,Final
20240609,mlb,401569454,MIN,11,PIT,5,MIN,Final/10
20240609,mlb,401569446,BAL,9,TB,2,BAL,Final
20240609,mlb,401569448,CHC,4,CIN,2,CHC,Final
20240609,mlb,401569449,CLE,6,MIA,3,CLE,Final
20240609,mlb,401569453,MIL,2,DET,10,DET,Final
20240609,mlb,401569447,BOS,6,CHW,4,BOS,Final/10
20240609,mlb,401569456,SEA,6,KC,5,SEA,Final/10
20240609,mlb,401569450,COL,1,STL,5,STL,Final
20240609,mlb,401569451,HOU,7,LAA,9,LAA,Final
20240609,mlb,401569458,TOR,6,ATH,4,TOR,Final/10
20240609,mlb,401569444,ARI,9,SD,3,ARI,Final
20240609,mlb,401569452,LAD,4,NYY,6,NYY,Final
20240610,mlb,401569459,BAL,5,TB,2,BAL,Final
20240610,mlb,401569461,COL,0,MIN,5,MIN,Final
20240610,mlb,401569463,NYY,4,KC,2,NYY,Final
20240610,mlb,401569465,TOR,1,MIL,3,MIL,Final
20240610,mlb,401569460,CHW,4,SEA,8,SEA,Final
20240610,mlb,401569464,ATH,1,SD,6,SD,Final
20240610,mlb,401569462,HOU,3,SF,4,SF,Final/10
20240611,mlb,401569467,ATL,0,BAL,4,BAL,Final
20240611,mlb,401569480,WSH,5,DET,4,WSH,Final/10
20240611,mlb,401569469,CHC,2,TB,5,TB,Final
20240611,mlb,401569470,CLE,5,CIN,3,CLE,Final
20240611,mlb,401569473,MIA,4,NYM,2,MIA,Final
20240611,mlb,401569476,PHI,4,BOS,1,PHI,Final
20240611,mlb,401569471,COL,5,MIN,4,COL,Final
20240611,mlb,401569477,PIT,2,STL,1,PIT,Final
20240611,mlb,401569474,NYY,10,KC,1,NYY,Final
20240611,mlb,401569479,TOR,3,MIL,0,TOR,Final
20240611,mlb,401569466,LAA,4,ARI,9,ARI,Final
20240611,mlb,401569468,CHW,3,SEA,4,SEA,Final
20240611,mlb,401569475,ATH,3,SD,4,SD,Final
20240611,mlb,401569472,HOU,3,SF,1,HOU,Final
20240611,mlb,401569478,TEX,2,LAD,15,LAD,Final
20240612,mlb,401569486,COL,9,MIN,17,MIN,Final
20240612,mlb,401569494,TOR,4,MIL,5,MIL,Final
20240612,mlb,401569487,HOU,3,SF,5,SF,Final
20240612,mlb,401569490,ATH,4,SD,5,SD,Final
20240612,mlb,401569482,ATL,2,BAL,4,BAL,Final
20240612,mlb,401569495,WSH,7,DET,5,WSH,Final
20240612,mlb,401569484,CHC,4,TB,3,CHC,Final
20240612,mlb,401569485,CLE,2,CIN,4,CIN,Final
20240612,mlb,401569488,MIA,4,NYM,10,NYM,Final
20240612,mlb,401569491,PHI,6,BOS,8,BOS,Final
20240612,mlb,401569492,PIT,2,STL,4,STL,Final
20240612,mlb,401569489,NYY,11,KC,5,NYY,Final
20240612,mlb,401569481,LAA,8,ARI,3,LAA,Final
20240612,mlb,401569483,CHW,1,SEA,2,SEA,Final/10
20240612,mlb,401569493,TEX,3,LAD,2,TEX,Final
20240613,mlb,401569497,ATL,6,BAL,3,ATL,Final
20240613,mlb,401569506,WSH,2,DET,7,DET,Final
20240613,mlb,401569501,NYY,3,KC,4,KC,Final
20240613,mlb,401569504,PIT,3,STL,4,STL,Final
20240613,mlb,401569499,CHC,2,TB,3,TB,Final
20240613,mlb,401569500,MIA,2,NYM,3,NYM,Final
20240613,mlb,401569503,PHI,3,BOS,9,BOS,Final
20240613,mlb,401569502,ATH,2,MIN,6,MIN,Final
20240613,mlb,401569496,LAA,1,ARI,11,ARI,Final
20240613,mlb,401569498,CHW,3,SEA,2,CHW,Final/10
20240613,mlb,401569505,TEX,3,LAD,1,TEX,Final
20240614,mlb,401569519,STL,3,CHC,0,STL,Final
20240614,mlb,401569514,NYY,8,BOS,1,NYY,Final
20240614,mlb,401569513,MIA,1,WSH,8,WSH,Final
20240614,mlb,401569516,PHI,5,BAL,3,PHI,Final/11
20240614,mlb,401569510,CLE,3,TOR,1,CLE,Final
20240614,mlb,401569518,SD,1,NYM,2,NYM,Final
20240614,mlb,401569520,TB,3,ATL,7,ATL,Final
20240614,mlb,401569509,CIN,6,MIL,5,CIN,Final
20240614,mlb,401569511,DET,0,HOU,4,HOU,Final
20240614,mlb,401569515,ATH,5,MIN,6,MIN,Final/10
20240614,mlb,401569517,PIT,5,COL,2,PIT,Final
20240614,mlb,401569508,CHW,1,ARI,7,ARI,Final
20240614,mlb,401569512,KC,3,LAD,4,LAD,Final
20240614,mlb,401569521,TEX,2,SEA,3,SEA,Final
20240614,mlb,401569507,LAA,8,SF,6,LAA,Final
20240615,mlb,401569534,STL,1,CHC,5,CHC,Final
20240615,mlb,401569525,CLE,0,TOR,5,TOR,Final
20240615,mlb,401569522,LAA,4,SF,3,LAA,Final
20240615,mlb,401569528,MIA,0,WSH,4,WSH,Final
20240615,mlb,401569531,PHI,2,BAL,6,BAL,Final
20240615,mlb,401569524,CIN,1,MIL,3,MIL,Final
20240615,mlb,401569526,DET,13,HOU,5,DET,Final
20240615,mlb,401569533,SD,1,NYM,5,NYM,Final
20240615,mlb,401569535,TB,2,ATL,9,ATL,Final
20240615,mlb,401569529,NYY,4,BOS,8,BOS,Final
20240615,mlb,401569536,TEX,5,SEA,7,SEA,Final
20240615,mlb,401569527,KC,7,LAD,2,KC,Final
20240615,mlb,401569532,PIT,4,COL,16,COL,Final
20240615,mlb,401569523,CHW,9,ARI,2,CHW,Final
20240616,mlb,401569549,STL,2,CHC,1,STL,Final
20240616,mlb,401569543,MIA,1,WSH,3,WSH,Final
20240616,mlb,401569546,PHI,3,BAL,8,BAL,Final
20240616,mlb,401569550,TB,8,ATL,6,TB,Final
20240616,mlb,401569540,CLE,6,TOR,7,TOR,Final
20240616,mlb,401569548,SD,6,NYM,11,NYM,Final
20240616,mlb,401569539,CIN,4,MIL,5,MIL,Final
20240616,mlb,401569541,DET,1,HOU,4,HOU,Final
20240616,mlb,401569545,ATH,2,MIN,6,MIN,Final
20240616,mlb,401569547,PIT,8,COL,2,PIT,Final
20240616,mlb,401569537,LAA,6,SF,13,SF,Final
20240616,mlb,401569538,CHW,5,ARI,12,ARI,Final
20240616,mlb,401569542,KC,0,LAD,3,LAD,Final
20240616,mlb,401569551,TEX,0,SEA,5,SEA,Final
20240616,mlb,401569544,NYY,3,BOS,9,BOS,Final
20240616,mlb,401679017,ATH,7,MIN,8,MIN,Final
20240617,mlb,401569558,SD,2,PHI,9,PHI,Final
20240617,mlb,401569560,STL,7,MIA,6,STL,Final/12
20240617,mlb,401569552,BOS,7,TOR,3,BOS,Final
20240617,mlb,401569553,CIN,1,PIT,4,PIT,Final
20240617,mlb,401569554,DET,1,ATL,2,ATL,Final
20240617,mlb,401569557,NYM,14,TEX,2,NYM,Final
20240617,mlb,401569559,SF,7,CHC,6,SF,Final
20240617,mlb,401569555,LAD,9,COL,5,LAD,Final
20240617,mlb,401569556,MIL,3,LAA,5,LAA,Final
20240618,mlb,401569574,STL,8,MIA,9,MIA,Final/10
20240618,mlb,401569564,CIN,2,PIT,1,CIN,Final
20240618,mlb,401569571,SD,3,PHI,4,PHI,Final
20240618,mlb,401569572,SEA,8,CLE,5,SEA,Final
20240618,mlb,401569561,ARI,5,WSH,0,ARI,Final
20240618,mlb,401569562,BAL,2,NYY,4,NYY,Final
20240618,mlb,401569563,BOS,4,TOR,3,BOS,Final
20240618,mlb,401569565,DET,1,ATL,2,ATL,Final
20240618,mlb,401569575,TB,6,MIN,7,MIN,Final
20240618,mlb,401569570,NYM,7,TEX,6,NYM,Final
20240618,mlb,401569573,SF,2,CHC,5,CHC,Final
20240618,mlb,401569566,HOU,0,CHW,2,CHW,Final
20240618,mlb,401569568,LAD,11,COL,9,LAD,Final
20240618,mlb,401569569,MIL,6,LAA,3,MIL,Final
20240618,mlb,401569567,KC,5,ATH,7,ATH,Final
20240619,mlb,401569580,DET,0,ATL,7,ATL,Final
20240619,mlb,401569579,CIN,0,PIT,1,PIT,Final
20240619,mlb,401569589,STL,3,MIA,4,MIA,Final
20240619,mlb,401569586,SD,5,PHI,2,SD,Final
20240619,mlb,401569588,SF,5,CHC,6,CHC,Final
20240619,mlb,401569576,ARI,1,WSH,3,WSH,Final
20240619,mlb,401569587,SEA,0,CLE,8,CLE,Final
20240619,mlb,401569577,BAL,7,NYY,6,BAL,Final/10
20240619,mlb,401569578,BOS,7,TOR,3,BOS,Final
20240619,mlb,401569590,TB,3,MIN,2,TB,Final/10
20240619,mlb,401569585,NYM,3,TEX,5,TEX,Final
20240619,mlb,401569581,HOU,4,CHW,1,HOU,Final
20240619,mlb,401569583,LAD,6,COL,7,COL,Final
20240619,mlb,401569584,MIL,2,LAA,0,MIL,Final
20240619,mlb,401569582,KC,1,ATH,5,ATH,Final
20240620,mlb,401569591,ARI,5,WSH,2,ARI,Final
20240620,mlb,401569597,SEA,3,CLE,6,CLE,Final
20240620,mlb,401569599,TB,7,MIN,6,TB,Final/10
20240620,mlb,401569593,HOU,5,CHW,3,HOU,Final
20240620,mlb,401569595,LAD,5,COL,3,LAD,Final
20240620,mlb,401569594,KC,3,ATH,2,KC,Final
20240620,mlb,401569592,BAL,17,NYY,5,BAL,Final
20240620,mlb,401569598,SF,5,STL,6,STL,Final
20240620,mlb,401569596,MIL,6,SD,7,SD,Final
20240621,mlb,401569609,NYM,11,CHC,1,NYM,Final
20240621,mlb,401569601,ARI,5,PHI,4,ARI,Final
20240621,mlb,401569605,CHW,1,DET,2,DET,Final
20240621,mlb,401569611,TB,10,PIT,3,TB,Final
20240621,mlb,401569602,ATL,8,NYY,1,ATL,Final
20240621,mlb,401569604,BOS,2,CIN,5,CIN,Final
20240621,mlb,401569610,SEA,2,MIA,3,MIA,Final/10
20240621,mlb,401569612,TOR,1,CLE,7,CLE,Final
20240621,mlb,401569606,KC,2,TEX,6,TEX,Final
20240621,mlb,401569603,BAL,11,HOU,14,HOU,Final
20240621,mlb,401569613,WSH,11,COL,5,WSH,Final
20240621,mlb,401569607,MIL,5,SD,9,SD,Final
20240621,mlb,401569608,MIN,5,ATH,6,ATH,Final
20240621,mlb,401569600,LAA,3,LAD,2,LAA,Final/10
20240622,mlb,401569619,CHW,5,DET,1,CHW,Final
20240622,mlb,401569625,SF,4,STL,9,STL,Final
20240622,mlb,401569623,NYM,1,CHC,8,CHC,Final
20240622,mlb,401569615,ARI,1,PHI,12,PHI,Final
20240622,mlb,401569620,KC,0,TEX,6,TEX,Final
20240622,mlb,401569626,TB,3,PIT,4,PIT,Final
20240622,mlb,401569622,MIN,10,ATH,2,MIN,Final
20240622,mlb,401569617,BAL,1,HOU,5,HOU,Final
20240622,mlb,401569618,BOS,4,CIN,3,BOS,Final
20240622,mlb,401569624,SEA,9,MIA,0,SEA,Final
20240622,mlb,401569627,TOR,3,CLE,6,CLE,Final
20240622,mlb,401569616,ATL,3,NYY,8,NYY,Final
20240622,mlb,401569621,MIL,4,SD,6,SD,Final
20240622,mlb,401569628,WSH,7,COL,8,COL,Final
20240622,mlb,401569614,LAA,2,LAD,7,LAD,Final
20240623,mlb,401569629,ARI,1,PHI,4,PHI,Final
20240623,mlb,401569630,ATL,3,NYY,1,ATL,Final
20240623,mlb,401569640,TB,3,PIT,1,TB,Final
20240623,mlb,401569632,BOS,7,CIN,4,BOS,Final
20240623,mlb,401569633,CHW,2,DET,11,DET,Final
20240623,mlb,401569638,SEA,4,MIA,6,MIA,Final
20240623,mlb,401569641,TOR,5,CLE,6,CLE,Final
20240623,mlb,401569631,BAL,1,HOU,8,HOU,Final
20240623,mlb,401569639,SF,3,STL,5,STL,Final
20240623,mlb,401569634,KC,0,TEX,4,TEX,Final
20240623,mlb,401569642,WSH,2,COL,1,WSH,Final
20240623,mlb,401569636,MIN,3,ATH,0,MIN,Final
20240623,mlb,401569635,MIL,6,SD,2,MIL,Final
20240623,mlb,401569637,NYM,5,CHC,2,NYM,Final
20240624,mlb,401569645,CLE,3,BAL,2,CLE,Final
20240624,mlb,401569649,PHI,8,DET,1,PHI,Final
20240624,mlb,401569651,SEA,3,TB,4,TB,Final
20240624,mlb,401569650,PIT,5,CIN,11,CIN,Final
20240624,mlb,401569653,TOR,6,BOS,7,BOS,Final
20240624,mlb,401569643,ATL,3,STL,4,STL,Final
20240624,mlb,401569646,LAD,3,CHW,0,LAD,Final
20240624,mlb,401569647,MIA,1,KC,4,KC,Final
20240624,mlb,401569652,TEX,3,MIL,6,MIL,Final
20240624,mlb,401569648,ATH,1,LAA,5,LAA,Final
20240624,mlb,401569654,WSH,6,SD,7,SD,Final/10
20240624,mlb,401569644,CHC,4,SF,5,SF,Final
20240625,mlb,401569657,CLE,10,BAL,8,CLE,Final
20240625,mlb,401569664,PHI,1,DET,4,DET,Final
20240625,mlb,401569666,SEA,3,TB,11,TB,Final
20240625,mlb,401569662,NYY,7,NYM,9,NYM,Final
20240625,mlb,401569665,PIT,9,CIN,5,PIT,Final
20240625,mlb,401569668,TOR,9,BOS,4,TOR,Final
20240625,mlb,401569658,COL,2,HOU,5,HOU,Final
20240625,mlb,401569659,LAD,4,CHW,3,LAD,Final
20240625,mlb,401569660,MIA,2,KC,1,MIA,Final
20240625,mlb,401569667,TEX,1,MIL,3,MIL,Final
20240625,mlb,401569663,ATH,5,LAA,7,LAA,Final
20240625,mlb,401569661,MIN,4,ARI,5,ARI,Final
20240625,mlb,401569669,WSH,7,SD,9,SD,Final
20240625,mlb,401569656,CHC,1,SF,5,SF,Final
20240626,mlb,401569681,SEA,5,TB,2,SEA,Final
20240626,mlb,401569679,PHI,6,DET,2,PHI,Final
20240626,mlb,401569680,PIT,6,CIN,1,PIT,Final
20240626,mlb,401683085,ATL,6,STL,2,ATL,Final
20240626,mlb,401569673,COL,1,HOU,7,HOU,Final
20240626,mlb,401569675,MIA,1,KC,5,KC,Final
20240626,mlb,401569682,TEX,5,MIL,6,MIL,Final/10
20240626,mlb,401569678,ATH,2,LAA,5,LAA,Final
20240626,mlb,401569684,WSH,5,SD,8,SD,Final
20240626,mlb,401569672,CLE,2,BAL,4,BAL,Final
20240626,mlb,401569677,NYY,2,NYM,12,NYM,Final
20240626,mlb,401569683,TOR,4,BOS,1,TOR,Final
20240626,mlb,401569670,ATL,1,STL,4,STL,Final
20240626,mlb,401569674,LAD,4,CHW,0,LAD,Final
20240626,mlb,401569676,MIN,8,ARI,3,MIN,Final
20240626,mlb,401569671,CHC,3,SF,4,SF,Final
20240627,mlb,401569690,MIN,13,ARI,6,MIN,Final
20240627,mlb,401569685,CHC,5,SF,3,CHC,Final/10
20240627,mlb,401652958,ATL,0,CHW,1,CHW,Final
20240627,mlb,401569689,MIA,7,PHI,4,MIA,Final
20240627,mlb,401569692,TEX,2,BAL,11,BAL,Final
20240627,mlb,401569691,NYY,2,TOR,9,TOR,Final
20240627,mlb,401569686,CIN,11,STL,4,CIN,Final
20240627,mlb,401569687,CLE,1,KC,2,KC,Final
20240627,mlb,401569688,DET,0,LAA,5,LAA,Final
20240628,mlb,401569700,MIA,0,PHI,2,PHI,Final
20240628,mlb,401569707,WSH,1,TB,3,TB,Final
20240628,mlb,401569706,TEX,1,BAL,2,BAL,Final
20240628,mlb,401569702,NYY,16,TOR,5,NYY,Final
20240628,mlb,401569696,COL,3,CHW,5,CHW,Final
20240628,mlb,401569698,HOU,2,NYM,7,NYM,Final
20240628,mlb,401569705,SD,9,BOS,2,SD,Final
20240628,mlb,401569704,PIT,1,ATL,6,ATL,Final
20240628,mlb,401569693,CHC,2,MIL,4,MIL,Final
20240628,mlb,401569695,CLE,3,KC,10,KC,Final
20240628,mlb,401569694,CIN,0,STL,1,STL,Final
20240628,mlb,401569697,DET,2,LAA,5,LAA,Final
20240628,mlb,401569701,MIN,2,SEA,3,SEA,Final/10
20240628,mlb,401569703,ATH,9,ARI,4,ATH,Final
20240628,mlb,401569699,LAD,3,SF,5,SF,Final
20240629,mlb,401569711,COL,3,CHW,11,CHW,Final
20240629,mlb,401569709,CIN,9,STL,4,CIN,Final
20240629,mlb,401569717,NYY,3,TOR,9,TOR,Final
20240629,mlb,401569715,MIA,3,PHI,2,MIA,Final
20240629,mlb,401569708,CHC,5,MIL,3,CHC,Final
20240629,mlb,401569710,CLE,7,KC,2,CLE,Final
20240629,mlb,401569713,HOU,9,NYM,6,HOU,Final
20240629,mlb,401569718,ATH,0,ARI,3,ARI,Final
20240629,mlb,401569719,PIT,1,ATL,2,ATL,Final/10
20240629,mlb,401569720,SD,11,BOS,1,SD,Final
20240629,mlb,401569722,WSH,8,TB,1,WSH,Final
20240629,mlb,401569714,LAD,14,SF,7,LAD,Final/11
20240629,mlb,401569721,TEX,5,BAL,6,BAL,Final
20240629,mlb,401569712,DET,5,LAA,6,LAA,Final/10
20240629,mlb,401569716,MIN,5,SEA,1,MIN,Final
20240630,mlb,401569734,PIT,4,ATL,2,PIT,Final
20240630,mlb,401569730,MIA,6,PHI,7,PHI,Final
20240630,mlb,401569735,SD,1,BOS,4,BOS,Final
20240630,mlb,401569732,NYY,8,TOR,1,NYY,Final
20240630,mlb,401569728,HOU,10,NYM,5,HOU,Final/11
20240630,mlb,401569737,WSH,0,TB,5,TB,Final
20240630,mlb,401569723,CHC,1,MIL,7,MIL,Final
20240630,mlb,401569725,CLE,2,KC,6,KC,Final
20240630,mlb,401569726,COL,5,CHW,4,COL,Final/14
20240630,mlb,401569724,CIN,0,STL,2,STL,Final
20240630,mlb,401569729,LAD,4,SF,10,SF,Final
20240630,mlb,401569727,DET,7,LAA,6,DET,Final
20240630,mlb,401569731,MIN,5,SEA,3,MIN,Final
20240630,mlb,401569733,ATH,1,ARI,5,ARI,Final
20240630,mlb,401569736,TEX,11,BAL,2,TEX,Final
20240701,mlb,401569738,HOU,3,TOR,1,HOU,Final
20240701,mlb,401569740,NYM,9,WSH,7,NYM,Final/10
20240701,mlb,401569739,MIL,7,COL,8,COL,Final/10
20240702,mlb,401569744,BOS,8,MIA,3,BOS,Final
20240702,mlb,401569745,CHW,6,CLE,7,CLE,Final
20240702,mlb,401569754,STL,7,PIT,4,STL,Final
20240702,mlb,401569750,NYM,7,WSH,2,NYM,Final/10
20240702,mlb,401569746,CIN,5,NYY,4,CIN,Final
20240702,mlb,401569748,HOU,6,TOR,7,TOR,Final
20240702,mlb,401569753,SF,5,ATL,3,SF,Final
20240702,mlb,401569747,DET,3,MIN,5,MIN,Final
20240702,mlb,401569751,PHI,6,CHC,4,PHI,Final
20240702,mlb,401569752,SD,0,TEX,7,TEX,Final
20240702,mlb,401569755,TB,5,KC,1,TB,Final
20240702,mlb,401569749,MIL,4,COL,3,MIL,Final
20240702,mlb,401569741,LAA,5,ATH,7,ATH,Final
20240702,mlb,401569743,BAL,2,SEA,0,BAL,Final
20240702,mlb,401569742,ARI,5,LAD,6,LAD,Final
20240703,mlb,401569759,BOS,7,MIA,2,BOS,Final
20240703,mlb,401569760,CHW,8,CLE,2,CHW,Final
20240703,mlb,401569769,STL,4,PIT,5,PIT,Final/10
20240703,mlb,401569765,NYM,5,WSH,7,WSH,Final
20240703,mlb,401569761,CIN,3,NYY,2,CIN,Final
20240703,mlb,401569763,HOU,9,TOR,2,HOU,Final
20240703,mlb,401569768,SF,1,ATL,3,ATL,Final
20240703,mlb,401569766,PHI,5,CHC,3,PHI,Final
20240703,mlb,401569767,SD,6,TEX,4,SD,Final
20240703,mlb,401569762,DET,9,MIN,2,DET,Final
20240703,mlb,401569770,TB,2,KC,4,KC,Final
20240703,mlb,401569764,MIL,3,COL,0,MIL,Final
20240703,mlb,401569756,LAA,0,ATH,5,ATH,Final
20240703,mlb,401569757,ARI,12,LAD,4,ARI,Final
20240703,mlb,401569758,BAL,4,SEA,1,BAL,Final
20240704,mlb,401569780,NYM,0,WSH,1,WSH,Final
20240704,mlb,401569784,STL,3,PIT,2,STL,Final/10
20240704,mlb,401569776,CIN,8,NYY,4,CIN,Final
20240704,mlb,401569778,HOU,5,TOR,3,HOU,Final
20240704,mlb,401569774,BOS,6,MIA,5,BOS,Final/12
20240704,mlb,401569775,CHW,4,CLE,8,CLE,Final
20240704,mlb,401569777,DET,3,MIN,12,MIN,Final/7
20240704,mlb,401569781,PHI,2,CHC,10,CHC,Final
20240704,mlb,401569782,SD,3,TEX,1,SD,Final
20240704,mlb,401569771,LAA,0,ATH,5,ATH,Final
20240704,mlb,401569773,BAL,3,SEA,7,SEA,Final
20240704,mlb,401569783,SF,4,ATL,2,SF,Final
20240704,mlb,401569779,MIL,3,COL,4,COL,Final
20240704,mlb,401569785,TB,10,KC,8,TB,Final
20240704,mlb,401569772,ARI,9,LAD,3,ARI,Final
20240705,mlb,401569786,LAA,1,CHC,5,CHC,Final
20240705,mlb,401569795,NYM,2,PIT,14,PIT,Final
20240705,mlb,401569798,STL,7,WSH,6,STL,Final/11
20240705,mlb,401569789,BOS,5,NYY,3,BOS,Final/10
20240705,mlb,401569790,CHW,3,MIA,2,CHW,Final
20240705,mlb,401569797,SF,4,CLE,2,SF,Final
20240705,mlb,401569791,DET,5,CIN,4,DET,Final
20240705,mlb,401569796,PHI,8,ATL,6,PHI,Final
20240705,mlb,401569799,TB,0,TEX,3,TEX,Final
20240705,mlb,401569792,HOU,13,MIN,12,HOU,Final
20240705,mlb,401569793,KC,2,COL,4,COL,Final
20240705,mlb,401569787,ARI,8,SD,10,SD,Final
20240705,mlb,401569788,BAL,3,ATH,2,BAL,Final
20240705,mlb,401569800,TOR,1,SEA,2,SEA,Final
20240705,mlb,401569794,MIL,5,LAD,8,LAD,Final
20240706,mlb,401569804,BOS,4,NYY,14,NYY,Final
20240706,mlb,401569807,HOU,3,MIN,9,MIN,Final
20240706,mlb,401569801,LAA,7,CHC,0,LAA,Final
20240706,mlb,401569810,NYM,5,PIT,2,NYM,Final
20240706,mlb,401569813,STL,6,WSH,14,WSH,Final
20240706,mlb,401569814,TB,3,TEX,4,TEX,Final
20240706,mlb,401569803,BAL,8,ATH,19,ATH,Final
20240706,mlb,401569805,CHW,3,MIA,4,MIA,Final
20240706,mlb,401569806,DET,5,CIN,3,DET,Final
20240706,mlb,401569812,SF,4,CLE,5,CLE,Final
20240706,mlb,401569815,TOR,5,SEA,4,TOR,Final
20240706,mlb,401569809,MIL,3,LAD,5,LAD,Final
20240706,mlb,401569811,PHI,1,ATL,5,ATL,Final
20240706,mlb,401569808,KC,1,COL,3,COL,Final
20240706,mlb,401569802,ARI,7,SD,5,ARI,Final/10
20240707,mlb,401569825,NYM,3,PIT,2,NYM,Final
20240707,mlb,401569826,PHI,0,ATL,6,ATL,Final
20240707,mlb,401569828,STL,8,WSH,3,STL,Final
20240707,mlb,401569820,CHW,4,MIA,7,MIA,Final
20240707,mlb,401569821,DET,5,CIN,1,DET,Final
20240707,mlb,401569827,SF,4,CLE,5,CLE,Final
20240707,mlb,401569822,HOU,2,MIN,3,MIN,Final
20240707,mlb,401569816,LAA,0,CHC,5,CHC,Final
20240707,mlb,401569829,TB,2,TEX,13,TEX,Final
20240707,mlb,401569823,KC,10,COL,1,KC,Final
20240707,mlb,401569818,BAL,6,ATH,3,BAL,Final
20240707,mlb,401569817,ARI,9,SD,1,ARI,Final
20240707,mlb,401569824,MIL,9,LAD,2,MIL,Final
20240707,mlb,401569830,TOR,5,SEA,4,TOR,Final/10
20240707,mlb,401569819,BOS,3,NYY,0,BOS,Final
20240708,mlb,401569835,NYM,2,PIT,8,PIT,Final
20240708,mlb,401569836,STL,6,WSH,0,STL,Final
20240708,mlb,401569832,CLE,0,DET,1,DET,Final
20240708,mlb,401569833,COL,0,CIN,6,CIN,Final
20240708,mlb,401569834,MIN,8,CHW,6,MIN,Final/11
20240708,mlb,401569837,TEX,9,LAA,4,TEX,Final
20240708,mlb,401569831,ATL,5,ARI,4,ATL,Final/11
20240709,mlb,401569839,CHC,9,BAL,2,CHC,Final
20240709,mlb,401569840,CLE,9,DET,8,CLE,Final/10
20240709,mlb,401569843,LAD,1,PHI,10,PHI,Final
20240709,mlb,401569846,NYY,3,TB,5,TB,Final
20240709,mlb,401569841,COL,6,CIN,12,CIN,Final
20240709,mlb,401569847,ATH,9,BOS,12,BOS,Final
20240709,mlb,401569852,WSH,5,NYM,7,NYM,Final
20240709,mlb,401569844,MIA,3,HOU,4,HOU,Final
20240709,mlb,401569848,PIT,12,MIL,2,PIT,Final
20240709,mlb,401569850,TEX,5,LAA,4,TEX,Final
20240709,mlb,401569838,ATL,6,ARI,2,ATL,Final
20240709,mlb,401569849,SEA,8,SD,3,SEA,Final
20240709,mlb,401569851,TOR,3,SF,4,SF,Final
20240710,mlb,401691083,KC,6,STL,4,KC,Final
20240710,mlb,401569860,MIN,1,CHW,3,CHW,Final
20240710,mlb,401691116,MIN,3,CHW,2,MIN,Final
20240710,mlb,401569854,CHC,4,BAL,0,CHC,Final
20240710,mlb,401569855,CLE,4,DET,5,DET,Final
20240710,mlb,401569864,SEA,2,SD,0,SEA,Final
20240710,mlb,401569861,NYY,2,TB,1,NYY,Final
20240710,mlb,401569858,LAD,3,PHI,4,PHI,Final
20240710,mlb,401569856,COL,6,CIN,5,COL,Final
20240710,mlb,401569862,ATH,5,BOS,2,ATH,Final
20240710,mlb,401569867,WSH,2,NYM,6,NYM,Final
20240710,mlb,401569857,KC,8,STL,5,KC,Final
20240710,mlb,401569859,MIA,1,HOU,9,HOU,Final
20240710,mlb,401569863,PIT,0,MIL,9,MIL,Final
20240710,mlb,401569865,TEX,2,LAA,7,LAA,Final
20240710,mlb,401569853,ATL,5,ARI,7,ARI,Final
20240710,mlb,401569866,TOR,10,SF,6,TOR,Final
20240711,mlb,401569870,CLE,1,DET,10,DET,Final
20240711,mlb,401569871,COL,1,CIN,8,CIN,Final
20240711,mlb,401569879,WSH,0,NYM,7,NYM,Final
20240711,mlb,401569876,PIT,1,MIL,0,PIT,Final
20240711,mlb,401569878,TOR,5,SF,3,TOR,Final
20240711,mlb,401569872,LAD,1,PHI,5,PHI,Final
20240711,mlb,401569869,CHC,8,BAL,0,CHC,Final
20240711,mlb,401569874,NYY,4,TB,5,TB,Final
20240711,mlb,401569875,ATH,0,BOS,7,BOS,Final
20240711,mlb,401569873,MIA,3,HOU,6,HOU,Final
20240711,mlb,401569877,SEA,11,LAA,0,SEA,Final
20240711,mlb,401569868,ATL,0,ARI,1,ARI,Final
20240712,mlb,401569885,LAD,4,DET,3,LAD,Final
20240712,mlb,401569889,ATH,6,PHI,2,ATH,Final
20240712,mlb,401569882,CLE,0,TB,2,TB,Final
20240712,mlb,401569888,NYY,4,BAL,1,NYY,Final
20240712,mlb,401569883,COL,6,NYM,7,NYM,Final
20240712,mlb,401569884,KC,6,BOS,1,KC,Final
20240712,mlb,401569886,MIA,4,CIN,7,CIN,Final
20240712,mlb,401569890,PIT,4,CHW,1,PIT,Final
20240712,mlb,401569892,TEX,3,HOU,6,HOU,Final
20240712,mlb,401569894,WSH,5,MIL,2,WSH,Final
20240712,mlb,401569881,CHC,5,STL,1,CHC,Final
20240712,mlb,401569891,SEA,5,LAA,6,LAA,Final/10
20240712,mlb,401569880,ATL,6,SD,1,ATL,Final
20240712,mlb,401569893,TOR,4,ARI,5,ARI,Final
20240712,mlb,401569887,MIN,1,SF,7,SF,Final
20240713,mlb,401569900,LAD,9,DET,11,DET,Final/10
20240713,mlb,401569905,PIT,6,CHW,2,PIT,Final
20240713,mlb,401569896,CHC,3,STL,11,STL,Final
20240713,mlb,401569903,NYY,6,BAL,1,NYY,Final
20240713,mlb,401569904,ATH,5,PHI,11,PHI,Final
20240713,mlb,401569897,CLE,4,TB,2,CLE,Final
20240713,mlb,401569898,COL,3,NYM,7,NYM,Final
20240713,mlb,401569899,KC,0,BOS,5,BOS,Final
20240713,mlb,401569901,MIA,6,CIN,10,CIN,Final
20240713,mlb,401569907,TEX,2,HOU,1,TEX,Final/10
20240713,mlb,401569909,WSH,6,MIL,5,WSH,Final
20240713,mlb,401569895,ATL,0,SD,4,SD,Final
20240713,mlb,401569902,MIN,4,SF,2,MIN,Final
20240713,mlb,401673997,CHC,4,STL,5,STL,Final
20240713,mlb,401569906,SEA,1,LAA,2,LAA,Final
20240713,mlb,401569908,TOR,1,ARI,12,ARI,Final
20240714,mlb,401569918,NYY,5,BAL,6,BAL,Final
20240714,mlb,401569914,KC,4,BOS,5,BOS,Final
20240714,mlb,401569919,ATH,18,PHI,3,ATH,Final
20240714,mlb,401569912,CLE,0,TB,2,TB,Final
20240714,mlb,401569913,COL,8,NYM,5,COL,Final
20240714,mlb,401569915,LAD,3,DET,4,DET,Final
20240714,mlb,401569916,MIA,3,CIN,2,MIA,Final
20240714,mlb,401569920,PIT,9,CHW,4,PIT,Final
20240714,mlb,401569922,TEX,4,HOU,2,TEX,Final
20240714,mlb,401569924,WSH,3,MIL,9,MIL,Final
20240714,mlb,401569911,CHC,8,STL,3,CHC,Final
20240714,mlb,401569917,MIN,2,SF,3,SF,Final
20240714,mlb,401569921,SEA,2,LAA,3,LAA,Final
20240714,mlb,401569910,ATL,6,SD,3,ATL,Final
20240714,mlb,401569923,TOR,8,ARI,7,TOR,Final
20240719,mlb,401569926,ARI,5,CHC,2,ARI,Final
20240719,mlb,401569934,PHI,7,PIT,8,PIT,Final
20240719,mlb,401569930,CIN,5,WSH,8,WSH,Final
20240719,mlb,401569938,TB,1,NYY,6,NYY,Final
20240719,mlb,401569931,DET,5,TOR,4,DET,Final
20240719,mlb,401569933,NYM,4,MIA,6,MIA,Final
20240719,mlb,401569935,SD,0,CLE,7,CLE,Final
20240719,mlb,401569927,BAL,9,TEX,1,BAL,Final
20240719,mlb,401569929,CHW,1,KC,7,KC,Final
20240719,mlb,401569936,SF,3,COL,7,COL,Final
20240719,mlb,401569925,LAA,3,ATH,13,ATH,Final
20240719,mlb,401569928,BOS,1,LAD,4,LAD,Final
20240719,mlb,401569932,HOU,3,SEA,0,HOU,Final
20240720,mlb,401569953,TB,9,NYY,1,TB,Final
20240720,mlb,401698082,STL,2,ATL,3,ATL,Final/10
20240720,mlb,401569945,DET,7,TOR,3,DET,Final
20240720,mlb,401569939,LAA,2,ATH,8,ATH,Final
20240720,mlb,401569948,NYM,1,MIA,0,NYM,Final
20240720,mlb,401569949,PHI,1,PIT,4,PIT,Final
20240720,mlb,401569944,CIN,4,WSH,5,WSH,Final
20240720,mlb,401569941,BAL,8,TEX,4,BAL,Final
20240720,mlb,401569943,CHW,1,KC,6,KC,Final
20240720,mlb,401569947,MIL,8,MIN,4,MIL,Final/12
20240720,mlb,401569950,SD,7,CLE,0,SD,Final
20240720,mlb,401569940,ARI,3,CHC,0,ARI,Final
20240720,mlb,401569942,BOS,6,LAD,7,LAD,Final/11
20240720,mlb,401569952,STL,9,ATL,5,STL,Final
20240720,mlb,401569951,SF,3,COL,4,COL,Final
20240720,mlb,401569946,HOU,4,SEA,2,HOU,Final
20240721,mlb,401569962,MIL,8,MIN,7,MIL,Final
20240721,mlb,401569959,CIN,2,WSH,5,WSH,Final
20240721,mlb,401569964,PHI,6,PIT,0,PHI,Final
20240721,mlb,401569967,STL,6,ATL,2,STL,Final
20240721,mlb,401569968,TB,6,NYY,4,TB,Final
20240721,mlb,401569960,DET,4,TOR,5,TOR,Final
20240721,mlb,401569963,NYM,2,MIA,4,MIA,Final
20240721,mlb,401569965,SD,2,CLE,1,SD,Final
20240721,mlb,401569958,CHW,1,KC,4,KC,Final
20240721,mlb,401569955,ARI,1,CHC,2,CHC,Final/10
20240721,mlb,401569956,BAL,2,TEX,3,TEX,Final
20240721,mlb,401569966,SF,3,COL,2,SF,Final
20240721,mlb,401569954,LAA,8,ATH,5,LAA,Final
20240721,mlb,401569961,HOU,4,SEA,6,SEA,Final
20240721,mlb,401569957,BOS,6,LAD,9,LAD,Final
20240722,mlb,401569981,TB,1,NYY,9,NYY,Final
20240722,mlb,401569974,DET,8,CLE,2,DET,Final
20240722,mlb,401569977,NYM,6,MIA,4,NYM,Final
20240722,mlb,401569980,STL,1,PIT,2,PIT,Final
20240722,mlb,401569973,CIN,4,ATL,1,CIN,Final
20240722,mlb,401569978,PHI,2,MIN,7,MIN,Final
20240722,mlb,401569972,CHW,3,TEX,4,TEX,Final/10
20240722,mlb,401569976,MIL,1,CHC,3,CHC,Final
20240722,mlb,401569970,ARI,4,KC,10,KC,Final
20240722,mlb,401569971,BOS,8,COL,9,COL,Final/12
20240722,mlb,401569969,LAA,3,SEA,1,LAA,Final
20240722,mlb,401569975,HOU,0,ATH,4,ATH,Final
20240722,mlb,401569979,SF,2,LAD,3,LAD,Final
20240723,mlb,401569984,BAL,3,MIA,6,MIA,Final
20240723,mlb,401569988,DET,4,CLE,5,CLE,Final
20240723,mlb,401569995,STL,2,PIT,1,STL,Final
20240723,mlb,401569993,SD,4,WSH,0,SD,Final
20240723,mlb,401569991,NYM,3,NYY,2,NYM,Final
20240723,mlb,401569996,TB,4,TOR,2,TB,Final
20240723,mlb,401569992,PHI,3,MIN,0,PHI,Final
20240723,mlb,401569986,CHW,2,TEX,3,TEX,Final
20240723,mlb,401569990,MIL,1,CHC,0,MIL,Final
20240723,mlb,401569983,ARI,6,KC,2,ARI,Final
20240723,mlb,401569985,BOS,6,COL,0,BOS,Final
20240723,mlb,401569982,LAA,5,SEA,1,LAA,Final
20240723,mlb,401569989,HOU,2,ATH,8,ATH,Final
20240723,mlb,401569994,SF,2,LAD,5,LAD,Final
20240724,mlb,401570002,CIN,9,ATL,4,CIN,Final
20240724,mlb,401570010,STL,0,PIT,5,PIT,Final
20240724,mlb,401570007,PHI,4,MIN,5,MIN,Final
20240724,mlb,401570005,MIL,3,CHC,2,MIL,Final
20240724,mlb,401570000,BOS,7,COL,20,COL,Final
20240724,mlb,401570004,HOU,8,ATH,1,HOU,Final
20240724,mlb,401569997,LAA,2,SEA,1,LAA,Final
20240724,mlb,401569999,BAL,3,MIA,6,MIA,Final
20240724,mlb,401570003,DET,1,CLE,2,CLE,Final
20240724,mlb,401570008,SD,12,WSH,3,SD,Final
20240724,mlb,401570006,NYM,12,NYY,3,NYM,Final
20240724,mlb,401570011,TB,3,TOR,6,TOR,Final
20240724,mlb,401570001,CHW,2,TEX,10,TEX,Final
20240724,mlb,401569998,ARI,8,KC,6,ARI,Final
20240724,mlb,401570009,SF,8,LAD,3,SF,Final
20240725,mlb,401570017,SD,3,WSH,0,SD,Final
20240725,mlb,401570013,BAL,7,MIA,6,BAL,Final/10
20240725,mlb,401570015,DET,3,CLE,0,DET,Final
20240725,mlb,401570014,CHW,1,TEX,2,TEX,Final
20240725,mlb,401570019,TB,13,TOR,0,TB,Final
20240725,mlb,401570018,SF,4,LAD,6,LAD,Final
20240725,mlb,401570012,ATL,2,NYM,3,NYM,Final/10
20240725,mlb,401570016,ATH,6,LAA,5,ATH,Final
20240726,mlb,401570023,CLE,3,PHI,1,CLE,Final
20240726,mlb,401570027,MIN,9,DET,3,MIN,Final
20240726,mlb,401570022,CIN,3,TB,2,CIN,Final/10
20240726,mlb,401570031,SD,6,BAL,4,SD,Final
20240726,mlb,401570033,TEX,5,TOR,6,TOR,Final
20240726,mlb,401570020,ATL,4,NYM,8,NYM,Final
20240726,mlb,401570028,NYY,7,BOS,9,BOS,Final
20240726,mlb,401570021,CHC,0,KC,6,KC,Final
20240726,mlb,401570025,LAD,0,HOU,5,HOU,Final
20240726,mlb,401570026,MIA,6,MIL,2,MIA,Final
20240726,mlb,401570032,SEA,10,CHW,0,SEA,Final
20240726,mlb,401570034,WSH,10,STL,8,WSH,Final/10
20240726,mlb,401570029,ATH,5,LAA,4,ATH,Final
20240726,mlb,401570030,PIT,3,ARI,4,ARI,Final
20240726,mlb,401570024,COL,4,SF,11,SF,Final
20240727,mlb,401570049,TEX,3,TOR,7,TOR,Final
20240727,mlb,401570047,SD,9,BAL,4,SD,Final
20240727,mlb,401570035,ATL,4,NYM,0,ATL,Final
20240727,mlb,401570037,CIN,0,TB,4,TB,Final
20240727,mlb,401570038,CLE,0,PHI,8,PHI,Final
20240727,mlb,401570043,MIN,2,DET,7,DET,Final
20240727,mlb,401570039,COL,1,SF,4,SF,Final
20240727,mlb,401570036,CHC,9,KC,4,CHC,Final
20240727,mlb,401570041,LAD,6,HOU,7,HOU,Final
20240727,mlb,401570042,MIA,7,MIL,3,MIA,Final
20240727,mlb,401570044,NYY,11,BOS,8,NYY,Final/10
20240727,mlb,401570048,SEA,6,CHW,3,SEA,Final
20240727,mlb,401570050,WSH,14,STL,3,WSH,Final
20240727,mlb,401570046,PIT,5,ARI,9,ARI,Final
20240727,mlb,401570045,ATH,3,LAA,1,ATH,Final
20240727,mlb,401570040,COL,0,SF,5,SF,Final
20240728,mlb,401570053,CIN,1,TB,2,TB,Final
20240728,mlb,401570054,CLE,4,PHI,3,CLE,Final
20240728,mlb,401570062,SD,6,BAL,8,BAL,Final
20240728,mlb,401570064,TEX,3,TOR,7,TOR,Final
20240728,mlb,401570051,ATL,9,NYM,2,ATL,Final
20240728,mlb,401570058,MIN,5,DET,0,MIN,Final
20240728,mlb,401570052,CHC,7,KC,3,CHC,Final
20240728,mlb,401570056,LAD,6,HOU,2,LAD,Final
20240728,mlb,401570057,MIA,2,MIL,6,MIL,Final
20240728,mlb,401570063,SEA,6,CHW,3,SEA,Final
20240728,mlb,401570065,WSH,3,STL,4,STL,Final
20240728,mlb,401570055,COL,4,SF,5,SF,Final
20240728,mlb,401570060,ATH,6,LAA,8,LAA,Final
20240728,mlb,401570061,PIT,6,ARI,5,PIT,Final/10
20240728,mlb,401570059,NYY,8,BOS,2,NYY,Final
20240729,mlb,401570075,TOR,5,BAL,11,BAL,Final
20240729,mlb,401570068,CLE,8,DET,4,CLE,Final
20240729,mlb,401570071,NYY,14,PHI,4,NYY,Final
20240729,mlb,401671418,TOR,8,BAL,4,TOR,Final
20240729,mlb,401570067,CHC,1,CIN,7,CIN,Final
20240729,mlb,401570070,MIN,2,NYM,15,NYM,Final
20240729,mlb,401570073,SEA,7,BOS,14,BOS,Final
20240729,mlb,401570074,TEX,6,STL,3,TEX,Final
20240729,mlb,401570066,ATL,3,MIL,8,MIL,Final
20240729,mlb,401570069,KC,8,CHW,5,KC,Final
20240729,mlb,401570072,PIT,5,HOU,3,PIT,Final
20240729,mlb,401570076,WSH,8,ARI,9,ARI,Final
20240730,mlb,401570079,CLE,5,DET,0,CLE,Final
20240730,mlb,401570090,TOR,2,BAL,6,BAL,Final
20240730,mlb,401570085,NYY,7,PHI,6,NYY,Final/12
20240730,mlb,401570083,MIA,3,TB,9,TB,Final
20240730,mlb,401570078,CHC,3,CIN,6,CIN,Final
20240730,mlb,401570084,MIN,0,NYM,2,NYM,Final
20240730,mlb,401570088,SEA,10,BOS,6,SEA,Final
20240730,mlb,401570089,TEX,1,STL,8,STL,Final
20240730,mlb,401570077,ATL,5,MIL,1,ATL,Final
20240730,mlb,401570081,KC,4,CHW,3,KC,Final
20240730,mlb,401570087,PIT,6,HOU,2,PIT,Final
20240730,mlb,401570080,COL,7,LAA,10,LAA,Final
20240730,mlb,401570082,LAD,5,SD,6,SD,Final/10
20240730,mlb,401570091,WSH,0,ARI,17,ARI,Final
20240730,mlb,401570086,ATH,5,SF,2,ATH,Final
20240731,mlb,401570097,MIA,6,TB,2,MIA,Final
20240731,mlb,401570099,NYY,6,PHI,5,NYY,Final
20240731,mlb,401570104,TOR,4,BAL,10,BAL,Final
20240731,mlb,401570098,MIN,8,NYM,3,MIN,Final
20240731,mlb,401570092,ATL,6,MIL,2,ATL,Final
20240731,mlb,401570095,KC,10,CHW,3,KC,Final
20240731,mlb,401570103,TEX,1,STL,10,STL,Final
20240731,mlb,401570105,WSH,4,ARI,5,ARI,Final
20240731,mlb,401570102,SEA,2,BOS,3,BOS,Final/10
20240731,mlb,401570093,CHC,13,CIN,4,CHC,Final
20240731,mlb,401570101,PIT,4,HOU,5,HOU,Final
20240731,mlb,401570096,LAD,1,SD,8,SD,Final
20240731,mlb,401570094,COL,2,LAA,1,COL,Final
20240731,mlb,401570100,ATH,0,SF,1,SF,Final
20240801,mlb,401570106,BAL,3,CLE,10,CLE,Final
20240801,mlb,401570108,KC,7,DET,1,KC,Final
20240801,mlb,401570109,MIA,2,ATL,4,ATL,Final
20240801,mlb,401570110,STL,4,CHC,5,CHC,Final
20240801,mlb,401570107,COL,5,LAA,4,COL,Final/10
20240802,mlb,401570123,STL,3,CHC,6,CHC,Final
20240802,mlb,401570111,ARI,9,PIT,8,ARI,Final
20240802,mlb,401570116,KC,9,DET,2,KC,Final
20240802,mlb,401570119,MIL,8,WSH,3,MIL,Final
20240802,mlb,401570125,TOR,8,NYY,5,TOR,Final
20240802,mlb,401570112,BAL,4,CLE,8,CLE,Final
20240802,mlb,401570122,SF,3,CIN,0,SF,Final
20240802,mlb,401570118,MIA,3,ATL,5,ATL,Final
20240802,mlb,401570113,BOS,11,TEX,6,BOS,Final
20240802,mlb,401570114,CHW,2,MIN,10,MIN,Final
20240802,mlb,401570124,TB,2,HOU,3,HOU,Final
20240802,mlb,401570120,NYM,5,LAA,1,NYM,Final
20240802,mlb,401570115,COL,5,SD,2,COL,Final
20240802,mlb,401570117,LAD,5,ATH,6,ATH,Final
20240802,mlb,401570121,PHI,2,SEA,10,SEA,Final
20240803,mlb,401570140,TOR,3,NYY,8,NYY,Final
20240803,mlb,401570138,STL,5,CHC,4,STL,Final
20240803,mlb,401570134,MIL,4,WSH,6,WSH,Final
20240803,mlb,401570131,KC,5,DET,6,DET,Final/11
20240803,mlb,401570126,ARI,2,PIT,4,PIT,Final
20240803,mlb,401570128,BOS,4,TEX,7,TEX,Final
20240803,mlb,401570129,CHW,2,MIN,6,MIN,Final
20240803,mlb,401570127,BAL,7,CLE,4,BAL,Final
20240803,mlb,401570137,SF,4,CIN,6,CIN,Final
20240803,mlb,401570139,TB,6,HOU,1,TB,Final
20240803,mlb,401570133,MIA,4,ATL,3,MIA,Final
20240803,mlb,401570130,COL,2,SD,3,SD,Final
20240803,mlb,401570132,LAD,10,ATH,0,LAD,Final
20240803,mlb,401570135,NYM,4,LAA,5,LAA,Final
20240803,mlb,401570136,PHI,5,SEA,6,SEA,Final/10
20240804,mlb,401570152,SF,8,CIN,2,SF,Final
20240804,mlb,401570141,ARI,6,PIT,5,ARI,Final
20240804,mlb,401570148,MIA,7,ATL,0,MIA,Final
20240804,mlb,401570149,MIL,3,WSH,4,WSH,Final
20240804,mlb,401570155,TOR,3,NYY,4,NYY,Final/10
20240804,mlb,401570142,BAL,9,CLE,5,BAL,Final
20240804,mlb,401570146,KC,3,DET,2,KC,Final
20240804,mlb,401570144,CHW,7,MIN,13,MIN,Final
20240804,mlb,401570154,TB,1,HOU,0,TB,Final
20240804,mlb,401570143,BOS,7,TEX,2,BOS,Final
20240804,mlb,401570147,LAD,3,ATH,2,LAD,Final
20240804,mlb,401570150,NYM,2,LAA,3,LAA,Final
20240804,mlb,401570145,COL,2,SD,10,SD,Final
20240804,mlb,401570151,PHI,6,SEA,0,PHI,Final
20240804,mlb,401570153,STL,2,CHC,6,CHC,Final
20240805,mlb,401658693,NYM,6,STL,0,NYM,Final
20240805,mlb,401570156,ARI,7,CLE,6,ARI,Final/10
20240805,mlb,401570159,CIN,10,MIA,3,CIN,Final
20240805,mlb,401570163,SF,4,WSH,1,SF,Final
20240805,mlb,401570160,HOU,3,TEX,4,TEX,Final/10
20240805,mlb,401570161,MIN,3,CHC,0,MIN,Final
20240805,mlb,401570157,BOS,9,KC,5,BOS,Final
20240805,mlb,401570158,CHW,1,ATH,5,ATH,Final
20240805,mlb,401570162,PHI,3,LAD,5,LAD,Final
20240806,mlb,401570169,CIN,8,MIA,2,CIN,Final
20240806,mlb,401570176,SD,6,PIT,0,SD,Final
20240806,mlb,401570177,SF,5,WSH,11,WSH,Final
20240806,mlb,401570166,BAL,2,TOR,5,TOR,Final
20240806,mlb,401570172,MIL,10,ATL,0,MIL,Final
20240806,mlb,401570178,TB,3,STL,4,STL,Final
20240806,mlb,401570171,HOU,4,TEX,2,HOU,Final
20240806,mlb,401570173,MIN,3,CHC,7,CHC,Final
20240806,mlb,401570167,BOS,6,KC,5,BOS,Final
20240806,mlb,401570174,NYM,3,COL,6,COL,Final
20240806,mlb,401570168,CHW,5,ATH,1,CHW,Final
20240806,mlb,401570170,DET,4,SEA,2,DET,Final
20240806,mlb,401570175,PHI,6,LAD,2,PHI,Final
20240807,mlb,401570180,ARI,7,CLE,3,ARI,Final
20240807,mlb,401570188,MIN,2,CHC,8,CHC,Final
20240807,mlb,401570186,HOU,6,TEX,4,HOU,Final
20240807,mlb,401570183,CHW,2,ATH,3,ATH,Final
20240807,mlb,401702507,LAA,2,NYY,5,NYY,Final
20240807,mlb,401702536,ARI,5,CLE,3,ARI,Final
20240807,mlb,401570184,CIN,4,MIA,6,MIA,Final
20240807,mlb,401570191,SD,9,PIT,8,SD,Final/10
20240807,mlb,401570192,SF,7,WSH,4,SF,Final
20240807,mlb,401570181,BAL,7,TOR,3,BAL,Final
20240807,mlb,401570187,MIL,8,ATL,5,MIL,Final
20240807,mlb,401570179,LAA,8,NYY,2,LAA,Final
20240807,mlb,401570193,TB,2,STL,5,STL,Final
20240807,mlb,401570182,BOS,4,KC,8,KC,Final
20240807,mlb,401570189,NYM,5,COL,3,NYM,Final
20240807,mlb,401570185,DET,6,SEA,2,DET,Final
20240807,mlb,401570190,PHI,9,LAD,4,PHI,Final
20240808,mlb,401570202,SF,9,WSH,5,SF,Final/10
20240808,mlb,401570198,MIL,16,ATL,7,MIL,Final
20240808,mlb,401570201,SD,7,PIT,6,SD,Final
20240808,mlb,401570199,NYM,9,COL,1,NYM,Final
20240808,mlb,401570196,CIN,10,MIA,4,CIN,Final/10
20240808,mlb,401570194,LAA,9,NYY,4,LAA,Final
20240808,mlb,401570195,BAL,6,TOR,7,TOR,Final
20240808,mlb,401570203,TB,6,STL,4,TB,Final
20240808,mlb,401570197,DET,3,SEA,4,SEA,Final
20240808,mlb,401570200,PHI,6,ARI,4,PHI,Final
20240809,mlb,401653872,CLE,2,MIN,4,MIN,Final
20240809,mlb,401570204,LAA,2,WSH,3,WSH,Final/10
20240809,mlb,401570206,BAL,4,TB,1,BAL,Final
20240809,mlb,401570213,ATH,1,TOR,3,TOR,Final
20240809,mlb,401570211,HOU,8,BOS,4,HOU,Final
20240809,mlb,401570216,SD,6,MIA,2,SD,Final/10
20240809,mlb,401570207,CHC,7,CHW,6,CHC,Final
20240809,mlb,401570208,CIN,3,MIL,8,MIL,Final
20240809,mlb,401570209,CLE,3,MIN,6,MIN,Final
20240809,mlb,401570217,STL,8,KC,5,STL,Final
20240809,mlb,401570205,ATL,5,COL,6,COL,Final
20240809,mlb,401570214,PHI,2,ARI,3,ARI,Final
20240809,mlb,401570212,NYM,0,SEA,6,SEA,Final
20240809,mlb,401570215,PIT,5,LAD,9,LAD,Final
20240809,mlb,401570210,DET,2,SF,3,SF,Final
20240810,mlb,401570233,TEX,0,NYY,8,NYY,Final
20240810,mlb,401570228,ATH,1,TOR,0,ATH,Final
20240810,mlb,401570225,DET,1,SF,3,SF,Final
20240810,mlb,401570226,HOU,5,BOS,4,HOU,Final
20240810,mlb,401570231,SD,9,MIA,8,SD,Final/10
20240810,mlb,401702747,TEX,9,NYY,4,TEX,Final
20240810,mlb,401570219,LAA,4,WSH,5,WSH,Final/10
20240810,mlb,401570223,CIN,0,MIL,1,MIL,Final
20240810,mlb,401570224,CLE,2,MIN,1,CLE,Final
20240810,mlb,401570232,STL,3,KC,8,KC,Final
20240810,mlb,401570221,BAL,7,TB,5,BAL,Final
20240810,mlb,401570222,CHC,3,CHW,1,CHC,Final
20240810,mlb,401570220,ATL,11,COL,8,ATL,Final
20240810,mlb,401570229,PHI,1,ARI,11,ARI,Final
20240810,mlb,401570230,PIT,1,LAD,4,LAD,Final
20240810,mlb,401570227,NYM,0,SEA,4,SEA,Final
20240811,mlb,401570234,LAA,6,WSH,4,LAA,Final
20240811,mlb,401570240,HOU,10,BOS,2,HOU,Final
20240811,mlb,401570246,TEX,7,NYY,8,NYY,Final
20240811,mlb,401570242,ATH,8,TOR,4,ATH,Final
20240811,mlb,401570236,BAL,1,TB,2,TB,Final
20240811,mlb,401570245,SD,6,MIA,7,MIA,Final
20240811,mlb,401570237,CIN,4,MIL,3,CIN,Final
20240811,mlb,401570238,CLE,5,MIN,3,CLE,Final
20240811,mlb,401570235,ATL,8,COL,9,COL,Final
20240811,mlb,401570239,DET,5,SF,4,DET,Final
20240811,mlb,401570243,PHI,5,ARI,12,ARI,Final
20240811,mlb,401570244,PIT,5,LAD,6,LAD,Final/10
20240811,mlb,401570241,NYM,1,SEA,12,SEA,Final
20240812,mlb,401570248,CHC,8,CLE,9,CLE,Final
20240812,mlb,401570255,STL,1,CIN,6,CIN,Final
20240812,mlb,401570250,HOU,6,TB,1,HOU,Final
20240812,mlb,401570256,TEX,4,BOS,5,BOS,Final/10
20240812,mlb,401570251,KC,3,MIN,8,MIN,Final
20240812,mlb,401570252,LAD,5,MIL,2,LAD,Final
20240812,mlb,401570253,NYY,2,CHW,12,CHW,Final
20240812,mlb,401570257,TOR,4,LAA,2,TOR,Final
20240812,mlb,401570249,COL,4,ARI,5,ARI,Final
20240812,mlb,401570254,PIT,1,SD,2,SD,Final
20240812,mlb,401570247,ATL,1,SF,0,ATL,Final/10
20240813,mlb,401570272,WSH,9,BAL,3,WSH,Final
20240813,mlb,401570259,CHC,1,CLE,2,CLE,Final
20240813,mlb,401570264,MIA,5,PHI,0,MIA,Final
20240813,mlb,401570268,SEA,1,DET,15,DET,Final
20240813,mlb,401570269,STL,1,CIN,4,CIN,Final
20240813,mlb,401570261,HOU,3,TB,2,HOU,Final
20240813,mlb,401570266,ATH,9,NYM,4,ATH,Final
20240813,mlb,401570270,TEX,4,BOS,9,BOS,Final
20240813,mlb,401570262,KC,3,MIN,13,MIN,Final
20240813,mlb,401570263,LAD,7,MIL,2,LAD,Final
20240813,mlb,401570265,NYY,4,CHW,1,NYY,Final
20240813,mlb,401570271,TOR,6,LAA,1,TOR,Final
20240813,mlb,401570260,COL,3,ARI,4,ARI,Final
20240813,mlb,401570267,PIT,0,SD,3,SD,Final
20240813,mlb,401570258,ATL,4,SF,3,ATL,Final/10
20240814,mlb,401570277,KC,4,MIN,1,KC,Final
20240814,mlb,401570275,COL,4,ARI,11,ARI,Final
20240814,mlb,401570282,PIT,2,SD,8,SD,Final
20240814,mlb,401570285,TEX,9,BOS,7,TEX,Final/10
20240814,mlb,401570287,WSH,1,BAL,4,BAL,Final
20240814,mlb,401570274,CHC,1,CLE,6,CLE,Final
20240814,mlb,401570279,MIA,5,PHI,9,PHI,Final
20240814,mlb,401570283,SEA,2,DET,3,DET,Final/10
20240814,mlb,401570284,STL,2,CIN,9,CIN,Final
20240814,mlb,401570276,HOU,2,TB,1,HOU,Final/10
20240814,mlb,401570281,ATH,1,NYM,9,NYM,Final
20240814,mlb,401570278,LAD,4,MIL,5,MIL,Final
20240814,mlb,401570280,NYY,10,CHW,2,NYY,Final
20240814,mlb,401570286,TOR,9,LAA,2,TOR,Final
20240814,mlb,401570273,ATL,13,SF,2,ATL,Final
20240815,mlb,401570292,ATH,7,NYM,6,ATH,Final
20240815,mlb,401570293,SEA,1,DET,2,DET,Final
20240815,mlb,401570290,LAD,4,MIL,6,MIL,Final
20240815,mlb,401570288,ATL,0,SF,6,SF,Final
20240815,mlb,401570289,BOS,1,BAL,5,BAL,Final
20240815,mlb,401570294,WSH,3,PHI,13,PHI,Final
20240815,mlb,401570291,MIN,3,TEX,2,MIN,Final
20240816,mlb,401570307,TOR,5,CHC,6,CHC,Final/10
20240816,mlb,401570300,KC,7,CIN,1,KC,Final
20240816,mlb,401570304,NYY,3,DET,0,NYY,Final
20240816,mlb,401570306,SEA,3,PIT,5,PIT,Final
20240816,mlb,401570308,WSH,2,PHI,3,PHI,Final
20240816,mlb,401570295,ARI,4,TB,5,TB,Final
20240816,mlb,401570297,BOS,12,BAL,10,BOS,Final
20240816,mlb,401570302,MIA,3,NYM,7,NYM,Final
20240816,mlb,401570303,MIN,4,TEX,3,MIN,Final
20240816,mlb,401570298,CHW,5,HOU,4,CHW,Final
20240816,mlb,401570299,CLE,3,MIL,5,MIL,Final
20240816,mlb,401570301,LAD,7,STL,6,LAD,Final
20240816,mlb,401570305,SD,3,COL,7,COL,Final
20240816,mlb,401570296,ATL,2,LAA,3,LAA,Final
20240817,mlb,401570320,SEA,2,PIT,7,PIT,Final
20240817,mlb,401570318,NYY,0,DET,4,DET,Final
20240817,mlb,401570322,TOR,2,CHC,3,CHC,Final
20240817,mlb,401570309,ARI,1,TB,6,TB,Final
20240817,mlb,401570316,MIA,0,NYM,4,NYM,Final
20240817,mlb,401570323,WSH,1,PHI,5,PHI,Final
20240817,mlb,401570314,KC,13,CIN,1,KC,Final
20240817,mlb,401570311,BOS,5,BAL,1,BOS,Final
20240817,mlb,401570317,MIN,5,TEX,2,MIN,Final
20240817,mlb,401570321,SF,0,ATH,2,ATH,Final
20240817,mlb,401570312,CHW,1,HOU,6,HOU,Final
20240817,mlb,401570313,CLE,1,MIL,2,MIL,Final
20240817,mlb,401570315,LAD,2,STL,5,STL,Final
20240817,mlb,401570319,SD,8,COL,3,SD,Final
20240817,mlb,401570310,ATL,11,LAA,3,ATL,Final
20240818,mlb,401570331,MIA,3,NYM,2,MIA,Final
20240818,mlb,401570326,BOS,2,BAL,4,BAL,Final
20240818,mlb,401570335,SEA,10,PIT,3,SEA,Final
20240818,mlb,401570338,WSH,6,PHI,4,WSH,Final
20240818,mlb,401570324,ARI,7,TB,8,TB,Final/12
20240818,mlb,401570329,KC,8,CIN,1,KC,Final
20240818,mlb,401570327,CHW,0,HOU,2,HOU,Final
20240818,mlb,401570328,CLE,0,MIL,2,MIL,Final
20240818,mlb,401570330,LAD,2,STL,1,LAD,Final
20240818,mlb,401570337,TOR,1,CHC,0,TOR,Final
20240818,mlb,401570332,MIN,5,TEX,6,TEX,Final/10
20240818,mlb,401570334,SD,2,COL,3,COL,Final
20240818,mlb,401570325,ATL,3,LAA,1,ATL,Final
20240818,mlb,401570336,SF,4,ATH,2,SF,Final/10
20240818,mlb,401570333,NYY,2,DET,3,DET,Final/10
20240819,mlb,401570340,ARI,9,MIA,6,ARI,Final
20240819,mlb,401570344,CIN,6,TOR,3,CIN,Final
20240819,mlb,401570341,BAL,3,NYM,4,NYM,Final
20240819,mlb,401570346,PIT,3,TEX,4,TEX,Final
20240819,mlb,401570339,LAA,3,KC,5,KC,Final
20240819,mlb,401570342,BOS,4,HOU,5,HOU,Final
20240819,mlb,401570345,MIN,3,SD,5,SD,Final
20240819,mlb,401570348,TB,0,ATH,3,ATH,Final
20240819,mlb,401570343,CHW,3,SF,5,SF,Final
20240819,mlb,401570347,SEA,0,LAD,3,LAD,Final
20240820,mlb,401570350,ARI,3,MIA,1,ARI,Final
20240820,mlb,401570356,COL,3,WSH,1,COL,Final
20240820,mlb,401570355,CLE,9,NYY,5,CLE,Final/12
20240820,mlb,401570354,CIN,3,TOR,10,TOR,Final
20240820,mlb,401570351,BAL,9,NYM,5,BAL,Final
20240820,mlb,401570360,PHI,1,ATL,3,ATL,Final
20240820,mlb,401570358,MIL,3,STL,2,MIL,Final
20240820,mlb,401570357,DET,1,CHC,3,CHC,Final
20240820,mlb,401570361,PIT,4,TEX,0,PIT,Final
20240820,mlb,401570349,LAA,9,KC,5,LAA,Final
20240820,mlb,401570352,BOS,6,HOU,5,BOS,Final
20240820,mlb,401570359,MIN,5,SD,7,SD,Final
20240820,mlb,401570363,TB,1,ATH,0,TB,Final
20240820,mlb,401570353,CHW,1,SF,4,SF,Final
20240820,mlb,401570362,SEA,3,LAD,6,LAD,Final
20240821,mlb,401570366,BAL,3,NYM,4,NYM,Final
20240821,mlb,401570367,BOS,4,HOU,1,BOS,Final
20240821,mlb,401570376,PIT,0,TEX,1,TEX,Final
20240821,mlb,401570368,CHW,6,SF,2,CHW,Final
20240821,mlb,401570365,ARI,10,MIA,8,ARI,Final
20240821,mlb,401570374,MIN,11,SD,4,MIN,Final
20240821,mlb,401570371,COL,1,WSH,6,WSH,Final
20240821,mlb,401570370,CLE,1,NYY,8,NYY,Final
20240821,mlb,401570369,CIN,11,TOR,7,CIN,Final
20240821,mlb,401570375,PHI,3,ATL,2,PHI,Final
20240821,mlb,401570373,MIL,6,STL,10,STL,Final/10
20240821,mlb,401570372,DET,8,CHC,2,DET,Final
20240821,mlb,401570364,LAA,0,KC,3,KC,Final
20240821,mlb,401570378,TB,4,ATH,2,TB,Final
20240821,mlb,401570377,SEA,4,LAD,8,LAD,Final
20240822,mlb,401570381,CLE,0,NYY,6,NYY,Final
20240822,mlb,401570382,COL,3,WSH,8,WSH,Final
20240822,mlb,401570385,MIL,0,STL,3,STL,Final
20240822,mlb,401570383,DET,2,CHC,10,CHC,Final
20240822,mlb,401570388,TB,1,ATH,3,ATH,Final
20240822,mlb,401570380,CIN,0,PIT,7,PIT,Final
20240822,mlb,401570379,LAA,3,TOR,5,TOR,Final
20240822,mlb,401570384,HOU,6,BAL,0,HOU,Final
20240822,mlb,401570387,PHI,2,ATL,3,ATL,Final
20240822,mlb,401570386,NYM,8,SD,3,NYM,Final
20240823,mlb,401570392,CIN,5,PIT,6,PIT,Final
20240823,mlb,401570393,COL,0,NYY,3,NYY,Final
20240823,mlb,401570395,HOU,5,BAL,7,BAL,Final
20240823,mlb,401570389,LAA,4,TOR,5,TOR,Final
20240823,mlb,401570390,ARI,12,BOS,2,ARI,Final
20240823,mlb,401570391,CHC,6,MIA,3,CHC,Final
20240823,mlb,401570402,TEX,5,CLE,3,TEX,Final
20240823,mlb,401570403,WSH,2,ATL,3,ATL,Final/10
20240823,mlb,401570394,DET,5,CHW,2,DET,Final
20240823,mlb,401570398,PHI,4,KC,7,KC,Final
20240823,mlb,401570400,STL,6,MIN,1,STL,Final
20240823,mlb,401570396,MIL,11,ATH,3,MIL,Final
20240823,mlb,401570397,NYM,0,SD,7,SD,Final
20240823,mlb,401570399,SF,5,SEA,6,SEA,Final/10
20240823,mlb,401570401,TB,3,LAD,7,LAD,Final
20240824,mlb,401570408,COL,9,NYY,2,COL,Final
20240824,mlb,401570404,LAA,1,TOR,3,TOR,Final
20240824,mlb,401570410,HOU,2,BAL,3,BAL,Final
20240824,mlb,401570411,MIL,9,ATH,5,MIL,Final
20240824,mlb,401570405,ARI,4,BOS,1,ARI,Final
20240824,mlb,401570406,CHC,14,MIA,2,CHC,Final
20240824,mlb,401570414,SF,4,SEA,3,SF,Final
20240824,mlb,401570407,CIN,10,PIT,2,CIN,Final
20240824,mlb,401570409,DET,13,CHW,4,DET,Final
20240824,mlb,401570413,PHI,11,KC,2,PHI,Final
20240824,mlb,401570415,STL,0,MIN,6,MIN,Final
20240824,mlb,401570417,TEX,5,CLE,13,CLE,Final
20240824,mlb,401570418,WSH,2,ATL,4,ATL,Final
20240824,mlb,401570412,NYM,7,SD,1,NYM,Final
20240824,mlb,401570416,TB,9,LAD,8,TB,Final/10
20240825,mlb,401570433,WSH,5,ATL,1,WSH,Final
20240825,mlb,401570420,ARI,7,BOS,5,ARI,Final
20240825,mlb,401570422,CIN,3,PIT,4,PIT,Final
20240825,mlb,401570423,COL,3,NYY,10,NYY,Final
20240825,mlb,401570419,LAA,2,TOR,8,TOR,Final
20240825,mlb,401570421,CHC,2,MIA,7,MIA,Final
20240825,mlb,401570432,TEX,2,CLE,4,CLE,Final
20240825,mlb,401570424,DET,9,CHW,4,DET,Final
20240825,mlb,401570428,PHI,11,KC,3,PHI,Final
20240825,mlb,401570430,STL,3,MIN,2,STL,Final
20240825,mlb,401570426,MIL,3,ATH,4,ATH,Final
20240825,mlb,401570427,NYM,2,SD,3,SD,Final
20240825,mlb,401570429,SF,3,SEA,4,SEA,Final
20240825,mlb,401570431,TB,1,LAD,3,LAD,Final
20240825,mlb,401570425,HOU,6,BAL,3,HOU,Final
20240826,mlb,401676916,KC,4,CLE,3,KC,Final
20240826,mlb,401570435,CHC,18,PIT,8,CHC,Final
20240826,mlb,401570437,HOU,2,PHI,3,PHI,Final/10
20240826,mlb,401570438,KC,9,CLE,4,KC,Final
20240826,mlb,401570440,NYY,5,WSH,2,NYY,Final
20240826,mlb,401570443,TOR,7,BOS,3,TOR,Final
20240826,mlb,401570434,ATL,10,MIN,6,ATL,Final
20240826,mlb,401570441,SD,7,STL,4,SD,Final
20240826,mlb,401570436,DET,6,CHW,3,DET,Final
20240826,mlb,401570439,MIA,2,COL,3,COL,Final
20240826,mlb,401570442,TB,1,SEA,5,SEA,Final
20240827,mlb,401570444,LAA,2,DET,6,DET,Final
20240827,mlb,401570447,CHC,9,PIT,5,CHC,Final
20240827,mlb,401570448,HOU,0,PHI,5,PHI,Final
20240827,mlb,401570449,KC,6,CLE,1,KC,Final
20240827,mlb,401570453,ATH,5,CIN,4,ATH,Final
20240827,mlb,401570451,NYY,2,WSH,4,WSH,Final
20240827,mlb,401570458,TOR,3,BOS,6,BOS,Final
20240827,mlb,401570445,ATL,8,MIN,6,ATL,Final/10
20240827,mlb,401570454,SD,7,STL,5,SD,Final
20240827,mlb,401570455,SF,5,MIL,4,SF,Final
20240827,mlb,401570457,TEX,3,CHW,1,TEX,Final
20240827,mlb,401570450,MIA,9,COL,8,MIA,Final
20240827,mlb,401570452,NYM,8,ARI,3,NYM,Final
20240827,mlb,401570456,TB,3,SEA,2,TB,Final
20240827,mlb,401570446,BAL,3,LAD,2,BAL,Final
20240828,mlb,401570462,CHC,14,PIT,10,CHC,Final
20240828,mlb,401570464,KC,5,CLE,7,CLE,Final
20240828,mlb,401570463,HOU,10,PHI,0,HOU,Final
20240828,mlb,401570471,TB,2,SEA,6,SEA,Final
20240828,mlb,401570468,ATH,9,CIN,6,ATH,Final
20240828,mlb,401570466,NYY,2,WSH,5,WSH,Final
20240828,mlb,401570473,TOR,0,BOS,3,BOS,Final
20240828,mlb,401570460,ATL,5,MIN,1,ATL,Final
20240828,mlb,401570469,SD,3,STL,4,STL,Final
20240828,mlb,401570470,SF,3,MIL,5,MIL,Final
20240828,mlb,401570472,TEX,4,CHW,3,TEX,Final
20240828,mlb,401570459,LAA,2,DET,3,DET,Final
20240828,mlb,401570465,MIA,2,COL,8,COL,Final
20240828,mlb,401570467,NYM,5,ARI,8,ARI,Final
20240828,mlb,401570461,BAL,4,LAD,6,LAD,Final
20240829,mlb,401570474,LAA,3,DET,0,LAA,Final
20240829,mlb,401570482,SF,0,MIL,6,MIL,Final
20240829,mlb,401570483,TEX,2,CHW,1,TEX,Final
20240829,mlb,401570481,SD,1,STL,4,STL,Final
20240829,mlb,401570478,MIA,12,COL,8,MIA,Final
20240829,mlb,401570479,NYM,3,ARI,2,NYM,Final
20240829,mlb,401570480,ATH,9,CIN,10,CIN,Final
20240829,mlb,401570475,ATL,4,PHI,5,PHI,Final
20240829,mlb,401570484,TOR,2,BOS,0,TOR,Final
20240829,mlb,401570477,KC,3,HOU,6,HOU,Final
20240829,mlb,401570476,BAL,3,LAD,6,LAD,Final
20240830,mlb,401654222,MIL,5,CIN,4,MIL,Final/10
20240830,mlb,401570485,ATL,7,PHI,2,ATL,Final
20240830,mlb,401570487,BOS,7,DET,5,BOS,Final/10
20240830,mlb,401570492,MIL,14,CIN,0,MIL,Final
20240830,mlb,401570488,CHC,7,WSH,6,CHC,Final
20240830,mlb,401570496,SD,13,TB,5,SD,Final
20240830,mlb,401570498,STL,3,NYY,6,NYY,Final
20240830,mlb,401570495,PIT,8,CLE,10,CLE,Final
20240830,mlb,401570494,ATH,9,TEX,2,ATH,Final
20240830,mlb,401570489,KC,2,HOU,3,HOU,Final
20240830,mlb,401570493,NYM,5,CHW,1,NYM,Final
20240830,mlb,401570499,TOR,0,MIN,2,MIN,Final
20240830,mlb,401570486,BAL,5,COL,3,BAL,Final
20240830,mlb,401570497,SEA,9,LAA,5,SEA,Final
20240830,mlb,401570490,LAD,10,ARI,9,LAD,Final
20240830,mlb,401570491,MIA,1,SF,3,SF,Final
20240831,mlb,401570513,STL,6,NYY,5,STL,Final
20240831,mlb,401570503,CHC,5,WSH,3,CHC,Final
20240831,mlb,401570511,SD,4,TB,11,TB,Final
20240831,mlb,401570502,BOS,1,DET,2,DET,Final
20240831,mlb,401570510,PIT,3,CLE,0,PIT,Final
20240831,mlb,401570509,ATH,2,TEX,3,TEX,Final
20240831,mlb,401570504,KC,2,HOU,5,HOU,Final
20240831,mlb,401570508,NYM,5,CHW,3,NYM,Final
20240831,mlb,401570514,TOR,15,MIN,0,TOR,Final
20240831,mlb,401570500,ATL,0,PHI,3,PHI,Final
20240831,mlb,401570507,MIL,5,CIN,4,MIL,Final
20240831,mlb,401570501,BAL,5,COL,7,COL,Final
20240831,mlb,401570505,LAD,8,ARI,6,LAD,Final
20240831,mlb,401570506,MIA,4,SF,3,MIA,Final
20240831,mlb,401570512,SEA,4,LAA,5,LAA,Final
20240901,mlb,401570522,MIL,3,CIN,4,CIN,Final/11
20240901,mlb,401570518,CHC,14,WSH,1,CHC,Final
20240901,mlb,401570528,STL,14,NYY,7,STL,Final
20240901,mlb,401570517,BOS,1,DET,4,DET,Final
20240901,mlb,401570525,PIT,1,CLE,6,CLE,Final
20240901,mlb,401570526,SD,4,TB,3,SD,Final
20240901,mlb,401570519,KC,2,HOU,7,HOU,Final
20240901,mlb,401570523,NYM,2,CHW,0,NYM,Final
20240901,mlb,401570529,TOR,3,MIN,4,MIN,Final
20240901,mlb,401570524,ATH,4,TEX,6,TEX,Final/10
20240901,mlb,401570516,BAL,6,COL,1,BAL,Final
20240901,mlb,401570521,MIA,7,SF,5,MIA,Final
20240901,mlb,401570527,SEA,2,LAA,3,LAA,Final
20240901,mlb,401570520,LAD,3,ARI,14,ARI,Final
20240901,mlb,401570515,ATL,2,PHI,3,PHI,Final/11
20240902,mlb,401570540,STL,3,MIL,9,MIL,Final
20240902,mlb,401570531,CHW,3,BAL,13,BAL,Final
20240902,mlb,401570532,CLE,4,KC,2,CLE,Final
20240902,mlb,401570534,HOU,3,CIN,5,CIN,Final
20240902,mlb,401570535,LAD,11,ARI,6,LAD,Final
20240902,mlb,401570533,DET,0,SD,3,SD,Final
20240902,mlb,401570536,MIN,5,TB,4,MIN,Final
20240902,mlb,401570539,SEA,4,ATH,5,ATH,Final
20240902,mlb,401570530,BOS,1,NYM,4,NYM,Final
20240902,mlb,401570538,PIT,5,CHC,3,PIT,Final
20240902,mlb,401570537,NYY,8,TEX,4,NYY,Final
20240903,mlb,401570543,CHW,0,BAL,9,BAL,Final
20240903,mlb,401570553,WSH,6,MIA,2,WSH,Final
20240903,mlb,401570547,MIN,1,TB,2,TB,Final
20240903,mlb,401570549,PHI,10,TOR,9,PHI,Final
20240903,mlb,401570542,BOS,2,NYM,7,NYM,Final
20240903,mlb,401570545,COL,0,ATL,3,ATL,Final
20240903,mlb,401570544,CLE,7,KC,1,CLE,Final
20240903,mlb,401570550,PIT,5,CHC,0,PIT,Final
20240903,mlb,401570552,STL,7,MIL,4,STL,Final/12
20240903,mlb,401570548,NYY,4,TEX,7,TEX,Final
20240903,mlb,401570546,LAD,6,LAA,2,LAD,Final/10
20240903,mlb,401570551,SEA,2,ATH,3,ATH,Final
20240903,mlb,401570541,ARI,8,SF,7,ARI,Final
20240904,mlb,401570564,PHI,4,TOR,2,PHI,Final
20240904,mlb,401570556,CHW,8,BAL,1,CHW,Final
20240904,mlb,401570560,HOU,5,CIN,12,CIN,Final
20240904,mlb,401570568,WSH,3,MIA,4,MIA,Final/10
20240904,mlb,401570562,MIN,4,TB,9,TB,Final
20240904,mlb,401570555,BOS,3,NYM,8,NYM,Final
20240904,mlb,401570558,COL,2,ATL,5,ATL,Final
20240904,mlb,401570557,CLE,1,KC,4,KC,Final
20240904,mlb,401570565,PIT,0,CHC,12,CHC,Final
20240904,mlb,401570567,STL,3,MIL,2,STL,Final/10
20240904,mlb,401570563,NYY,6,TEX,10,TEX,Final
20240904,mlb,401570561,LAD,1,LAA,10,LAA,Final
20240904,mlb,401570559,DET,5,SD,6,SD,Final/10
20240904,mlb,401570566,SEA,16,ATH,3,SEA,Final
20240904,mlb,401570554,ARI,6,SF,4,ARI,Final
20240905,mlb,401570573,HOU,0,CIN,1,CIN,Final
20240905,mlb,401570574,MIN,4,TB,3,MIN,Final
20240905,mlb,401570576,SEA,6,ATH,4,SEA,Final
20240905,mlb,401570570,ARI,2,SF,3,SF,Final
20240905,mlb,401570575,PHI,5,MIA,2,PHI,Final
20240905,mlb,401570577,WSH,4,PIT,9,PIT,Final
20240905,mlb,401570571,COL,3,ATL,1,COL,Final
20240905,mlb,401570569,LAA,1,TEX,3,TEX,Final
20240905,mlb,401570572,DET,4,SD,3,DET,Final
20240906,mlb,401570586,NYY,3,CHC,0,NYY,Final
20240906,mlb,401570583,COL,3,MIL,2,COL,Final
20240906,mlb,401570590,TB,0,BAL,2,BAL,Final
20240906,mlb,401570580,CHW,1,BOS,3,BOS,Final
20240906,mlb,401570581,CIN,4,NYM,6,NYM,Final/10
20240906,mlb,401570587,PHI,16,MIA,2,PHI,Final
20240906,mlb,401570591,TOR,1,ATL,3,ATL,Final
20240906,mlb,401570578,LAA,5,TEX,1,LAA,Final
20240906,mlb,401570579,ARI,0,HOU,8,HOU,Final
20240906,mlb,401570585,MIN,0,KC,5,KC,Final
20240906,mlb,401570588,SEA,6,STL,1,SEA,Final
20240906,mlb,401570584,DET,6,ATH,7,ATH,Final/13
20240906,mlb,401570589,SF,1,SD,5,SD,Final
20240906,mlb,401570582,CLE,3,LAD,1,CLE,Final
20240907,mlb,401715708,WSH,5,PIT,3,WSH,Final
20240907,mlb,401570601,NYY,2,CHC,0,NYY,Final
20240907,mlb,401570605,TB,7,BAL,1,TB,Final
20240907,mlb,401570599,DET,2,ATH,1,DET,Final
20240907,mlb,401570594,ARI,5,HOU,11,HOU,Final
20240907,mlb,401570596,CIN,0,NYM,4,NYM,Final
20240907,mlb,401570602,PHI,5,MIA,9,MIA,Final
20240907,mlb,401570607,WSH,8,PIT,6,WSH,Final
20240907,mlb,401570593,LAA,4,TEX,6,TEX,Final
20240907,mlb,401570598,COL,2,MIL,5,MIL,Final
20240907,mlb,401570595,CHW,5,BOS,7,BOS,Final
20240907,mlb,401570600,MIN,2,KC,4,KC,Final
20240907,mlb,401570603,SEA,0,STL,2,STL,Final
20240907,mlb,401570606,TOR,9,ATL,5,TOR,Final
20240907,mlb,401570604,SF,6,SD,3,SF,Final
20240907,mlb,401570597,CLE,2,LAD,7,LAD,Final
20240908,mlb,401570620,TB,2,BAL,0,TB,Final
20240908,mlb,401570610,CHW,7,BOS,2,CHW,Final
20240908,mlb,401570621,TOR,3,ATL,4,ATL,Final/11
20240908,mlb,401570622,WSH,3,PIT,7,PIT,Final
20240908,mlb,401570611,CIN,3,NYM,1,CIN,Final
20240908,mlb,401570617,PHI,1,MIA,10,MIA,Final
20240908,mlb,401570613,COL,4,MIL,1,COL,Final
20240908,mlb,401570615,MIN,0,KC,2,KC,Final
20240908,mlb,401570618,SEA,10,STL,4,SEA,Final
20240908,mlb,401570616,NYY,1,CHC,2,CHC,Final
20240908,mlb,401570608,LAA,4,TEX,7,TEX,Final
20240908,mlb,401570614,DET,9,ATH,1,DET,Final
20240908,mlb,401570612,CLE,0,LAD,4,LAD,Final
20240908,mlb,401570619,SF,7,SD,6,SF,Final
20240908,mlb,401570609,ARI,12,HOU,6,ARI,Final
20240909,mlb,401570628,MIA,2,PIT,3,PIT,Final
20240909,mlb,401570630,TB,1,PHI,2,PHI,Final
20240909,mlb,401698628,CIN,1,ATL,0,CIN,Final
20240909,mlb,401570627,KC,4,NYY,10,NYY,Final
20240909,mlb,401570629,NYM,3,TOR,2,NYM,Final
20240909,mlb,401570624,BAL,3,BOS,12,BOS,Final
20240909,mlb,401570623,LAA,6,MIN,2,LAA,Final
20240909,mlb,401570626,CLE,5,CHW,3,CLE,Final
20240909,mlb,401570625,CHC,10,LAD,4,CHC,Final
20240910,mlb,401570637,COL,0,DET,11,DET,Final
20240910,mlb,401570639,MIA,4,PIT,6,PIT,Final
20240910,mlb,401570644,TB,4,PHI,9,PHI,Final
20240910,mlb,401570632,ATL,12,WSH,0,ATL,Final
20240910,mlb,401570638,KC,5,NYY,0,KC,Final
20240910,mlb,401570641,NYM,2,TOR,6,TOR,Final
20240910,mlb,401570633,BAL,5,BOS,3,BAL,Final
20240910,mlb,401570631,LAA,5,MIN,10,MIN,Final
20240910,mlb,401570636,CLE,5,CHW,0,CLE,Final
20240910,mlb,401570635,CIN,3,STL,0,CIN,Final
20240910,mlb,401570642,ATH,4,HOU,3,ATH,Final/12
20240910,mlb,401570643,SD,7,SEA,3,SD,Final
20240910,mlb,401570645,TEX,0,ARI,6,ARI,Final
20240910,mlb,401570640,MIL,3,SF,2,MIL,Final
20240910,mlb,401570634,CHC,6,LAD,3,CHC,Final
20240911,mlb,401570654,MIA,1,PIT,3,PIT,Final
20240911,mlb,401570651,CLE,6,CHW,4,CLE,Final
20240911,mlb,401570656,NYM,6,TOR,2,NYM,Final
20240911,mlb,401570660,TEX,4,ARI,14,ARI,Final
20240911,mlb,401570652,COL,4,DET,7,DET,Final
20240911,mlb,401570659,TB,2,PHI,3,PHI,Final
20240911,mlb,401570647,ATL,1,WSH,5,WSH,Final
20240911,mlb,401570653,KC,3,NYY,4,NYY,Final/11
20240911,mlb,401570646,LAA,4,MIN,6,MIN,Final
20240911,mlb,401570648,BAL,3,BOS,5,BOS,Final/10
20240911,mlb,401570650,CIN,1,STL,2,STL,Final
20240911,mlb,401570657,ATH,5,HOU,4,ATH,Final
20240911,mlb,401570658,SD,2,SEA,5,SEA,Final
20240911,mlb,401570655,MIL,2,SF,13,SF,Final
20240911,mlb,401570649,CHC,8,LAD,10,LAD,Final
20240912,mlb,401570663,COL,4,DET,2,COL,Final
20240912,mlb,401570662,CIN,1,STL,6,STL,Final
20240912,mlb,401570666,ATH,3,HOU,6,HOU,Final
20240912,mlb,401570664,MIA,6,WSH,3,MIA,Final
20240912,mlb,401570661,BOS,1,NYY,2,NYY,Final/10
20240912,mlb,401570667,TB,5,CLE,2,TB,Final
20240912,mlb,401570668,TEX,5,SEA,4,TEX,Final
20240912,mlb,401570665,MIL,3,SF,0,MIL,Final
20240913,mlb,401570669,BAL,0,DET,1,DET,Final
20240913,mlb,401570674,KC,8,PIT,3,KC,Final
20240913,mlb,401570678,NYM,11,PHI,3,NYM,Final
20240913,mlb,401570676,MIA,1,WSH,4,WSH,Final
20240913,mlb,401570670,BOS,4,NYY,5,NYY,Final
20240913,mlb,401570681,STL,3,TOR,4,TOR,Final/11
20240913,mlb,401570682,TB,3,CLE,1,TB,Final
20240913,mlb,401570675,LAD,2,ATL,6,ATL,Final
20240913,mlb,401570679,ATH,2,CHW,0,ATH,Final
20240913,mlb,401570672,CIN,8,MIN,4,CIN,Final
20240913,mlb,401570671,CHC,5,COL,9,COL,Final
20240913,mlb,401570673,HOU,5,LAA,3,HOU,Final
20240913,mlb,401570677,MIL,2,ARI,1,MIL,Final
20240913,mlb,401570683,TEX,4,SEA,5,SEA,Final
20240913,mlb,401570680,SD,5,SF,0,SD,Final
20240914,mlb,401570685,BOS,7,NYY,1,BOS,Final
20240914,mlb,401570689,KC,5,PIT,1,KC,Final
20240914,mlb,401570696,STL,2,TOR,7,TOR,Final
20240914,mlb,401570691,MIA,1,WSH,4,WSH,Final
20240914,mlb,401570693,NYM,4,PHI,6,PHI,Final
20240914,mlb,401570684,BAL,4,DET,2,BAL,Final
20240914,mlb,401570697,TB,1,CLE,6,CLE,Final
20240914,mlb,401570687,CIN,11,MIN,1,CIN,Final
20240914,mlb,401570694,ATH,6,CHW,7,CHW,Final
20240914,mlb,401570690,LAD,1,ATL,10,ATL,Final
20240914,mlb,401570686,CHC,5,COL,6,COL,Final/10
20240914,mlb,401570692,MIL,15,ARI,8,MIL,Final
20240914,mlb,401570695,SD,8,SF,0,SD,Final
20240914,mlb,401570688,HOU,5,LAA,3,HOU,Final
20240914,mlb,401570698,TEX,4,SEA,5,SEA,Final
20240915,mlb,401570699,BAL,2,DET,4,DET,Final
20240915,mlb,401570702,CIN,2,MIN,9,MIN,Final
20240915,mlb,401570700,BOS,2,NYY,5,NYY,Final
20240915,mlb,401570704,KC,3,PIT,4,PIT,Final
20240915,mlb,401570706,MIA,3,WSH,4,WSH,Final
20240915,mlb,401570708,NYM,1,PHI,2,PHI,Final
20240915,mlb,401570711,STL,2,TOR,3,TOR,Final
20240915,mlb,401570712,TB,0,CLE,2,CLE,Final
20240915,mlb,401570709,ATH,3,CHW,4,CHW,Final
20240915,mlb,401570701,CHC,6,COL,2,CHC,Final
20240915,mlb,401570710,SD,4,SF,3,SD,Final/10
20240915,mlb,401570703,HOU,6,LAA,4,HOU,Final
20240915,mlb,401570707,MIL,10,ARI,11,ARI,Final/10
20240915,mlb,401570713,TEX,0,SEA,7,SEA,Final
20240915,mlb,401570705,LAD,9,ATL,2,LAD,Final
20240916,mlb,401570719,MIN,3,CLE,4,CLE,Final
20240916,mlb,401570723,WSH,1,NYM,2,NYM,Final/10
20240916,mlb,401570718,LAD,9,ATL,0,LAD,Final
20240916,mlb,401570716,DET,7,KC,6,DET,Final
20240916,mlb,401570720,ATH,2,CHC,9,CHC,Final
20240916,mlb,401570721,PHI,2,MIL,6,MIL,Final
20240916,mlb,401570722,PIT,0,STL,4,STL,Final
20240916,mlb,401570714,ARI,2,COL,3,COL,Final
20240916,mlb,401570715,CHW,8,LAA,4,CHW,Final
20240916,mlb,401570717,HOU,1,SD,3,SD,Final
20240917,mlb,401570736,SF,10,BAL,0,SF,Final
20240917,mlb,401570725,ATL,5,CIN,6,CIN,Final
20240917,mlb,401570730,LAD,9,MIA,11,MIA,Final
20240917,mlb,401570731,MIN,4,CLE,1,MIN,Final
20240917,mlb,401570726,BOS,3,TB,8,TB,Final
20240917,mlb,401570738,WSH,1,NYM,10,NYM,Final
20240917,mlb,401570728,DET,3,KC,1,DET,Final/10
20240917,mlb,401570733,ATH,4,CHC,3,ATH,Final
20240917,mlb,401570734,PHI,5,MIL,1,PHI,Final
20240917,mlb,401570735,PIT,1,STL,3,STL,Final
20240917,mlb,401570737,TOR,8,TEX,13,TEX,Final
20240917,mlb,401570724,ARI,2,COL,8,COL,Final
20240917,mlb,401570727,CHW,0,LAA,5,LAA,Final
20240917,mlb,401570729,HOU,4,SD,3,HOU,Final/10
20240917,mlb,401570732,NYY,11,SEA,2,NYY,Final
20240918,mlb,401570748,ATH,5,CHC,3,ATH,Final
20240918,mlb,401570739,ARI,9,COL,4,ARI,Final
20240918,mlb,401570742,CHW,3,LAA,4,LAA,Final/13
20240918,mlb,401570751,SF,5,BAL,3,SF,Final
20240918,mlb,401570740,ATL,7,CIN,1,ATL,Final
20240918,mlb,401570744,HOU,0,SD,4,SD,Final
20240918,mlb,401570745,LAD,8,MIA,4,LAD,Final
20240918,mlb,401570746,MIN,4,CLE,5,CLE,Final/10
20240918,mlb,401570741,BOS,2,TB,1,BOS,Final
20240918,mlb,401570753,WSH,0,NYM,10,NYM,Final
20240918,mlb,401570743,DET,4,KC,2,DET,Final
20240918,mlb,401570749,PHI,1,MIL,2,MIL,Final
20240918,mlb,401570750,PIT,5,STL,10,STL,Final
20240918,mlb,401570752,TOR,0,TEX,2,TEX,Final
20240918,mlb,401570747,NYY,2,SEA,1,NYY,Final/10
20240919,mlb,401570763,SF,3,BAL,5,BAL,Final
20240919,mlb,401570756,ATL,15,CIN,3,ATL,Final
20240919,mlb,401570759,MIN,2,CLE,3,CLE,Final/10
20240919,mlb,401570764,TOR,4,TEX,0,TOR,Final
20240919,mlb,401570760,NYY,2,SEA,3,SEA,Final
20240919,mlb,401570758,LAD,20,MIA,4,LAD,Final
20240919,mlb,401570757,BOS,0,TB,2,TB,Final
20240919,mlb,401570755,ARI,5,MIL,1,ARI,Final
20240919,mlb,401570761,PHI,6,NYM,10,NYM,Final
20240919,mlb,401570762,PIT,3,STL,2,PIT,Final
20240919,mlb,401570765,WSH,6,CHC,7,CHC,Final
20240919,mlb,401570754,LAA,1,HOU,3,HOU,Final
20240920,mlb,401570780,WSH,1,CHC,3,CHC,Final
20240920,mlb,401570776,PIT,3,CIN,8,CIN,Final
20240920,mlb,401570779,TOR,0,TB,1,TB,Final
20240920,mlb,401570772,DET,1,BAL,7,BAL,Final
20240920,mlb,401570768,ATL,3,MIA,4,MIA,Final
20240920,mlb,401570773,MIN,4,BOS,2,MIN,Final/12
20240920,mlb,401570775,PHI,12,NYM,2,PHI,Final
20240920,mlb,401570777,SEA,8,TEX,2,SEA,Final
20240920,mlb,401570766,LAA,7,HOU,9,HOU,Final
20240920,mlb,401570767,ARI,7,MIL,4,ARI,Final
20240920,mlb,401570778,SF,2,KC,1,SF,Final
20240920,mlb,401570770,CLE,5,STL,1,CLE,Final
20240920,mlb,401570769,CHW,2,SD,3,SD,Final/10
20240920,mlb,401570774,NYY,4,ATH,2,NYY,Final/10
20240920,mlb,401570771,COL,4,LAD,6,LAD,Final
20240921,mlb,401570791,PIT,1,CIN,7,CIN,Final
20240921,mlb,401570795,WSH,5,CHC,1,WSH,Final
20240921,mlb,401570787,DET,6,BAL,4,DET,Final/10
20240921,mlb,401570783,ATL,6,MIA,2,ATL,Final
20240921,mlb,401570790,PHI,3,NYM,6,NYM,Final
20240921,mlb,401570794,TOR,2,TB,3,TB,Final
20240921,mlb,401570793,SF,9,KC,0,SF,Final
20240921,mlb,401570792,SEA,8,TEX,4,SEA,Final
20240921,mlb,401570781,LAA,4,HOU,10,HOU,Final
20240921,mlb,401570782,ARI,5,MIL,0,ARI,Final
20240921,mlb,401570785,CLE,5,STL,6,STL,Final
20240921,mlb,401570784,CHW,2,SD,6,SD,Final
20240921,mlb,401570789,NYY,10,ATH,0,NYY,Final
20240921,mlb,401570786,COL,6,LAD,3,COL,Final
20240922,mlb,401570803,MIN,1,BOS,8,BOS,Final
20240922,mlb,401570806,PIT,2,CIN,0,PIT,Final
20240922,mlb,401570802,DET,4,BAL,3,DET,Final
20240922,mlb,401570798,ATL,5,MIA,4,ATL,Final
20240922,mlb,401570809,TOR,3,TB,4,TB,Final
20240922,mlb,401570796,LAA,9,HOU,8,LAA,Final
20240922,mlb,401570797,ARI,9,MIL,10,MIL,Final
20240922,mlb,401570808,SF,2,KC,0,SF,Final
20240922,mlb,401570800,CLE,1,STL,2,STL,Final
20240922,mlb,401570810,WSH,0,CHC,5,CHC,Final
20240922,mlb,401570807,SEA,5,TEX,6,TEX,Final
20240922,mlb,401570804,NYY,7,ATH,4,NYY,Final
20240922,mlb,401570799,CHW,2,SD,4,SD,Final
20240922,mlb,401570801,COL,5,LAD,6,LAD,Final
20240922,mlb,401723370,MIN,3,BOS,9,BOS,Final
20240922,mlb,401570805,PHI,1,NYM,2,NYM,Final
20240923,mlb,401570812,CHC,2,PHI,6,PHI,Final
20240923,mlb,401570811,BOS,4,TOR,1,BOS,Final
20240923,mlb,401570813,SEA,6,HOU,1,SEA,Final
20240923,mlb,401570814,SF,6,ARI,3,SF,Final
20240924,mlb,401570828,TB,1,DET,2,DET,Final
20240924,mlb,401570818,CHC,10,PHI,4,CHC,Final
20240924,mlb,401570819,CIN,1,CLE,6,CLE,Final
20240924,mlb,401570822,MIL,7,PIT,2,MIL,Final
20240924,mlb,401570820,KC,1,WSH,0,KC,Final/10
20240924,mlb,401570816,BAL,5,NYY,3,BAL,Final
20240924,mlb,401570817,BOS,6,TOR,5,BOS,Final/10
20240924,mlb,401570823,NYM,1,ATL,5,ATL,Final
20240924,mlb,401570815,LAA,2,CHW,3,CHW,Final
20240924,mlb,401570821,MIA,4,MIN,1,MIA,Final
20240924,mlb,401570825,SEA,3,HOU,4,HOU,Final
20240924,mlb,401570827,STL,7,COL,3,STL,Final
20240924,mlb,401570826,SF,11,ARI,0,SF,Final
20240924,mlb,401570829,TEX,4,ATH,5,ATH,Final
20240924,mlb,401570824,SD,4,LAD,2,SD,Final
20240925,mlb,401570840,SEA,8,HOU,1,SEA,Final
20240925,mlb,401570833,CHC,6,PHI,9,PHI,Final
20240925,mlb,401570834,CIN,2,CLE,5,CLE,Final
20240925,mlb,401570837,MIL,1,PIT,2,PIT,Final
20240925,mlb,401570843,TB,1,DET,7,DET,Final
20240925,mlb,401570835,KC,3,WSH,0,KC,Final
20240925,mlb,401570831,BAL,9,NYY,7,BAL,Final
20240925,mlb,401570832,BOS,1,TOR,6,TOR,Final
20240925,mlb,401570830,LAA,3,CHW,4,CHW,Final/10
20240925,mlb,401570836,MIA,3,MIN,8,MIN,Final
20240925,mlb,401570842,STL,5,COL,2,STL,Final
20240925,mlb,401570841,SF,2,ARI,8,ARI,Final
20240925,mlb,401570844,TEX,5,ATH,1,TEX,Final
20240925,mlb,401570839,SD,3,LAD,4,LAD,Final
20240926,mlb,401570849,MIL,5,PIT,2,MIL,Final
20240926,mlb,401570847,KC,7,WSH,4,KC,Final
20240926,mlb,401570852,TB,3,DET,4,DET,Final
20240926,mlb,401570845,LAA,0,CHW,7,CHW,Final
20240926,mlb,401570851,STL,8,COL,10,COL,Final
20240926,mlb,401570853,TEX,2,ATH,3,ATH,Final
20240926,mlb,401570846,BAL,1,NYY,10,NYY,Final
20240926,mlb,401570848,MIA,8,MIN,6,MIA,Final/13
20240926,mlb,401570850,SD,2,LAD,7,LAD,Final
20240927,mlb,401570856,CIN,0,CHC,1,CHC,Final
20240927,mlb,401570855,CHW,1,DET,4,DET,Final
20240927,mlb,401570863,PHI,1,WSH,9,WSH,Final
20240927,mlb,401570864,PIT,4,NYY,2,PIT,Final
20240927,mlb,401570860,MIA,15,TOR,5,MIA,Final
20240927,mlb,401570857,HOU,5,CLE,2,HOU,Final
20240927,mlb,401570867,TB,2,BOS,1,TB,Final
20240927,mlb,401570858,KC,0,ATL,3,ATL,Final
20240927,mlb,401570854,BAL,7,MIN,2,BAL,Final
20240927,mlb,401570859,LAD,11,COL,4,LAD,Final
20240927,mlb,401570861,NYM,4,MIL,8,MIL,Final
20240927,mlb,401570868,TEX,5,LAA,2,TEX,Final
20240927,mlb,401570865,SD,5,ARI,3,SD,Final
20240927,mlb,401570862,ATH,0,SEA,2,SEA,Final
20240927,mlb,401570866,STL,6,SF,3,STL,Final
20240928,mlb,401570879,PIT,9,NYY,4,PIT,Final
20240928,mlb,401570870,CHW,4,DET,0,CHW,Final
20240928,mlb,401570871,CIN,0,CHC,3,CHC,Final
20240928,mlb,401570875,MIA,8,TOR,1,MIA,Final
20240928,mlb,401570878,PHI,3,WSH,6,WSH,Final
20240928,mlb,401570881,STL,5,SF,6,SF,Final
20240928,mlb,401570882,TB,7,BOS,2,TB,Final
20240928,mlb,401570872,HOU,4,CLE,3,HOU,Final
20240928,mlb,401570869,BAL,9,MIN,2,BAL,Final
20240928,mlb,401570876,NYM,0,MIL,6,MIL,Final
20240928,mlb,401570873,KC,1,ATL,2,ATL,Final
20240928,mlb,401570874,LAD,13,COL,2,LAD,Final
20240928,mlb,401570880,SD,5,ARI,0,SD,Final
20240928,mlb,401570883,TEX,9,LAA,8,TEX,Final
20240928,mlb,401570877,ATH,6,SEA,7,SEA,Final/10
20240929,mlb,401570893,PHI,6,WSH,3,PHI,Final
20240929,mlb,401570894,PIT,4,NYY,6,NYY,Final
20240929,mlb,401570896,STL,6,SF,1,STL,Final
20240929,mlb,401570897,TB,1,BOS,3,BOS,Final
20240929,mlb,401570890,MIA,3,TOR,1,MIA,Final
20240929,mlb,401570898,TEX,8,LAA,0,TEX,Final
20240929,mlb,401570884,BAL,6,MIN,2,BAL,Final
20240929,mlb,401570885,CHW,9,DET,5,CHW,Final
20240929,mlb,401570889,LAD,2,COL,1,LAD,Final
20240929,mlb,401570891,NYM,5,MIL,0,NYM,Final
20240929,mlb,401570892,ATH,4,SEA,6,SEA,Final
20240929,mlb,401570895,SD,2,ARI,11,ARI,Final
20240929,mlb,401570886,CIN,3,CHC,0,CIN,Final/10
20240929,mlb,401570888,KC,4,ATL,2,KC,Final
20240930,mlb,401725088,NYM,8,ATL,7,NYM,Final
20240930,mlb,401725089,NYM,0,ATL,3,ATL,Final
20241001,mlb,401701015,DET,3,HOU,1,DET,Final
20241001,mlb,401701024,KC,1,BAL,0,KC,Final
20241001,mlb,401701009,NYM,8,MIL,4,NYM,Final
20241001,mlb,401701012,ATL,0,SD,4,SD,Final
20241002,mlb,401701017,DET,5,HOU,2,DET,Final
20241002,mlb,401701026,KC,2,BAL,1,KC,Final
20241002,mlb,401701010,NYM,3,MIL,5,MIL,Final
20241002,mlb,401701013,ATL,4,SD,5,SD,Final
20241003,mlb,401701011,NYM,4,MIL,2,NYM,Final
20241005,mlb,401701057,DET,0,CLE,7,CLE,Final
20241005,mlb,401701016,NYM,6,PHI,2,NYM,Final
20241005,mlb,401701041,KC,5,NYY,6,NYY,Final
20241005,mlb,401701023,SD,5,LAD,7,LAD,Final
20241006,mlb,401701018,NYM,6,PHI,7,PHI,Final
20241006,mlb,401701025,SD,10,LAD,2,SD,Final
20241007,mlb,401701058,DET,3,CLE,0,DET,Final
20241007,mlb,401701043,KC,4,NYY,2,KC,Final
20241008,mlb,401701020,PHI,2,NYM,7,NYM,Final
20241008,mlb,401701028,LAD,5,SD,6,SD,Final
20241009,mlb,401701059,CLE,0,DET,3,DET,Final
20241009,mlb,401701021,PHI,1,NYM,4,NYM,Final
20241009,mlb,401701046,NYY,3,KC,2,NYY,Final
20241009,mlb,401701029,LAD,8,SD,0,LAD,Final
20241010,mlb,401701060,CLE,5,DET,4,CLE,Final
20241010,mlb,401701048,NYY,3,KC,1,NYY,Final
20241011,mlb,401701030,SD,0,LAD,2,LAD,Final
20241012,mlb,401701061,DET,3,CLE,7,CLE,Final
20241013,mlb,401701031,NYM,0,LAD,9,LAD,Final
20241014,mlb,401701032,NYM,7,LAD,3,NYM,Final
20241014,mlb,401701050,CLE,2,NYY,5,NYY,Final
20241015,mlb,401701051,CLE,3,NYY,6,NYY,Final
20241016,mlb,401701033,LAD,8,NYM,0,LAD,Final
20241017,mlb,401701052,NYY,5,CLE,7,CLE,Final/10
20241017,mlb,401701034,LAD,10,NYM,2,LAD,Final
20241018,mlb,401701035,LAD,6,NYM,12,NYM,Final
20241018,mlb,401701053,NYY,8,CLE,6,NYY,Final
20241019,mlb,401701054,NYY,5,CLE,2,NYY,Final/10
20241020,mlb,401701036,NYM,5,LAD,10,LAD,Final
20241025,mlb,401701038,NYY,3,LAD,6,LAD,Final/10
20241026,mlb,401701039,NYY,2,LAD,4,LAD,Final
20241028,mlb,401701040,LAD,4,NYY,2,LAD,Final
20241029,mlb,401701042,LAD,4,NYY,11,NYY,Final
20241030,mlb,401701044,LAD,7,NYY,6,LAD,Final
