date,league,game_id,away_team,away_score,home_team,home_score,winner,status
20150322,mlb,400749367,PIT,2,HOU,14,HOU,Final
20150405,mlb,350405116,STL,3,CHC,0,STL,Final
20150406,mlb,350406110,TOR,6,NYY,1,TOR,Final
20150406,mlb,350406106,MIN,0,DET,4,DET,Final
20150406,mlb,350406108,COL,10,MIL,0,COL,Final
20150406,mlb,400703923,BOS,8,PHI,0,BOS,Final
20150406,mlb,400654769,BAL,6,TB,2,BAL,Final
20150406,mlb,350406120,NYM,3,WSH,1,NYM,Final
20150406,mlb,350406107,CHW,1,KC,10,KC,Final
20150406,mlb,350406117,PIT,2,CIN,5,CIN,Final
20150406,mlb,350406119,SD,3,LAD,6,LAD,Final
20150406,mlb,400654768,LAA,1,SEA,4,SEA,Final
20150406,mlb,400747633,ATL,2,MIA,1,ATL,Final
20150406,mlb,400654764,CLE,0,HOU,2,HOU,Final
20150406,mlb,350406129,SF,5,ARI,4,SF,Final
20150407,mlb,350407128,ATL,12,MIA,2,ATL,Final
20150407,mlb,350407130,BAL,6,TB,5,BAL,Final
20150407,mlb,350407108,COL,5,MIL,2,COL,Final
20150407,mlb,350407129,SF,6,ARI,7,ARI,Final
20150407,mlb,350407112,LAA,2,SEA,0,LAA,Final
20150407,mlb,350407119,SD,7,LAD,3,SD,Final
20150408,mlb,350408106,MIN,0,DET,11,DET,Final
20150408,mlb,350408116,STL,0,CHC,2,CHC,Final
20150408,mlb,350408122,BOS,2,PHI,4,PHI,Final
20150408,mlb,350408110,TOR,3,NYY,4,NYY,Final
20150408,mlb,350408120,NYM,1,WSH,2,WSH,Final
20150408,mlb,350408117,PIT,4,CIN,5,CIN,Final/11
20150408,mlb,350408128,ATL,2,MIA,0,ATL,Final
20150408,mlb,350408130,BAL,0,TB,2,TB,Final
20150408,mlb,350408107,CHW,5,KC,7,KC,Final
20150408,mlb,350408108,COL,5,MIL,4,COL,Final/10
20150408,mlb,350408118,CLE,2,HOU,0,CLE,Final
20150408,mlb,350408129,SF,5,ARI,2,SF,Final
20150408,mlb,350408119,SD,4,LAD,7,LAD,Final
20150408,mlb,350408112,LAA,5,SEA,3,LAA,Final
20150409,mlb,350409117,PIT,2,CIN,3,CIN,Final
20150409,mlb,350409120,NYM,6,WSH,3,NYM,Final
20150409,mlb,350409106,MIN,1,DET,7,DET,Final
20150409,mlb,350409107,CHW,1,KC,4,KC,Final
20150409,mlb,350409118,CLE,5,HOU,1,CLE,Final
20150409,mlb,350409125,SF,1,SD,0,SF,Final/12
20150409,mlb,350409110,TOR,6,NYY,3,TOR,Final
20150409,mlb,350409122,BOS,6,PHI,2,BOS,Final
20150410,mlb,350410101,TOR,12,BAL,5,TOR,Final
20150410,mlb,350410113,HOU,5,TEX,1,HOU,Final
20150410,mlb,350410104,MIN,6,CHW,0,MIN,Final
20150410,mlb,350410105,DET,8,CLE,4,DET,Final
20150410,mlb,350410127,CHC,1,COL,5,COL,Final
20150410,mlb,350410110,BOS,6,NYY,5,BOS,Final/19
20150410,mlb,350410122,WSH,1,PHI,4,PHI,Final
20150410,mlb,350410117,STL,4,CIN,5,CIN,Final
20150410,mlb,350410128,TB,9,MIA,10,MIA,Final/10
20150410,mlb,350410115,NYM,3,ATL,5,ATL,Final
20150410,mlb,350410108,PIT,6,MIL,2,PIT,Final
20150410,mlb,350410129,LAD,3,ARI,4,ARI,Final/10
20150410,mlb,350410103,KC,4,LAA,2,KC,Final
20150410,mlb,350410125,SF,0,SD,1,SD,Final
20150411,mlb,350411110,BOS,8,NYY,4,BOS,Final
20150411,mlb,350411117,STL,4,CIN,1,STL,Final
20150411,mlb,350411104,MIN,4,CHW,5,CHW,Final
20150411,mlb,350411105,DET,9,CLE,6,DET,Final
20150411,mlb,350411128,TB,2,MIA,0,TB,Final
20150411,mlb,350411101,TOR,1,BAL,7,BAL,Final
20150411,mlb,350411122,WSH,2,PHI,3,PHI,Final/10
20150411,mlb,350411108,PIT,0,MIL,6,MIL,Final
20150411,mlb,350411115,NYM,3,ATL,5,ATL,Final
20150411,mlb,350411113,HOU,2,TEX,6,TEX,Final
20150411,mlb,350411127,CHC,9,COL,5,CHC,Final
20150411,mlb,350411129,LAD,0,ARI,6,ARI,Final
20150411,mlb,350411125,SF,2,SD,10,SD,Final
20150411,mlb,350411103,KC,6,LAA,4,KC,Final
20150412,mlb,350412105,DET,8,CLE,5,DET,Final
20150412,mlb,350412117,STL,7,CIN,5,STL,Final/11
20150412,mlb,350412128,TB,8,MIA,5,TB,Final
20150412,mlb,350412101,TOR,10,BAL,7,TOR,Final
20150412,mlb,350412115,NYM,4,ATL,3,NYM,Final
20150412,mlb,400747671,WSH,4,PHI,3,WSH,Final/10
20150412,mlb,350412104,MIN,2,CHW,6,CHW,Final
20150412,mlb,350412108,PIT,10,MIL,2,PIT,Final
20150412,mlb,350412113,HOU,6,TEX,4,HOU,Final/14
20150412,mlb,350412103,KC,9,LAA,2,KC,Final
20150412,mlb,350412125,SF,4,SD,6,SD,Final
20150412,mlb,350412127,CHC,6,COL,5,CHC,Final
20150412,mlb,350412129,LAD,7,ARI,4,LAD,Final
20150412,mlb,350412110,BOS,4,NYY,14,NYY,Final
20150413,mlb,350413121,PHI,0,NYM,2,NYM,Final
20150413,mlb,350413123,DET,4,PIT,5,PIT,Final
20150413,mlb,350413102,WSH,4,BOS,9,BOS,Final
20150413,mlb,350413109,KC,12,MIN,3,KC,Final
20150413,mlb,350413124,MIL,5,STL,4,MIL,Final
20150413,mlb,350413126,COL,2,SF,0,COL,Final
20150413,mlb,350413101,NYY,6,BAL,5,NYY,Final
20150413,mlb,350413114,TB,2,TOR,1,TB,Final
20150413,mlb,350413115,MIA,2,ATL,3,ATL,Final
20150413,mlb,350413113,LAA,6,TEX,3,LAA,Final
20150413,mlb,350413116,CIN,6,CHC,7,CHC,Final/10
20150413,mlb,350413119,SEA,5,LAD,6,LAD,Final/10
20150413,mlb,350413125,ARI,8,SD,4,ARI,Final
20150414,mlb,350414102,WSH,7,BOS,8,BOS,Final
20150414,mlb,350414101,NYY,3,BAL,4,BAL,Final
20150414,mlb,350414123,DET,2,PIT,0,DET,Final
20150414,mlb,350414114,TB,3,TOR,2,TB,Final
20150414,mlb,350414105,CHW,4,CLE,1,CHW,Final
20150414,mlb,350414115,MIA,8,ATL,2,MIA,Final
20150414,mlb,350414121,PHI,5,NYM,6,NYM,Final
20150414,mlb,350414113,LAA,2,TEX,8,TEX,Final
20150414,mlb,350414116,CIN,3,CHC,2,CIN,Final
20150414,mlb,350414119,SEA,5,LAD,6,LAD,Final
20150414,mlb,350414125,ARI,1,SD,5,SD,Final
20150414,mlb,350414126,COL,4,SF,1,COL,Final
20150415,mlb,350415105,CHW,2,CLE,4,CLE,Final
20150415,mlb,350415115,MIA,6,ATL,2,MIA,Final
20150415,mlb,350415102,WSH,10,BOS,5,WSH,Final
20150415,mlb,350415113,LAA,10,TEX,2,LAA,Final
20150415,mlb,350415101,NYY,5,BAL,7,BAL,Final
20150415,mlb,350415123,DET,1,PIT,0,DET,Final
20150415,mlb,350415114,TB,7,TOR,12,TOR,Final
20150415,mlb,350415121,PHI,1,NYM,6,NYM,Final
20150415,mlb,350415116,CIN,0,CHC,5,CHC,Final
20150415,mlb,350415109,KC,1,MIN,3,MIN,Final
20150415,mlb,350415124,MIL,2,STL,4,STL,Final
20150415,mlb,350415125,ARI,2,SD,3,SD,Final
20150415,mlb,350415119,SEA,2,LAD,5,LAD,Final
20150415,mlb,350415126,COL,4,SF,2,COL,Final
20150416,mlb,350416109,KC,5,MIN,8,MIN,Final
20150416,mlb,350416124,MIL,0,STL,4,STL,Final
20150416,mlb,350416120,PHI,2,WSH,5,WSH,Final
20150416,mlb,350416114,TB,4,TOR,2,TB,Final
20150416,mlb,350416121,MIA,5,NYM,7,NYM,Final
20150416,mlb,350416126,ARI,7,SF,6,ARI,Final/12
20150417,mlb,350417106,CHW,1,DET,2,DET,Final
20150417,mlb,350417116,SD,5,CHC,4,SD,Final
20150417,mlb,350417120,PHI,2,WSH,7,WSH,Final
20150417,mlb,350417123,MIL,3,PIT,6,PIT,Final
20150417,mlb,350417114,ATL,8,TOR,7,ATL,Final
20150417,mlb,350417102,BAL,2,BOS,3,BOS,Final
20150417,mlb,350417121,MIA,1,NYM,4,NYM,Final
20150417,mlb,350417130,NYY,5,TB,4,NYY,Final
20150417,mlb,350417109,CLE,2,MIN,3,MIN,Final/11
20150417,mlb,350417118,LAA,6,HOU,3,LAA,Final
20150417,mlb,350417124,CIN,1,STL,6,STL,Final
20150417,mlb,350417112,TEX,3,SEA,1,TEX,Final
20150417,mlb,350417119,COL,3,LAD,7,LAD,Final
20150417,mlb,350417126,ARI,9,SF,0,ARI,Final
20150418,mlb,350418120,PHI,5,WSH,3,PHI,Final
20150418,mlb,350418114,ATL,5,TOR,6,TOR,Final/10
20150418,mlb,350418106,CHW,12,DET,3,CHW,Final
20150418,mlb,350418109,CLE,4,MIN,2,CLE,Final
20150418,mlb,350418124,CIN,2,STL,5,STL,Final
20150418,mlb,350418116,SD,6,CHC,7,CHC,Final/11
20150418,mlb,350418102,BAL,4,BOS,1,BAL,Final
20150418,mlb,350418123,MIL,2,PIT,6,PIT,Final
20150418,mlb,350418118,LAA,0,HOU,4,HOU,Final
20150418,mlb,350418121,MIA,4,NYM,5,NYM,Final
20150418,mlb,350418130,NYY,9,TB,0,NYY,Final
20150418,mlb,350418126,ARI,1,SF,4,SF,Final
20150418,mlb,350418112,TEX,1,SEA,3,SEA,Final
20150418,mlb,350418119,COL,3,LAD,6,LAD,Final
20150419,mlb,350419114,ATL,5,TOR,2,ATL,Final
20150419,mlb,350419106,CHW,1,DET,9,DET,Final
20150419,mlb,350419121,MIA,6,NYM,7,NYM,Final
20150419,mlb,350419130,NYY,5,TB,3,NYY,Final
20150419,mlb,350419102,BAL,8,BOS,3,BAL,Final
20150419,mlb,350419120,PHI,1,WSH,4,WSH,Final
20150419,mlb,350419123,MIL,2,PIT,5,PIT,Final
20150419,mlb,350419109,CLE,2,MIN,7,MIN,Final
20150419,mlb,350419118,LAA,3,HOU,4,HOU,Final
20150419,mlb,350419116,SD,5,CHC,2,SD,Final
20150419,mlb,350419126,ARI,5,SF,1,ARI,Final
20150419,mlb,350419112,TEX,10,SEA,11,SEA,Final
20150419,mlb,350419119,COL,0,LAD,7,LAD,Final
20150419,mlb,350419124,CIN,1,STL,2,STL,Final
20150420,mlb,350420102,BAL,1,BOS,7,BOS,Final/7
20150420,mlb,350420106,NYY,1,DET,2,DET,Final
20150420,mlb,350420123,CHC,5,PIT,2,CHC,Final
20150420,mlb,350420108,CIN,6,MIL,1,CIN,Final
20150420,mlb,350420104,CLE,3,CHW,4,CHW,Final
20150420,mlb,350420107,MIN,1,KC,7,KC,Final
20150420,mlb,350420127,SD,14,COL,3,SD,Final
20150420,mlb,350420112,HOU,7,SEA,5,HOU,Final
20150421,mlb,350421120,STL,1,WSH,2,WSH,Final/10
20150421,mlb,350421123,CHC,9,PIT,8,CHC,Final
20150421,mlb,400747721,MIA,3,PHI,7,PHI,Final
20150421,mlb,350421114,BAL,6,TOR,13,TOR,Final
20150421,mlb,350421106,NYY,5,DET,2,NYY,Final
20150421,mlb,350421121,ATL,1,NYM,7,NYM,Final
20150421,mlb,350421130,BOS,1,TB,0,BOS,Final
20150421,mlb,350421104,CLE,6,CHW,2,CLE,Final
20150421,mlb,350421107,MIN,5,KC,6,KC,Final
20150421,mlb,350421108,CIN,16,MIL,10,CIN,Final
20150421,mlb,350421127,SD,7,COL,6,SD,Final
20150421,mlb,350421129,TEX,7,ARI,1,TEX,Final
20150421,mlb,400654855,HOU,6,SEA,3,HOU,Final
20150421,mlb,350421126,LAD,2,SF,6,SF,Final
20150422,mlb,350422104,CLE,0,CHW,6,CHW,Final
20150422,mlb,350422120,STL,7,WSH,5,STL,Final
20150422,mlb,350422122,MIA,6,PHI,1,MIA,Final
20150422,mlb,350422123,CHC,3,PIT,4,PIT,Final
20150422,mlb,350422114,BAL,2,TOR,4,TOR,Final
20150422,mlb,350422106,NYY,13,DET,4,NYY,Final
20150422,mlb,350422121,ATL,2,NYM,3,NYM,Final
20150422,mlb,350422130,BOS,5,TB,7,TB,Final
20150422,mlb,350422107,MIN,3,KC,0,MIN,Final
20150422,mlb,350422108,CIN,2,MIL,1,CIN,Final
20150422,mlb,350422127,SD,4,COL,5,COL,Final
20150422,mlb,350422129,TEX,5,ARI,8,ARI,Final
20150422,mlb,350422112,HOU,2,SEA,3,SEA,Final
20150422,mlb,350422126,LAD,2,SF,3,SF,Final
20150423,mlb,350423123,CHC,4,PIT,5,PIT,Final
20150423,mlb,350423122,MIA,9,PHI,1,MIA,Final
20150423,mlb,350423106,NYY,2,DET,1,NYY,Final
20150423,mlb,350423121,ATL,3,NYM,6,NYM,Final
20150423,mlb,350423108,CIN,2,MIL,4,MIL,Final
20150423,mlb,350423127,SD,1,COL,2,COL,Final
20150423,mlb,350423126,LAD,2,SF,3,SF,Final/10
20150423,mlb,350423120,STL,4,WSH,1,STL,Final
20150423,mlb,350423114,BAL,6,TOR,7,TOR,Final
20150423,mlb,350423130,BOS,1,TB,2,TB,Final
20150423,mlb,350423104,KC,3,CHW,2,KC,Final/13
20150424,mlb,350424101,BOS,7,BAL,5,BOS,Final
20150424,mlb,350424110,NYM,1,NYY,6,NYY,Final
20150424,mlb,350424122,ATL,0,PHI,1,PHI,Final
20150424,mlb,350424106,CLE,13,DET,1,CLE,Final
20150424,mlb,350424117,CHC,7,CIN,3,CHC,Final/11
20150424,mlb,350424128,WSH,2,MIA,3,MIA,Final
20150424,mlb,350424130,TOR,3,TB,12,TB,Final
20150424,mlb,350424108,STL,3,MIL,0,STL,Final
20150424,mlb,350424127,SF,4,COL,6,COL,Final
20150424,mlb,350424129,PIT,4,ARI,1,PIT,Final
20150424,mlb,350424103,TEX,2,LAA,3,LAA,Final
20150424,mlb,350424112,MIN,0,SEA,2,SEA,Final
20150424,mlb,350424125,LAD,3,SD,0,LAD,Final
20150425,mlb,350425106,CLE,1,DET,4,DET,Final
20150425,mlb,350425110,NYM,8,NYY,2,NYM,Final
20150425,mlb,350425128,WSH,0,MIA,8,MIA,Final
20150425,mlb,350425130,TOR,2,TB,4,TB,Final
20150425,mlb,350425101,BOS,4,BAL,5,BAL,Final/10
20150425,mlb,350425122,ATL,5,PHI,2,ATL,Final
20150425,mlb,350425108,STL,5,MIL,3,STL,Final
20150425,mlb,350425127,SF,5,COL,4,SF,Final/11
20150425,mlb,350425129,PIT,2,ARI,1,PIT,Final
20150425,mlb,350425125,LAD,11,SD,8,LAD,Final
20150425,mlb,350425103,TEX,1,LAA,4,LAA,Final
20150425,mlb,350425112,MIN,8,SEA,5,MIN,Final
20150426,mlb,350424104,KC,2,CHW,3,CHW,Final
20150426,mlb,350426106,CLE,6,DET,8,DET,Final
20150426,mlb,350426117,CHC,5,CIN,2,CHC,Final
20150426,mlb,350426128,WSH,2,MIA,6,MIA,Final
20150426,mlb,350426130,TOR,1,TB,5,TB,Final
20150426,mlb,350426101,BOS,7,BAL,18,BAL,Final
20150426,mlb,350426122,ATL,4,PHI,5,PHI,Final
20150426,mlb,350426108,STL,3,MIL,6,MIL,Final
20150426,mlb,350426104,KC,3,CHW,5,CHW,Final
20150426,mlb,350426103,TEX,5,LAA,4,TEX,Final/11
20150426,mlb,350426112,MIN,4,SEA,2,MIN,Final/11
20150426,mlb,350426125,LAD,1,SD,3,SD,Final
20150426,mlb,350426129,PIT,8,ARI,0,PIT,Final
20150426,mlb,350426110,NYM,4,NYY,6,NYY,Final
20150426,mlb,400703945,NYM,4,NYY,6,NYY,Final
20150427,mlb,350427102,TOR,5,BOS,6,BOS,Final
20150427,mlb,350427105,KC,6,CLE,2,KC,Final
20150427,mlb,350427115,WSH,4,ATL,8,ATL,Final
20150427,mlb,350427110,TB,1,NYY,4,NYY,Final
20150427,mlb,350427117,MIL,6,CIN,9,CIN,Final
20150427,mlb,350427128,NYM,3,MIA,1,NYM,Final
20150427,mlb,350427113,SEA,3,TEX,1,SEA,Final
20150427,mlb,350427116,PIT,0,CHC,4,CHC,Final
20150427,mlb,350427109,DET,5,MIN,4,DET,Final
20150427,mlb,350427124,PHI,4,STL,1,PHI,Final
20150427,mlb,350427129,COL,5,ARI,4,COL,Final
20150427,mlb,350427119,SF,3,LAD,8,LAD,Final
20150427,mlb,350427125,HOU,9,SD,4,HOU,Final
20150428,mlb,350428102,TOR,11,BOS,8,TOR,Final
20150428,mlb,350428105,KC,11,CLE,5,KC,Final
20150428,mlb,350428110,TB,2,NYY,4,NYY,Final
20150428,mlb,350428115,WSH,13,ATL,12,WSH,Final
20150428,mlb,350428117,MIL,2,CIN,4,CIN,Final
20150428,mlb,350428128,NYM,3,MIA,4,MIA,Final
20150428,mlb,350428113,SEA,2,TEX,1,SEA,Final
20150428,mlb,350428116,PIT,2,CHC,6,CHC,Final
20150428,mlb,350428109,DET,2,MIN,3,MIN,Final
20150428,mlb,350428124,PHI,5,STL,11,STL,Final
20150428,mlb,350428129,COL,5,ARI,12,ARI,Final
20150428,mlb,350428119,SF,2,LAD,1,SF,Final
20150428,mlb,350428125,HOU,14,SD,3,HOU,Final
20150429,mlb,350429117,MIL,8,CIN,3,MIL,Final
20150429,mlb,350429110,TB,3,NYY,2,TB,Final/13
20150429,mlb,350429109,DET,10,MIN,7,DET,Final
20150429,mlb,350429101,CHW,2,BAL,8,BAL,Final
20150429,mlb,350429125,HOU,7,SD,2,HOU,Final
20150429,mlb,350429102,TOR,1,BOS,4,BOS,Final
20150429,mlb,350429105,KC,5,CLE,7,CLE,Final
20150429,mlb,350429115,WSH,13,ATL,4,WSH,Final
20150429,mlb,350429128,NYM,3,MIA,7,MIA,Final
20150429,mlb,350429124,PHI,2,STL,5,STL,Final
20150429,mlb,350429113,SEA,5,TEX,2,SEA,Final
20150429,mlb,350429116,PIT,8,CHC,1,PIT,Final
20150429,mlb,350429129,COL,1,ARI,9,ARI,Final
20150429,mlb,350429119,SF,3,LAD,7,LAD,Final
20150430,mlb,350430124,PHI,3,STL,9,STL,Final
20150430,mlb,350430105,TOR,5,CLE,1,TOR,Final
20150430,mlb,350430115,CIN,5,ATL,1,CIN,Final
20150430,mlb,350430121,WSH,8,NYM,2,WSH,Final
20150430,mlb,350430107,DET,1,KC,8,KC,Final
20150430,mlb,350430109,CHW,2,MIN,12,MIN,Final
20150430,mlb,350430118,SEA,2,HOU,3,HOU,Final/10
20150501,mlb,350501116,MIL,0,CHC,1,CHC,Final
20150501,mlb,350501101,TB,2,BAL,0,TB,Final
20150501,mlb,350501102,NYY,3,BOS,2,NYY,Final
20150501,mlb,350501105,TOR,4,CLE,9,CLE,Final
20150501,mlb,350501121,WSH,0,NYM,4,NYM,Final
20150501,mlb,350501128,PHI,3,MIA,4,MIA,Final
20150501,mlb,350501115,CIN,3,ATL,4,ATL,Final
20150501,mlb,350501107,DET,1,KC,4,KC,Final
20150501,mlb,350501109,CHW,0,MIN,1,MIN,Final
20150501,mlb,350501118,SEA,3,HOU,4,HOU,Final
20150501,mlb,350501124,PIT,1,STL,2,STL,Final/10
20150501,mlb,350501119,ARI,0,LAD,8,LAD,Final
20150501,mlb,350501125,COL,3,SD,14,SD,Final
20150501,mlb,350501126,LAA,2,SF,3,SF,Final
20150502,mlb,350502102,NYY,4,BOS,2,NYY,Final
20150502,mlb,350502109,CHW,3,MIN,5,MIN,Final
20150502,mlb,350502124,PIT,1,STL,2,STL,Final/11
20150502,mlb,350502116,MIL,6,CHC,1,MIL,Final
20150502,mlb,350502126,LAA,4,SF,5,SF,Final
20150502,mlb,350502105,TOR,11,CLE,4,TOR,Final
20150502,mlb,350502128,PHI,0,MIA,7,MIA,Final
20150502,mlb,350502101,TB,0,BAL,4,BAL,Final
20150502,mlb,350502107,DET,2,KC,1,DET,Final
20150502,mlb,350502115,CIN,8,ATL,4,CIN,Final
20150502,mlb,350502118,SEA,4,HOU,11,HOU,Final
20150502,mlb,350502121,WSH,1,NYM,0,WSH,Final
20150502,mlb,350502125,COL,2,SD,4,SD,Final
20150502,mlb,350502119,ARI,4,LAD,6,LAD,Final
20150503,mlb,350503105,TOR,7,CLE,10,CLE,Final
20150503,mlb,350503121,WSH,1,NYM,0,WSH,Final
20150503,mlb,350503128,PHI,6,MIA,2,PHI,Final
20150503,mlb,350503101,TB,2,BAL,4,BAL,Final
20150503,mlb,350503115,CIN,0,ATL,5,ATL,Final
20150503,mlb,350503107,DET,6,KC,4,DET,Final
20150503,mlb,350503109,CHW,3,MIN,13,MIN,Final
20150503,mlb,350503118,SEA,6,HOU,7,HOU,Final
20150503,mlb,350503124,PIT,2,STL,3,STL,Final/14
20150503,mlb,350503116,MIL,5,CHC,3,MIL,Final
20150503,mlb,350503126,LAA,0,SF,5,SF,Final
20150503,mlb,350503119,ARI,0,LAD,1,LAD,Final/13
20150503,mlb,350503125,COL,6,SD,8,SD,Final
20150503,mlb,350503102,NYY,8,BOS,5,NYY,Final
20150504,mlb,350504120,MIA,4,WSH,6,WSH,Final
20150504,mlb,350504114,NYY,1,TOR,3,TOR,Final
20150504,mlb,350504102,TB,5,BOS,1,TB,Final
20150504,mlb,350504115,PHI,5,ATL,2,PHI,Final
20150504,mlb,350504108,LAD,3,MIL,4,MIL,Final
20150504,mlb,350504124,CHC,9,STL,10,STL,Final
20150504,mlb,350504118,TEX,2,HOU,1,TEX,Final
20150504,mlb,350504103,SEA,3,LAA,2,SEA,Final
20150504,mlb,350504126,SD,0,SF,2,SF,Final
20150505,mlb,350505120,MIA,2,WSH,1,MIA,Final
20150505,mlb,350505123,CIN,7,PIT,1,CIN,Final
20150505,mlb,350505114,NYY,6,TOR,3,NYY,Final
20150505,mlb,350505102,TB,0,BOS,2,BOS,Final
20150505,mlb,350505115,PHI,0,ATL,9,ATL,Final
20150505,mlb,350505121,BAL,2,NYM,3,NYM,Final
20150505,mlb,350505104,DET,2,CHW,5,CHW,Final
20150505,mlb,350505107,CLE,3,KC,5,KC,Final
20150505,mlb,350505108,LAD,8,MIL,2,LAD,Final
20150505,mlb,350505118,TEX,7,HOU,1,TEX,Final
20150505,mlb,350505124,CHC,4,STL,7,STL,Final
20150505,mlb,350505103,SEA,4,LAA,5,LAA,Final
20150505,mlb,350505126,SD,0,SF,6,SF,Final
20150506,mlb,350506120,MIA,5,WSH,7,WSH,Final
20150506,mlb,350506227,ARI,13,COL,7,ARI,Final
20150506,mlb,350506126,SD,9,SF,1,SD,Final
20150506,mlb,350506121,BAL,1,NYM,5,NYM,Final
20150506,mlb,350506123,CIN,3,PIT,0,CIN,Final
20150506,mlb,350506114,NYY,1,TOR,5,TOR,Final
20150506,mlb,350506102,TB,5,BOS,3,TB,Final
20150506,mlb,350506115,PHI,5,ATL,7,ATL,Final
20150506,mlb,350506327,ARI,5,COL,1,ARI,Final
20150506,mlb,350506104,DET,6,CHW,7,CHW,Final
20150506,mlb,350506107,CLE,10,KC,3,CLE,Final
20150506,mlb,350506108,LAD,3,MIL,6,MIL,Final
20150506,mlb,350506118,TEX,11,HOU,3,TEX,Final
20150506,mlb,400747823,CHC,6,STL,5,CHC,Final
20150506,mlb,350506103,SEA,3,LAA,4,LAA,Final
20150507,mlb,350507108,LAD,14,MIL,4,LAD,Final
20150507,mlb,350507124,CHC,1,STL,5,STL,Final
20150507,mlb,350507104,DET,4,CHW,1,DET,Final
20150507,mlb,350507107,CLE,4,KC,7,KC,Final
20150507,mlb,350507110,BAL,3,NYY,4,NYY,Final
20150507,mlb,350507123,CIN,2,PIT,7,PIT,Final
20150507,mlb,350507130,TEX,5,TB,4,TEX,Final
20150507,mlb,350507129,SD,0,ARI,11,ARI,Final
20150507,mlb,350507103,HOU,3,LAA,2,HOU,Final
20150507,mlb,350507126,MIA,7,SF,2,MIA,Final
20150508,mlb,350508110,BAL,4,NYY,5,NYY,Final
20150508,mlb,350508120,ATL,2,WSH,9,WSH,Final
20150508,mlb,350508122,NYM,1,PHI,3,PHI,Final
20150508,mlb,350508123,STL,8,PIT,5,STL,Final
20150508,mlb,350508114,BOS,0,TOR,7,TOR,Final
20150508,mlb,350508106,KC,5,DET,6,DET,Final
20150508,mlb,350508105,MIN,9,CLE,3,MIN,Final
20150508,mlb,350508130,TEX,2,TB,8,TB,Final
20150508,mlb,350508108,CHC,7,MIL,6,CHC,Final
20150508,mlb,350508127,LAD,2,COL,1,LAD,Final/6
20150508,mlb,350508129,SD,6,ARI,5,SD,Final
20150508,mlb,350508103,HOU,0,LAA,2,LAA,Final
20150508,mlb,350508126,MIA,0,SF,6,SF,Final
20150509,mlb,350509110,BAL,6,NYY,2,BAL,Final
20150509,mlb,350509114,BOS,1,TOR,7,TOR,Final
20150509,mlb,350509106,KC,6,DET,2,KC,Final
20150509,mlb,350509120,ATL,6,WSH,8,WSH,Final
20150509,mlb,350509105,MIN,7,CLE,4,MIN,Final
20150509,mlb,350509204,CIN,10,CHW,4,CIN,Final
20150509,mlb,350509130,TEX,2,TB,7,TB,Final
20150509,mlb,350509122,NYM,3,PHI,2,NYM,Final
20150509,mlb,350509123,STL,5,PIT,7,PIT,Final
20150509,mlb,350509108,CHC,4,MIL,12,MIL,Final
20150509,mlb,350509129,SD,6,ARI,4,SD,Final/12
20150509,mlb,350509304,CIN,2,CHW,8,CHW,Final
20150509,mlb,350509103,HOU,6,LAA,5,HOU,Final
20150509,mlb,350509126,MIA,6,SF,2,MIA,Final
20150510,mlb,350510110,BAL,2,NYY,6,NYY,Final
20150510,mlb,350510114,BOS,6,TOR,3,BOS,Final
20150510,mlb,350510105,MIN,2,CLE,8,CLE,Final
20150510,mlb,350510130,TEX,2,TB,1,TEX,Final
20150510,mlb,350510120,ATL,4,WSH,5,WSH,Final
20150510,mlb,350510122,NYM,7,PHI,4,NYM,Final
20150510,mlb,350510123,STL,3,PIT,4,PIT,Final
20150510,mlb,350510104,CIN,3,CHW,4,CHW,Final
20150510,mlb,350510108,CHC,2,MIL,3,MIL,Final/11
20150510,mlb,350510103,HOU,1,LAA,3,LAA,Final
20150510,mlb,350510126,MIA,2,SF,3,SF,Final
20150510,mlb,350510127,LAD,9,COL,5,LAD,Final
20150510,mlb,350510129,SD,1,ARI,2,ARI,Final
20150510,mlb,350510106,KC,2,DET,1,KC,Final/10
20150511,mlb,350511117,ATL,2,CIN,1,ATL,Final
20150511,mlb,350511101,TOR,2,BAL,5,BAL,Final
20150511,mlb,350511122,PIT,4,PHI,3,PIT,Final
20150511,mlb,350511130,NYY,11,TB,5,NYY,Final
20150511,mlb,350511108,CHW,7,MIL,10,MIL,Final
20150511,mlb,350511113,KC,2,TEX,8,TEX,Final
20150511,mlb,350511116,NYM,3,CHC,4,CHC,Final
20150511,mlb,350511129,WSH,11,ARI,1,WSH,Final
20150511,mlb,350511119,MIA,3,LAD,5,LAD,Final
20150512,mlb,350512105,STL,8,CLE,3,STL,Final
20150512,mlb,350512101,TOR,10,BAL,2,TOR,Final
20150512,mlb,350512122,PIT,7,PHI,2,PIT,Final
20150512,mlb,350512106,MIN,1,DET,2,DET,Final/10
20150512,mlb,350512117,ATL,3,CIN,4,CIN,Final
20150512,mlb,350512130,NYY,2,TB,4,TB,Final
20150512,mlb,350512113,KC,7,TEX,6,KC,Final/10
20150512,mlb,350512116,NYM,1,CHC,6,CHC,Final
20150512,mlb,350512108,CHW,4,MIL,2,CHW,Final
20150512,mlb,350512118,SF,8,HOU,1,SF,Final
20150512,mlb,350512129,WSH,6,ARI,14,ARI,Final
20150512,mlb,350512103,COL,2,LAA,5,LAA,Final
20150512,mlb,350512112,SD,4,SEA,11,SEA,Final
20150512,mlb,350512119,MIA,1,LAD,11,LAD,Final
20150513,mlb,350513129,WSH,9,ARI,6,WSH,Final
20150513,mlb,350513105,STL,0,CLE,2,CLE,Final
20150513,mlb,350513101,TOR,1,BAL,6,BAL,Final
20150513,mlb,350513122,PIT,2,PHI,3,PHI,Final
20150513,mlb,350513106,MIN,6,DET,2,MIN,Final
20150513,mlb,350513117,ATL,1,CIN,5,CIN,Final
20150513,mlb,350513130,NYY,2,TB,3,TB,Final
20150513,mlb,350513119,MIA,5,LAD,4,MIA,Final
20150513,mlb,350513116,NYM,1,CHC,2,CHC,Final
20150513,mlb,350513113,KC,2,TEX,5,TEX,Final
20150513,mlb,350513108,CHW,4,MIL,2,CHW,Final
20150513,mlb,350513118,SF,3,HOU,4,HOU,Final
20150513,mlb,350513103,COL,1,LAA,2,LAA,Final/11
20150513,mlb,400703967,SD,4,SEA,2,SD,Final
20150514,mlb,350514105,STL,2,CLE,1,STL,Final
20150514,mlb,350514122,PIT,2,PHI,4,PHI,Final
20150514,mlb,350514106,MIN,1,DET,13,DET,Final
20150514,mlb,350514113,KC,6,TEX,3,KC,Final
20150514,mlb,350514116,NYM,5,CHC,6,CHC,Final
20150514,mlb,350514117,SF,3,CIN,4,CIN,Final
20150514,mlb,350514130,NYY,1,TB,6,TB,Final
20150514,mlb,350514118,TOR,4,HOU,6,HOU,Final
20150514,mlb,350514112,BOS,2,SEA,1,BOS,Final
20150514,mlb,350514119,COL,5,LAD,4,COL,Final
20150514,mlb,350514125,WSH,3,SD,8,SD,Final
20150515,mlb,350515116,PIT,10,CHC,11,CHC,Final/12
20150515,mlb,350515101,LAA,3,BAL,1,LAA,Final
20150515,mlb,350515122,ARI,3,PHI,4,PHI,Final
20150515,mlb,350515117,SF,10,CIN,2,SF,Final
20150515,mlb,350515121,MIL,7,NYM,0,MIL,Final
20150515,mlb,350515128,ATL,5,MIA,3,ATL,Final
20150515,mlb,350515113,CLE,8,TEX,3,CLE,Final
20150515,mlb,350515107,NYY,1,KC,12,KC,Final
20150515,mlb,350515109,TB,2,MIN,3,MIN,Final
20150515,mlb,350515118,TOR,4,HOU,8,HOU,Final
20150515,mlb,350515124,DET,10,STL,4,DET,Final
20150515,mlb,350515112,BOS,1,SEA,2,SEA,Final
20150515,mlb,350515119,COL,4,LAD,6,LAD,Final
20150515,mlb,350515125,WSH,10,SD,0,WSH,Final
20150516,mlb,350516128,ATL,5,MIA,3,ATL,Final
20150516,mlb,350516109,TB,4,MIN,6,MIN,Final
20150516,mlb,350516124,DET,4,STL,3,DET,Final/10
20150516,mlb,350516116,PIT,1,CHC,4,CHC,Final
20150516,mlb,350516101,LAA,6,BAL,1,LAA,Final
20150516,mlb,350516122,ARI,5,PHI,7,PHI,Final
20150516,mlb,350516107,NYY,5,KC,1,NYY,Final
20150516,mlb,350516117,SF,11,CIN,2,SF,Final
20150516,mlb,350516118,TOR,5,HOU,6,HOU,Final
20150516,mlb,350516121,MIL,1,NYM,14,NYM,Final
20150516,mlb,350516113,CLE,10,TEX,8,CLE,Final
20150516,mlb,350516125,WSH,4,SD,1,WSH,Final
20150516,mlb,350516112,BOS,4,SEA,2,BOS,Final
20150516,mlb,350516119,COL,7,LAD,1,COL,Final
20150517,mlb,350517117,SF,9,CIN,8,SF,Final
20150517,mlb,350517121,MIL,1,NYM,5,NYM,Final
20150517,mlb,350517128,ATL,6,MIA,0,ATL,Final
20150517,mlb,350517101,LAA,0,BAL,3,BAL,Final
20150517,mlb,350517122,ARI,0,PHI,6,PHI,Final
20150517,mlb,350517107,NYY,0,KC,6,KC,Final
20150517,mlb,350517109,TB,11,MIN,3,TB,Final
20150517,mlb,350517118,TOR,2,HOU,4,HOU,Final
20150517,mlb,350517116,PIT,3,CHC,0,PIT,Final
20150517,mlb,350517113,CLE,1,TEX,5,TEX,Final
20150517,mlb,350517112,BOS,0,SEA,5,SEA,Final
20150517,mlb,350517119,COL,0,LAD,1,LAD,Final
20150517,mlb,350517125,WSH,10,SD,5,WSH,Final
20150517,mlb,350517124,DET,1,STL,2,STL,Final
20150518,mlb,350518114,LAA,6,TOR,10,TOR,Final
20150518,mlb,350518121,STL,1,NYM,2,NYM,Final/14
20150518,mlb,350518106,MIL,3,DET,2,MIL,Final
20150518,mlb,350518128,ARI,3,MIA,2,ARI,Final/13
20150518,mlb,350518104,CLE,1,CHW,2,CHW,Final/10
20150518,mlb,350518127,PHI,4,COL,3,PHI,Final
20150519,mlb,350519101,SEA,4,BAL,9,BAL,Final
20150519,mlb,350519120,NYY,6,WSH,8,WSH,Final/10
20150519,mlb,350519123,MIN,8,PIT,5,MIN,Final
20150519,mlb,350519114,LAA,3,TOR,2,LAA,Final
20150519,mlb,350519106,MIL,8,DET,1,MIL,Final
20150519,mlb,350519102,TEX,3,BOS,4,BOS,Final
20150519,mlb,350519115,TB,5,ATL,3,TB,Final
20150519,mlb,350519121,STL,10,NYM,2,STL,Final
20150519,mlb,350519128,ARI,4,MIA,2,ARI,Final
20150519,mlb,350519104,CLE,3,CHW,1,CLE,Final
20150519,mlb,350519107,CIN,0,KC,3,KC,Final
20150519,mlb,350519127,PHI,5,COL,6,COL,Final
20150519,mlb,350519125,CHC,3,SD,4,SD,Final
20150519,mlb,350519126,LAD,0,SF,2,SF,Final
20150520,mlb,350520102,TEX,2,BOS,1,TEX,Final
20150520,mlb,350520101,SEA,4,BAL,2,SEA,Final
20150520,mlb,350520120,NYY,2,WSH,3,WSH,Final
20150520,mlb,350520123,MIN,4,PIT,3,MIN,Final/13
20150520,mlb,350520114,LAA,4,TOR,3,LAA,Final
20150520,mlb,350520106,MIL,2,DET,5,DET,Final
20150520,mlb,350520115,TB,1,ATL,2,ATL,Final
20150520,mlb,350520121,STL,9,NYM,0,STL,Final
20150520,mlb,350520128,ARI,6,MIA,1,ARI,Final
20150520,mlb,350520104,CLE,4,CHW,3,CLE,Final
20150520,mlb,350520107,CIN,1,KC,7,KC,Final
20150520,mlb,350520127,PHI,4,COL,2,PHI,Final
20150520,mlb,350520125,CHC,3,SD,2,CHC,Final
20150520,mlb,350520126,LAD,0,SF,4,SF,Final
20150521,mlb,350521128,ARI,7,MIA,6,ARI,Final
20150521,mlb,350521101,SEA,4,BAL,5,BAL,Final
20150521,mlb,350521106,HOU,5,DET,6,DET,Final/11
20150521,mlb,350521121,STL,0,NYM,5,NYM,Final
20150521,mlb,350521127,PHI,3,COL,7,COL,Final
20150521,mlb,350521126,LAD,0,SF,4,SF,Final
20150521,mlb,350521114,LAA,4,TOR,8,TOR,Final
20150521,mlb,350521102,TEX,3,BOS,1,TEX,Final
20150521,mlb,350521115,MIL,1,ATL,10,ATL,Final
20150521,mlb,350521104,CLE,5,CHW,2,CLE,Final
20150521,mlb,350521125,CHC,3,SD,0,CHC,Final
20150522,mlb,350522110,TEX,10,NYY,9,TEX,Final
20150522,mlb,350522120,PHI,1,WSH,2,WSH,Final
20150522,mlb,350522123,NYM,1,PIT,4,PIT,Final
20150522,mlb,350522114,SEA,4,TOR,3,SEA,Final
20150522,mlb,350522106,HOU,2,DET,6,DET,Final
20150522,mlb,350522102,LAA,12,BOS,5,LAA,Final
20150522,mlb,350522105,CIN,3,CLE,7,CLE,Final
20150522,mlb,350522128,BAL,8,MIA,5,BAL,Final
20150522,mlb,350522115,MIL,11,ATL,0,MIL,Final
20150522,mlb,350522104,MIN,2,CHW,3,CHW,Final
20150522,mlb,350522107,STL,0,KC,5,KC,Final
20150522,mlb,350522127,SF,11,COL,8,SF,Final
20150522,mlb,350522129,CHC,4,ARI,5,ARI,Final/13
20150522,mlb,350522119,SD,1,LAD,2,LAD,Final
20150523,mlb,350523110,TEX,15,NYY,4,TEX,Final
20150523,mlb,350523114,SEA,3,TOR,2,SEA,Final
20150523,mlb,350523120,PHI,8,WSH,1,PHI,Final
20150523,mlb,350523123,NYM,2,PIT,8,PIT,Final
20150523,mlb,350523106,HOU,3,DET,2,HOU,Final
20150523,mlb,350523104,MIN,4,CHW,3,MIN,Final
20150523,mlb,350523105,CIN,1,CLE,2,CLE,Final
20150523,mlb,350523115,MIL,2,ATL,3,ATL,Final/11
20150523,mlb,350523227,SF,10,COL,8,SF,Final
20150523,mlb,350523102,LAA,3,BOS,8,BOS,Final
20150523,mlb,350523107,STL,2,KC,3,KC,Final/6
20150523,mlb,350523128,BAL,0,MIA,1,MIA,Final/13
20150523,mlb,350523119,SD,0,LAD,2,LAD,Final
20150523,mlb,350523129,CHC,9,ARI,6,CHC,Final
20150523,mlb,350523327,SF,3,COL,5,COL,Final
20150524,mlb,350524114,SEA,2,TOR,8,TOR,Final
20150524,mlb,350524106,HOU,10,DET,8,HOU,Final
20150524,mlb,350524105,CIN,2,CLE,5,CLE,Final
20150524,mlb,350524128,BAL,2,MIA,5,MIA,Final
20150524,mlb,350524102,LAA,1,BOS,6,BOS,Final
20150524,mlb,350524115,MIL,1,ATL,2,ATL,Final
20150524,mlb,350524120,PHI,1,WSH,4,WSH,Final
20150524,mlb,350524123,NYM,1,PIT,9,PIT,Final
20150524,mlb,350524104,MIN,8,CHW,1,MIN,Final
20150524,mlb,350524107,STL,6,KC,1,STL,Final
20150524,mlb,350524119,SD,11,LAD,3,SD,Final
20150524,mlb,350524127,SF,2,COL,11,COL,Final
20150524,mlb,400747923,CHC,3,ARI,4,ARI,Final
20150524,mlb,350524110,TEX,5,NYY,2,TEX,Final
20150525,mlb,350525110,KC,1,NYY,14,NYY,Final
20150525,mlb,350525117,COL,5,CIN,4,COL,Final
20150525,mlb,350525121,PHI,3,NYM,6,NYM,Final
20150525,mlb,350525101,HOU,3,BAL,4,BAL,Final
20150525,mlb,350525108,SF,8,MIL,4,SF,Final
20150525,mlb,350525109,BOS,2,MIN,7,MIN,Final
20150525,mlb,350525116,WSH,2,CHC,1,WSH,Final
20150525,mlb,350525105,TEX,10,CLE,8,TEX,Final
20150525,mlb,350525124,ARI,2,STL,3,STL,Final/10
20150525,mlb,350525123,MIA,2,PIT,4,PIT,Final
20150525,mlb,350525114,CHW,0,TOR,6,TOR,Final
20150525,mlb,350525130,SEA,4,TB,1,SEA,Final
20150525,mlb,350525119,ATL,3,LAD,6,LAD,Final
20150525,mlb,350525103,SD,3,LAA,4,LAA,Final
20150526,mlb,350526116,WSH,2,CHC,3,CHC,Final
20150526,mlb,350526101,HOU,4,BAL,1,HOU,Final
20150526,mlb,350526110,KC,1,NYY,5,NYY,Final
20150526,mlb,350526123,MIA,1,PIT,5,PIT,Final
20150526,mlb,350526114,CHW,9,TOR,10,TOR,Final
20150526,mlb,350526105,TEX,4,CLE,3,TEX,Final
20150526,mlb,350526117,COL,1,CIN,2,CIN,Final
20150526,mlb,350526121,PHI,4,NYM,5,NYM,Final/10
20150526,mlb,350526130,SEA,7,TB,6,SEA,Final/10
20150526,mlb,350526108,SF,6,MIL,3,SF,Final
20150526,mlb,350526109,BOS,1,MIN,2,MIN,Final
20150526,mlb,350526124,ARI,4,STL,6,STL,Final
20150526,mlb,350526119,ATL,0,LAD,8,LAD,Final
20150526,mlb,350526103,SD,4,LAA,0,SD,Final/10
20150527,mlb,350527105,TEX,3,CLE,12,CLE,Final
20150527,mlb,350527117,COL,6,CIN,4,COL,Final
20150527,mlb,350527123,MIA,2,PIT,5,PIT,Final
20150527,mlb,350527114,CHW,5,TOR,3,CHW,Final/10
20150527,mlb,350527110,KC,2,NYY,4,NYY,Final
20150527,mlb,350527109,BOS,4,MIN,6,MIN,Final
20150527,mlb,350527121,PHI,0,NYM,7,NYM,Final
20150527,mlb,350527130,SEA,3,TB,0,SEA,Final
20150527,mlb,350527108,SF,3,MIL,1,SF,Final
20150527,mlb,350527101,HOU,4,BAL,5,BAL,Final
20150527,mlb,350527116,WSH,3,CHC,0,WSH,Final
20150527,mlb,350527124,ARI,3,STL,4,STL,Final
20150527,mlb,350527103,SD,5,LAA,4,SD,Final
20150527,mlb,350527119,ATL,3,LAD,2,ATL,Final
20150528,mlb,350528201,CHW,3,BAL,2,CHW,Final
20150528,mlb,350528301,CHW,3,BAL,6,BAL,Final
20150528,mlb,350528113,BOS,5,TEX,1,BOS,Final
20150528,mlb,350528103,DET,2,LAA,12,LAA,Final
20150528,mlb,350528112,CLE,5,SEA,3,CLE,Final
20150528,mlb,350528125,PIT,11,SD,5,PIT,Final
20150528,mlb,350528126,ATL,0,SF,7,SF,Final
20150529,mlb,350529116,KC,8,CHC,4,KC,Final
20150529,mlb,350529101,TB,1,BAL,2,BAL,Final
20150529,mlb,350529122,COL,4,PHI,1,COL,Final
20150529,mlb,350529117,WSH,2,CIN,5,CIN,Final
20150529,mlb,350529121,MIA,4,NYM,3,MIA,Final
20150529,mlb,350529113,BOS,4,TEX,7,TEX,Final
20150529,mlb,350529108,ARI,7,MIL,5,ARI,Final
20150529,mlb,350529109,TOR,6,MIN,4,TOR,Final
20150529,mlb,350529118,CHW,6,HOU,3,CHW,Final/11
20150529,mlb,350529124,LAD,0,STL,3,STL,Final
20150529,mlb,350529103,DET,0,LAA,2,LAA,Final
20150529,mlb,350529112,CLE,1,SEA,2,SEA,Final
20150529,mlb,350529125,PIT,2,SD,6,SD,Final
20150529,mlb,350529126,ATL,2,SF,4,SF,Final
20150530,mlb,350530109,TOR,2,MIN,3,MIN,Final
20150530,mlb,350530122,COL,5,PHI,2,COL,Final
20150530,mlb,350530101,TB,3,BAL,0,TB,Final
20150530,mlb,350530108,ARI,7,MIL,3,ARI,Final
20150530,mlb,350530117,WSH,5,CIN,8,CIN,Final
20150530,mlb,350530118,CHW,0,HOU,3,HOU,Final
20150530,mlb,350530121,MIA,9,NYM,5,MIA,Final
20150530,mlb,350530113,BOS,0,TEX,8,TEX,Final
20150530,mlb,350530124,LAD,5,STL,1,LAD,Final
20150530,mlb,350530103,DET,6,LAA,8,LAA,Final
20150530,mlb,350530126,ATL,8,SF,0,ATL,Final
20150530,mlb,350530112,CLE,4,SEA,3,CLE,Final
20150530,mlb,350530125,PIT,5,SD,2,PIT,Final
20150531,mlb,350531117,WSH,2,CIN,8,CIN,Final
20150531,mlb,350531121,MIA,3,NYM,4,NYM,Final
20150531,mlb,350531101,TB,9,BAL,5,TB,Final
20150531,mlb,350531122,COL,4,PHI,1,COL,Final
20150531,mlb,350531108,ARI,6,MIL,7,MIL,Final/17
20150531,mlb,350531109,TOR,5,MIN,6,MIN,Final
20150531,mlb,350531118,CHW,6,HOU,0,CHW,Final
20150531,mlb,350531124,LAD,1,STL,3,STL,Final
20150531,mlb,350531116,KC,1,CHC,2,CHC,Final/11
20150531,mlb,350531113,BOS,3,TEX,4,TEX,Final
20150531,mlb,350531126,ATL,7,SF,5,ATL,Final
20150531,mlb,350531112,CLE,6,SEA,3,CLE,Final/12
20150531,mlb,350531103,DET,2,LAA,4,LAA,Final
20150531,mlb,350531125,PIT,1,SD,7,SD,Final
20150601,mlb,350601128,CHC,5,MIA,1,CHC,Final
20150601,mlb,350601124,MIL,1,STL,0,MIL,Final
20150601,mlb,350601118,BAL,2,HOU,5,HOU,Final
20150601,mlb,350601127,LAD,11,COL,4,LAD,Final
20150601,mlb,350601129,ATL,8,ARI,1,ATL,Final
20150601,mlb,350601103,TB,3,LAA,7,LAA,Final
20150601,mlb,350601112,NYY,7,SEA,2,NYY,Final
20150601,mlb,350601125,NYM,7,SD,0,NYM,Final
20150601,mlb,350601126,PIT,4,SF,3,PIT,Final
20150602,mlb,350602220,TOR,0,WSH,2,WSH,Final
20150602,mlb,350602227,LAD,3,COL,6,COL,Final
20150602,mlb,350602122,CIN,4,PHI,5,PHI,Final
20150602,mlb,350602320,TOR,7,WSH,3,TOR,Final
20150602,mlb,350602102,MIN,0,BOS,1,BOS,Final
20150602,mlb,350602128,CHC,2,MIA,5,MIA,Final
20150602,mlb,350602113,CHW,2,TEX,15,TEX,Final
20150602,mlb,350602107,CLE,2,KC,1,CLE,Final
20150602,mlb,350602118,BAL,4,HOU,6,HOU,Final
20150602,mlb,350602124,MIL,0,STL,1,STL,Final
20150602,mlb,350602327,LAD,9,COL,8,LAD,Final
20150602,mlb,350602129,ATL,6,ARI,7,ARI,Final
20150602,mlb,350602103,TB,6,LAA,1,TB,Final
20150602,mlb,350602112,NYY,5,SEA,3,NYY,Final/11
20150602,mlb,350602125,NYM,2,SD,7,SD,Final
20150602,mlb,350602126,PIT,7,SF,4,PIT,Final
20150603,mlb,350603202,MIN,3,BOS,6,BOS,Final
20150603,mlb,350603124,MIL,4,STL,7,STL,Final
20150603,mlb,350603112,NYY,3,SEA,1,NYY,Final
20150603,mlb,350603129,ATL,8,ARI,9,ARI,Final
20150603,mlb,350603126,PIT,5,SF,2,PIT,Final
20150603,mlb,350603120,TOR,8,WSH,0,TOR,Final
20150603,mlb,350603122,CIN,4,PHI,5,PHI,Final/11
20150603,mlb,350603128,CHC,3,MIA,7,MIA,Final
20150603,mlb,350603302,MIN,2,BOS,0,MIN,Final
20150603,mlb,350603127,LAD,6,COL,7,COL,Final
20150603,mlb,350603113,CHW,9,TEX,2,CHW,Final
20150603,mlb,350603107,CLE,2,KC,4,KC,Final
20150603,mlb,350603118,BAL,1,HOU,3,HOU,Final
20150603,mlb,350603125,NYM,3,SD,7,SD,Final
20150603,mlb,350603103,TB,6,LAA,5,TB,Final/10
20150604,mlb,350604118,BAL,3,HOU,2,BAL,Final
20150604,mlb,350604102,MIN,8,BOS,4,MIN,Final
20150604,mlb,350604120,CHC,2,WSH,1,CHC,Final
20150604,mlb,350604122,CIN,6,PHI,4,CIN,Final
20150604,mlb,350604113,CHW,1,TEX,2,TEX,Final/11
20150604,mlb,350604107,CLE,6,KC,2,CLE,Final/8
20150604,mlb,350604129,NYM,6,ARI,2,NYM,Final
20150604,mlb,350604112,TB,2,SEA,1,TB,Final
20150604,mlb,350604119,STL,7,LAD,1,STL,Final
20150605,mlb,350605110,LAA,7,NYY,8,NYY,Final
20150605,mlb,350605120,CHC,5,WSH,7,WSH,Final
20150605,mlb,350605122,SF,5,PHI,4,SF,Final
20150605,mlb,400655134,LAA,7,NYY,8,NYY,Final
20150605,mlb,350605114,HOU,2,TOR,6,TOR,Final
20150605,mlb,350605105,BAL,5,CLE,2,BAL,Final
20150605,mlb,350605117,SD,6,CIN,2,SD,Final
20150605,mlb,350605115,PIT,10,ATL,8,PIT,Final
20150605,mlb,350605104,DET,3,CHW,4,CHW,Final/11
20150605,mlb,350605107,TEX,4,KC,0,TEX,Final
20150605,mlb,350605109,MIL,10,MIN,5,MIL,Final
20150605,mlb,350605127,MIA,6,COL,2,MIA,Final
20150605,mlb,350605129,NYM,2,ARI,7,ARI,Final
20150605,mlb,350605112,TB,1,SEA,0,TB,Final
20150605,mlb,350605119,STL,2,LAD,1,STL,Final
20150606,mlb,350606120,CHC,4,WSH,2,CHC,Final
20150606,mlb,350606114,HOU,2,TOR,7,TOR,Final
20150606,mlb,350606107,TEX,4,KC,2,TEX,Final
20150606,mlb,350606109,MIL,4,MIN,2,MIL,Final
20150606,mlb,350606122,SF,7,PHI,5,SF,Final
20150606,mlb,350606105,BAL,1,CLE,2,CLE,Final
20150606,mlb,350606117,SD,9,CIN,7,SD,Final
20150606,mlb,350606127,MIA,5,COL,10,COL,Final
20150606,mlb,350606115,PIT,4,ATL,5,ATL,Final
20150606,mlb,350606104,DET,7,CHW,1,DET,Final
20150606,mlb,350606110,LAA,2,NYY,8,NYY,Final
20150606,mlb,350606112,TB,1,SEA,2,SEA,Final
20150606,mlb,350606119,STL,0,LAD,2,LAD,Final
20150606,mlb,350606129,NYM,1,ARI,2,ARI,Final
20150607,mlb,350607110,LAA,2,NYY,6,NYY,Final
20150607,mlb,400655148,LAA,2,NYY,6,NYY,Final
20150607,mlb,350607114,HOU,6,TOR,7,TOR,Final
20150607,mlb,350607105,BAL,7,CLE,3,BAL,Final
20150607,mlb,350607117,SD,0,CIN,4,CIN,Final
20150607,mlb,350607115,PIT,3,ATL,0,PIT,Final
20150607,mlb,350607122,SF,4,PHI,6,PHI,Final
20150607,mlb,350607104,DET,6,CHW,4,DET,Final
20150607,mlb,350607107,TEX,3,KC,4,KC,Final
20150607,mlb,350607109,MIL,0,MIN,2,MIN,Final
20150607,mlb,350607120,CHC,6,WSH,3,CHC,Final
20150607,mlb,350607112,TB,3,SEA,1,TB,Final
20150607,mlb,350607127,MIA,3,COL,2,MIA,Final/10
20150607,mlb,350607129,NYM,6,ARI,3,NYM,Final
20150607,mlb,350607119,STL,4,LAD,2,STL,Final
20150608,mlb,350608123,MIL,2,PIT,0,MIL,Final
20150608,mlb,350608114,MIA,3,TOR,11,TOR,Final
20150608,mlb,350608115,SD,5,ATL,3,SD,Final/11
20150608,mlb,350608117,PHI,4,CIN,6,CIN,Final
20150608,mlb,350608104,HOU,1,CHW,3,CHW,Final
20150608,mlb,350608109,KC,3,MIN,1,KC,Final
20150608,mlb,350608127,STL,3,COL,11,COL,Final
20150608,mlb,350608119,ARI,3,LAD,9,LAD,Final
20150609,mlb,350609101,BOS,0,BAL,1,BAL,Final
20150609,mlb,350609110,WSH,1,NYY,6,NYY,Final
20150609,mlb,350609123,MIL,4,PIT,1,MIL,Final
20150609,mlb,400704006,WSH,1,NYY,6,NYY,Final
20150609,mlb,350609114,MIA,3,TOR,4,TOR,Final
20150609,mlb,350609106,CHC,0,DET,6,DET,Final
20150609,mlb,350609105,SEA,3,CLE,2,SEA,Final
20150609,mlb,350609115,SD,5,ATL,6,ATL,Final
20150609,mlb,350609117,PHI,2,CIN,11,CIN,Final
20150609,mlb,350609121,SF,5,NYM,0,SF,Final
20150609,mlb,350609130,LAA,8,TB,2,LAA,Final
20150609,mlb,350609104,HOU,2,CHW,4,CHW,Final
20150609,mlb,350609109,KC,2,MIN,0,KC,Final
20150609,mlb,350609127,STL,3,COL,4,COL,Final
20150609,mlb,350609119,ARI,1,LAD,3,LAD,Final
20150610,mlb,350610117,PHI,2,CIN,5,CIN,Final
20150610,mlb,350610114,MIA,2,TOR,7,TOR,Final
20150610,mlb,350610110,WSH,5,NYY,4,WSH,Final/11
20150610,mlb,350610127,STL,4,COL,2,STL,Final
20150610,mlb,350610101,BOS,2,BAL,5,BAL,Final
20150610,mlb,350610123,MIL,0,PIT,2,PIT,Final
20150610,mlb,350610106,CHC,12,DET,3,CHC,Final
20150610,mlb,350610105,SEA,9,CLE,3,SEA,Final
20150610,mlb,350610115,SD,1,ATL,4,ATL,Final
20150610,mlb,350610121,SF,8,NYM,5,SF,Final
20150610,mlb,350610130,LAA,2,TB,4,TB,Final
20150610,mlb,350610104,HOU,1,CHW,4,CHW,Final
20150610,mlb,350610109,KC,7,MIN,2,KC,Final
20150610,mlb,350610119,ARI,6,LAD,7,LAD,Final
20150611,mlb,350611105,SEA,0,CLE,6,CLE,Final
20150611,mlb,350611115,SD,6,ATL,4,SD,Final/11
20150611,mlb,350611101,BOS,5,BAL,6,BAL,Final
20150611,mlb,350611121,SF,4,NYM,5,NYM,Final
20150611,mlb,350611128,COL,0,MIA,6,MIA,Final
20150611,mlb,350611130,LAA,6,TB,2,LAA,Final
20150611,mlb,350611116,CIN,3,CHC,6,CHC,Final
20150611,mlb,350611108,WSH,5,MIL,6,MIL,Final
20150612,mlb,350612116,CIN,5,CHC,4,CIN,Final/10
20150612,mlb,350612101,NYY,3,BAL,11,BAL,Final
20150612,mlb,350612123,PHI,0,PIT,1,PIT,Final/13
20150612,mlb,350612106,CLE,0,DET,4,DET,Final
20150612,mlb,350612102,TOR,13,BOS,10,TOR,Final
20150612,mlb,350612121,ATL,3,NYM,5,NYM,Final
20150612,mlb,350612128,COL,1,MIA,5,MIA,Final
20150612,mlb,350612130,CHW,5,TB,7,TB,Final
20150612,mlb,350612113,MIN,2,TEX,6,TEX,Final
20150612,mlb,350612108,WSH,4,MIL,8,MIL,Final
20150612,mlb,350612118,SEA,0,HOU,10,HOU,Final
20150612,mlb,350612124,KC,0,STL,4,STL,Final
20150612,mlb,350612125,LAD,4,SD,3,LAD,Final
20150612,mlb,350612126,ARI,1,SF,0,ARI,Final
20150613,mlb,350613102,TOR,5,BOS,4,TOR,Final/11
20150613,mlb,350613113,MIN,7,TEX,11,TEX,Final
20150613,mlb,350613123,PHI,3,PIT,4,PIT,Final
20150613,mlb,350613106,CLE,5,DET,4,CLE,Final
20150613,mlb,350613108,WSH,7,MIL,2,WSH,Final
20150613,mlb,350613118,SEA,8,HOU,1,SEA,Final
20150613,mlb,350613121,ATL,5,NYM,3,ATL,Final/11
20150613,mlb,350613124,KC,2,STL,3,STL,Final
20150613,mlb,350613128,COL,1,MIA,4,MIA,Final
20150613,mlb,350613130,CHW,4,TB,5,TB,Final
20150613,mlb,350613101,NYY,4,BAL,9,BAL,Final
20150613,mlb,350613116,CIN,3,CHC,4,CHC,Final
20150613,mlb,350613126,ARI,4,SF,2,ARI,Final
20150613,mlb,350613125,LAD,1,SD,2,SD,Final
20150614,mlb,350614106,CLE,1,DET,8,DET,Final
20150614,mlb,350614121,ATL,8,NYM,10,NYM,Final
20150614,mlb,350614128,COL,4,MIA,1,COL,Final
20150614,mlb,350614130,CHW,1,TB,2,TB,Final
20150614,mlb,350614101,NYY,5,BAL,3,NYY,Final
20150614,mlb,350614102,TOR,13,BOS,5,TOR,Final
20150614,mlb,350614123,PHI,0,PIT,1,PIT,Final/11
20150614,mlb,350614108,WSH,4,MIL,0,WSH,Final
20150614,mlb,350614118,SEA,0,HOU,13,HOU,Final
20150614,mlb,350614113,MIN,4,TEX,3,MIN,Final
20150614,mlb,350614126,ARI,4,SF,0,ARI,Final
20150614,mlb,350614125,LAD,4,SD,2,LAD,Final/12
20150614,mlb,350614116,CIN,1,CHC,2,CHC,Final/11
20150615,mlb,350615102,ATL,4,BOS,2,ATL,Final
20150615,mlb,350615101,PHI,0,BAL,4,BAL,Final
20150615,mlb,350615123,CHW,0,PIT,11,PIT,Final
20150615,mlb,350615106,CIN,0,DET,6,DET,Final
20150615,mlb,350615121,TOR,3,NYM,4,NYM,Final/11
20150615,mlb,350615128,NYY,1,MIA,2,MIA,Final
20150615,mlb,350615130,WSH,1,TB,6,TB,Final
20150615,mlb,350615113,LAD,1,TEX,4,TEX,Final
20150615,mlb,350615108,KC,8,MIL,5,KC,Final
20150615,mlb,350615118,COL,3,HOU,6,HOU,Final
20150615,mlb,350615124,MIN,2,STL,3,STL,Final
20150615,mlb,350615103,ARI,7,LAA,3,ARI,Final
20150615,mlb,350615126,SEA,5,SF,1,SEA,Final
20150616,mlb,350616124,MIN,2,STL,3,STL,Final
20150616,mlb,350616118,COL,5,HOU,8,HOU,Final
20150616,mlb,350616126,SEA,2,SF,6,SF,Final
20150616,mlb,350616102,ATL,4,BOS,9,BOS,Final
20150616,mlb,350616101,PHI,3,BAL,19,BAL,Final
20150616,mlb,350616123,CHW,0,PIT,3,PIT,Final
20150616,mlb,350616106,CIN,5,DET,2,CIN,Final
20150616,mlb,350616121,TOR,2,NYM,3,NYM,Final
20150616,mlb,350616128,NYY,2,MIA,12,MIA,Final
20150616,mlb,350616130,WSH,16,TB,4,WSH,Final
20150616,mlb,350616113,LAD,2,TEX,3,TEX,Final
20150616,mlb,350616116,CLE,6,CHC,0,CLE,Final
20150616,mlb,350616108,KC,7,MIL,2,KC,Final
20150616,mlb,350616103,ARI,1,LAA,4,LAA,Final
20150617,mlb,350617120,TB,5,WSH,0,TB,Final
20150617,mlb,350617110,MIA,1,NYY,2,NYY,Final
20150617,mlb,350617122,BAL,6,PHI,4,BAL,Final
20150617,mlb,350617114,NYM,0,TOR,8,TOR,Final
20150617,mlb,350617105,CHC,17,CLE,0,CHC,Final
20150617,mlb,350617115,BOS,2,ATL,5,ATL,Final
20150617,mlb,350617117,DET,4,CIN,8,CIN,Final/13
20150617,mlb,350617104,PIT,3,CHW,2,PIT,Final
20150617,mlb,350617107,MIL,2,KC,10,KC,Final
20150617,mlb,350617109,STL,1,MIN,3,MIN,Final
20150617,mlb,350617127,HOU,8,COL,4,HOU,Final
20150617,mlb,350617129,LAA,2,ARI,3,ARI,Final
20150617,mlb,350617112,SF,0,SEA,2,SEA,Final
20150617,mlb,350617119,TEX,5,LAD,3,TEX,Final
20150618,mlb,350618122,BAL,1,PHI,2,PHI,Final
20150618,mlb,350618109,STL,1,MIN,2,MIN,Final
20150618,mlb,350618127,HOU,8,COL,4,HOU,Final
20150618,mlb,350618129,LAA,7,ARI,1,LAA,Final
20150618,mlb,350618110,MIA,4,NYY,9,NYY,Final
20150618,mlb,350618120,TB,5,WSH,3,TB,Final
20150618,mlb,350618114,NYM,1,TOR,7,TOR,Final
20150618,mlb,350618105,CHC,3,CLE,4,CLE,Final
20150618,mlb,350618115,BOS,5,ATL,2,BOS,Final
20150618,mlb,350618104,PIT,3,CHW,2,PIT,Final
20150618,mlb,350618107,MIL,2,KC,3,KC,Final
20150618,mlb,350618112,SF,7,SEA,0,SF,Final
20150618,mlb,350618119,TEX,0,LAD,1,LAD,Final
20150619,mlb,350619110,DET,2,NYY,7,NYY,Final
20150619,mlb,350619120,PIT,1,WSH,4,WSH,Final
20150619,mlb,350619122,STL,12,PHI,4,STL,Final
20150619,mlb,350619114,BAL,4,TOR,5,TOR,Final
20150619,mlb,350619105,TB,4,CLE,1,TB,Final
20150619,mlb,350619117,MIA,0,CIN,5,CIN,Final
20150619,mlb,350619115,NYM,1,ATL,2,ATL,Final
20150619,mlb,350619104,TEX,2,CHW,1,TEX,Final
20150619,mlb,350619107,BOS,7,KC,3,BOS,Final
20150619,mlb,350619109,CHC,2,MIN,7,MIN,Final
20150619,mlb,350619127,MIL,9,COL,5,MIL,Final
20150619,mlb,350619129,SD,2,ARI,4,ARI,Final
20150619,mlb,350619112,HOU,2,SEA,5,SEA,Final
20150619,mlb,350619119,SF,9,LAD,5,SF,Final
20150620,mlb,350620114,BAL,5,TOR,3,BAL,Final
20150620,mlb,350620104,TEX,2,CHW,3,CHW,Final
20150620,mlb,350620109,CHC,4,MIN,1,CHC,Final/10
20150620,mlb,350620120,PIT,0,WSH,6,WSH,Final
20150620,mlb,350620127,MIL,1,COL,5,COL,Final
20150620,mlb,350620122,STL,10,PHI,1,STL,Final
20150620,mlb,350620105,TB,4,CLE,1,TB,Final
20150620,mlb,350620107,BOS,4,KC,7,KC,Final
20150620,mlb,350620115,NYM,4,ATL,6,ATL,Final
20150620,mlb,350620117,MIA,5,CIN,0,MIA,Final
20150620,mlb,350620110,DET,3,NYY,14,NYY,Final
20150620,mlb,350620119,SF,6,LAD,2,SF,Final
20150620,mlb,350620112,HOU,3,SEA,6,SEA,Final
20150620,mlb,350620129,SD,8,ARI,1,SD,Final
20150621,mlb,350621110,DET,12,NYY,4,DET,Final
20150621,mlb,350621114,BAL,13,TOR,9,BAL,Final
20150621,mlb,350621105,TB,0,CLE,1,CLE,Final
20150621,mlb,350621117,MIA,2,CIN,5,CIN,Final
20150621,mlb,350621120,PIT,2,WSH,9,WSH,Final
20150621,mlb,350621122,STL,2,PHI,9,PHI,Final
20150621,mlb,350621104,TEX,2,CHW,3,CHW,Final/11
20150621,mlb,350621107,BOS,13,KC,2,BOS,Final
20150621,mlb,350621109,CHC,8,MIN,0,CHC,Final
20150621,mlb,350621112,HOU,6,SEA,2,HOU,Final
20150621,mlb,350621127,MIL,4,COL,10,COL,Final
20150621,mlb,350621129,SD,2,ARI,7,ARI,Final
20150621,mlb,350621115,NYM,0,ATL,1,ATL,Final
20150621,mlb,350621119,SF,2,LAD,10,LAD,Final
20150622,mlb,350622110,PHI,11,NYY,8,PHI,Final
20150622,mlb,350622105,DET,8,CLE,5,DET,Final
20150622,mlb,350622130,TOR,8,TB,5,TOR,Final
20150622,mlb,350622109,CHW,2,MIN,13,MIN,Final
20150622,mlb,350622116,LAD,2,CHC,4,CHC,Final
20150622,mlb,350622103,HOU,3,LAA,4,LAA,Final
20150622,mlb,350622112,KC,4,SEA,1,KC,Final
20150623,mlb,350623110,PHI,11,NYY,6,PHI,Final
20150623,mlb,350623120,ATL,1,WSH,3,WSH,Final
20150623,mlb,350623123,CIN,6,PIT,7,PIT,Final
20150623,mlb,400704078,PHI,11,NYY,6,PHI,Final
20150623,mlb,350623102,BAL,6,BOS,4,BAL,Final
20150623,mlb,350623105,DET,7,CLE,3,DET,Final
20150623,mlb,350623128,STL,4,MIA,3,STL,Final
20150623,mlb,350623130,TOR,3,TB,4,TB,Final
20150623,mlb,350623116,LAD,0,CHC,1,CHC,Final/10
20150623,mlb,350623108,NYM,2,MIL,3,MIL,Final
20150623,mlb,350623109,CHW,6,MIN,2,CHW,Final
20150623,mlb,350623127,ARI,5,COL,10,COL,Final
20150623,mlb,350623103,HOU,13,LAA,3,HOU,Final
20150623,mlb,350623112,KC,0,SEA,7,SEA,Final
20150623,mlb,350623126,SD,3,SF,2,SD,Final/11
20150624,mlb,350624105,DET,2,CLE,8,CLE,Final
20150624,mlb,350624130,TOR,1,TB,0,TOR,Final/12
20150624,mlb,350624110,PHI,2,NYY,10,NYY,Final
20150624,mlb,350624109,CHW,1,MIN,6,MIN,Final
20150624,mlb,350624103,HOU,1,LAA,2,LAA,Final/13
20150624,mlb,350624120,ATL,1,WSH,2,WSH,Final/11
20150624,mlb,350624123,CIN,5,PIT,2,CIN,Final
20150624,mlb,350624102,BAL,1,BOS,5,BOS,Final
20150624,mlb,350624128,STL,6,MIA,1,STL,Final
20150624,mlb,350624116,LAD,5,CHC,2,LAD,Final
20150624,mlb,350624108,NYM,1,MIL,4,MIL,Final
20150624,mlb,350624127,ARI,8,COL,7,ARI,Final
20150624,mlb,350624112,KC,8,SEA,2,KC,Final
20150624,mlb,350624126,SD,0,SF,6,SF,Final
20150625,mlb,350625106,CHW,8,DET,7,CHW,Final/10
20150625,mlb,350625102,BAL,8,BOS,6,BAL,Final
20150625,mlb,350625108,NYM,2,MIL,0,NYM,Final
20150625,mlb,350625116,LAD,4,CHC,0,LAD,Final
20150625,mlb,350625127,ARI,4,COL,6,COL,Final
20150625,mlb,350625126,SD,8,SF,13,SF,Final
20150625,mlb,350625120,ATL,0,WSH,7,WSH,Final
20150625,mlb,350625123,CIN,5,PIT,4,CIN,Final/13
20150625,mlb,350625128,STL,5,MIA,1,STL,Final
20150625,mlb,350625118,NYY,0,HOU,4,HOU,Final
20150626,mlb,350626101,CLE,3,BAL,4,BAL,Final
20150626,mlb,350626122,WSH,5,PHI,2,WSH,Final
20150626,mlb,350626123,ATL,2,PIT,3,PIT,Final/10
20150626,mlb,350626114,TEX,2,TOR,12,TOR,Final
20150626,mlb,350626106,CHW,4,DET,5,DET,Final
20150626,mlb,350626121,CIN,1,NYM,2,NYM,Final
20150626,mlb,350626128,LAD,7,MIA,1,LAD,Final
20150626,mlb,350626130,BOS,4,TB,3,BOS,Final/10
20150626,mlb,350626108,MIN,4,MIL,10,MIL,Final
20150626,mlb,350626118,NYY,3,HOU,2,NYY,Final
20150626,mlb,350626124,CHC,2,STL,3,STL,Final/10
20150626,mlb,350626103,SEA,3,LAA,1,SEA,Final
20150626,mlb,350626125,ARI,2,SD,4,SD,Final
20150626,mlb,350626126,COL,8,SF,6,COL,Final
20150627,mlb,350627114,TEX,4,TOR,0,TEX,Final
20150627,mlb,350627108,MIN,5,MIL,2,MIN,Final
20150627,mlb,350627123,ATL,4,PIT,8,PIT,Final
20150627,mlb,350627126,COL,5,SF,7,SF,Final
20150627,mlb,350627118,NYY,9,HOU,6,NYY,Final
20150627,mlb,350627121,CIN,1,NYM,2,NYM,Final/13
20150627,mlb,350627128,LAD,2,MIA,3,MIA,Final
20150627,mlb,350627130,BOS,1,TB,4,TB,Final
20150627,mlb,350627103,SEA,2,LAA,4,LAA,Final
20150627,mlb,350627124,CHC,1,STL,8,STL,Final
20150627,mlb,350627125,ARI,2,SD,7,SD,Final
20150628,mlb,350628222,WSH,3,PHI,2,WSH,Final
20150628,mlb,350628114,TEX,2,TOR,3,TOR,Final
20150628,mlb,350628106,CHW,4,DET,5,DET,Final
20150628,mlb,350628128,LAD,2,MIA,0,LAD,Final
20150628,mlb,350628130,BOS,5,TB,3,BOS,Final
20150628,mlb,350628123,ATL,2,PIT,1,ATL,Final
20150628,mlb,350628201,CLE,0,BAL,4,BAL,Final
20150628,mlb,350628108,MIN,3,MIL,5,MIL,Final
20150628,mlb,350628118,NYY,1,HOU,3,HOU,Final
20150628,mlb,350628103,SEA,2,LAA,3,LAA,Final/10
20150628,mlb,350628126,COL,3,SF,6,SF,Final
20150628,mlb,350628125,ARI,6,SD,4,ARI,Final
20150628,mlb,350628121,CIN,2,NYM,7,NYM,Final
20150628,mlb,350628322,WSH,5,PHI,8,PHI,Final
20150628,mlb,350628301,CLE,0,BAL,8,BAL,Final
20150628,mlb,350628124,CHC,1,STL,4,STL,Final
20150629,mlb,350629101,TEX,8,BAL,1,TEX,Final
20150629,mlb,350629122,MIL,7,PHI,4,MIL,Final
20150629,mlb,350629114,BOS,3,TOR,1,BOS,Final
20150629,mlb,350629117,MIN,7,CIN,11,CIN,Final
20150629,mlb,350629130,CLE,7,TB,1,CLE,Final
20150629,mlb,350629118,KC,1,HOU,6,HOU,Final
20150629,mlb,350629129,LAD,6,ARI,10,ARI,Final
20150629,mlb,350629103,NYY,1,LAA,4,LAA,Final
20150630,mlb,350630121,CHC,1,NYM,0,CHC,Final
20150630,mlb,350630101,TEX,8,BAL,6,TEX,Final
20150630,mlb,350630122,MIL,4,PHI,3,MIL,Final
20150630,mlb,350630114,BOS,4,TOR,3,BOS,Final
20150630,mlb,350630106,PIT,5,DET,4,PIT,Final/14
20150630,mlb,350630115,WSH,6,ATL,1,WSH,Final
20150630,mlb,350630117,MIN,8,CIN,5,MIN,Final
20150630,mlb,350630128,SF,3,MIA,5,MIA,Final
20150630,mlb,350630130,CLE,6,TB,2,CLE,Final
20150630,mlb,350630118,KC,0,HOU,4,HOU,Final
20150630,mlb,350630124,CHW,2,STL,1,CHW,Final/11
20150630,mlb,350630129,LAD,6,ARI,4,LAD,Final/10
20150630,mlb,350630103,NYY,1,LAA,2,LAA,Final
20150630,mlb,350630125,SEA,5,SD,0,SEA,Final
20150701,mlb,350701117,MIN,1,CIN,2,CIN,Final
20150701,mlb,350701114,BOS,2,TOR,11,TOR,Final
20150701,mlb,350701125,SEA,7,SD,0,SEA,Final
20150701,mlb,350701103,NYY,3,LAA,1,NYY,Final
20150701,mlb,350701101,TEX,2,BAL,4,BAL,Final
20150701,mlb,350701122,MIL,9,PHI,5,MIL,Final
20150701,mlb,350701106,PIT,9,DET,3,PIT,Final
20150701,mlb,350701115,WSH,1,ATL,4,ATL,Final
20150701,mlb,350701121,CHC,2,NYM,0,CHC,Final/11
20150701,mlb,350701128,SF,5,MIA,6,MIA,Final
20150701,mlb,350701130,CLE,8,TB,1,CLE,Final
20150701,mlb,350701118,KC,5,HOU,6,HOU,Final
20150701,mlb,350701124,CHW,7,STL,1,CHW,Final
20150701,mlb,350701129,LAD,4,ARI,3,LAD,Final
20150702,mlb,350702128,SF,4,MIA,5,MIA,Final
20150702,mlb,350702130,CLE,5,TB,4,CLE,Final/10
20150702,mlb,350702106,PIT,8,DET,4,PIT,Final
20150702,mlb,350702121,CHC,6,NYM,1,CHC,Final
20150702,mlb,350702122,MIL,8,PHI,7,MIL,Final/11
20150702,mlb,350702101,TEX,2,BAL,0,TEX,Final
20150702,mlb,350702114,BOS,12,TOR,6,BOS,Final
20150702,mlb,350702115,WSH,1,ATL,2,ATL,Final
20150702,mlb,350702124,SD,5,STL,3,SD,Final/11
20150702,mlb,350702107,MIN,2,KC,0,MIN,Final
20150702,mlb,350702129,COL,1,ARI,8,ARI,Final
20150703,mlb,350703116,MIA,2,CHC,1,MIA,Final
20150703,mlb,350703120,SF,1,WSH,2,WSH,Final
20150703,mlb,350703110,TB,5,NYY,7,NYY,Final/12
20150703,mlb,350703123,CLE,5,PIT,2,CLE,Final
20150703,mlb,400655279,TB,5,NYY,7,NYY,Final/12
20150703,mlb,350703106,TOR,6,DET,8,DET,Final
20150703,mlb,350703102,HOU,12,BOS,8,HOU,Final/10
20150703,mlb,350703117,MIL,12,CIN,1,MIL,Final
20150703,mlb,350703115,PHI,1,ATL,2,ATL,Final
20150703,mlb,350703113,LAA,8,TEX,2,LAA,Final
20150703,mlb,350703104,BAL,0,CHW,1,CHW,Final
20150703,mlb,350703107,MIN,2,KC,3,KC,Final/10
20150703,mlb,350703124,SD,2,STL,1,SD,Final
20150703,mlb,350703129,COL,3,ARI,4,ARI,Final/10
20150703,mlb,350703119,NYM,2,LAD,1,NYM,Final
20150704,mlb,350704120,SF,3,WSH,9,WSH,Final
20150704,mlb,350704110,TB,2,NYY,3,NYY,Final
20150704,mlb,350704106,TOR,3,DET,8,DET,Final
20150704,mlb,350704102,HOU,1,BOS,6,BOS,Final
20150704,mlb,350704104,BAL,2,CHW,3,CHW,Final
20150704,mlb,350704124,SD,1,STL,2,STL,Final
20150704,mlb,350704123,CLE,0,PIT,1,PIT,Final
20150704,mlb,350704107,MIN,5,KC,3,MIN,Final
20150704,mlb,350704115,PHI,5,ATL,9,ATL,Final
20150704,mlb,350704116,MIA,2,CHC,7,CHC,Final
20150704,mlb,350704117,MIL,7,CIN,3,MIL,Final
20150704,mlb,350704119,NYM,3,LAD,4,LAD,Final
20150704,mlb,350704113,LAA,13,TEX,0,LAA,Final
20150704,mlb,350704129,COL,3,ARI,7,ARI,Final
20150705,mlb,350705110,TB,8,NYY,1,TB,Final
20150705,mlb,350705106,TOR,10,DET,5,TOR,Final
20150705,mlb,350705117,MIL,6,CIN,1,MIL,Final
20150705,mlb,350705102,HOU,4,BOS,5,BOS,Final
20150705,mlb,350705115,PHI,4,ATL,0,PHI,Final/10
20150705,mlb,350705123,CLE,3,PIT,5,PIT,Final
20150705,mlb,350705104,BAL,9,CHW,1,BAL,Final
20150705,mlb,350705107,MIN,2,KC,3,KC,Final
20150705,mlb,350705124,SD,1,STL,3,STL,Final
20150705,mlb,350705116,MIA,0,CHC,2,CHC,Final
20150705,mlb,350705119,NYM,8,LAD,0,NYM,Final
20150705,mlb,350705129,COL,6,ARI,4,COL,Final
20150705,mlb,350705113,LAA,12,TEX,6,LAA,Final
20150705,mlb,350705120,SF,1,WSH,3,WSH,Final
20150706,mlb,350706120,CIN,3,WSH,2,CIN,Final
20150706,mlb,350706123,SD,1,PIT,2,PIT,Final
20150706,mlb,350706105,HOU,9,CLE,4,HOU,Final
20150706,mlb,350706116,STL,6,CHC,0,STL,Final
20150706,mlb,350706104,TOR,2,CHW,4,CHW,Final
20150706,mlb,350706108,ATL,5,MIL,3,ATL,Final
20150706,mlb,350706109,BAL,2,MIN,4,MIN,Final/10
20150706,mlb,350706112,DET,12,SEA,5,DET,Final
20150706,mlb,350706119,PHI,7,LAD,10,LAD,Final
20150706,mlb,350706126,NYM,3,SF,0,NYM,Final
20150707,mlb,350707216,STL,4,CHC,7,CHC,Final
20150707,mlb,350707207,TB,5,KC,9,KC,Final
20150707,mlb,350707120,CIN,5,WSH,0,CIN,Final
20150707,mlb,350707123,SD,2,PIT,3,PIT,Final
20150707,mlb,350707102,MIA,3,BOS,4,BOS,Final
20150707,mlb,350707105,HOU,0,CLE,2,CLE,Final
20150707,mlb,350707113,ARI,4,TEX,2,ARI,Final
20150707,mlb,350707316,STL,3,CHC,5,CHC,Final
20150707,mlb,350707104,TOR,2,CHW,1,TOR,Final
20150707,mlb,350707108,ATL,4,MIL,3,ATL,Final
20150707,mlb,350707109,BAL,3,MIN,8,MIN,Final
20150707,mlb,350707307,TB,1,KC,7,KC,Final
20150707,mlb,350707127,LAA,10,COL,2,LAA,Final
20150707,mlb,350707112,DET,6,SEA,7,SEA,Final/11
20150707,mlb,350707119,PHI,7,LAD,2,PHI,Final
20150707,mlb,350707126,NYM,0,SF,3,SF,Final
20150708,mlb,350708109,BAL,3,MIN,5,MIN,Final
20150708,mlb,350708108,ATL,5,MIL,6,MIL,Final
20150708,mlb,350708112,DET,5,SEA,4,DET,Final
20150708,mlb,350708126,NYM,4,SF,1,NYM,Final
20150708,mlb,350708123,SD,2,PIT,5,PIT,Final
20150708,mlb,350708102,MIA,3,BOS,6,BOS,Final
20150708,mlb,350708105,HOU,2,CLE,4,CLE,Final
20150708,mlb,350708116,STL,6,CHC,5,STL,Final
20150708,mlb,350708113,ARI,7,TEX,4,ARI,Final
20150708,mlb,350708104,TOR,6,CHW,7,CHW,Final/11
20150708,mlb,350708107,TB,7,KC,9,KC,Final
20150708,mlb,350708119,PHI,0,LAD,5,LAD,Final
20150708,mlb,350708127,LAA,3,COL,2,LAA,Final
20150709,mlb,350709104,TOR,0,CHW,2,CHW,Final
20150709,mlb,350709107,TB,3,KC,8,KC,Final
20150709,mlb,350709123,STL,4,PIT,1,STL,Final
20150709,mlb,350709105,HOU,1,CLE,3,CLE,Final
20150709,mlb,350709128,CIN,0,MIA,2,MIA,Final
20150709,mlb,350709109,DET,4,MIN,2,DET,Final
20150709,mlb,350709127,ATL,3,COL,5,COL,Final
20150709,mlb,350709112,LAA,2,SEA,7,SEA,Final
20150709,mlb,350709119,PHI,0,LAD,6,LAD,Final
20150710,mlb,350710116,CHW,1,CHC,0,CHW,Final
20150710,mlb,350710101,WSH,2,BAL,3,BAL,Final
20150710,mlb,350710123,STL,2,PIT,5,PIT,Final
20150710,mlb,350710102,NYY,5,BOS,1,NYY,Final
20150710,mlb,350710121,ARI,2,NYM,4,NYM,Final
20150710,mlb,350710128,CIN,1,MIA,0,CIN,Final
20150710,mlb,350710130,HOU,1,TB,3,TB,Final
20150710,mlb,350710113,SD,3,TEX,4,TEX,Final
20150710,mlb,350710109,DET,6,MIN,8,MIN,Final
20150710,mlb,350710127,ATL,3,COL,5,COL,Final
20150710,mlb,350710112,LAA,7,SEA,3,LAA,Final
20150710,mlb,350710119,MIL,2,LAD,3,LAD,Final
20150710,mlb,350710107,TOR,0,KC,3,KC,Final
20150710,mlb,350710126,PHI,2,SF,15,SF,Final
20150711,mlb,350711107,TOR,6,KC,2,TOR,Final
20150711,mlb,350711109,DET,5,MIN,9,MIN,Final
20150711,mlb,350711116,CHW,5,CHC,1,CHW,Final
20150711,mlb,350711121,ARI,2,NYM,4,NYM,Final
20150711,mlb,350711127,ATL,2,COL,3,COL,Final
20150711,mlb,350711130,HOU,0,TB,3,TB,Final
20150711,mlb,400748194,CIN,3,MIA,14,MIA,Final
20150711,mlb,350711101,WSH,7,BAL,4,WSH,Final
20150711,mlb,350711102,NYY,3,BOS,5,BOS,Final
20150711,mlb,350711123,STL,5,PIT,6,PIT,Final/14
20150711,mlb,350711113,SD,6,TEX,5,SD,Final
20150711,mlb,350711126,PHI,5,SF,8,SF,Final
20150711,mlb,350711112,LAA,0,SEA,5,SEA,Final
20150711,mlb,350711119,MIL,7,LAD,1,MIL,Final
20150712,mlb,350712121,ARI,3,NYM,5,NYM,Final
20150712,mlb,350712128,CIN,1,MIA,8,MIA,Final
20150712,mlb,350712130,HOU,3,TB,4,TB,Final
20150712,mlb,350712101,WSH,3,BAL,2,WSH,Final
20150712,mlb,350712102,NYY,8,BOS,6,NYY,Final
20150712,mlb,350712107,TOR,10,KC,11,KC,Final
20150712,mlb,350712109,DET,1,MIN,7,MIN,Final
20150712,mlb,350712116,CHW,1,CHC,3,CHC,Final
20150712,mlb,350712113,SD,2,TEX,1,SD,Final
20150712,mlb,350712126,PHI,2,SF,4,SF,Final
20150712,mlb,350712112,LAA,10,SEA,3,LAA,Final
20150712,mlb,350712119,MIL,3,LAD,4,LAD,Final
20150712,mlb,350712127,ATL,3,COL,11,COL,Final
20150712,mlb,350712123,STL,5,PIT,6,PIT,Final/10
20150717,mlb,350717204,KC,4,CHW,2,KC,Final
20150717,mlb,350717120,LAD,3,WSH,5,WSH,Final
20150717,mlb,350717122,MIA,3,PHI,6,PHI,Final
20150717,mlb,400655341,SEA,3,NYY,4,NYY,Final
20150717,mlb,350717114,TB,2,TOR,6,TOR,Final
20150717,mlb,350717106,BAL,3,DET,7,DET,Final
20150717,mlb,350717117,CLE,1,CIN,6,CIN,Final
20150717,mlb,400748205,CHC,2,ATL,4,ATL,Final
20150717,mlb,350717108,PIT,1,MIL,4,MIL,Final
20150717,mlb,350717118,TEX,2,HOU,3,HOU,Final
20150717,mlb,350717304,KC,0,CHW,2,CHW,Final
20150717,mlb,350717124,NYM,2,STL,3,STL,Final
20150717,mlb,350717129,SF,6,ARI,5,SF,Final/12
20150717,mlb,350717103,BOS,0,LAA,1,LAA,Final
20150717,mlb,350717125,COL,2,SD,4,SD,Final
20150718,mlb,350718110,SEA,4,NYY,3,SEA,Final
20150718,mlb,350718114,TB,3,TOR,2,TB,Final
20150718,mlb,350718104,KC,7,CHW,6,KC,Final/13
20150718,mlb,350718120,LAD,4,WSH,2,LAD,Final
20150718,mlb,350718122,MIA,1,PHI,3,PHI,Final
20150718,mlb,350718106,BAL,3,DET,0,BAL,Final
20150718,mlb,350718108,PIT,5,MIL,8,MIL,Final
20150718,mlb,350718115,CHC,4,ATL,0,CHC,Final
20150718,mlb,350718117,CLE,9,CIN,4,CLE,Final
20150718,mlb,350718118,TEX,7,HOU,6,TEX,Final
20150718,mlb,350718124,NYM,2,STL,12,STL,Final
20150718,mlb,350718129,SF,8,ARI,4,SF,Final
20150718,mlb,350718125,COL,4,SD,5,SD,Final
20150718,mlb,350718103,BOS,0,LAA,3,LAA,Final
20150719,mlb,350719110,SEA,1,NYY,2,NYY,Final
20150719,mlb,350719114,TB,0,TOR,4,TOR,Final
20150719,mlb,350719106,BAL,9,DET,3,BAL,Final
20150719,mlb,350719117,CLE,5,CIN,3,CLE,Final/11
20150719,mlb,350719120,LAD,5,WSH,0,LAD,Final
20150719,mlb,350719122,MIA,7,PHI,8,PHI,Final
20150719,mlb,350719104,KC,4,CHW,1,KC,Final
20150719,mlb,350719108,PIT,1,MIL,6,MIL,Final
20150719,mlb,350719118,TEX,0,HOU,10,HOU,Final
20150719,mlb,350719124,NYM,3,STL,1,NYM,Final/18
20150719,mlb,350719129,SF,2,ARI,1,SF,Final
20150719,mlb,350719115,CHC,4,ATL,1,CHC,Final
20150720,mlb,350720203,BOS,1,LAA,11,LAA,Final
20150720,mlb,350720120,NYM,2,WSH,7,WSH,Final
20150720,mlb,350720122,TB,3,PHI,5,PHI,Final
20150720,mlb,350720106,SEA,4,DET,5,DET,Final
20150720,mlb,350720115,LAD,5,ATL,7,ATL,Final
20150720,mlb,350720117,CHC,4,CIN,5,CIN,Final
20150720,mlb,350720107,PIT,10,KC,7,PIT,Final
20150720,mlb,350720127,TEX,7,COL,8,COL,Final
20150720,mlb,350720129,MIA,1,ARI,3,ARI,Final
20150720,mlb,350720303,BOS,3,LAA,7,LAA,Final
20150720,mlb,350720125,SF,2,SD,4,SD,Final
20150721,mlb,350721110,BAL,2,NYY,3,NYY,Final
20150721,mlb,350721120,NYM,7,WSH,2,NYM,Final
20150721,mlb,350721122,TB,1,PHI,0,TB,Final
20150721,mlb,400655363,BAL,2,NYY,3,NYY,Final
20150721,mlb,350721106,SEA,11,DET,9,SEA,Final
20150721,mlb,350721115,LAD,3,ATL,4,ATL,Final
20150721,mlb,350721117,CHC,5,CIN,4,CHC,Final/13
20150721,mlb,350721104,STL,8,CHW,5,STL,Final
20150721,mlb,350721107,PIT,1,KC,3,KC,Final
20150721,mlb,350721108,CLE,1,MIL,8,MIL,Final
20150721,mlb,350721118,BOS,3,HOU,8,HOU,Final
20150721,mlb,350721127,TEX,9,COL,0,TEX,Final
20150721,mlb,350721129,MIA,3,ARI,0,MIA,Final
20150721,mlb,350721103,MIN,0,LAA,7,LAA,Final
20150721,mlb,350721125,SF,9,SD,3,SF,Final
20150722,mlb,350722115,LAD,3,ATL,1,LAD,Final
20150722,mlb,350722120,NYM,3,WSH,4,WSH,Final
20150722,mlb,350722217,CHC,1,CIN,9,CIN,Final
20150722,mlb,350722122,TB,4,PHI,5,PHI,Final/10
20150722,mlb,350722108,CLE,7,MIL,5,CLE,Final
20150722,mlb,350722127,TEX,10,COL,8,TEX,Final
20150722,mlb,350722125,SF,7,SD,1,SF,Final
20150722,mlb,350722317,CHC,6,CIN,5,CHC,Final
20150722,mlb,400655368,BAL,3,NYY,4,NYY,Final
20150722,mlb,350722106,SEA,4,DET,9,DET,Final
20150722,mlb,350722104,STL,3,CHW,2,STL,Final
20150722,mlb,350722107,PIT,1,KC,5,KC,Final
20150722,mlb,350722118,BOS,2,HOU,4,HOU,Final
20150722,mlb,350722129,MIA,5,ARI,3,MIA,Final
20150722,mlb,350722103,MIN,2,LAA,5,LAA,Final
20150723,mlb,350723110,BAL,3,NYY,9,NYY,Final
20150723,mlb,350723106,SEA,3,DET,2,SEA,Final/12
20150723,mlb,350723103,MIN,3,LAA,0,MIN,Final
20150723,mlb,350723123,WSH,3,PIT,7,PIT,Final
20150723,mlb,350723105,CHW,8,CLE,1,CHW,Final
20150723,mlb,350723121,LAD,3,NYM,0,LAD,Final
20150723,mlb,350723124,KC,3,STL,4,STL,Final
20150723,mlb,350723118,BOS,4,HOU,5,HOU,Final
20150723,mlb,350723129,MIL,3,ARI,8,ARI,Final
20150723,mlb,350723125,MIA,4,SD,0,MIA,Final
20150724,mlb,350724116,PHI,5,CHC,3,PHI,Final/10
20150724,mlb,350724123,WSH,5,PIT,7,PIT,Final
20150724,mlb,350724102,DET,1,BOS,2,BOS,Final/11
20150724,mlb,350724105,CHW,6,CLE,0,CHW,Final
20150724,mlb,350724121,LAD,7,NYM,2,LAD,Final
20150724,mlb,350724130,BAL,1,TB,3,TB,Final
20150724,mlb,400748247,LAD,7,NYM,2,LAD,Final
20150724,mlb,350724107,HOU,4,KC,0,HOU,Final
20150724,mlb,350724109,NYY,1,MIN,10,MIN,Final
20150724,mlb,350724124,ATL,2,STL,4,STL,Final
20150724,mlb,350724127,CIN,5,COL,6,COL,Final
20150724,mlb,350724129,MIL,2,ARI,1,MIL,Final
20150724,mlb,350724103,TEX,4,LAA,2,TEX,Final
20150724,mlb,350724112,TOR,2,SEA,5,SEA,Final
20150724,mlb,350724125,MIA,1,SD,3,SD,Final
20150725,mlb,350725102,DET,5,BOS,1,DET,Final
20150725,mlb,350725116,PHI,5,CHC,0,PHI,Final
20150725,mlb,350725112,TOR,8,SEA,6,TOR,Final
20150725,mlb,350725130,BAL,5,TB,1,BAL,Final
20150725,mlb,350725123,WSH,9,PIT,3,WSH,Final
20150725,mlb,350725105,CHW,10,CLE,3,CHW,Final
20150725,mlb,350725107,HOU,1,KC,2,KC,Final/10
20150725,mlb,350725109,NYY,8,MIN,5,NYY,Final
20150725,mlb,350725121,LAD,2,NYM,15,NYM,Final
20150725,mlb,350725124,ATL,0,STL,1,STL,Final
20150725,mlb,350725127,CIN,5,COL,2,CIN,Final
20150725,mlb,350725129,MIL,0,ARI,2,ARI,Final
20150725,mlb,350725125,MIA,1,SD,3,SD,Final
20150725,mlb,350725103,TEX,7,LAA,6,TEX,Final
20150726,mlb,350726105,CHW,2,CLE,1,CHW,Final
20150726,mlb,350726121,LAD,2,NYM,3,NYM,Final/10
20150726,mlb,350726130,BAL,5,TB,2,BAL,Final
20150726,mlb,350726123,WSH,1,PIT,3,PIT,Final
20150726,mlb,350726107,HOU,1,KC,5,KC,Final
20150726,mlb,350726109,NYY,7,MIN,2,NYY,Final
20150726,mlb,350726124,ATL,3,STL,2,ATL,Final
20150726,mlb,350726116,PHI,11,CHC,5,PHI,Final
20150726,mlb,350726103,TEX,7,LAA,13,LAA,Final
20150726,mlb,350726112,TOR,5,SEA,6,SEA,Final/10
20150726,mlb,350726125,MIA,2,SD,3,SD,Final
20150726,mlb,350726127,CIN,7,COL,17,COL,Final
20150726,mlb,350726129,MIL,0,ARI,3,ARI,Final
20150726,mlb,350726102,DET,1,BOS,11,BOS,Final
20150727,mlb,350727101,ATL,1,BAL,2,BAL,Final/11
20150727,mlb,350727102,CHW,10,BOS,8,CHW,Final
20150727,mlb,350727105,KC,9,CLE,4,KC,Final
20150727,mlb,350727130,DET,2,TB,5,TB,Final
20150727,mlb,350727113,NYY,6,TEX,2,NYY,Final
20150727,mlb,350727116,COL,8,CHC,9,CHC,Final
20150727,mlb,350727124,CIN,1,STL,4,STL,Final
20150727,mlb,350727112,ARI,4,SEA,3,ARI,Final/10
20150727,mlb,350727126,MIL,2,SF,4,SF,Final
20150728,mlb,350728101,ATL,3,BAL,7,BAL,Final
20150728,mlb,350728114,PHI,3,TOR,2,PHI,Final
20150728,mlb,350728102,CHW,9,BOS,4,CHW,Final
20150728,mlb,350728105,KC,2,CLE,1,KC,Final
20150728,mlb,350728121,SD,0,NYM,4,NYM,Final
20150728,mlb,350728128,WSH,1,MIA,4,MIA,Final
20150728,mlb,350728130,DET,2,TB,10,TB,Final
20150728,mlb,350728116,COL,7,CHC,2,COL,Final
20150728,mlb,400655405,NYY,21,TEX,5,NYY,Final
20150728,mlb,350728109,PIT,8,MIN,7,PIT,Final
20150728,mlb,350728118,LAA,5,HOU,10,HOU,Final
20150728,mlb,350728124,CIN,4,STL,0,CIN,Final
20150728,mlb,350728112,ARI,8,SEA,4,ARI,Final
20150728,mlb,350728126,MIL,5,SF,2,MIL,Final
20150729,mlb,350729105,KC,1,CLE,12,CLE,Final
20150729,mlb,350729130,DET,2,TB,1,DET,Final
20150729,mlb,350729109,PIT,10,MIN,4,PIT,Final
20150729,mlb,350729116,COL,2,CHC,3,CHC,Final
20150729,mlb,350729112,ARI,8,SEA,2,ARI,Final
20150729,mlb,350729126,MIL,0,SF,5,SF,Final
20150729,mlb,350729114,PHI,2,TOR,8,TOR,Final
20150729,mlb,350729102,CHW,9,BOS,2,CHW,Final
20150729,mlb,350729121,SD,7,NYM,3,SD,Final
20150729,mlb,350729128,WSH,7,MIA,2,WSH,Final
20150729,mlb,350729101,ATL,0,BAL,2,BAL,Final
20150729,mlb,350729118,LAA,3,HOU,6,HOU,Final
20150729,mlb,350729113,NYY,2,TEX,5,TEX,Final
20150729,mlb,350729124,CIN,1,STL,0,CIN,Final
20150730,mlb,350730121,SD,8,NYM,7,SD,Final
20150730,mlb,350730128,WSH,1,MIA,0,WSH,Final
20150730,mlb,350730101,DET,9,BAL,8,DET,Final
20150730,mlb,350730122,ATL,1,PHI,4,PHI,Final
20150730,mlb,350730114,KC,2,TOR,5,TOR,Final
20150730,mlb,350730117,PIT,5,CIN,15,CIN,Final
20150730,mlb,350730124,COL,8,STL,9,STL,Final
20150730,mlb,350730102,CHW,2,BOS,8,BOS,Final
20150730,mlb,350730113,NYY,6,TEX,7,TEX,Final
20150730,mlb,350730108,CHC,5,MIL,2,CHC,Final
20150730,mlb,350730109,SEA,5,MIN,9,MIN,Final
20150730,mlb,350730118,LAA,0,HOU,3,HOU,Final
20150731,mlb,350731101,DET,7,BAL,8,BAL,Final
20150731,mlb,350731122,ATL,3,PHI,9,PHI,Final
20150731,mlb,350731114,KC,6,TOR,7,TOR,Final/11
20150731,mlb,350731102,TB,5,BOS,7,BOS,Final
20150731,mlb,350731117,PIT,5,CIN,4,PIT,Final
20150731,mlb,350731121,WSH,1,NYM,2,NYM,Final/12
20150731,mlb,350731128,SD,8,MIA,3,SD,Final/11
20150731,mlb,350731113,SF,3,TEX,6,TEX,Final
20150731,mlb,350731108,CHC,4,MIL,1,CHC,Final
20150731,mlb,350731109,SEA,6,MIN,1,SEA,Final
20150731,mlb,350731118,ARI,6,HOU,4,ARI,Final/10
20150731,mlb,400655420,NYY,13,CHW,6,NYY,Final
20150731,mlb,350731124,COL,0,STL,7,STL,Final
20150731,mlb,350731119,LAA,3,LAD,5,LAD,Final
20150801,mlb,350801114,KC,7,TOR,6,KC,Final
20150801,mlb,350801102,TB,7,BOS,11,BOS,Final
20150801,mlb,350801119,LAA,1,LAD,3,LAD,Final
20150801,mlb,350801101,DET,2,BAL,6,BAL,Final
20150801,mlb,350801122,ATL,2,PHI,12,PHI,Final
20150801,mlb,350801104,NYY,2,CHW,8,CHW,Final
20150801,mlb,350801108,CHC,4,MIL,2,CHC,Final
20150801,mlb,350801109,SEA,2,MIN,3,MIN,Final
20150801,mlb,350801117,PIT,3,CIN,4,CIN,Final
20150801,mlb,350801118,ARI,2,HOU,9,HOU,Final
20150801,mlb,350801121,WSH,2,NYM,3,NYM,Final
20150801,mlb,350801128,SD,5,MIA,3,SD,Final
20150801,mlb,350801124,COL,6,STL,2,COL,Final
20150801,mlb,350801113,SF,9,TEX,7,SF,Final/11
20150802,mlb,350802114,KC,2,TOR,5,TOR,Final
20150802,mlb,350802117,PIT,3,CIN,0,PIT,Final
20150802,mlb,350802128,SD,2,MIA,5,MIA,Final
20150802,mlb,350802101,DET,6,BAL,1,DET,Final
20150802,mlb,350802102,TB,4,BOS,3,TB,Final
20150802,mlb,350802122,ATL,6,PHI,2,ATL,Final
20150802,mlb,350802104,NYY,12,CHW,3,NYY,Final
20150802,mlb,350802108,CHC,4,MIL,3,CHC,Final
20150802,mlb,350802109,SEA,4,MIN,1,SEA,Final/11
20150802,mlb,350802118,ARI,1,HOU,4,HOU,Final
20150802,mlb,350802124,COL,2,STL,3,STL,Final
20150802,mlb,350802113,SF,1,TEX,2,TEX,Final
20150802,mlb,350802119,LAA,3,LAD,5,LAD,Final/10
20150802,mlb,350802121,WSH,2,NYM,5,NYM,Final
20150803,mlb,350803114,MIN,1,TOR,5,TOR,Final
20150803,mlb,350803120,ARI,6,WSH,4,ARI,Final
20150803,mlb,350803115,SF,8,ATL,9,ATL,Final/12
20150803,mlb,350803128,NYM,12,MIA,1,NYM,Final
20150803,mlb,350803113,HOU,9,TEX,12,TEX,Final
20150803,mlb,350803104,TB,5,CHW,4,TB,Final
20150803,mlb,350803108,SD,13,MIL,5,SD,Final
20150803,mlb,350803127,SEA,8,COL,7,SEA,Final
20150803,mlb,350803103,CLE,4,LAA,5,LAA,Final
20150804,mlb,350804110,BOS,3,NYY,13,NYY,Final
20150804,mlb,350804120,ARI,4,WSH,5,WSH,Final
20150804,mlb,350804122,LAD,2,PHI,6,PHI,Final
20150804,mlb,350804123,CHC,5,PIT,0,CHC,Final
20150804,mlb,400655444,BOS,3,NYY,13,NYY,Final
20150804,mlb,350804114,MIN,1,TOR,3,TOR,Final
20150804,mlb,350804106,KC,5,DET,1,KC,Final
20150804,mlb,350804115,SF,8,ATL,3,SF,Final
20150804,mlb,350804117,STL,2,CIN,3,CIN,Final
20150804,mlb,350804128,NYM,5,MIA,1,NYM,Final
20150804,mlb,350804113,HOU,3,TEX,4,TEX,Final
20150804,mlb,350804104,TB,11,CHW,3,TB,Final
20150804,mlb,350804108,SD,1,MIL,4,MIL,Final
20150804,mlb,350804127,SEA,10,COL,4,SEA,Final
20150804,mlb,350804103,CLE,2,LAA,0,CLE,Final/12
20150805,mlb,350805104,TB,5,CHW,6,CHW,Final/10
20150805,mlb,350805127,SEA,5,COL,7,COL,Final/11
20150805,mlb,350805103,CLE,3,LAA,4,LAA,Final
20150805,mlb,350805110,BOS,2,NYY,1,BOS,Final
20150805,mlb,350805120,ARI,11,WSH,4,ARI,Final
20150805,mlb,350805122,LAD,4,PHI,3,LAD,Final
20150805,mlb,350805123,CHC,5,PIT,7,PIT,Final
20150805,mlb,350805114,MIN,7,TOR,9,TOR,Final
20150805,mlb,350805106,KC,1,DET,2,DET,Final
20150805,mlb,350805115,SF,6,ATL,1,SF,Final
20150805,mlb,350805117,STL,4,CIN,3,STL,Final/13
20150805,mlb,350805128,NYM,8,MIA,6,NYM,Final
20150805,mlb,350805113,HOU,3,TEX,4,TEX,Final
20150805,mlb,350805108,SD,5,MIL,8,MIL,Final
20150806,mlb,350806117,STL,3,CIN,0,STL,Final
20150806,mlb,350806122,LAD,10,PHI,8,LAD,Final
20150806,mlb,350806106,KC,6,DET,8,DET,Final
20150806,mlb,350806108,SD,1,MIL,10,MIL,Final
20150806,mlb,350806120,ARI,3,WSH,8,WSH,Final
20150806,mlb,350806110,BOS,1,NYY,2,NYY,Final
20150806,mlb,350806114,MIN,3,TOR,9,TOR,Final
20150806,mlb,350806115,MIA,8,ATL,9,ATL,Final
20150806,mlb,350806116,SF,4,CHC,5,CHC,Final
20150807,mlb,350807116,SF,3,CHC,7,CHC,Final
20150807,mlb,400748331,LAD,4,PIT,5,PIT,Final/10
20150807,mlb,350807110,TOR,2,NYY,1,TOR,Final/10
20150807,mlb,350807120,COL,5,WSH,4,COL,Final
20150807,mlb,400655463,TOR,2,NYY,1,TOR,Final/10
20150807,mlb,350807106,BOS,7,DET,2,BOS,Final
20150807,mlb,350807105,MIN,10,CLE,9,MIN,Final
20150807,mlb,350807130,NYM,4,TB,3,NYM,Final
20150807,mlb,350807115,MIA,3,ATL,6,ATL,Final
20150807,mlb,350807107,CHW,2,KC,3,KC,Final
20150807,mlb,350807108,STL,6,MIL,0,STL,Final
20150807,mlb,350807129,CIN,0,ARI,2,ARI,Final
20150807,mlb,350807103,BAL,4,LAA,8,LAA,Final
20150807,mlb,350807112,TEX,3,SEA,4,SEA,Final
20150807,mlb,350807125,PHI,4,SD,3,PHI,Final/12
20150808,mlb,350808110,TOR,6,NYY,0,TOR,Final
20150808,mlb,350808116,SF,6,CHC,8,CHC,Final
20150808,mlb,350808123,LAD,5,PIT,6,PIT,Final
20150808,mlb,350808112,TEX,11,SEA,3,TEX,Final/11
20150808,mlb,350808130,NYM,4,TB,5,TB,Final
20150808,mlb,350808120,COL,1,WSH,6,WSH,Final
20150808,mlb,350808106,BOS,6,DET,7,DET,Final
20150808,mlb,350808105,MIN,4,CLE,17,CLE,Final
20150808,mlb,350808107,CHW,6,KC,7,KC,Final
20150808,mlb,350808108,STL,3,MIL,0,STL,Final
20150808,mlb,350808115,MIA,2,ATL,7,ATL,Final
20150808,mlb,350808129,CIN,4,ARI,1,CIN,Final
20150808,mlb,350808125,PHI,4,SD,2,PHI,Final
20150808,mlb,350808103,BAL,5,LAA,0,BAL,Final
20150809,mlb,350809110,TOR,2,NYY,0,TOR,Final
20150809,mlb,350809106,BOS,7,DET,2,BOS,Final
20150809,mlb,350809105,MIN,1,CLE,8,CLE,Final
20150809,mlb,350809130,NYM,3,TB,4,TB,Final
20150809,mlb,350809120,COL,6,WSH,4,COL,Final
20150809,mlb,350809107,CHW,4,KC,5,KC,Final
20150809,mlb,350809108,STL,4,MIL,5,MIL,Final
20150809,mlb,350809116,SF,0,CHC,2,CHC,Final
20150809,mlb,350809103,BAL,4,LAA,5,LAA,Final/11
20150809,mlb,350809112,TEX,2,SEA,4,SEA,Final
20150809,mlb,350809125,PHI,5,SD,3,PHI,Final
20150809,mlb,350809129,CIN,3,ARI,4,ARI,Final/10
20150809,mlb,350809115,MIA,4,ATL,1,MIA,Final
20150809,mlb,350809123,LAD,6,PIT,13,PIT,Final
20150810,mlb,350810121,COL,2,NYM,4,NYM,Final
20150810,mlb,350810107,DET,0,KC,4,KC,Final
20150810,mlb,350810104,LAA,2,CHW,8,CHW,Final
20150810,mlb,350810129,PHI,3,ARI,13,ARI,Final
20150810,mlb,350810112,BAL,3,SEA,2,BAL,Final
20150810,mlb,350810119,WSH,8,LAD,3,WSH,Final
20150810,mlb,350810125,CIN,1,SD,2,SD,Final
20150811,mlb,350811105,NYY,4,CLE,5,CLE,Final/16
20150811,mlb,350811121,COL,0,NYM,4,NYM,Final
20150811,mlb,350811128,BOS,4,MIA,5,MIA,Final/10
20150811,mlb,350811130,ATL,0,TB,2,TB,Final
20150811,mlb,350811116,MIL,3,CHC,6,CHC,Final
20150811,mlb,350811104,LAA,0,CHW,3,CHW,Final
20150811,mlb,350811107,DET,1,KC,6,KC,Final
20150811,mlb,350811109,TEX,2,MIN,3,MIN,Final
20150811,mlb,350811124,PIT,3,STL,4,STL,Final
20150811,mlb,350811129,PHI,1,ARI,13,ARI,Final
20150811,mlb,350811112,BAL,5,SEA,6,SEA,Final/10
20150811,mlb,350811119,WSH,0,LAD,5,LAD,Final
20150811,mlb,350811125,CIN,6,SD,11,SD,Final
20150811,mlb,350811126,HOU,1,SF,3,SF,Final
20150812,mlb,350812112,BAL,0,SEA,3,SEA,Final
20150812,mlb,350812125,CIN,7,SD,3,CIN,Final
20150812,mlb,350812129,PHI,7,ARI,6,PHI,Final
20150812,mlb,350812126,HOU,2,SF,0,HOU,Final
20150812,mlb,350812128,BOS,6,MIA,14,MIA,Final
20150812,mlb,350812105,NYY,1,CLE,2,CLE,Final
20150812,mlb,350812121,COL,0,NYM,3,NYM,Final
20150812,mlb,350812130,ATL,6,TB,9,TB,Final
20150812,mlb,350812124,PIT,2,STL,4,STL,Final
20150812,mlb,350812116,MIL,2,CHC,3,CHC,Final/10
20150812,mlb,350812104,LAA,2,CHW,3,CHW,Final/13
20150812,mlb,350812107,DET,7,KC,4,DET,Final
20150812,mlb,350812109,TEX,1,MIN,11,MIN,Final
20150812,mlb,350812119,WSH,0,LAD,3,LAD,Final
20150813,mlb,350813121,COL,3,NYM,12,NYM,Final
20150813,mlb,350813109,TEX,6,MIN,5,TEX,Final
20150813,mlb,350813116,MIL,2,CHC,9,CHC,Final
20150813,mlb,350813105,NYY,8,CLE,6,NYY,Final
20150813,mlb,350813124,PIT,10,STL,5,PIT,Final
20150813,mlb,350813107,LAA,7,KC,6,LAA,Final
20150813,mlb,350813119,CIN,10,LAD,3,CIN,Final
20150813,mlb,350813126,WSH,1,SF,3,SF,Final
20150814,mlb,350814104,CHC,6,CHW,5,CHC,Final
20150814,mlb,400655505,NYY,4,TOR,3,NYY,Final
20150814,mlb,350814102,SEA,1,BOS,15,BOS,Final
20150814,mlb,350814121,PIT,3,NYM,2,PIT,Final/10
20150814,mlb,350814115,ARI,2,ATL,3,ATL,Final
20150814,mlb,350814113,TB,3,TEX,5,TEX,Final
20150814,mlb,350814107,LAA,1,KC,4,KC,Final
20150814,mlb,350814108,PHI,1,MIL,3,MIL,Final
20150814,mlb,350814109,CLE,6,MIN,1,CLE,Final
20150814,mlb,350814118,DET,1,HOU,5,HOU,Final
20150814,mlb,350814124,MIA,1,STL,3,STL,Final
20150814,mlb,350814127,SD,9,COL,5,SD,Final
20150814,mlb,350814119,CIN,3,LAD,5,LAD,Final
20150814,mlb,350814126,WSH,5,SF,8,SF,Final
20150815,mlb,350815114,NYY,4,TOR,1,NYY,Final
20150815,mlb,350815102,SEA,10,BOS,22,BOS,Final
20150815,mlb,350815104,CHC,6,CHW,3,CHC,Final
20150815,mlb,350815107,LAA,4,KC,9,KC,Final
20150815,mlb,350815108,PHI,2,MIL,4,MIL,Final
20150815,mlb,350815109,CLE,1,MIN,4,MIN,Final
20150815,mlb,350815115,ARI,8,ATL,4,ARI,Final
20150815,mlb,350815118,DET,4,HOU,2,DET,Final/11
20150815,mlb,350815121,PIT,5,NYM,3,PIT,Final/14
20150815,mlb,350815124,MIA,2,STL,6,STL,Final
20150815,mlb,350815113,TB,4,TEX,12,TEX,Final
20150815,mlb,350815127,SD,7,COL,5,SD,Final
20150815,mlb,350815119,CIN,3,LAD,8,LAD,Final
20150815,mlb,350815126,WSH,6,SF,12,SF,Final
20150816,mlb,350816114,NYY,1,TOR,3,TOR,Final
20150816,mlb,350816121,PIT,8,NYM,1,PIT,Final
20150816,mlb,350816102,SEA,10,BOS,8,SEA,Final/12
20150816,mlb,350816115,ARI,1,ATL,2,ATL,Final/10
20150816,mlb,350816104,CHC,1,CHW,3,CHW,Final
20150816,mlb,350816108,PHI,1,MIL,6,MIL,Final
20150816,mlb,350816109,CLE,1,MIN,4,MIN,Final
20150816,mlb,350816118,DET,5,HOU,6,HOU,Final
20150816,mlb,350816124,MIA,6,STL,4,MIA,Final
20150816,mlb,350816113,TB,3,TEX,5,TEX,Final
20150816,mlb,350816126,WSH,0,SF,5,SF,Final
20150816,mlb,350816119,CIN,1,LAD,2,LAD,Final
20150816,mlb,350816127,SD,0,COL,5,COL,Final
20150816,mlb,350816107,LAA,3,KC,4,KC,Final/10
20150817,mlb,350817110,MIN,7,NYY,8,NYY,Final/10
20150817,mlb,350817123,ARI,4,PIT,1,ARI,Final
20150817,mlb,350817102,CLE,8,BOS,2,CLE,Final
20150817,mlb,350817124,SF,1,STL,2,STL,Final
20150817,mlb,350817113,SEA,3,TEX,4,TEX,Final
20150817,mlb,350817108,MIA,6,MIL,2,MIA,Final
20150817,mlb,350817118,TB,9,HOU,2,TB,Final
20150817,mlb,350817103,CHW,1,LAA,2,LAA,Final
20150817,mlb,350817125,ATL,3,SD,5,SD,Final
20150818,mlb,350818101,NYM,5,BAL,3,NYM,Final
20150818,mlb,350818110,MIN,4,NYY,8,NYY,Final
20150818,mlb,350818122,TOR,8,PHI,5,TOR,Final
20150818,mlb,350818123,ARI,8,PIT,9,PIT,Final/15
20150818,mlb,350818102,CLE,1,BOS,9,BOS,Final
20150818,mlb,350818117,KC,3,CIN,1,KC,Final/13
20150818,mlb,350818113,SEA,3,TEX,2,SEA,Final
20150818,mlb,350818116,DET,10,CHC,8,DET,Final
20150818,mlb,350818108,MIA,9,MIL,6,MIA,Final
20150818,mlb,350818118,TB,2,HOU,3,HOU,Final/10
20150818,mlb,350818124,SF,2,STL,0,SF,Final
20150818,mlb,350818127,WSH,15,COL,6,WSH,Final
20150818,mlb,350818103,CHW,3,LAA,5,LAA,Final
20150818,mlb,350818125,ATL,0,SD,9,SD,Final
20150819,mlb,350819110,MIN,3,NYY,4,NYY,Final
20150819,mlb,350819113,SEA,2,TEX,7,TEX,Final
20150819,mlb,350819108,MIA,7,MIL,8,MIL,Final
20150819,mlb,350819125,ATL,2,SD,3,SD,Final
20150819,mlb,350819101,NYM,4,BAL,5,BAL,Final
20150819,mlb,350819122,TOR,4,PHI,7,PHI,Final
20150819,mlb,350819123,ARI,1,PIT,4,PIT,Final
20150819,mlb,350819102,CLE,4,BOS,6,BOS,Final
20150819,mlb,350819117,KC,4,CIN,3,KC,Final
20150819,mlb,350819124,SF,3,STL,4,STL,Final
20150819,mlb,350819116,DET,15,CHC,8,DET,Final
20150819,mlb,350819118,TB,2,HOU,3,HOU,Final/13
20150819,mlb,350819127,WSH,4,COL,1,WSH,Final
20150819,mlb,350819103,CHW,0,LAA,1,LAA,Final
20150820,mlb,350820101,MIN,15,BAL,2,MIN,Final
20150820,mlb,350820110,CLE,3,NYY,2,CLE,Final
20150820,mlb,350820123,SF,0,PIT,4,PIT,Final
20150820,mlb,350820106,TEX,0,DET,4,DET,Final
20150820,mlb,350820102,KC,1,BOS,4,BOS,Final
20150820,mlb,350820117,ARI,5,CIN,4,ARI,Final
20150820,mlb,350820128,PHI,7,MIA,9,MIA,Final
20150820,mlb,350820116,ATL,1,CHC,7,CHC,Final
20150820,mlb,350820118,TB,1,HOU,0,TB,Final
20150820,mlb,350820127,WSH,2,COL,3,COL,Final
20150820,mlb,350820103,CHW,8,LAA,2,CHW,Final
20150821,mlb,350821116,ATL,3,CHC,5,CHC,Final
20150821,mlb,350821101,MIN,4,BAL,3,MIN,Final
20150821,mlb,350821110,CLE,7,NYY,3,CLE,Final
20150821,mlb,350821120,MIL,10,WSH,3,MIL,Final
20150821,mlb,350821123,SF,6,PIT,4,SF,Final
20150821,mlb,350821106,TEX,2,DET,0,TEX,Final
20150821,mlb,350821102,KC,2,BOS,7,BOS,Final
20150821,mlb,350821117,ARI,6,CIN,3,ARI,Final
20150821,mlb,350821128,PHI,7,MIA,1,PHI,Final
20150821,mlb,350821118,LAD,0,HOU,3,HOU,Final
20150821,mlb,350821127,NYM,14,COL,9,NYM,Final
20150821,mlb,350821103,TOR,9,LAA,2,TOR,Final
20150821,mlb,350821112,CHW,11,SEA,4,CHW,Final
20150821,mlb,350821125,STL,3,SD,9,SD,Final
20150822,mlb,350822110,CLE,2,NYY,6,NYY,Final
20150822,mlb,350822116,ATL,7,CHC,9,CHC,Final
20150822,mlb,350822123,SF,2,PIT,3,PIT,Final
20150822,mlb,350822101,MIN,3,BAL,2,MIN,Final
20150822,mlb,350822120,MIL,1,WSH,6,WSH,Final
20150822,mlb,350822106,TEX,5,DET,3,TEX,Final
20150822,mlb,350822102,KC,6,BOS,3,KC,Final
20150822,mlb,350822117,ARI,11,CIN,7,ARI,Final
20150822,mlb,350822118,LAD,1,HOU,3,HOU,Final
20150822,mlb,350822128,PHI,4,MIA,2,PHI,Final
20150822,mlb,350822127,NYM,14,COL,9,NYM,Final
20150822,mlb,350822125,STL,0,SD,8,SD,Final
20150822,mlb,350822112,CHW,6,SEA,3,CHW,Final/10
20150822,mlb,350822103,TOR,15,LAA,3,TOR,Final
20150823,mlb,350823110,CLE,4,NYY,3,CLE,Final
20150823,mlb,400655560,CLE,4,NYY,3,CLE,Final
20150823,mlb,350823106,TEX,4,DET,2,TEX,Final
20150823,mlb,350823117,ARI,4,CIN,0,ARI,Final
20150823,mlb,350823128,PHI,2,MIA,0,PHI,Final
20150823,mlb,350823101,MIN,4,BAL,3,MIN,Final/12
20150823,mlb,350823102,KC,8,BOS,6,KC,Final
20150823,mlb,350823120,MIL,5,WSH,9,WSH,Final
20150823,mlb,350823118,LAD,2,HOU,3,HOU,Final/10
20150823,mlb,350823116,ATL,3,CHC,9,CHC,Final
20150823,mlb,350823103,TOR,12,LAA,5,TOR,Final
20150823,mlb,350823112,CHW,6,SEA,8,SEA,Final
20150823,mlb,350823125,STL,10,SD,3,STL,Final
20150823,mlb,350823127,NYM,5,COL,1,NYM,Final
20150823,mlb,350823123,SF,2,PIT,5,PIT,Final
20150824,mlb,350824116,CLE,1,CHC,2,CHC,Final
20150824,mlb,350824110,HOU,0,NYY,1,NYY,Final
20150824,mlb,400748433,NYM,16,PHI,7,NYM,Final
20150824,mlb,350824115,COL,3,ATL,5,ATL,Final
20150824,mlb,350824117,DET,5,CIN,12,CIN,Final
20150824,mlb,350824128,PIT,5,MIA,2,PIT,Final
20150824,mlb,350824104,BOS,5,CHW,4,BOS,Final
20150824,mlb,350824107,BAL,3,KC,8,KC,Final
20150824,mlb,350824129,STL,5,ARI,3,STL,Final
20150825,mlb,350825110,HOU,15,NYY,1,HOU,Final
20150825,mlb,350825120,SD,3,WSH,8,WSH,Final
20150825,mlb,350825122,NYM,6,PHI,5,NYM,Final
20150825,mlb,350825106,LAA,8,DET,7,LAA,Final
20150825,mlb,350825105,MIL,6,CLE,11,CLE,Final
20150825,mlb,350825115,COL,5,ATL,1,COL,Final
20150825,mlb,350825117,LAD,5,CIN,1,LAD,Final
20150825,mlb,350825128,PIT,2,MIA,5,MIA,Final
20150825,mlb,350825130,MIN,11,TB,7,MIN,Final
20150825,mlb,350825113,TOR,6,TEX,5,TOR,Final
20150825,mlb,350825104,BOS,4,CHW,5,CHW,Final
20150825,mlb,350825107,BAL,2,KC,3,KC,Final
20150825,mlb,350825129,STL,9,ARI,1,STL,Final
20150825,mlb,350825126,CHC,8,SF,5,CHC,Final
20150826,mlb,350826110,HOU,6,NYY,2,HOU,Final
20150826,mlb,350826120,SD,6,WSH,5,SD,Final
20150826,mlb,350826122,NYM,9,PHI,4,NYM,Final
20150826,mlb,350826106,LAA,0,DET,5,DET,Final
20150826,mlb,350826105,MIL,2,CLE,6,CLE,Final
20150826,mlb,350826115,COL,6,ATL,3,COL,Final
20150826,mlb,350826117,LAD,7,CIN,4,LAD,Final
20150826,mlb,350826128,PIT,7,MIA,2,PIT,Final
20150826,mlb,350826130,MIN,5,TB,3,MIN,Final
20150826,mlb,350826113,TOR,12,TEX,4,TOR,Final
20150826,mlb,350826104,BOS,3,CHW,0,BOS,Final
20150826,mlb,350826107,BAL,8,KC,5,BAL,Final
20150826,mlb,350826129,STL,3,ARI,1,STL,Final
20150826,mlb,350826126,CHC,2,SF,4,SF,Final
20150827,mlb,350827117,LAD,1,CIN,0,LAD,Final
20150827,mlb,350827106,LAA,2,DET,0,LAA,Final
20150827,mlb,350827113,TOR,1,TEX,4,TEX,Final
20150827,mlb,350827107,BAL,3,KC,5,KC,Final
20150827,mlb,350827126,CHC,1,SF,9,SF,Final
20150827,mlb,350827120,SD,2,WSH,4,WSH,Final
20150827,mlb,350827122,NYM,9,PHI,5,NYM,Final/13
20150827,mlb,350827128,PIT,2,MIA,1,PIT,Final
20150827,mlb,350827130,MIN,4,TB,5,TB,Final
20150827,mlb,350827104,SEA,2,CHW,4,CHW,Final
20150827,mlb,350827129,STL,5,ARI,3,STL,Final
20150828,mlb,350828120,MIA,4,WSH,3,MIA,Final
20150828,mlb,350828122,SD,1,PHI,7,PHI,Final
20150828,mlb,350828123,COL,3,PIT,5,PIT,Final
20150828,mlb,350828114,DET,3,TOR,5,TOR,Final
20150828,mlb,350828105,LAA,1,CLE,3,CLE,Final
20150828,mlb,350828121,BOS,6,NYM,4,BOS,Final/10
20150828,mlb,350828130,KC,3,TB,2,KC,Final
20150828,mlb,350828115,NYY,15,ATL,4,NYY,Final
20150828,mlb,350828113,BAL,1,TEX,4,TEX,Final
20150828,mlb,350828104,SEA,2,CHW,0,SEA,Final
20150828,mlb,350828108,CIN,0,MIL,5,MIL,Final
20150828,mlb,350828109,HOU,0,MIN,3,MIN,Final
20150828,mlb,350828119,CHC,1,LAD,4,LAD,Final
20150828,mlb,350828126,STL,4,SF,5,SF,Final
20150829,mlb,350829114,DET,1,TOR,15,TOR,Final
20150829,mlb,350829121,BOS,3,NYM,1,BOS,Final
20150829,mlb,350829126,STL,6,SF,0,STL,Final
20150829,mlb,350829130,KC,6,TB,3,KC,Final
20150829,mlb,350829120,MIA,1,WSH,5,WSH,Final
20150829,mlb,350829122,SD,3,PHI,4,PHI,Final
20150829,mlb,350829123,COL,3,PIT,4,PIT,Final
20150829,mlb,350829104,SEA,7,CHW,6,SEA,Final
20150829,mlb,350829105,LAA,3,CLE,8,CLE,Final
20150829,mlb,350829108,CIN,12,MIL,9,CIN,Final
20150829,mlb,350829109,HOU,4,MIN,1,HOU,Final
20150829,mlb,350829115,NYY,3,ATL,1,NYY,Final
20150829,mlb,350829113,BAL,3,TEX,4,TEX,Final
20150829,mlb,350829119,CHC,2,LAD,5,LAD,Final
20150830,mlb,350830114,DET,2,TOR,9,TOR,Final
20150830,mlb,350830105,LAA,2,CLE,9,CLE,Final
20150830,mlb,350830121,BOS,4,NYM,5,NYM,Final
20150830,mlb,350830130,KC,2,TB,3,TB,Final
20150830,mlb,350830115,NYY,20,ATL,6,NYY,Final
20150830,mlb,350830120,MIA,4,WSH,7,WSH,Final
20150830,mlb,350830122,SD,9,PHI,4,SD,Final
20150830,mlb,350830123,COL,5,PIT,0,COL,Final
20150830,mlb,350830104,SEA,5,CHW,6,CHW,Final/11
20150830,mlb,350830108,CIN,1,MIL,4,MIL,Final
20150830,mlb,350830109,HOU,5,MIN,7,MIN,Final
20150830,mlb,350830113,BAL,0,TEX,6,TEX,Final
20150830,mlb,350830126,STL,7,SF,5,STL,Final
20150830,mlb,350830119,CHC,2,LAD,0,CHC,Final
20150831,mlb,350831102,NYY,3,BOS,4,BOS,Final
20150831,mlb,350831101,TB,6,BAL,3,TB,Final
20150831,mlb,350831114,CLE,4,TOR,2,CLE,Final
20150831,mlb,350831115,MIA,4,ATL,0,MIA,Final
20150831,mlb,350831121,PHI,1,NYM,3,NYM,Final
20150831,mlb,350831116,CIN,13,CHC,6,CIN,Final
20150831,mlb,350831118,SEA,3,HOU,8,HOU,Final
20150831,mlb,350831124,WSH,5,STL,8,STL,Final
20150831,mlb,350831127,ARI,4,COL,5,COL,Final
20150831,mlb,350831119,SF,4,LAD,5,LAD,Final/14
20150831,mlb,350831125,TEX,0,SD,7,SD,Final
20150901,mlb,350901227,ARI,6,COL,4,ARI,Final
20150901,mlb,350901101,TB,11,BAL,2,TB,Final
20150901,mlb,350901114,CLE,3,TOR,5,TOR,Final/10
20150901,mlb,350901102,NYY,3,BOS,1,NYY,Final
20150901,mlb,350901115,MIA,7,ATL,1,MIA,Final
20150901,mlb,350901121,PHI,14,NYM,8,PHI,Final
20150901,mlb,350901116,CIN,4,CHC,5,CHC,Final
20150901,mlb,350901107,DET,6,KC,5,DET,Final
20150901,mlb,350901108,PIT,4,MIL,7,MIL,Final
20150901,mlb,350901109,CHW,6,MIN,8,MIN,Final
20150901,mlb,350901118,SEA,7,HOU,5,SEA,Final
20150901,mlb,350901124,WSH,5,STL,8,STL,Final
20150901,mlb,350901327,ARI,5,COL,3,ARI,Final
20150901,mlb,350901119,SF,1,LAD,2,LAD,Final
20150901,mlb,350901125,TEX,8,SD,6,TEX,Final
20150902,mlb,350902115,MIA,7,ATL,3,MIA,Final
20150902,mlb,350902116,CIN,7,CHC,4,CIN,Final
20150902,mlb,350902102,NYY,13,BOS,8,NYY,Final
20150902,mlb,350902101,TB,6,BAL,7,BAL,Final/11
20150902,mlb,350902114,CLE,1,TOR,5,TOR,Final
20150902,mlb,350902121,PHI,4,NYM,9,NYM,Final
20150902,mlb,350902124,WSH,4,STL,3,WSH,Final
20150902,mlb,350902107,DET,1,KC,12,KC,Final
20150902,mlb,350902108,PIT,4,MIL,9,MIL,Final
20150902,mlb,350902109,CHW,0,MIN,3,MIN,Final
20150902,mlb,350902118,SEA,8,HOU,3,SEA,Final
20150902,mlb,350902127,ARI,4,COL,9,COL,Final
20150902,mlb,350902119,SF,1,LAD,2,LAD,Final
20150902,mlb,350902125,TEX,4,SD,3,TEX,Final/10
20150903,mlb,350903109,CHW,6,MIN,4,CHW,Final
20150903,mlb,350903120,ATL,1,WSH,15,WSH,Final
20150903,mlb,350903108,PIT,3,MIL,5,MIL,Final
20150903,mlb,350903107,DET,7,KC,15,KC,Final
20150903,mlb,350903127,SF,3,COL,11,COL,Final
20150903,mlb,350903125,LAD,7,SD,10,SD,Final
20150904,mlb,350904116,ARI,5,CHC,14,CHC,Final
20150904,mlb,350904110,TB,2,NYY,5,NYY,Final
20150904,mlb,350904120,ATL,2,WSH,5,WSH,Final/10
20150904,mlb,350904114,BAL,10,TOR,2,BAL,Final
20150904,mlb,350904106,CLE,8,DET,1,CLE,Final
20150904,mlb,350904102,PHI,5,BOS,7,BOS,Final
20150904,mlb,350904128,NYM,5,MIA,6,MIA,Final/11
20150904,mlb,350904107,CHW,12,KC,1,CHW,Final
20150904,mlb,350904118,MIN,0,HOU,8,HOU,Final
20150904,mlb,350904124,PIT,9,STL,3,PIT,Final
20150904,mlb,350904127,SF,1,COL,2,COL,Final
20150904,mlb,350904103,TEX,2,LAA,5,LAA,Final
20150904,mlb,350904125,LAD,8,SD,4,LAD,Final
20150905,mlb,350905110,TB,3,NYY,2,TB,Final
20150905,mlb,350905114,BAL,1,TOR,5,TOR,Final
20150905,mlb,350905217,MIL,8,CIN,6,MIL,Final
20150905,mlb,350905116,ARI,0,CHC,2,CHC,Final
20150905,mlb,350905102,PHI,2,BOS,9,BOS,Final
20150905,mlb,350905124,PIT,1,STL,4,STL,Final
20150905,mlb,350905317,MIL,7,CIN,3,MIL,Final
20150905,mlb,350905120,ATL,2,WSH,8,WSH,Final
20150905,mlb,350905106,CLE,0,DET,6,DET,Final
20150905,mlb,350905107,CHW,6,KC,1,CHW,Final
20150905,mlb,350905118,MIN,3,HOU,2,MIN,Final
20150905,mlb,350905128,NYM,7,MIA,0,NYM,Final
20150905,mlb,350905127,SF,7,COL,3,SF,Final
20150905,mlb,350905125,LAD,2,SD,0,LAD,Final
20150905,mlb,350905103,TEX,2,LAA,1,TEX,Final
20150906,mlb,350906110,TB,4,NYY,6,NYY,Final
20150906,mlb,400655643,TB,4,NYY,6,NYY,Final
20150906,mlb,350906114,BAL,4,TOR,10,TOR,Final
20150906,mlb,350906106,CLE,4,DET,0,CLE,Final
20150906,mlb,350906117,MIL,3,CIN,6,CIN,Final
20150906,mlb,350906128,NYM,3,MIA,4,MIA,Final
20150906,mlb,350906102,PHI,2,BOS,6,BOS,Final
20150906,mlb,350906120,ATL,4,WSH,8,WSH,Final
20150906,mlb,350906107,CHW,7,KC,5,CHW,Final
20150906,mlb,350906118,MIN,5,HOU,8,HOU,Final
20150906,mlb,350906116,ARI,4,CHC,6,CHC,Final
20150906,mlb,350906103,TEX,0,LAA,7,LAA,Final
20150906,mlb,350906125,LAD,5,SD,1,LAD,Final
20150906,mlb,350906127,SF,7,COL,4,SF,Final
20150906,mlb,350906124,PIT,7,STL,1,PIT,Final
20150907,mlb,350907110,BAL,6,NYY,8,NYY,Final
20150907,mlb,350907120,NYM,8,WSH,5,NYM,Final
20150907,mlb,350907106,TB,4,DET,5,DET,Final
20150907,mlb,350907117,PIT,1,CIN,3,CIN,Final
20150907,mlb,350907128,MIL,9,MIA,1,MIL,Final
20150907,mlb,350907102,TOR,4,BOS,11,BOS,Final
20150907,mlb,350907104,CLE,3,CHW,2,CLE,Final
20150907,mlb,350907124,CHC,9,STL,0,CHC,Final
20150907,mlb,350907125,COL,6,SD,4,COL,Final
20150907,mlb,350907129,SF,1,ARI,6,ARI,Final
20150907,mlb,350907112,TEX,3,SEA,0,TEX,Final
20150907,mlb,350907122,ATL,7,PHI,2,ATL,Final
20150907,mlb,350907107,MIN,6,KC,2,MIN,Final
20150907,mlb,350907103,LAD,7,LAA,5,LAD,Final
20150908,mlb,350908110,BAL,2,NYY,1,BAL,Final
20150908,mlb,350908120,NYM,8,WSH,7,NYM,Final
20150908,mlb,350908122,ATL,0,PHI,5,PHI,Final
20150908,mlb,350908106,TB,7,DET,8,DET,Final/13
20150908,mlb,350908102,TOR,5,BOS,1,TOR,Final/10
20150908,mlb,350908117,PIT,7,CIN,3,PIT,Final
20150908,mlb,350908128,MIL,4,MIA,6,MIA,Final
20150908,mlb,350908107,MIN,2,KC,4,KC,Final
20150908,mlb,400748529,CHC,8,STL,5,CHC,Final
20150908,mlb,350908104,CLE,4,CHW,7,CHW,Final
20150908,mlb,350908129,SF,6,ARI,2,SF,Final
20150908,mlb,350908103,LAD,6,LAA,4,LAD,Final
20150908,mlb,350908112,TEX,9,SEA,6,TEX,Final
20150908,mlb,350908125,COL,1,SD,2,SD,Final
20150909,mlb,350909124,CHC,3,STL,4,STL,Final
20150909,mlb,350909120,NYM,5,WSH,3,NYM,Final
20150909,mlb,350909110,BAL,5,NYY,3,BAL,Final
20150909,mlb,350909122,ATL,8,PHI,1,ATL,Final
20150909,mlb,350909106,TB,8,DET,0,TB,Final
20150909,mlb,350909102,TOR,4,BOS,10,BOS,Final
20150909,mlb,350909117,PIT,5,CIN,4,PIT,Final
20150909,mlb,350909128,MIL,2,MIA,5,MIA,Final
20150909,mlb,350909104,CLE,6,CHW,4,CLE,Final
20150909,mlb,350909107,MIN,3,KC,2,MIN,Final/12
20150909,mlb,350909125,COL,4,SD,11,SD,Final
20150909,mlb,350909129,SF,1,ARI,2,ARI,Final
20150909,mlb,350909103,LAD,2,LAA,3,LAA,Final
20150909,mlb,350909112,TEX,0,SEA,6,SEA,Final
20150910,mlb,350910112,TEX,0,SEA,5,SEA,Final
20150910,mlb,350910125,COL,4,SD,3,COL,Final
20150910,mlb,350910123,MIL,6,PIT,4,MIL,Final/13
20150910,mlb,350910105,DET,5,CLE,7,CLE,Final
20150910,mlb,350910115,NYM,7,ATL,2,NYM,Final
20150910,mlb,350910117,STL,0,CIN,11,CIN,Final
20150911,mlb,350911222,CHC,5,PHI,1,CHC,Final
20150911,mlb,350911101,KC,8,BAL,14,BAL,Final
20150911,mlb,350911110,TOR,11,NYY,5,TOR,Final
20150911,mlb,350911123,MIL,3,PIT,6,PIT,Final
20150911,mlb,350911128,WSH,1,MIA,2,MIA,Final
20150911,mlb,350911130,BOS,4,TB,8,TB,Final
20150911,mlb,350911117,STL,2,CIN,4,CIN,Final
20150911,mlb,350911115,NYM,5,ATL,1,NYM,Final
20150911,mlb,350911104,MIN,6,CHW,2,MIN,Final
20150911,mlb,350911322,CHC,7,PHI,3,CHC,Final
20150911,mlb,350911129,LAD,4,ARI,12,ARI,Final
20150911,mlb,350911103,HOU,2,LAA,3,LAA,Final
20150911,mlb,350911112,COL,4,SEA,2,COL,Final
20150911,mlb,350911126,SD,1,SF,9,SF,Final
20150912,mlb,350912101,KC,14,BAL,6,KC,Final
20150912,mlb,350912117,STL,1,CIN,5,CIN,Final
20150912,mlb,350912210,TOR,9,NYY,5,TOR,Final/11
20150912,mlb,350912310,TOR,10,NYY,7,TOR,Final
20150912,mlb,350912130,BOS,10,TB,4,BOS,Final
20150912,mlb,400838815,TOR,10,NYY,7,TOR,Final
20150912,mlb,350912122,CHC,5,PHI,7,PHI,Final
20150912,mlb,350912123,MIL,2,PIT,10,PIT,Final
20150912,mlb,350912104,MIN,2,CHW,8,CHW,Final
20150912,mlb,350912115,NYM,6,ATL,4,NYM,Final
20150912,mlb,350912128,WSH,0,MIA,2,MIA,Final
20150912,mlb,350912129,LAD,9,ARI,5,LAD,Final
20150912,mlb,350912103,HOU,2,LAA,3,LAA,Final
20150912,mlb,350912126,SD,0,SF,8,SF,Final
20150912,mlb,350912112,COL,2,SEA,7,SEA,Final
20150913,mlb,350913110,TOR,0,NYY,5,NYY,Final
20150913,mlb,350913117,STL,9,CIN,2,STL,Final
20150913,mlb,350913128,WSH,5,MIA,0,WSH,Final
20150913,mlb,350913130,BOS,2,TB,0,BOS,Final/13
20150913,mlb,350913205,DET,2,CLE,7,CLE,Final
20150913,mlb,350913115,NYM,10,ATL,7,NYM,Final/10
20150913,mlb,350913122,CHC,4,PHI,7,PHI,Final
20150913,mlb,350913123,MIL,6,PIT,7,PIT,Final/11
20150913,mlb,350913104,MIN,7,CHW,0,MIN,Final
20150913,mlb,350913103,HOU,5,LAA,3,HOU,Final
20150913,mlb,350913126,SD,3,SF,10,SF,Final
20150913,mlb,350913112,COL,3,SEA,2,COL,Final
20150913,mlb,350913129,LAD,4,ARI,3,LAD,Final
20150913,mlb,350913305,DET,9,CLE,2,DET,Final
20150913,mlb,350913101,KC,2,BAL,8,BAL,Final
20150914,mlb,350914101,BOS,0,BAL,2,BAL,Final
20150914,mlb,350914122,WSH,8,PHI,7,WSH,Final/11
20150914,mlb,350914105,KC,3,CLE,8,CLE,Final
20150914,mlb,350914121,MIA,3,NYM,4,NYM,Final
20150914,mlb,350914130,NYY,4,TB,1,NYY,Final
20150914,mlb,350914113,HOU,3,TEX,5,TEX,Final
20150914,mlb,350914109,DET,1,MIN,7,MIN,Final
20150914,mlb,350914129,SD,10,ARI,3,SD,Final
20150914,mlb,350914112,LAA,1,SEA,10,SEA,Final
20150914,mlb,350914119,COL,1,LAD,4,LAD,Final
20150914,mlb,350914126,CIN,3,SF,5,SF,Final
20150915,mlb,350915223,CHC,4,PIT,5,PIT,Final
20150915,mlb,350915101,BOS,5,BAL,6,BAL,Final/13
20150915,mlb,350915122,WSH,4,PHI,0,WSH,Final
20150915,mlb,350915323,CHC,2,PIT,1,CHC,Final
20150915,mlb,350915105,KC,2,CLE,0,KC,Final
20150915,mlb,350915115,TOR,2,ATL,3,ATL,Final
20150915,mlb,350915121,MIA,9,NYM,3,MIA,Final
20150915,mlb,350915130,NYY,3,TB,6,TB,Final
20150915,mlb,350915113,HOU,5,TEX,6,TEX,Final
20150915,mlb,350915108,STL,3,MIL,1,STL,Final/10
20150915,mlb,350915109,DET,5,MIN,4,DET,Final
20150915,mlb,350915129,SD,4,ARI,6,ARI,Final
20150915,mlb,350915112,LAA,4,SEA,3,LAA,Final
20150915,mlb,350915119,COL,5,LAD,4,COL,Final/16
20150915,mlb,350915126,CIN,9,SF,8,CIN,Final/10
20150916,mlb,350916123,CHC,3,PIT,2,CHC,Final/12
20150916,mlb,350916101,BOS,10,BAL,1,BOS,Final
20150916,mlb,350916122,WSH,12,PHI,2,WSH,Final
20150916,mlb,350916105,KC,1,CLE,5,CLE,Final
20150916,mlb,350916115,TOR,9,ATL,1,TOR,Final
20150916,mlb,350916121,MIA,6,NYM,0,MIA,Final
20150916,mlb,350916130,NYY,3,TB,1,NYY,Final
20150916,mlb,350916113,HOU,3,TEX,14,TEX,Final
20150916,mlb,350916108,STL,5,MIL,4,STL,Final
20150916,mlb,350916109,DET,7,MIN,4,DET,Final/12
20150916,mlb,350916129,SD,4,ARI,3,SD,Final
20150916,mlb,350916112,LAA,1,SEA,3,SEA,Final
20150916,mlb,350916119,COL,0,LAD,2,LAD,Final
20150916,mlb,350916126,CIN,3,SF,5,SF,Final
20150917,mlb,350917123,CHC,9,PIT,6,CHC,Final
20150917,mlb,350917120,MIA,6,WSH,4,MIA,Final
20150917,mlb,350917105,KC,8,CLE,4,KC,Final
20150917,mlb,350917115,TOR,5,ATL,0,TOR,Final
20150917,mlb,350917130,BAL,4,TB,3,BAL,Final
20150917,mlb,350917113,HOU,2,TEX,8,TEX,Final
20150917,mlb,350917108,STL,6,MIL,3,STL,Final
20150917,mlb,350917109,LAA,11,MIN,8,LAA,Final
20150918,mlb,350918116,STL,3,CHC,8,CHC,Final
20150918,mlb,350918120,MIA,4,WSH,5,WSH,Final/10
20150918,mlb,350918114,BOS,1,TOR,6,TOR,Final
20150918,mlb,350918106,KC,4,DET,5,DET,Final/12
20150918,mlb,350918105,CHW,1,CLE,12,CLE,Final
20150918,mlb,350918121,NYY,1,NYM,5,NYM,Final
20150918,mlb,350918130,BAL,6,TB,8,TB,Final
20150918,mlb,350918115,PHI,1,ATL,2,ATL,Final
20150918,mlb,350918113,SEA,3,TEX,1,SEA,Final
20150918,mlb,350918108,CIN,5,MIL,3,CIN,Final
20150918,mlb,350918127,SD,4,COL,7,COL,Final
20150918,mlb,350918119,PIT,2,LAD,6,LAD,Final
20150918,mlb,350918126,ARI,2,SF,0,ARI,Final
20150919,mlb,350919116,STL,4,CHC,5,CHC,Final
20150919,mlb,350919121,NYY,5,NYM,0,NYY,Final
20150919,mlb,350919209,LAA,4,MIN,3,LAA,Final/12
20150919,mlb,350919120,MIA,2,WSH,5,WSH,Final
20150919,mlb,350919126,ARI,6,SF,0,ARI,Final
20150919,mlb,350919114,BOS,7,TOR,6,BOS,Final
20150919,mlb,350919130,BAL,2,TB,1,BAL,Final
20150919,mlb,350919106,KC,5,DET,6,DET,Final/11
20150919,mlb,350919105,CHW,4,CLE,3,CHW,Final
20150919,mlb,350919108,CIN,9,MIL,7,CIN,Final
20150919,mlb,350919115,PHI,1,ATL,2,ATL,Final
20150919,mlb,350919309,LAA,5,MIN,2,LAA,Final
20150919,mlb,350919113,SEA,1,TEX,10,TEX,Final
20150919,mlb,350919127,SD,2,COL,10,COL,Final
20150919,mlb,350919119,PIT,3,LAD,2,PIT,Final
20150920,mlb,350920114,BOS,4,TOR,3,BOS,Final
20150920,mlb,350920106,KC,10,DET,3,KC,Final
20150920,mlb,350920105,CHW,3,CLE,6,CLE,Final
20150920,mlb,350920130,BAL,6,TB,7,TB,Final
20150920,mlb,350920115,PHI,1,ATL,2,ATL,Final
20150920,mlb,350920120,MIA,3,WSH,13,WSH,Final
20150920,mlb,350920108,CIN,4,MIL,8,MIL,Final
20150920,mlb,350920109,LAA,1,MIN,8,MIN,Final
20150920,mlb,350920116,STL,4,CHC,3,STL,Final
20150920,mlb,350920113,SEA,9,TEX,2,SEA,Final
20150920,mlb,350920126,ARI,1,SF,5,SF,Final
20150920,mlb,350920119,PIT,4,LAD,3,PIT,Final
20150920,mlb,350920127,SD,10,COL,4,SD,Final
20150920,mlb,350920121,NYY,11,NYM,2,NYY,Final
20150921,mlb,350921206,CHW,2,DET,0,CHW,Final
20150921,mlb,350921114,NYY,2,TOR,4,TOR,Final
20150921,mlb,350921306,CHW,3,DET,2,CHW,Final
20150921,mlb,350921102,TB,7,BOS,8,BOS,Final
20150921,mlb,350921121,ATL,0,NYM,4,NYM,Final
20150921,mlb,350921116,MIL,5,CHC,9,CHC,Final
20150921,mlb,350921118,LAA,3,HOU,6,HOU,Final
20150921,mlb,350921124,CIN,1,STL,2,STL,Final
20150921,mlb,350921127,PIT,9,COL,3,PIT,Final
20150921,mlb,350921119,ARI,8,LAD,4,ARI,Final
20150922,mlb,350922114,NYY,6,TOR,4,NYY,Final/10
20150922,mlb,350922120,BAL,4,WSH,1,BAL,Final
20150922,mlb,350922106,CHW,1,DET,2,DET,Final/10
20150922,mlb,350922102,TB,5,BOS,2,TB,Final
20150922,mlb,350922121,ATL,6,NYM,2,ATL,Final
20150922,mlb,350922128,PHI,6,MIA,2,PHI,Final
20150922,mlb,350922116,MIL,0,CHC,4,CHC,Final
20150922,mlb,350922107,SEA,11,KC,2,SEA,Final
20150922,mlb,350922109,CLE,1,MIN,3,MIN,Final
20150922,mlb,350922118,LAA,4,HOU,3,LAA,Final
20150922,mlb,350922124,CIN,1,STL,3,STL,Final
20150922,mlb,350922127,PIT,6,COL,3,PIT,Final
20150922,mlb,350922119,ARI,8,LAD,0,ARI,Final
20150922,mlb,350922125,SF,4,SD,2,SF,Final
20150923,mlb,350923106,CHW,4,DET,7,DET,Final
20150923,mlb,350923118,LAA,6,HOU,5,LAA,Final
20150923,mlb,350923114,NYY,0,TOR,4,TOR,Final
20150923,mlb,350923120,BAL,4,WSH,3,BAL,Final
20150923,mlb,350923102,TB,6,BOS,2,TB,Final
20150923,mlb,350923121,ATL,6,NYM,3,ATL,Final
20150923,mlb,350923128,PHI,3,MIA,4,MIA,Final/11
20150923,mlb,350923116,MIL,4,CHC,1,MIL,Final
20150923,mlb,350923107,SEA,3,KC,4,KC,Final/10
20150923,mlb,350923109,CLE,2,MIN,4,MIN,Final
20150923,mlb,350923124,CIN,2,STL,10,STL,Final
20150923,mlb,400748619,PIT,13,COL,7,PIT,Final
20150923,mlb,350923119,ARI,1,LAD,4,LAD,Final
20150923,mlb,350923125,SF,4,SD,5,SD,Final
20150924,mlb,350924119,ARI,3,LAD,6,LAD,Final
20150924,mlb,350924127,PIT,5,COL,4,PIT,Final
20150924,mlb,350924120,BAL,5,WSH,4,BAL,Final
20150924,mlb,350924110,CHW,2,NYY,3,NYY,Final
20150924,mlb,400655759,CHW,2,NYY,3,NYY,Final
20150924,mlb,350924102,TB,4,BOS,2,TB,Final
20150924,mlb,350924117,NYM,6,CIN,4,NYM,Final
20150924,mlb,350924128,PHI,0,MIA,1,MIA,Final
20150924,mlb,350924124,MIL,3,STL,7,STL,Final
20150924,mlb,350924107,SEA,4,KC,10,KC,Final
20150924,mlb,350924109,CLE,6,MIN,3,CLE,Final
20150924,mlb,350924125,SF,4,SD,5,SD,Final
20150925,mlb,350925116,PIT,3,CHC,2,PIT,Final
20150925,mlb,350925110,CHW,5,NYY,2,CHW,Final
20150925,mlb,350925120,PHI,8,WSH,2,PHI,Final
20150925,mlb,350925114,TB,3,TOR,5,TOR,Final
20150925,mlb,350925106,MIN,4,DET,6,DET,Final
20150925,mlb,350925102,BAL,0,BOS,7,BOS,Final
20150925,mlb,350925117,NYM,12,CIN,5,NYM,Final
20150925,mlb,400748634,ATL,11,MIA,12,MIA,Final
20150925,mlb,350925118,TEX,6,HOU,2,TEX,Final
20150925,mlb,350925107,CLE,6,KC,0,CLE,Final
20150925,mlb,350925127,LAD,4,COL,7,COL,Final
20150925,mlb,350925124,MIL,4,STL,3,MIL,Final
20150925,mlb,350925103,SEA,4,LAA,8,LAA,Final
20150925,mlb,350925125,ARI,6,SD,3,ARI,Final
20150926,mlb,350926116,PIT,4,CHC,0,PIT,Final
20150926,mlb,350926118,TEX,7,HOU,9,HOU,Final
20150926,mlb,350926114,TB,8,TOR,10,TOR,Final
20150926,mlb,350926102,BAL,0,BOS,8,BOS,Final
20150926,mlb,350926110,CHW,1,NYY,2,NYY,Final
20150926,mlb,350926120,PHI,1,WSH,2,WSH,Final/12
20150926,mlb,400655773,CHW,1,NYY,2,NYY,Final
20150926,mlb,350926117,NYM,10,CIN,2,NYM,Final
20150926,mlb,350926106,MIN,6,DET,2,MIN,Final
20150926,mlb,350926107,CLE,9,KC,5,CLE,Final
20150926,mlb,350926128,ATL,2,MIA,6,MIA,Final
20150926,mlb,350926124,MIL,1,STL,5,STL,Final
20150926,mlb,350926127,LAD,6,COL,8,COL,Final
20150926,mlb,350926125,ARI,0,SD,3,SD,Final
20150926,mlb,350926103,SEA,2,LAA,3,LAA,Final
20150927,mlb,350927110,CHW,1,NYY,6,NYY,Final
20150927,mlb,400655780,CHW,1,NYY,6,NYY,Final
20150927,mlb,350927114,TB,4,TOR,5,TOR,Final
20150927,mlb,350927106,MIN,7,DET,1,MIN,Final
20150927,mlb,350927117,NYM,8,CIN,1,NYM,Final
20150927,mlb,350927128,ATL,5,MIA,9,MIA,Final
20150927,mlb,350927102,BAL,0,BOS,2,BOS,Final
20150927,mlb,350927120,PHI,12,WSH,5,PHI,Final
20150927,mlb,350927107,CLE,0,KC,3,KC,Final
20150927,mlb,350927118,TEX,2,HOU,4,HOU,Final
20150927,mlb,350927124,MIL,8,STL,4,MIL,Final
20150927,mlb,350927103,SEA,2,LAA,3,LAA,Final
20150927,mlb,350927125,ARI,4,SD,2,ARI,Final
20150927,mlb,350927127,LAD,5,COL,12,COL,Final
20150927,mlb,350927116,PIT,0,CHC,4,CHC,Final
20150928,mlb,350928120,CIN,1,WSH,5,WSH,Final
20150928,mlb,350928123,STL,3,PIT,0,STL,Final
20150928,mlb,350928101,TOR,4,BAL,3,TOR,Final
20150928,mlb,350928110,BOS,5,NYY,1,BOS,Final
20150928,mlb,350928105,MIN,4,CLE,2,MIN,Final
20150928,mlb,350928113,DET,7,TEX,4,DET,Final
20150928,mlb,350928116,KC,0,CHC,1,CHC,Final/11
20150928,mlb,350928112,HOU,3,SEA,2,HOU,Final
20150928,mlb,350928126,LAD,2,SF,3,SF,Final/12
20150929,mlb,350929110,BOS,10,NYY,4,BOS,Final
20150929,mlb,350929122,NYM,3,PHI,4,PHI,Final
20150929,mlb,350929115,WSH,1,ATL,2,ATL,Final
20150929,mlb,350929117,CHC,4,CIN,1,CHC,Final
20150929,mlb,350929130,MIA,2,TB,4,TB,Final
20150929,mlb,350929113,DET,6,TEX,7,TEX,Final
20150929,mlb,350929104,KC,2,CHW,4,CHW,Final
20150929,mlb,350929129,COL,3,ARI,4,ARI,Final/11
20150929,mlb,350929112,HOU,4,SEA,6,SEA,Final
20150929,mlb,350929125,MIL,4,SD,3,MIL,Final
20150929,mlb,350929126,LAD,8,SF,0,LAD,Final
20150930,mlb,350930223,STL,2,PIT,8,PIT,Final
20150930,mlb,350930201,TOR,15,BAL,2,TOR,Final
20150930,mlb,350930205,MIN,7,CLE,1,MIN,Final
20150930,mlb,350930323,STL,11,PIT,1,STL,Final
20150930,mlb,350930110,BOS,9,NYY,5,BOS,Final/11
20150930,mlb,350930122,NYM,5,PHI,7,PHI,Final
20150930,mlb,400655799,BOS,9,NYY,5,BOS,Final/11
20150930,mlb,350930115,WSH,0,ATL,2,ATL,Final
20150930,mlb,350930117,CHC,10,CIN,3,CHC,Final
20150930,mlb,350930130,MIA,4,TB,6,TB,Final
20150930,mlb,350930305,MIN,2,CLE,10,CLE,Final
20150930,mlb,350930301,TOR,1,BAL,8,BAL,Final
20150930,mlb,350930113,DET,2,TEX,6,TEX,Final
20150930,mlb,350930104,KC,5,CHW,3,KC,Final/10
20150930,mlb,350930129,COL,1,ARI,3,ARI,Final
20150930,mlb,350930126,LAD,0,SF,5,SF,Final
20150930,mlb,350930112,HOU,7,SEA,6,HOU,Final
20150930,mlb,350930125,MIL,5,SD,0,MIL,Final
20151001,mlb,351001101,TOR,4,BAL,6,BAL,Final
20151001,mlb,351001122,NYM,0,PHI,3,PHI,Final
20151001,mlb,351001117,CHC,5,CIN,3,CHC,Final
20151001,mlb,351001126,LAD,3,SF,2,LAD,Final
20151001,mlb,351001125,MIL,1,SD,3,SD,Final
20151001,mlb,351001110,BOS,1,NYY,4,NYY,Final
20151001,mlb,400655805,BOS,1,NYY,4,NYY,Final
20151001,mlb,351001105,MIN,4,CLE,2,MIN,Final
20151001,mlb,351001115,WSH,3,ATL,0,WSH,Final
20151001,mlb,351001130,MIA,1,TB,4,TB,Final
20151001,mlb,351001113,LAA,3,TEX,5,TEX,Final
20151001,mlb,351001104,KC,6,CHW,4,KC,Final
20151001,mlb,351001129,COL,6,ARI,8,ARI,Final
20151002,mlb,351002123,CIN,4,PIT,6,PIT,Final/12
20151002,mlb,351002105,BOS,2,CLE,8,CLE,Final
20151002,mlb,351002130,TOR,8,TB,4,TOR,Final
20151002,mlb,351002115,STL,0,ATL,4,ATL,Final
20151002,mlb,351002113,LAA,2,TEX,1,LAA,Final
20151002,mlb,351002104,DET,1,CHW,2,CHW,Final
20151002,mlb,351002108,CHC,6,MIL,1,CHC,Final
20151002,mlb,351002109,KC,3,MIN,1,KC,Final
20151002,mlb,351002129,HOU,21,ARI,5,HOU,Final
20151002,mlb,351002119,SD,2,LAD,6,LAD,Final
20151002,mlb,351002126,COL,9,SF,3,COL,Final
20151003,mlb,351003201,NYY,2,BAL,9,BAL,Final
20151003,mlb,351003109,KC,5,MIN,1,KC,Final
20151003,mlb,351003113,LAA,11,TEX,10,LAA,Final
20151003,mlb,351003221,WSH,3,NYM,1,WSH,Final
20151003,mlb,351003126,COL,2,SF,3,SF,Final
20151003,mlb,351003222,MIA,7,PHI,6,MIA,Final
20151003,mlb,351003130,TOR,3,TB,4,TB,Final
20151003,mlb,351003123,CIN,3,PIT,1,CIN,Final
20151003,mlb,351003301,NYY,3,BAL,4,BAL,Final
20151003,mlb,351003104,DET,3,CHW,4,CHW,Final
20151003,mlb,351003105,BOS,0,CLE,2,CLE,Final
20151003,mlb,351003321,WSH,2,NYM,0,WSH,Final
20151003,mlb,400748683,CHC,1,MIL,0,CHC,Final
20151003,mlb,351003322,MIA,5,PHI,2,MIA,Final
20151003,mlb,351003129,HOU,6,ARI,2,HOU,Final
20151003,mlb,351003119,SD,1,LAD,2,LAD,Final
20151004,mlb,351004215,STL,0,ATL,6,ATL,Final
20151004,mlb,351004101,NYY,4,BAL,9,BAL,Final
20151004,mlb,351004113,LAA,2,TEX,9,TEX,Final
20151004,mlb,351004122,MIA,2,PHI,7,PHI,Final
20151004,mlb,351004123,CIN,0,PIT,4,PIT,Final
20151004,mlb,351004126,COL,7,SF,3,COL,Final
20151004,mlb,351004104,DET,6,CHW,0,DET,Final
20151004,mlb,351004105,BOS,1,CLE,3,CLE,Final
20151004,mlb,351004108,CHC,3,MIL,1,CHC,Final
20151004,mlb,351004109,KC,6,MIN,1,KC,Final
20151004,mlb,351004119,SD,3,LAD,6,LAD,Final
20151004,mlb,351004121,WSH,0,NYM,1,NYM,Final
20151004,mlb,351004129,HOU,3,ARI,5,ARI,Final
20151004,mlb,351004130,TOR,3,TB,12,TB,Final
20151004,mlb,351004315,STL,0,ATL,2,ATL,Final
20151006,mlb,400847794,HOU,3,NYY,0,HOU,Final
20151007,mlb,400847788,CHC,4,PIT,0,CHC,Final
20151008,mlb,400847789,TEX,5,TOR,3,TEX,Final
20151008,mlb,400847994,HOU,5,KC,2,HOU,Final
20151009,mlb,400847790,TEX,6,TOR,4,TEX,Final/14
20151009,mlb,400847995,HOU,4,KC,5,KC,Final
20151009,mlb,400848228,CHC,0,STL,4,STL,Final
20151009,mlb,351009119,NYM,3,LAD,1,NYM,Final
20151010,mlb,351010124,CHC,6,STL,3,CHC,Final
20151010,mlb,351010119,NYM,2,LAD,5,LAD,Final
20151011,mlb,351011118,KC,2,HOU,4,HOU,Final
20151011,mlb,351011113,TOR,5,TEX,1,TOR,Final
20151012,mlb,351012118,KC,9,HOU,6,KC,Final
20151012,mlb,351012113,TOR,8,TEX,4,TOR,Final
20151012,mlb,351012116,STL,6,CHC,8,CHC,Final
20151012,mlb,351012121,LAD,7,NYM,13,NYM,Final
20151013,mlb,351013116,STL,4,CHC,6,CHC,Final
20151013,mlb,351013121,LAD,3,NYM,1,LAD,Final
20151014,mlb,351014114,TEX,3,TOR,6,TOR,Final
20151014,mlb,351014107,HOU,2,KC,7,KC,Final
20151015,mlb,351015119,NYM,3,LAD,2,NYM,Final
20151016,mlb,351016107,TOR,0,KC,5,KC,Final
20151017,mlb,351017107,TOR,3,KC,6,KC,Final
20151017,mlb,351017121,CHC,2,NYM,4,NYM,Final
20151018,mlb,351018121,CHC,1,NYM,4,NYM,Final
20151019,mlb,351019114,KC,8,TOR,11,TOR,Final
20151020,mlb,351020114,KC,14,TOR,2,KC,Final
20151020,mlb,351020116,NYM,5,CHC,2,NYM,Final
20151021,mlb,351021114,KC,1,TOR,7,TOR,Final
20151021,mlb,351021116,NYM,8,CHC,3,NYM,Final
20151023,mlb,351023107,TOR,3,KC,4,KC,Final
20151027,mlb,351027107,NYM,4,KC,5,KC,Final/14
20151028,mlb,351028107,NYM,1,KC,7,KC,Final
20151030,mlb,351030121,KC,3,NYM,9,NYM,Final
20151031,mlb,351031121,KC,5,NYM,3,KC,Final
20151101,mlb,351101121,KC,7,NYM,2,KC,Final/12
20150406,mlb,350406111,TEX,0,ATH,8,ATH,Final
20150407,mlb,350407111,TEX,3,ATH,1,TEX,Final
20150408,mlb,350408111,TEX,0,ATH,10,ATH,Final
20150409,mlb,350409111,TEX,10,ATH,1,TEX,Final
20150410,mlb,350410111,SEA,0,ATH,12,ATH,Final
20150411,mlb,350411111,SEA,5,ATH,4,SEA,Final/11
20150412,mlb,350412111,SEA,8,ATH,7,SEA,Final/10
20150413,mlb,350413118,ATH,8,HOU,1,ATH,Final
20150414,mlb,350414118,ATH,4,HOU,0,ATH,Final
20150415,mlb,350415118,ATH,1,HOU,6,HOU,Final
20150417,mlb,350417107,ATH,4,KC,6,KC,Final
20150418,mlb,350418107,ATH,5,KC,0,ATH,Final
20150419,mlb,350419107,ATH,2,KC,4,KC,Final
20150420,mlb,350420103,ATH,6,LAA,3,ATH,Final
20150421,mlb,350421103,ATH,1,LAA,14,LAA,Final
20150422,mlb,350422103,ATH,9,LAA,2,ATH,Final
20150423,mlb,350423103,ATH,0,LAA,2,LAA,Final
20150424,mlb,350424111,HOU,5,ATH,4,HOU,Final/11
20150425,mlb,350425111,HOU,9,ATH,3,HOU,Final
20150426,mlb,350426111,HOU,7,ATH,6,HOU,Final
20150428,mlb,350428111,LAA,2,ATH,6,ATH,Final
20150429,mlb,350429111,LAA,6,ATH,3,LAA,Final
20150430,mlb,350430111,LAA,6,ATH,5,LAA,Final
20150501,mlb,350501113,ATH,7,TEX,5,ATH,Final
20150502,mlb,350502113,ATH,7,TEX,8,TEX,Final/10
20150503,mlb,350503113,ATH,7,TEX,1,ATH,Final
20150504,mlb,350504109,ATH,7,MIN,8,MIN,Final
20150505,mlb,350505109,ATH,2,MIN,1,ATH,Final
20150506,mlb,350506109,ATH,0,MIN,13,MIN,Final
20150507,mlb,350507109,ATH,5,MIN,6,MIN,Final
20150508,mlb,350508112,ATH,3,SEA,4,SEA,Final/11
20150509,mlb,350509112,ATH,2,SEA,7,SEA,Final
20150510,mlb,350510112,ATH,3,SEA,4,SEA,Final
20150511,mlb,350511111,BOS,5,ATH,4,BOS,Final/11
20150512,mlb,350512111,BOS,2,ATH,9,ATH,Final
20150513,mlb,350513111,BOS,2,ATH,0,BOS,Final
20150515,mlb,350515111,CHW,7,ATH,6,CHW,Final
20150516,mlb,350516111,CHW,4,ATH,3,CHW,Final
20150517,mlb,350517111,CHW,7,ATH,3,CHW,Final
20150518,mlb,350518118,ATH,2,HOU,1,ATH,Final
20150519,mlb,350519118,ATH,4,HOU,6,HOU,Final
20150520,mlb,350520118,ATH,1,HOU,6,HOU,Final
20150521,mlb,350521130,ATH,0,TB,3,TB,Final
20150522,mlb,350522130,ATH,2,TB,5,TB,Final
20150523,mlb,400655052,ATH,5,TB,0,ATH,Final
20150524,mlb,350524130,ATH,7,TB,2,ATH,Final
20150525,mlb,350525111,DET,0,ATH,4,ATH,Final
20150526,mlb,350526111,DET,1,ATH,0,DET,Final
20150527,mlb,350527111,DET,3,ATH,2,DET,Final
20150528,mlb,350528111,NYY,4,ATH,5,ATH,Final
20150529,mlb,350529111,NYY,2,ATH,6,ATH,Final
20150530,mlb,350530111,NYY,5,ATH,3,NYY,Final
20150531,mlb,350531111,NYY,0,ATH,3,ATH,Final
20150602,mlb,350602106,ATH,5,DET,3,ATH,Final
20150603,mlb,350603106,ATH,6,DET,1,ATH,Final
20150604,mlb,350604106,ATH,7,DET,5,ATH,Final
20150605,mlb,350605102,ATH,2,BOS,4,BOS,Final
20150606,mlb,350606102,ATH,2,BOS,4,BOS,Final
20150607,mlb,350607102,ATH,4,BOS,7,BOS,Final
20150609,mlb,350609111,TEX,2,ATH,1,TEX,Final
20150610,mlb,350610111,TEX,4,ATH,5,ATH,Final
20150611,mlb,350611111,TEX,0,ATH,7,ATH,Final
20150612,mlb,350612103,ATH,4,LAA,5,LAA,Final
20150613,mlb,350613103,ATH,0,LAA,1,LAA,Final
20150614,mlb,350614103,ATH,8,LAA,1,ATH,Final
20150615,mlb,350615125,ATH,9,SD,1,ATH,Final
20150616,mlb,350616125,ATH,6,SD,5,ATH,Final
20150617,mlb,350617111,SD,2,ATH,16,ATH,Final
20150618,mlb,350618111,SD,3,ATH,1,SD,Final
20150619,mlb,350619111,LAA,12,ATH,7,LAA,Final
20150620,mlb,350620111,LAA,1,ATH,4,ATH,Final
20150621,mlb,350621111,LAA,2,ATH,3,ATH,Final
20150623,mlb,350623113,ATH,8,TEX,6,ATH,Final
20150624,mlb,350624113,ATH,8,TEX,2,ATH,Final
20150625,mlb,350625113,ATH,6,TEX,3,ATH,Final
20150626,mlb,350626111,KC,5,ATH,2,KC,Final
20150627,mlb,350627111,KC,3,ATH,2,KC,Final
20150628,mlb,350628111,KC,5,ATH,3,KC,Final
20150629,mlb,350629111,COL,1,ATH,7,ATH,Final
20150630,mlb,350630111,COL,2,ATH,1,COL,Final
20150701,mlb,350701111,COL,1,ATH,4,ATH,Final
20150702,mlb,350702111,SEA,0,ATH,4,ATH,Final
20150703,mlb,350703111,SEA,9,ATH,5,SEA,Final
20150704,mlb,350704111,SEA,0,ATH,2,ATH,Final
20150705,mlb,350705111,SEA,2,ATH,1,SEA,Final
20150707,mlb,350707110,ATH,4,NYY,3,ATH,Final/10
20150707,mlb,400655305,ATH,4,NYY,3,ATH,Final/10
20150708,mlb,350708110,ATH,4,NYY,5,NYY,Final
20150708,mlb,400655311,ATH,4,NYY,5,NYY,Final
20150709,mlb,350709110,ATH,2,NYY,6,NYY,Final
20150710,mlb,350710105,ATH,1,CLE,5,CLE,Final
20150711,mlb,350711105,ATH,5,CLE,4,ATH,Final
20150712,mlb,350712105,ATH,2,CLE,0,ATH,Final
20150717,mlb,350717111,MIN,5,ATH,0,MIN,Final
20150718,mlb,350718111,MIN,2,ATH,3,ATH,Final/10
20150719,mlb,350719111,MIN,1,ATH,14,ATH,Final
20150721,mlb,350721111,TOR,7,ATH,1,TOR,Final
20150722,mlb,350722111,TOR,3,ATH,4,ATH,Final/10
20150723,mlb,350723111,TOR,5,ATH,2,TOR,Final
20150724,mlb,350724126,ATH,3,SF,9,SF,Final
20150725,mlb,350725126,ATH,1,SF,2,SF,Final
20150726,mlb,350726126,ATH,3,SF,4,SF,Final
20150728,mlb,350728119,ATH,2,LAD,0,ATH,Final
20150729,mlb,350729119,ATH,7,LAD,10,LAD,Final
20150730,mlb,350730111,CLE,3,ATH,1,CLE,Final
20150731,mlb,350731111,CLE,2,ATH,1,CLE,Final
20150801,mlb,350801111,CLE,1,ATH,5,ATH,Final
20150802,mlb,350802111,CLE,1,ATH,2,ATH,Final/10
20150803,mlb,350803111,BAL,9,ATH,2,BAL,Final
20150804,mlb,350804111,BAL,0,ATH,5,ATH,Final
20150805,mlb,350805111,BAL,7,ATH,3,BAL,Final/10
20150806,mlb,350806111,HOU,5,ATH,4,HOU,Final/10
20150807,mlb,350807111,HOU,1,ATH,3,ATH,Final
20150808,mlb,350808111,HOU,1,ATH,2,ATH,Final
20150809,mlb,350809111,HOU,4,ATH,5,ATH,Final
20150811,mlb,350811114,ATH,2,TOR,4,TOR,Final
20150812,mlb,350812114,ATH,3,TOR,10,TOR,Final
20150813,mlb,350813114,ATH,2,TOR,4,TOR,Final
20150814,mlb,350814101,ATH,6,BAL,8,BAL,Final/13
20150815,mlb,350815101,ATH,3,BAL,4,BAL,Final
20150816,mlb,350816101,ATH,2,BAL,18,BAL,Final
20150817,mlb,350817101,ATH,2,BAL,4,BAL,Final
20150818,mlb,350818111,LAD,4,ATH,5,ATH,Final/10
20150819,mlb,350819111,LAD,2,ATH,5,ATH,Final
20150821,mlb,350821111,TB,2,ATH,1,TB,Final
20150822,mlb,350822111,TB,5,ATH,4,TB,Final
20150823,mlb,350823111,TB,2,ATH,8,ATH,Final
20150824,mlb,350824112,ATH,11,SEA,5,ATH,Final
20150825,mlb,350825112,ATH,5,SEA,6,SEA,Final
20150826,mlb,350826112,ATH,2,SEA,8,SEA,Final
20150828,mlb,350828129,ATH,4,ARI,6,ARI,Final
20150829,mlb,350829129,ATH,3,ARI,2,ATH,Final
20150830,mlb,350830129,ATH,7,ARI,4,ATH,Final/11
20150831,mlb,350831111,LAA,5,ATH,11,ATH,Final
20150901,mlb,350901111,LAA,6,ATH,2,LAA,Final
20150902,mlb,350902111,LAA,9,ATH,4,LAA,Final
20150904,mlb,350904111,SEA,11,ATH,8,SEA,Final
20150905,mlb,350905111,SEA,8,ATH,3,SEA,Final
20150906,mlb,350906111,SEA,3,ATH,2,SEA,Final
20150907,mlb,350907111,HOU,9,ATH,10,ATH,Final
20150908,mlb,350908111,HOU,0,ATH,4,ATH,Final
20150909,mlb,350909111,HOU,11,ATH,5,HOU,Final
20150911,mlb,350911113,ATH,0,TEX,4,TEX,Final
20150912,mlb,350912113,ATH,5,TEX,3,ATH,Final
20150913,mlb,350913113,ATH,4,TEX,12,TEX,Final
20150914,mlb,400655692,ATH,7,CHW,8,CHW,Final/14
20150915,mlb,350915104,ATH,17,CHW,6,ATH,Final
20150916,mlb,350916104,ATH,4,CHW,9,CHW,Final
20150917,mlb,350917104,ATH,4,CHW,2,ATH,Final
20150918,mlb,350918118,ATH,4,HOU,3,ATH,Final
20150919,mlb,350919118,ATH,6,HOU,10,HOU,Final
20150920,mlb,350920118,ATH,1,HOU,5,HOU,Final
20150922,mlb,400655747,TEX,8,ATH,6,TEX,Final
20150923,mlb,350923111,TEX,10,ATH,3,TEX,Final
20150924,mlb,350924111,TEX,8,ATH,1,TEX,Final
20150925,mlb,350925111,SF,4,ATH,5,ATH,Final
20150926,mlb,350926111,SF,14,ATH,10,SF,Final
20150927,mlb,350927111,SF,5,ATH,4,SF,Final
20150928,mlb,350928103,ATH,4,LAA,5,LAA,Final
20150929,mlb,350929103,ATH,1,LAA,8,LAA,Final
20150930,mlb,350930103,ATH,8,LAA,7,ATH,Final
20151002,mlb,351002112,ATH,4,SEA,2,ATH,Final
20151003,mlb,351003112,ATH,7,SEA,5,ATH,Final/13
20151004,mlb,351004112,ATH,2,SEA,3,SEA,Final
